{"voices": [{"pos": [0.5213671875000002, 0, 1, 0.001, "%", "Jit", 0], "size": [0.5165171874999993, 0.01, 2.0, 0.001, "s", "Jit", 0], "dens": [44.54757812499999, 1.0, 150.0, 0.1, "Hz", "Jit", 0], "pitch": [1.024821015625, 0.1, 4.0, 0.01, "x", "Jit", 0.6025781250000002], "sample_idx": [4, 0, 4, 1, "#", null, 0], "max_grains": [49.4775390625, 1, 64, 1, "", null, 0], "grain_amp": [1, 0, 1, 0.01, "", null, 0], "keytrack": [0, 0, 1, 0.01, "", null, 0], "scan": [0.029062500000000345, -2.0, 2.0, 0.01, "", null, 0], "direction": [0.75, 0, 1, 1, "", null, 0], "spread": [0.4848906250000001, 0, 1, 0.01, "", null, 0], "shape": [3, 0, 3, 1, "", null, 0], "cutoff": [5929, 20, 20000, 1, "Hz", null, 0], "res": [0.6394005859375, 0, 0.99, 0.01, "", null, 0], "filt_type": [0, 0, 3, 1, "", null, 0], "filt_key": [0.001328125, 0, 1, 0.01, "", null, 0], "atk": [0.01, 0.001, 5.0, 0.001, "s", null, 0], "atk_curve": [0.0, -1.0, 1.0, 0.1, "", null, 0], "rel": [0.3, 0.001, 5.0, 0.001, "s", null, 0], "rel_curve": [0.0, -1.0, 1.0, 0.1, "", null, 0], "lfo1_rate": [50.0, 0.1, 50.0, 0.1, "Hz", null, 0], "lfo1_wave": [0, 0, 3, 1, "", null, 0], "lfo1_phase": [0.4794843749999999, 0, 1, 0.01, "", null, 0], "lfo2_rate": [2.314553124999998, 0.1, 50.0, 0.1, "Hz", null, 0], "lfo2_wave": [0, 0, 3, 1, "", null, 0], "lfo2_phase": [0.20775, 0, 1, 0.01, "", null, 0], "vol": [0.4, 0, 1, 0.01, "", null, 0], "mod1_src": [0, 0, 18, 1, "", null, 0], "mod1_amt": [0.24999999999999997, 0, 1, 0.01, "", null, 0], "mod2_src": [0, 0, 18, 1, "", null, 0], "mod2_amt": [0.0, 0, 1, 0.01, "", null, 0], "fx_wf": [0, 0, 1, 0.01, "", null, 0], "fx_ds": [80, 1, 80, 1, "", null, 0], "fx_bc": [14.119726562500002, 1, 16, 1, "", null, 0], "fx_mix": [0, 0, 1, 0.01, "", null, 0], "viz_scale": [1.0, 0.1, 5.0, 0.1, "", null, 0], "midi_mode": [0, 0, 6, 1, "", null, 0], "midi_ch": [1, 1, 16, 1, "", null, 0], "master_vol": [1.0, 0, 1, 0.01, "", null, 0], "pitch_mode": [0, 0, 2, 1, "", null, 0]}, {"pos": [0.5049218750000001, 0, 1, 0.001, "%", "LFO1", 1], "size": [0.2886000000000001, 0.01, 2.0, 0.001, "s", "LFO1", 0], "dens": [6.583015624999998, 1.0, 150.0, 0.1, "Hz", "LFO1", 0], "pitch": [1.0, 0.1, 4.0, 0.01, "x", "Jit", 0.11337890625], "sample_idx": [37, 0, 4, 1, "#", "LFO1", 1], "max_grains": [32, 1, 64, 1, "", "EG", 0.20607421874999998], "grain_amp": [0.8, 0, 1, 0.01, "", null, 0], "keytrack": [0, 0, 1, 0.01, "", null, 0], "scan": [0.0, -2.0, 2.0, 0.01, "", null, 0], "direction": [0.0, 0, 1, 1, "", null, 0], "spread": [0.5, 0, 1, 0.01, "", null, 0], "shape": [0, 0, 3, 1, "", null, 0], "cutoff": [7300.873046875, 20, 20000, 1, "Hz", "LFO1", 0.6164746093750003], "res": [0.1, 0, 0.99, 0.01, "", null, 0], "filt_type": [0, 0, 3, 1, "", null, 0], "filt_key": [0.31762500000000005, 0, 1, 0.01, "", null, 0], "atk": [0.01, 0.001, 5.0, 0.001, "s", null, 0], "atk_curve": [0.0, -1.0, 1.0, 0.1, "", null, 0], "rel": [3.0100047656249997, 0.001, 5.0, 0.001, "s", null, 0], "rel_curve": [0.0, -1.0, 1.0, 0.1, "", null, 0], "lfo1_rate": [50.0, 0.1, 50.0, 0.1, "Hz", null, 0], "lfo1_wave": [0, 0, 3, 1, "", null, 0], "lfo1_phase": [0.4794843749999999, 0, 1, 0.01, "", null, 0], "lfo2_rate": [2.314553124999998, 0.1, 50.0, 0.1, "Hz", null, 0], "lfo2_wave": [0, 0, 3, 1, "", null, 0], "lfo2_phase": [0.20775, 0, 1, 0.01, "", null, 0], "vol": [1, 0, 1, 0.01, "", null, 0], "mod1_src": [0, 0, 18, 1, "", null, 0], "mod1_amt": [0.24999999999999997, 0, 1, 0.01, "", null, 0], "mod2_src": [0, 0, 18, 1, "", null, 0], "mod2_amt": [0.0, 0, 1, 0.01, "", null, 0], "fx_wf": [0, 0, 1, 0.01, "", null, 0], "fx_ds": [80, 1, 80, 1, "", null, 0], "fx_bc": [14.119726562500002, 1, 16, 1, "", null, 0], "fx_mix": [0, 0, 1, 0.01, "", null, 0], "viz_scale": [1.0, 0.1, 5.0, 0.1, "", null, 0], "midi_mode": [0, 0, 6, 1, "", null, 0], "midi_ch": [1, 1, 16, 1, "", null, 0], "master_vol": [1.0, 0, 1, 0.01, "", null, 0], "pitch_mode": [0, 0, 2, 1, "", null, 0]}, {"pos": [0.7800000000000002, 0, 1, 0.001, "%", null, 0], "size": [0.8363000000000005, 0.01, 2.0, 0.001, "s", null, 0], "dens": [20.0, 1.0, 150.0, 0.1, "Hz", null, 0], "pitch": [1.0, 0.1, 4.0, 0.01, "x", null, 0], "sample_idx": [0, 0, 4, 1, "#", null, 0], "max_grains": [32, 1, 64, 1, "", null, 0], "grain_amp": [0.8, 0, 1, 0.01, "", null, 0], "keytrack": [0, 0, 1, 0.01, "", null, 0], "scan": [0.01837500000000003, -2.0, 2.0, 0.01, "", null, 0], "direction": [0.0, 0, 1, 1, "", null, 0], "spread": [0.5, 0, 1, 0.01, "", null, 0], "shape": [0, 0, 3, 1, "", null, 0], "cutoff": [10000, 20, 20000, 1, "Hz", null, 0], "res": [0.1, 0, 0.99, 0.01, "", null, 0], "filt_type": [3, 0, 3, 1, "", null, 0], "filt_key": [0, 0, 1, 0.01, "", null, 0], "atk": [0.01, 0.001, 5.0, 0.001, "s", null, 0], "atk_curve": [0.0, -1.0, 1.0, 0.1, "", null, 0], "rel": [0.3, 0.001, 5.0, 0.001, "s", null, 0], "rel_curve": [0.0, -1.0, 1.0, 0.1, "", null, 0], "lfo1_rate": [50.0, 0.1, 50.0, 0.1, "Hz", null, 0], "lfo1_wave": [0, 0, 3, 1, "", null, 0], "lfo1_phase": [0.4794843749999999, 0, 1, 0.01, "", null, 0], "lfo2_rate": [2.314553124999998, 0.1, 50.0, 0.1, "Hz", null, 0], "lfo2_wave": [0, 0, 3, 1, "", null, 0], "lfo2_phase": [0.20775, 0, 1, 0.01, "", null, 0], "vol": [1, 0, 1, 0.01, "", null, 0], "mod1_src": [0, 0, 18, 1, "", null, 0], "mod1_amt": [0.24999999999999997, 0, 1, 0.01, "", null, 0], "mod2_src": [0, 0, 18, 1, "", null, 0], "mod2_amt": [0.0, 0, 1, 0.01, "", null, 0], "fx_wf": [0, 0, 1, 0.01, "", null, 0], "fx_ds": [80, 1, 80, 1, "", null, 0], "fx_bc": [14.119726562500002, 1, 16, 1, "", null, 0], "fx_mix": [0, 0, 1, 0.01, "", null, 0], "viz_scale": [1.0, 0.1, 5.0, 0.1, "", null, 0], "midi_mode": [0, 0, 6, 1, "", null, 0], "midi_ch": [1, 1, 16, 1, "", null, 0], "master_vol": [1.0, 0, 1, 0.01, "", null, 0], "pitch_mode": [0, 0, 2, 1, "", null, 0]}, {"pos": [0.4593125, 0, 1, 0.001, "%", null, 0], "size": [0.45102375000000017, 0.01, 2.0, 0.001, "s", null, 0], "dens": [1.0, 1.0, 150.0, 0.1, "Hz", null, 0], "pitch": [1.0, 0.1, 4.0, 0.01, "x", "Jit", 0.03972656250000001], "sample_idx": [36, 0, 4, 1, "#", null, 0], "max_grains": [32, 1, 64, 1, "", null, 0], "grain_amp": [0.8, 0, 1, 0.01, "", "Jit", 1], "keytrack": [0, 0, 1, 0.01, "", null, 0], "scan": [0.0, -2.0, 2.0, 0.01, "", null, 0], "direction": [0.203125, 0, 1, 1, "", null, 0], "spread": [0.5021406250000001, 0, 1, 0.01, "", "Jit", 1], "shape": [0, 0, 3, 1, "", null, 0], "cutoff": [10000, 20, 20000, 1, "Hz", null, 0], "res": [0.1, 0, 0.99, 0.01, "", null, 0], "filt_type": [3, 0, 3, 1, "", null, 0], "filt_key": [0, 0, 1, 0.01, "", null, 0], "atk": [0.01, 0.001, 5.0, 0.001, "s", null, 0], "atk_curve": [0.0, -1.0, 1.0, 0.1, "", null, 0], "rel": [0.3, 0.001, 5.0, 0.001, "s", null, 0], "rel_curve": [0.0, -1.0, 1.0, 0.1, "", null, 0], "lfo1_rate": [50.0, 0.1, 50.0, 0.1, "Hz", null, 0], "lfo1_wave": [0, 0, 3, 1, "", null, 0], "lfo1_phase": [0.4794843749999999, 0, 1, 0.01, "", null, 0], "lfo2_rate": [2.314553124999998, 0.1, 50.0, 0.1, "Hz", null, 0], "lfo2_wave": [0, 0, 3, 1, "", null, 0], "lfo2_phase": [0.5577500000000002, 0, 1, 0.01, "", null, 0], "vol": [1, 0, 1, 0.01, "", null, 0], "mod1_src": [0, 0, 18, 1, "", null, 0], "mod1_amt": [0.24999999999999997, 0, 1, 0.01, "", null, 0], "mod2_src": [0, 0, 18, 1, "", null, 0], "mod2_amt": [0.0, 0, 1, 0.01, "", null, 0], "fx_wf": [0, 0, 1, 0.01, "", null, 0], "fx_ds": [80, 1, 80, 1, "", null, 0], "fx_bc": [14.119726562500002, 1, 16, 1, "", null, 0], "fx_mix": [0, 0, 1, 0.01, "", null, 0], "viz_scale": [1.0, 0.1, 5.0, 0.1, "", null, 0], "midi_mode": [0, 0, 6, 1, "", null, 0], "midi_ch": [1, 1, 16, 1, "", null, 0], "master_vol": [1.0, 0, 1, 0.01, "", null, 0], "pitch_mode": [0, 0, 2, 1, "", null, 0]}], "folder": "/Library/Arturia/Samples/Pigments/Factory/__Noises/Field Recording/", "midi_device": "Minilab3 MIDI"}