ISO-10303-21;
HEADER;
FILE_DESCRIPTION(('FreeCAD Model'),'2;1');
FILE_NAME('Open CASCADE Shape Model','2026-07-31T00:05:58',(''),(''),
  'Open CASCADE STEP processor 7.8','FreeCAD','Unknown');
FILE_SCHEMA(('AUTOMOTIVE_DESIGN { 1 0 10303 214 1 1 1 1 }'));
ENDSEC;
DATA;
#1 = APPLICATION_PROTOCOL_DEFINITION('international standard',
  'automotive_design',2000,#2);
#2 = APPLICATION_CONTEXT(
  'core data for automotive mechanical design processes');
#3 = SHAPE_DEFINITION_REPRESENTATION(#4,#10);
#4 = PRODUCT_DEFINITION_SHAPE('','',#5);
#5 = PRODUCT_DEFINITION('design','',#6,#9);
#6 = PRODUCT_DEFINITION_FORMATION('','',#7);
#7 = PRODUCT('infopanel-omsk-rounded-mc','infopanel-omsk-rounded-mc','',
  (#8));
#8 = PRODUCT_CONTEXT('',#2,'mechanical');
#9 = PRODUCT_DEFINITION_CONTEXT('part definition',#2,'design');
#10 = SHAPE_REPRESENTATION('',(#11,#15,#19),#23);
#11 = AXIS2_PLACEMENT_3D('',#12,#13,#14);
#12 = CARTESIAN_POINT('',(0.,0.,0.));
#13 = DIRECTION('',(0.,0.,1.));
#14 = DIRECTION('',(1.,0.,-0.));
#15 = AXIS2_PLACEMENT_3D('',#16,#17,#18);
#16 = CARTESIAN_POINT('',(0.,0.,0.));
#17 = DIRECTION('',(0.,0.,1.));
#18 = DIRECTION('',(1.,0.,0.));
#19 = AXIS2_PLACEMENT_3D('',#20,#21,#22);
#20 = CARTESIAN_POINT('',(0.,0.,0.));
#21 = DIRECTION('',(0.,0.,1.));
#22 = DIRECTION('',(1.,0.,0.));
#23 = ( GEOMETRIC_REPRESENTATION_CONTEXT(3) 
GLOBAL_UNCERTAINTY_ASSIGNED_CONTEXT((#27)) GLOBAL_UNIT_ASSIGNED_CONTEXT(
(#24,#25,#26)) REPRESENTATION_CONTEXT('Context #1',
  '3D Context with UNIT and UNCERTAINTY') );
#24 = ( LENGTH_UNIT() NAMED_UNIT(*) SI_UNIT(.MILLI.,.METRE.) );
#25 = ( NAMED_UNIT(*) PLANE_ANGLE_UNIT() SI_UNIT($,.RADIAN.) );
#26 = ( NAMED_UNIT(*) SI_UNIT($,.STERADIAN.) SOLID_ANGLE_UNIT() );
#27 = UNCERTAINTY_MEASURE_WITH_UNIT(LENGTH_MEASURE(5.E-05),#24,
  'distance_accuracy_value','confusion accuracy');
#28 = PRODUCT_RELATED_PRODUCT_CATEGORY('part',$,(#7));
#29 = SHAPE_DEFINITION_REPRESENTATION(#30,#36);
#30 = PRODUCT_DEFINITION_SHAPE('','',#31);
#31 = PRODUCT_DEFINITION('design','',#32,#35);
#32 = PRODUCT_DEFINITION_FORMATION('','',#33);
#33 = PRODUCT('infopanel-omsk-rounded-io-description-cutted',
  'infopanel-omsk-rounded-io-description-cutted','',(#34));
#34 = PRODUCT_CONTEXT('',#2,'mechanical');
#35 = PRODUCT_DEFINITION_CONTEXT('part definition',#2,'design');
#36 = ADVANCED_BREP_SHAPE_REPRESENTATION('',(#11,#37),#6959);
#37 = MANIFOLD_SOLID_BREP('',#38);
#38 = CLOSED_SHELL('',(#39,#127,#160,#201,#226,#258,#306,#330,#354,#546,
    #570,#595,#612,#629,#791,#803,#850,#874,#898,#1565,#1643,#1667,#1691
    ,#1715,#1755,#1772,#1844,#1884,#1908,#1948,#1972,#2012,#2029,#2169,
    #2194,#2218,#2244,#2389,#2548,#2602,#2626,#2650,#2667,#2691,#2715,
    #2732,#2749,#2777,#2789,#3158,#3488,#3514,#3524,#3548,#3583,#3607,
    #3937,#3972,#3982,#4007,#4025,#4355,#4685,#4695,#4705,#4737,#4771,
    #4795,#4827,#4878,#4904,#4959,#5029,#5053,#5124,#5156,#5180,#5214,
    #5239,#5263,#5279,#5296,#5320,#5337,#5358,#5374,#5394,#5411,#5423,
    #5444,#5468,#5492,#5505,#5533,#5557,#5574,#5585,#5596,#5635,#5659,
    #5683,#5708,#5720,#5766,#6079,#6095,#6136,#6152,#6193,#6205,#6215,
    #6226,#6243,#6255,#6277,#6294,#6311,#6323,#6355,#6379,#6404,#6428,
    #6453,#6477,#6502,#6526,#6551,#6575,#6600,#6617,#6649,#6673,#6698,
    #6722,#6747,#6764,#6796,#6820,#6845,#6869,#6894,#6911,#6931,#6945));
#39 = ADVANCED_FACE('',(#40),#122,.T.);
#40 = FACE_BOUND('',#41,.T.);
#41 = EDGE_LOOP('',(#42,#52,#60,#68,#76,#84,#92,#100,#108,#116));
#42 = ORIENTED_EDGE('',*,*,#43,.F.);
#43 = EDGE_CURVE('',#44,#46,#48,.T.);
#44 = VERTEX_POINT('',#45);
#45 = CARTESIAN_POINT('',(24.301421356237,34.44019753043,9.42530982845)
  );
#46 = VERTEX_POINT('',#47);
#47 = CARTESIAN_POINT('',(24.301421356237,30.8670313845,8.986580192366)
  );
#48 = LINE('',#49,#50);
#49 = CARTESIAN_POINT('',(24.301421356237,35.432743682078,9.547179171807
    ));
#50 = VECTOR('',#51,1.);
#51 = DIRECTION('',(-0.,-0.992546151647,-0.121869343357));
#52 = ORIENTED_EDGE('',*,*,#53,.T.);
#53 = EDGE_CURVE('',#44,#54,#56,.T.);
#54 = VERTEX_POINT('',#55);
#55 = CARTESIAN_POINT('',(30.3,34.44019753043,9.42530982845));
#56 = LINE('',#57,#58);
#57 = CARTESIAN_POINT('',(16.8,34.44019753043,9.42530982845));
#58 = VECTOR('',#59,1.);
#59 = DIRECTION('',(1.,0.,0.));
#60 = ORIENTED_EDGE('',*,*,#61,.T.);
#61 = EDGE_CURVE('',#54,#62,#64,.T.);
#62 = VERTEX_POINT('',#63);
#63 = CARTESIAN_POINT('',(30.3,30.376092303295,8.926300452874));
#64 = LINE('',#65,#66);
#65 = CARTESIAN_POINT('',(30.3,35.432743682078,9.547179171807));
#66 = VECTOR('',#67,1.);
#67 = DIRECTION('',(0.,-0.992546151647,-0.121869343357));
#68 = ORIENTED_EDGE('',*,*,#69,.F.);
#69 = EDGE_CURVE('',#70,#62,#72,.T.);
#70 = VERTEX_POINT('',#71);
#71 = CARTESIAN_POINT('',(21.01,30.376092303295,8.926300452874));
#72 = LINE('',#73,#74);
#73 = CARTESIAN_POINT('',(17.358979947536,30.376092303295,8.926300452874
    ));
#74 = VECTOR('',#75,1.);
#75 = DIRECTION('',(1.,0.,0.));
#76 = ORIENTED_EDGE('',*,*,#77,.T.);
#77 = EDGE_CURVE('',#70,#78,#80,.T.);
#78 = VERTEX_POINT('',#79);
#79 = CARTESIAN_POINT('',(21.01,30.909404496428,8.991782956306));
#80 = LINE('',#81,#82);
#81 = CARTESIAN_POINT('',(21.01,29.916858344781,8.869913612949));
#82 = VECTOR('',#83,1.);
#83 = DIRECTION('',(0.,0.992546151647,0.121869343357));
#84 = ORIENTED_EDGE('',*,*,#85,.T.);
#85 = EDGE_CURVE('',#78,#86,#88,.T.);
#86 = VERTEX_POINT('',#87);
#87 = CARTESIAN_POINT('',(16.8,30.909404496428,8.991782956306));
#88 = LINE('',#89,#90);
#89 = CARTESIAN_POINT('',(21.01,30.909404496428,8.991782956306));
#90 = VECTOR('',#91,1.);
#91 = DIRECTION('',(-1.,0.,-0.));
#92 = ORIENTED_EDGE('',*,*,#93,.T.);
#93 = EDGE_CURVE('',#86,#94,#96,.T.);
#94 = VERTEX_POINT('',#95);
#95 = CARTESIAN_POINT('',(16.8,35.432743682078,9.547179171807));
#96 = LINE('',#97,#98);
#97 = CARTESIAN_POINT('',(16.8,29.973739848018,8.876897783345));
#98 = VECTOR('',#99,1.);
#99 = DIRECTION('',(0.,0.992546151647,0.121869343357));
#100 = ORIENTED_EDGE('',*,*,#101,.T.);
#101 = EDGE_CURVE('',#94,#102,#104,.T.);
#102 = VERTEX_POINT('',#103);
#103 = CARTESIAN_POINT('',(21.718578643763,35.432743682078,
    9.547179171807));
#104 = LINE('',#105,#106);
#105 = CARTESIAN_POINT('',(16.8,35.432743682078,9.547179171807));
#106 = VECTOR('',#107,1.);
#107 = DIRECTION('',(1.,0.,0.));
#108 = ORIENTED_EDGE('',*,*,#109,.T.);
#109 = EDGE_CURVE('',#102,#110,#112,.T.);
#110 = VERTEX_POINT('',#111);
#111 = CARTESIAN_POINT('',(21.718578643763,30.8670313845,8.986580192366)
  );
#112 = LINE('',#113,#114);
#113 = CARTESIAN_POINT('',(21.718578643763,35.432743682078,
    9.547179171807));
#114 = VECTOR('',#115,1.);
#115 = DIRECTION('',(-0.,-0.992546151647,-0.121869343357));
#116 = ORIENTED_EDGE('',*,*,#117,.F.);
#117 = EDGE_CURVE('',#46,#110,#118,.T.);
#118 = LINE('',#119,#120);
#119 = CARTESIAN_POINT('',(23.28,30.8670313845,8.986580192366));
#120 = VECTOR('',#121,1.);
#121 = DIRECTION('',(-1.,0.,0.));
#122 = PLANE('',#123);
#123 = AXIS2_PLACEMENT_3D('',#124,#125,#126);
#124 = CARTESIAN_POINT('',(23.55,32.904417992686,9.236739812341));
#125 = DIRECTION('',(0.,0.121869343357,-0.992546151647));
#126 = DIRECTION('',(0.,-0.992546151647,-0.121869343357));
#127 = ADVANCED_FACE('',(#128),#155,.T.);
#128 = FACE_BOUND('',#129,.F.);
#129 = EDGE_LOOP('',(#130,#131,#140,#148));
#130 = ORIENTED_EDGE('',*,*,#43,.F.);
#131 = ORIENTED_EDGE('',*,*,#132,.T.);
#132 = EDGE_CURVE('',#44,#133,#135,.T.);
#133 = VERTEX_POINT('',#134);
#134 = CARTESIAN_POINT('',(24.230710678119,34.419393132184,
    9.594748055062));
#135 = CIRCLE('',#136,0.1);
#136 = AXIS2_PLACEMENT_3D('',#137,#138,#139);
#137 = CARTESIAN_POINT('',(24.301421356237,34.428010596095,
    9.524564443615));
#138 = DIRECTION('',(0.,0.992546151647,0.121869343357));
#139 = DIRECTION('',(0.,0.121869343357,-0.992546151647));
#140 = ORIENTED_EDGE('',*,*,#141,.T.);
#141 = EDGE_CURVE('',#133,#142,#144,.T.);
#142 = VERTEX_POINT('',#143);
#143 = CARTESIAN_POINT('',(24.230710678119,30.846226986254,
    9.156018418978));
#144 = LINE('',#145,#146);
#145 = CARTESIAN_POINT('',(24.230710678119,35.411939283831,
    9.716617398419));
#146 = VECTOR('',#147,1.);
#147 = DIRECTION('',(-0.,-0.992546151647,-0.121869343357));
#148 = ORIENTED_EDGE('',*,*,#149,.F.);
#149 = EDGE_CURVE('',#46,#142,#150,.T.);
#150 = CIRCLE('',#151,0.1);
#151 = AXIS2_PLACEMENT_3D('',#152,#153,#154);
#152 = CARTESIAN_POINT('',(24.301421356237,30.854844450164,
    9.085834807531));
#153 = DIRECTION('',(0.,0.992546151647,0.121869343357));
#154 = DIRECTION('',(0.,0.121869343357,-0.992546151647));
#155 = CYLINDRICAL_SURFACE('',#156,0.1);
#156 = AXIS2_PLACEMENT_3D('',#157,#158,#159);
#157 = CARTESIAN_POINT('',(24.301421356237,35.420556747742,
    9.646433786972));
#158 = DIRECTION('',(-0.,-0.992546151647,-0.121869343357));
#159 = DIRECTION('',(0.,0.121869343357,-0.992546151647));
#160 = ADVANCED_FACE('',(#161),#196,.T.);
#161 = FACE_BOUND('',#162,.T.);
#162 = EDGE_LOOP('',(#163,#173,#181,#187,#188,#189));
#163 = ORIENTED_EDGE('',*,*,#164,.F.);
#164 = EDGE_CURVE('',#165,#167,#169,.T.);
#165 = VERTEX_POINT('',#166);
#166 = CARTESIAN_POINT('',(20.560000000001,30.696414303801,
    10.376144804672));
#167 = VERTEX_POINT('',#168);
#168 = CARTESIAN_POINT('',(21.789289321882,30.846226986254,
    9.156018418978));
#169 = LINE('',#170,#171);
#170 = CARTESIAN_POINT('',(20.560000000001,30.696414303801,
    10.376144804672));
#171 = VECTOR('',#172,1.);
#172 = DIRECTION('',(0.707106781186,8.617463910637E-02,-0.701836114471)
  );
#173 = ORIENTED_EDGE('',*,*,#174,.F.);
#174 = EDGE_CURVE('',#175,#165,#177,.T.);
#175 = VERTEX_POINT('',#176);
#176 = CARTESIAN_POINT('',(25.459999999999,30.696414303801,
    10.376144804672));
#177 = LINE('',#178,#179);
#178 = CARTESIAN_POINT('',(25.459999999999,30.696414303801,
    10.376144804672));
#179 = VECTOR('',#180,1.);
#180 = DIRECTION('',(-1.,0.,0.));
#181 = ORIENTED_EDGE('',*,*,#182,.F.);
#182 = EDGE_CURVE('',#142,#175,#183,.T.);
#183 = LINE('',#184,#185);
#184 = CARTESIAN_POINT('',(24.06,30.8670313845,8.986580192366));
#185 = VECTOR('',#186,1.);
#186 = DIRECTION('',(0.707106781186,-8.617463910637E-02,0.701836114471)
  );
#187 = ORIENTED_EDGE('',*,*,#149,.F.);
#188 = ORIENTED_EDGE('',*,*,#117,.T.);
#189 = ORIENTED_EDGE('',*,*,#190,.T.);
#190 = EDGE_CURVE('',#110,#167,#191,.T.);
#191 = CIRCLE('',#192,0.1);
#192 = AXIS2_PLACEMENT_3D('',#193,#194,#195);
#193 = CARTESIAN_POINT('',(21.718578643763,30.854844450164,
    9.085834807531));
#194 = DIRECTION('',(0.,-0.992546151647,-0.121869343357));
#195 = DIRECTION('',(0.,0.121869343357,-0.992546151647));
#196 = PLANE('',#197);
#197 = AXIS2_PLACEMENT_3D('',#198,#199,#200);
#198 = CARTESIAN_POINT('',(23.01,30.759928289768,9.858864899725));
#199 = DIRECTION('',(0.,0.992546151647,0.121869343357));
#200 = DIRECTION('',(0.,-0.121869343357,0.992546151647));
#201 = ADVANCED_FACE('',(#202),#221,.T.);
#202 = FACE_BOUND('',#203,.T.);
#203 = EDGE_LOOP('',(#204,#213,#219,#220));
#204 = ORIENTED_EDGE('',*,*,#205,.T.);
#205 = EDGE_CURVE('',#102,#206,#208,.T.);
#206 = VERTEX_POINT('',#207);
#207 = CARTESIAN_POINT('',(21.789289321882,35.411939283831,
    9.716617398419));
#208 = CIRCLE('',#209,0.1);
#209 = AXIS2_PLACEMENT_3D('',#210,#211,#212);
#210 = CARTESIAN_POINT('',(21.718578643763,35.420556747742,
    9.646433786972));
#211 = DIRECTION('',(0.,-0.992546151647,-0.121869343357));
#212 = DIRECTION('',(0.,0.121869343357,-0.992546151647));
#213 = ORIENTED_EDGE('',*,*,#214,.T.);
#214 = EDGE_CURVE('',#206,#167,#215,.T.);
#215 = LINE('',#216,#217);
#216 = CARTESIAN_POINT('',(21.789289321882,35.411939283831,
    9.716617398419));
#217 = VECTOR('',#218,1.);
#218 = DIRECTION('',(-0.,-0.992546151647,-0.121869343357));
#219 = ORIENTED_EDGE('',*,*,#190,.F.);
#220 = ORIENTED_EDGE('',*,*,#109,.F.);
#221 = CYLINDRICAL_SURFACE('',#222,0.1);
#222 = AXIS2_PLACEMENT_3D('',#223,#224,#225);
#223 = CARTESIAN_POINT('',(21.718578643763,35.420556747742,
    9.646433786972));
#224 = DIRECTION('',(-0.,-0.992546151647,-0.121869343357));
#225 = DIRECTION('',(0.,0.121869343357,-0.992546151647));
#226 = ADVANCED_FACE('',(#227),#253,.T.);
#227 = FACE_BOUND('',#228,.T.);
#228 = EDGE_LOOP('',(#229,#230,#238,#246,#252));
#229 = ORIENTED_EDGE('',*,*,#101,.F.);
#230 = ORIENTED_EDGE('',*,*,#231,.F.);
#231 = EDGE_CURVE('',#232,#94,#234,.T.);
#232 = VERTEX_POINT('',#233);
#233 = CARTESIAN_POINT('',(16.8,35.262126601378,10.936743784113));
#234 = LINE('',#235,#236);
#235 = CARTESIAN_POINT('',(16.8,35.262126601378,10.936743784113));
#236 = VECTOR('',#237,1.);
#237 = DIRECTION('',(0.,0.121869343357,-0.992546151647));
#238 = ORIENTED_EDGE('',*,*,#239,.T.);
#239 = EDGE_CURVE('',#232,#240,#242,.T.);
#240 = VERTEX_POINT('',#241);
#241 = CARTESIAN_POINT('',(20.560000000001,35.262126601378,
    10.936743784113));
#242 = LINE('',#243,#244);
#243 = CARTESIAN_POINT('',(22.3,35.262126601378,10.936743784113));
#244 = VECTOR('',#245,1.);
#245 = DIRECTION('',(1.,0.,0.));
#246 = ORIENTED_EDGE('',*,*,#247,.T.);
#247 = EDGE_CURVE('',#240,#206,#248,.T.);
#248 = LINE('',#249,#250);
#249 = CARTESIAN_POINT('',(20.560000000001,35.262126601378,
    10.936743784113));
#250 = VECTOR('',#251,1.);
#251 = DIRECTION('',(0.707106781186,8.617463910637E-02,-0.701836114471)
  );
#252 = ORIENTED_EDGE('',*,*,#205,.F.);
#253 = PLANE('',#254);
#254 = AXIS2_PLACEMENT_3D('',#255,#256,#257);
#255 = CARTESIAN_POINT('',(23.55,35.347435141728,10.24196147796));
#256 = DIRECTION('',(0.,0.992546151647,0.121869343357));
#257 = DIRECTION('',(0.,-0.121869343357,0.992546151647));
#258 = ADVANCED_FACE('',(#259),#301,.T.);
#259 = FACE_BOUND('',#260,.T.);
#260 = EDGE_LOOP('',(#261,#269,#270,#271,#279,#287,#295));
#261 = ORIENTED_EDGE('',*,*,#262,.T.);
#262 = EDGE_CURVE('',#263,#232,#265,.T.);
#263 = VERTEX_POINT('',#264);
#264 = CARTESIAN_POINT('',(16.8,30.376092303295,10.336814208508));
#265 = LINE('',#266,#267);
#266 = CARTESIAN_POINT('',(16.8,29.803122767318,10.266462395651));
#267 = VECTOR('',#268,1.);
#268 = DIRECTION('',(0.,0.992546151647,0.121869343357));
#269 = ORIENTED_EDGE('',*,*,#231,.T.);
#270 = ORIENTED_EDGE('',*,*,#93,.F.);
#271 = ORIENTED_EDGE('',*,*,#272,.T.);
#272 = EDGE_CURVE('',#86,#273,#275,.T.);
#273 = VERTEX_POINT('',#274);
#274 = CARTESIAN_POINT('',(16.8,31.055647708456,7.800727574329));
#275 = LINE('',#276,#277);
#276 = CARTESIAN_POINT('',(16.8,30.909404496428,8.991782956306));
#277 = VECTOR('',#278,1.);
#278 = DIRECTION('',(0.,0.121869343357,-0.992546151647));
#279 = ORIENTED_EDGE('',*,*,#280,.T.);
#280 = EDGE_CURVE('',#273,#281,#283,.T.);
#281 = VERTEX_POINT('',#282);
#282 = CARTESIAN_POINT('',(16.8,30.37609230329,7.71728866233));
#283 = LINE('',#284,#285);
#284 = CARTESIAN_POINT('',(16.8,31.055647708456,7.800727574329));
#285 = VECTOR('',#286,1.);
#286 = DIRECTION('',(0.,-0.992546151647,-0.121869343357));
#287 = ORIENTED_EDGE('',*,*,#288,.T.);
#288 = EDGE_CURVE('',#281,#289,#291,.T.);
#289 = VERTEX_POINT('',#290);
#290 = CARTESIAN_POINT('',(16.8,30.376092303295,8.926300452874));
#291 = LINE('',#292,#293);
#292 = CARTESIAN_POINT('',(16.8,30.37609230329,7.687065107193));
#293 = VECTOR('',#294,1.);
#294 = DIRECTION('',(0.,1.523849738533E-12,1.));
#295 = ORIENTED_EDGE('',*,*,#296,.F.);
#296 = EDGE_CURVE('',#263,#289,#297,.T.);
#297 = LINE('',#298,#299);
#298 = CARTESIAN_POINT('',(16.8,30.376092303295,10.30163830208));
#299 = VECTOR('',#300,1.);
#300 = DIRECTION('',(0.,0.,-1.));
#301 = PLANE('',#302);
#302 = AXIS2_PLACEMENT_3D('',#303,#304,#305);
#303 = CARTESIAN_POINT('',(16.8,32.500615598866,9.618879833233));
#304 = DIRECTION('',(-1.,-0.,-0.));
#305 = DIRECTION('',(0.,0.,-1.));
#306 = ADVANCED_FACE('',(#307),#325,.T.);
#307 = FACE_BOUND('',#308,.T.);
#308 = EDGE_LOOP('',(#309,#317,#323,#324));
#309 = ORIENTED_EDGE('',*,*,#310,.T.);
#310 = EDGE_CURVE('',#78,#311,#313,.T.);
#311 = VERTEX_POINT('',#312);
#312 = CARTESIAN_POINT('',(21.01,31.055647708456,7.800727574329));
#313 = LINE('',#314,#315);
#314 = CARTESIAN_POINT('',(21.01,30.909404496428,8.991782956306));
#315 = VECTOR('',#316,1.);
#316 = DIRECTION('',(0.,0.121869343357,-0.992546151647));
#317 = ORIENTED_EDGE('',*,*,#318,.T.);
#318 = EDGE_CURVE('',#311,#273,#319,.T.);
#319 = LINE('',#320,#321);
#320 = CARTESIAN_POINT('',(21.01,31.055647708456,7.800727574329));
#321 = VECTOR('',#322,1.);
#322 = DIRECTION('',(-1.,0.,-0.));
#323 = ORIENTED_EDGE('',*,*,#272,.F.);
#324 = ORIENTED_EDGE('',*,*,#85,.F.);
#325 = PLANE('',#326);
#326 = AXIS2_PLACEMENT_3D('',#327,#328,#329);
#327 = CARTESIAN_POINT('',(21.01,30.909404496428,8.991782956306));
#328 = DIRECTION('',(0.,0.992546151647,0.121869343357));
#329 = DIRECTION('',(-1.,0.,0.));
#330 = ADVANCED_FACE('',(#331),#349,.T.);
#331 = FACE_BOUND('',#332,.T.);
#332 = EDGE_LOOP('',(#333,#334,#342,#348));
#333 = ORIENTED_EDGE('',*,*,#77,.F.);
#334 = ORIENTED_EDGE('',*,*,#335,.T.);
#335 = EDGE_CURVE('',#70,#336,#338,.T.);
#336 = VERTEX_POINT('',#337);
#337 = CARTESIAN_POINT('',(21.01,30.37609230329,7.71728866233));
#338 = LINE('',#339,#340);
#339 = CARTESIAN_POINT('',(21.01,30.37609230329,7.626130435513));
#340 = VECTOR('',#341,1.);
#341 = DIRECTION('',(0.,-1.523849738533E-12,-1.));
#342 = ORIENTED_EDGE('',*,*,#343,.T.);
#343 = EDGE_CURVE('',#336,#311,#344,.T.);
#344 = LINE('',#345,#346);
#345 = CARTESIAN_POINT('',(21.01,30.063101556809,7.678858230973));
#346 = VECTOR('',#347,1.);
#347 = DIRECTION('',(0.,0.992546151647,0.121869343357));
#348 = ORIENTED_EDGE('',*,*,#310,.F.);
#349 = PLANE('',#350);
#350 = AXIS2_PLACEMENT_3D('',#351,#352,#353);
#351 = CARTESIAN_POINT('',(21.01,29.916858344781,8.869913612949));
#352 = DIRECTION('',(1.,0.,0.));
#353 = DIRECTION('',(0.,0.992546151647,0.121869343357));
#354 = ADVANCED_FACE('',(#355),#541,.T.);
#355 = FACE_BOUND('',#356,.T.);
#356 = EDGE_LOOP('',(#357,#367,#375,#383,#391,#399,#407,#415,#423,#431,
    #439,#447,#455,#463,#471,#479,#485,#486,#487,#493,#494,#495,#503,
    #511,#519,#527,#535));
#357 = ORIENTED_EDGE('',*,*,#358,.T.);
#358 = EDGE_CURVE('',#359,#361,#363,.T.);
#359 = VERTEX_POINT('',#360);
#360 = CARTESIAN_POINT('',(30.975,30.376092303283,4.2));
#361 = VERTEX_POINT('',#362);
#362 = CARTESIAN_POINT('',(30.975,30.376092303281,0.4));
#363 = LINE('',#364,#365);
#364 = CARTESIAN_POINT('',(30.975,30.376092303283,4.2));
#365 = VECTOR('',#366,1.);
#366 = DIRECTION('',(0.,0.,-1.));
#367 = ORIENTED_EDGE('',*,*,#368,.F.);
#368 = EDGE_CURVE('',#369,#361,#371,.T.);
#369 = VERTEX_POINT('',#370);
#370 = CARTESIAN_POINT('',(17.175,30.376092303281,0.4));
#371 = LINE('',#372,#373);
#372 = CARTESIAN_POINT('',(17.175,30.376092303281,0.4));
#373 = VECTOR('',#374,1.);
#374 = DIRECTION('',(1.,0.,0.));
#375 = ORIENTED_EDGE('',*,*,#376,.F.);
#376 = EDGE_CURVE('',#377,#369,#379,.T.);
#377 = VERTEX_POINT('',#378);
#378 = CARTESIAN_POINT('',(17.175,30.376092303283,4.2));
#379 = LINE('',#380,#381);
#380 = CARTESIAN_POINT('',(17.175,30.376092303283,4.2));
#381 = VECTOR('',#382,1.);
#382 = DIRECTION('',(0.,0.,-1.));
#383 = ORIENTED_EDGE('',*,*,#384,.F.);
#384 = EDGE_CURVE('',#385,#377,#387,.T.);
#385 = VERTEX_POINT('',#386);
#386 = CARTESIAN_POINT('',(-27.175,30.376092303283,4.2));
#387 = LINE('',#388,#389);
#388 = CARTESIAN_POINT('',(-36.975,30.376092303283,4.2));
#389 = VECTOR('',#390,1.);
#390 = DIRECTION('',(1.,0.,0.));
#391 = ORIENTED_EDGE('',*,*,#392,.T.);
#392 = EDGE_CURVE('',#385,#393,#395,.T.);
#393 = VERTEX_POINT('',#394);
#394 = CARTESIAN_POINT('',(-27.175,30.376092303281,0.4));
#395 = LINE('',#396,#397);
#396 = CARTESIAN_POINT('',(-27.175,30.376092303283,4.2));
#397 = VECTOR('',#398,1.);
#398 = DIRECTION('',(0.,0.,-1.));
#399 = ORIENTED_EDGE('',*,*,#400,.T.);
#400 = EDGE_CURVE('',#393,#401,#403,.T.);
#401 = VERTEX_POINT('',#402);
#402 = CARTESIAN_POINT('',(-36.975,30.376092303281,0.4));
#403 = LINE('',#404,#405);
#404 = CARTESIAN_POINT('',(-27.175,30.376092303281,0.4));
#405 = VECTOR('',#406,1.);
#406 = DIRECTION('',(-1.,0.,0.));
#407 = ORIENTED_EDGE('',*,*,#408,.F.);
#408 = EDGE_CURVE('',#409,#401,#411,.T.);
#409 = VERTEX_POINT('',#410);
#410 = CARTESIAN_POINT('',(-36.975,30.376092303283,5.6));
#411 = LINE('',#412,#413);
#412 = CARTESIAN_POINT('',(-36.975,30.376092303283,4.2));
#413 = VECTOR('',#414,1.);
#414 = DIRECTION('',(0.,0.,-1.));
#415 = ORIENTED_EDGE('',*,*,#416,.T.);
#416 = EDGE_CURVE('',#409,#417,#419,.T.);
#417 = VERTEX_POINT('',#418);
#418 = CARTESIAN_POINT('',(-38.29903144144,30.376092303295,5.6));
#419 = LINE('',#420,#421);
#420 = CARTESIAN_POINT('',(19.149515720725,30.376092303295,5.6));
#421 = VECTOR('',#422,1.);
#422 = DIRECTION('',(-1.,0.,0.));
#423 = ORIENTED_EDGE('',*,*,#424,.F.);
#424 = EDGE_CURVE('',#425,#417,#427,.T.);
#425 = VERTEX_POINT('',#426);
#426 = CARTESIAN_POINT('',(-38.29903144144,30.376092303295,
    10.336814208508));
#427 = LINE('',#428,#429);
#428 = CARTESIAN_POINT('',(-38.29903144144,30.376092303295,
    10.336814208508));
#429 = VECTOR('',#430,1.);
#430 = DIRECTION('',(0.,0.,-1.));
#431 = ORIENTED_EDGE('',*,*,#432,.F.);
#432 = EDGE_CURVE('',#433,#425,#435,.T.);
#433 = VERTEX_POINT('',#434);
#434 = CARTESIAN_POINT('',(-24.09,30.376092303295,10.336814208508));
#435 = LINE('',#436,#437);
#436 = CARTESIAN_POINT('',(38.299031441449,30.376092303295,
    10.336814208508));
#437 = VECTOR('',#438,1.);
#438 = DIRECTION('',(-1.,0.,0.));
#439 = ORIENTED_EDGE('',*,*,#440,.T.);
#440 = EDGE_CURVE('',#433,#441,#443,.T.);
#441 = VERTEX_POINT('',#442);
#442 = CARTESIAN_POINT('',(-24.09,30.376092303288,6.508276871787));
#443 = LINE('',#444,#445);
#444 = CARTESIAN_POINT('',(-24.09,30.376092303291,8.320912741666));
#445 = VECTOR('',#446,1.);
#446 = DIRECTION('',(0.,-1.523849738533E-12,-1.));
#447 = ORIENTED_EDGE('',*,*,#448,.T.);
#448 = EDGE_CURVE('',#441,#449,#451,.T.);
#449 = VERTEX_POINT('',#450);
#450 = CARTESIAN_POINT('',(-20.09,30.376092303288,6.508276871787));
#451 = LINE('',#452,#453);
#452 = CARTESIAN_POINT('',(-11.12940105044,30.376092303288,
    6.508276871787));
#453 = VECTOR('',#454,1.);
#454 = DIRECTION('',(1.,2.514839688406E-15,3.087834867578E-16));
#455 = ORIENTED_EDGE('',*,*,#456,.T.);
#456 = EDGE_CURVE('',#449,#457,#459,.T.);
#457 = VERTEX_POINT('',#458);
#458 = CARTESIAN_POINT('',(-20.09,30.37609230329,7.51578669724));
#459 = LINE('',#460,#461);
#460 = CARTESIAN_POINT('',(-20.09,30.376092303289,6.99228280104));
#461 = VECTOR('',#462,1.);
#462 = DIRECTION('',(0.,1.523849738533E-12,1.));
#463 = ORIENTED_EDGE('',*,*,#464,.T.);
#464 = EDGE_CURVE('',#457,#465,#467,.T.);
#465 = VERTEX_POINT('',#466);
#466 = CARTESIAN_POINT('',(-18.09,30.37609230329,7.51578669724));
#467 = LINE('',#468,#469);
#468 = CARTESIAN_POINT('',(-10.78539290449,30.37609230329,7.51578669724)
  );
#469 = VECTOR('',#470,1.);
#470 = DIRECTION('',(1.,2.514839688406E-15,3.087834867578E-16));
#471 = ORIENTED_EDGE('',*,*,#472,.T.);
#472 = EDGE_CURVE('',#465,#473,#475,.T.);
#473 = VERTEX_POINT('',#474);
#474 = CARTESIAN_POINT('',(-18.09,30.376092303295,10.336814208508));
#475 = LINE('',#476,#477);
#476 = CARTESIAN_POINT('',(-18.09,30.376092303291,8.381847413346));
#477 = VECTOR('',#478,1.);
#478 = DIRECTION('',(0.,1.523849738533E-12,1.));
#479 = ORIENTED_EDGE('',*,*,#480,.F.);
#480 = EDGE_CURVE('',#263,#473,#481,.T.);
#481 = LINE('',#482,#483);
#482 = CARTESIAN_POINT('',(38.299031441449,30.376092303295,
    10.336814208508));
#483 = VECTOR('',#484,1.);
#484 = DIRECTION('',(-1.,0.,0.));
#485 = ORIENTED_EDGE('',*,*,#296,.T.);
#486 = ORIENTED_EDGE('',*,*,#288,.F.);
#487 = ORIENTED_EDGE('',*,*,#488,.T.);
#488 = EDGE_CURVE('',#281,#336,#489,.T.);
#489 = LINE('',#490,#491);
#490 = CARTESIAN_POINT('',(9.43710709551,30.37609230329,7.71728866233));
#491 = VECTOR('',#492,1.);
#492 = DIRECTION('',(1.,2.514839688406E-15,3.087834867578E-16));
#493 = ORIENTED_EDGE('',*,*,#335,.F.);
#494 = ORIENTED_EDGE('',*,*,#69,.T.);
#495 = ORIENTED_EDGE('',*,*,#496,.T.);
#496 = EDGE_CURVE('',#62,#497,#499,.T.);
#497 = VERTEX_POINT('',#498);
#498 = CARTESIAN_POINT('',(30.3,30.376092303295,10.336814208508));
#499 = LINE('',#500,#501);
#500 = CARTESIAN_POINT('',(30.3,30.376092303295,10.636778996311));
#501 = VECTOR('',#502,1.);
#502 = DIRECTION('',(0.,0.,1.));
#503 = ORIENTED_EDGE('',*,*,#504,.F.);
#504 = EDGE_CURVE('',#505,#497,#507,.T.);
#505 = VERTEX_POINT('',#506);
#506 = CARTESIAN_POINT('',(38.299031441449,30.376092303295,
    10.336814208508));
#507 = LINE('',#508,#509);
#508 = CARTESIAN_POINT('',(38.299031441449,30.376092303295,
    10.336814208508));
#509 = VECTOR('',#510,1.);
#510 = DIRECTION('',(-1.,0.,0.));
#511 = ORIENTED_EDGE('',*,*,#512,.T.);
#512 = EDGE_CURVE('',#505,#513,#515,.T.);
#513 = VERTEX_POINT('',#514);
#514 = CARTESIAN_POINT('',(38.299031441449,30.376092303295,5.6));
#515 = LINE('',#516,#517);
#516 = CARTESIAN_POINT('',(38.299031441449,30.376092303295,
    10.336814208508));
#517 = VECTOR('',#518,1.);
#518 = DIRECTION('',(0.,0.,-1.));
#519 = ORIENTED_EDGE('',*,*,#520,.T.);
#520 = EDGE_CURVE('',#513,#521,#523,.T.);
#521 = VERTEX_POINT('',#522);
#522 = CARTESIAN_POINT('',(36.975,30.376092303283,5.6));
#523 = LINE('',#524,#525);
#524 = CARTESIAN_POINT('',(19.149515720725,30.376092303295,5.6));
#525 = VECTOR('',#526,1.);
#526 = DIRECTION('',(-1.,0.,0.));
#527 = ORIENTED_EDGE('',*,*,#528,.T.);
#528 = EDGE_CURVE('',#521,#529,#531,.T.);
#529 = VERTEX_POINT('',#530);
#530 = CARTESIAN_POINT('',(36.975,30.376092303283,4.2));
#531 = LINE('',#532,#533);
#532 = CARTESIAN_POINT('',(36.975,30.376092303283,5.6));
#533 = VECTOR('',#534,1.);
#534 = DIRECTION('',(0.,0.,-1.));
#535 = ORIENTED_EDGE('',*,*,#536,.F.);
#536 = EDGE_CURVE('',#359,#529,#537,.T.);
#537 = LINE('',#538,#539);
#538 = CARTESIAN_POINT('',(-36.975,30.376092303283,4.2));
#539 = VECTOR('',#540,1.);
#540 = DIRECTION('',(1.,0.,0.));
#541 = PLANE('',#542);
#542 = AXIS2_PLACEMENT_3D('',#543,#544,#545);
#543 = CARTESIAN_POINT('',(-3.07858089794E-02,30.376092303288,
    6.382347258078));
#544 = DIRECTION('',(-2.514839688406E-15,1.,-1.523849738533E-12));
#545 = DIRECTION('',(0.,1.523849738533E-12,1.));
#546 = ADVANCED_FACE('',(#547),#565,.F.);
#547 = FACE_BOUND('',#548,.F.);
#548 = EDGE_LOOP('',(#549,#557,#563,#564));
#549 = ORIENTED_EDGE('',*,*,#550,.F.);
#550 = EDGE_CURVE('',#551,#497,#553,.T.);
#551 = VERTEX_POINT('',#552);
#552 = CARTESIAN_POINT('',(30.3,34.269580449731,10.814874440757));
#553 = LINE('',#554,#555);
#554 = CARTESIAN_POINT('',(30.3,35.262126601378,10.936743784113));
#555 = VECTOR('',#556,1.);
#556 = DIRECTION('',(0.,-0.992546151647,-0.121869343357));
#557 = ORIENTED_EDGE('',*,*,#558,.T.);
#558 = EDGE_CURVE('',#551,#54,#559,.T.);
#559 = LINE('',#560,#561);
#560 = CARTESIAN_POINT('',(30.3,34.269580449731,10.814874440757));
#561 = VECTOR('',#562,1.);
#562 = DIRECTION('',(0.,0.121869343357,-0.992546151647));
#563 = ORIENTED_EDGE('',*,*,#61,.T.);
#564 = ORIENTED_EDGE('',*,*,#496,.T.);
#565 = PLANE('',#566);
#566 = AXIS2_PLACEMENT_3D('',#567,#568,#569);
#567 = CARTESIAN_POINT('',(30.3,35.262126601378,10.936743784113));
#568 = DIRECTION('',(-1.,0.,0.));
#569 = DIRECTION('',(0.,-0.992546151647,-0.121869343357));
#570 = ADVANCED_FACE('',(#571),#590,.T.);
#571 = FACE_BOUND('',#572,.T.);
#572 = EDGE_LOOP('',(#573,#581,#587,#588,#589));
#573 = ORIENTED_EDGE('',*,*,#574,.T.);
#574 = EDGE_CURVE('',#133,#575,#577,.T.);
#575 = VERTEX_POINT('',#576);
#576 = CARTESIAN_POINT('',(25.459999999999,34.269580449731,
    10.814874440757));
#577 = LINE('',#578,#579);
#578 = CARTESIAN_POINT('',(24.06,34.44019753043,9.42530982845));
#579 = VECTOR('',#580,1.);
#580 = DIRECTION('',(0.707106781186,-8.617463910637E-02,0.701836114471)
  );
#581 = ORIENTED_EDGE('',*,*,#582,.T.);
#582 = EDGE_CURVE('',#575,#551,#583,.T.);
#583 = LINE('',#584,#585);
#584 = CARTESIAN_POINT('',(22.3,34.269580449731,10.814874440757));
#585 = VECTOR('',#586,1.);
#586 = DIRECTION('',(1.,0.,0.));
#587 = ORIENTED_EDGE('',*,*,#558,.T.);
#588 = ORIENTED_EDGE('',*,*,#53,.F.);
#589 = ORIENTED_EDGE('',*,*,#132,.T.);
#590 = PLANE('',#591);
#591 = AXIS2_PLACEMENT_3D('',#592,#593,#594);
#592 = CARTESIAN_POINT('',(23.55,34.354888990081,10.120092134603));
#593 = DIRECTION('',(0.,0.992546151647,0.121869343357));
#594 = DIRECTION('',(0.,-0.121869343357,0.992546151647));
#595 = ADVANCED_FACE('',(#596),#607,.T.);
#596 = FACE_BOUND('',#597,.T.);
#597 = EDGE_LOOP('',(#598,#599,#600,#601));
#598 = ORIENTED_EDGE('',*,*,#574,.F.);
#599 = ORIENTED_EDGE('',*,*,#141,.T.);
#600 = ORIENTED_EDGE('',*,*,#182,.T.);
#601 = ORIENTED_EDGE('',*,*,#602,.F.);
#602 = EDGE_CURVE('',#575,#175,#603,.T.);
#603 = LINE('',#604,#605);
#604 = CARTESIAN_POINT('',(25.459999999999,35.262126601378,
    10.936743784113));
#605 = VECTOR('',#606,1.);
#606 = DIRECTION('',(-0.,-0.992546151647,-0.121869343357));
#607 = PLANE('',#608);
#608 = AXIS2_PLACEMENT_3D('',#609,#610,#611);
#609 = CARTESIAN_POINT('',(24.06,35.432743682078,9.547179171807));
#610 = DIRECTION('',(-0.707106781187,-8.617463910629E-02,0.70183611447)
  );
#611 = DIRECTION('',(0.707106781186,-8.617463910637E-02,0.701836114471)
  );
#612 = ADVANCED_FACE('',(#613),#624,.T.);
#613 = FACE_BOUND('',#614,.T.);
#614 = EDGE_LOOP('',(#615,#616,#622,#623));
#615 = ORIENTED_EDGE('',*,*,#247,.F.);
#616 = ORIENTED_EDGE('',*,*,#617,.T.);
#617 = EDGE_CURVE('',#240,#165,#618,.T.);
#618 = LINE('',#619,#620);
#619 = CARTESIAN_POINT('',(20.560000000001,35.262126601378,
    10.936743784113));
#620 = VECTOR('',#621,1.);
#621 = DIRECTION('',(-0.,-0.992546151647,-0.121869343357));
#622 = ORIENTED_EDGE('',*,*,#164,.T.);
#623 = ORIENTED_EDGE('',*,*,#214,.F.);
#624 = PLANE('',#625);
#625 = AXIS2_PLACEMENT_3D('',#626,#627,#628);
#626 = CARTESIAN_POINT('',(20.560000000001,35.262126601378,
    10.936743784113));
#627 = DIRECTION('',(0.707106781187,-8.617463910629E-02,0.70183611447));
#628 = DIRECTION('',(0.707106781186,8.617463910637E-02,-0.701836114471)
  );
#629 = ADVANCED_FACE('',(#630,#720),#786,.T.);
#630 = FACE_BOUND('',#631,.T.);
#631 = EDGE_LOOP('',(#632,#643,#649,#650,#651,#652,#653,#654,#655,#656,
    #657,#658,#666,#674,#682,#690,#696,#697,#705,#714));
#632 = ORIENTED_EDGE('',*,*,#633,.F.);
#633 = EDGE_CURVE('',#634,#636,#638,.T.);
#634 = VERTEX_POINT('',#635);
#635 = CARTESIAN_POINT('',(38.299031441449,48.866,12.607089405269));
#636 = VERTEX_POINT('',#637);
#637 = CARTESIAN_POINT('',(37.075,50.080907696705,12.756261313286));
#638 = CIRCLE('',#639,1.224031441449);
#639 = AXIS2_PLACEMENT_3D('',#640,#641,#642);
#640 = CARTESIAN_POINT('',(37.075,48.866,12.607089405269));
#641 = DIRECTION('',(0.,-0.121869343357,0.992546151647));
#642 = DIRECTION('',(1.,0.,0.));
#643 = ORIENTED_EDGE('',*,*,#644,.T.);
#644 = EDGE_CURVE('',#634,#505,#645,.T.);
#645 = LINE('',#646,#647);
#646 = CARTESIAN_POINT('',(38.299031441449,48.866,12.607089405269));
#647 = VECTOR('',#648,1.);
#648 = DIRECTION('',(0.,-0.992546151647,-0.121869343357));
#649 = ORIENTED_EDGE('',*,*,#504,.T.);
#650 = ORIENTED_EDGE('',*,*,#550,.F.);
#651 = ORIENTED_EDGE('',*,*,#582,.F.);
#652 = ORIENTED_EDGE('',*,*,#602,.T.);
#653 = ORIENTED_EDGE('',*,*,#174,.T.);
#654 = ORIENTED_EDGE('',*,*,#617,.F.);
#655 = ORIENTED_EDGE('',*,*,#239,.F.);
#656 = ORIENTED_EDGE('',*,*,#262,.F.);
#657 = ORIENTED_EDGE('',*,*,#480,.T.);
#658 = ORIENTED_EDGE('',*,*,#659,.F.);
#659 = EDGE_CURVE('',#660,#473,#662,.T.);
#660 = VERTEX_POINT('',#661);
#661 = CARTESIAN_POINT('',(-18.09,30.738787415728,10.381347568612));
#662 = LINE('',#663,#664);
#663 = CARTESIAN_POINT('',(-18.09,30.738787415729,10.381347568612));
#664 = VECTOR('',#665,1.);
#665 = DIRECTION('',(0.,-0.992546151647,-0.121869343357));
#666 = ORIENTED_EDGE('',*,*,#667,.F.);
#667 = EDGE_CURVE('',#668,#660,#670,.T.);
#668 = VERTEX_POINT('',#669);
#669 = CARTESIAN_POINT('',(-21.09,30.738787415728,10.381347568612));
#670 = LINE('',#671,#672);
#671 = CARTESIAN_POINT('',(-21.09,30.738787415729,10.381347568612));
#672 = VECTOR('',#673,1.);
#673 = DIRECTION('',(1.,0.,0.));
#674 = ORIENTED_EDGE('',*,*,#675,.F.);
#675 = EDGE_CURVE('',#676,#668,#678,.T.);
#676 = VERTEX_POINT('',#677);
#677 = CARTESIAN_POINT('',(-21.09,33.71642587067,10.746955598683));
#678 = LINE('',#679,#680);
#679 = CARTESIAN_POINT('',(-21.09,33.71642587067,10.746955598683));
#680 = VECTOR('',#681,1.);
#681 = DIRECTION('',(0.,-0.992546151647,-0.121869343357));
#682 = ORIENTED_EDGE('',*,*,#683,.F.);
#683 = EDGE_CURVE('',#684,#676,#686,.T.);
#684 = VERTEX_POINT('',#685);
#685 = CARTESIAN_POINT('',(-24.09,33.71642587067,10.746955598683));
#686 = LINE('',#687,#688);
#687 = CARTESIAN_POINT('',(-24.09,33.71642587067,10.746955598683));
#688 = VECTOR('',#689,1.);
#689 = DIRECTION('',(1.,0.,0.));
#690 = ORIENTED_EDGE('',*,*,#691,.F.);
#691 = EDGE_CURVE('',#433,#684,#692,.T.);
#692 = LINE('',#693,#694);
#693 = CARTESIAN_POINT('',(-24.09,29.746241264081,10.259478225255));
#694 = VECTOR('',#695,1.);
#695 = DIRECTION('',(0.,0.992546151647,0.121869343357));
#696 = ORIENTED_EDGE('',*,*,#432,.T.);
#697 = ORIENTED_EDGE('',*,*,#698,.T.);
#698 = EDGE_CURVE('',#425,#699,#701,.T.);
#699 = VERTEX_POINT('',#700);
#700 = CARTESIAN_POINT('',(-38.29903144144,48.866,12.607089405269));
#701 = LINE('',#702,#703);
#702 = CARTESIAN_POINT('',(-38.29903144144,30.376092303295,
    10.336814208508));
#703 = VECTOR('',#704,1.);
#704 = DIRECTION('',(0.,0.992546151647,0.121869343357));
#705 = ORIENTED_EDGE('',*,*,#706,.F.);
#706 = EDGE_CURVE('',#707,#699,#709,.T.);
#707 = VERTEX_POINT('',#708);
#708 = CARTESIAN_POINT('',(-37.075,50.080907696705,12.756261313286));
#709 = CIRCLE('',#710,1.224031441449);
#710 = AXIS2_PLACEMENT_3D('',#711,#712,#713);
#711 = CARTESIAN_POINT('',(-37.075,48.866,12.607089405269));
#712 = DIRECTION('',(0.,-0.121869343357,0.992546151647));
#713 = DIRECTION('',(1.,0.,0.));
#714 = ORIENTED_EDGE('',*,*,#715,.T.);
#715 = EDGE_CURVE('',#707,#636,#716,.T.);
#716 = LINE('',#717,#718);
#717 = CARTESIAN_POINT('',(-37.075,50.080907696706,12.756261313286));
#718 = VECTOR('',#719,1.);
#719 = DIRECTION('',(1.,0.,0.));
#720 = FACE_BOUND('',#721,.T.);
#721 = EDGE_LOOP('',(#722,#732,#740,#748,#756,#764,#772,#780));
#722 = ORIENTED_EDGE('',*,*,#723,.T.);
#723 = EDGE_CURVE('',#724,#726,#728,.T.);
#724 = VERTEX_POINT('',#725);
#725 = CARTESIAN_POINT('',(-15.01,47.810581223933,12.477500274333));
#726 = VERTEX_POINT('',#727);
#727 = CARTESIAN_POINT('',(-15.01,44.6344335388,12.087518375608));
#728 = LINE('',#729,#730);
#729 = CARTESIAN_POINT('',(-15.01,43.990756191726,12.008484735217));
#730 = VECTOR('',#731,1.);
#731 = DIRECTION('',(-4.6E-16,-0.992546151647,-0.121869343357));
#732 = ORIENTED_EDGE('',*,*,#733,.F.);
#733 = EDGE_CURVE('',#734,#726,#736,.T.);
#734 = VERTEX_POINT('',#735);
#735 = CARTESIAN_POINT('',(-22.29,44.6344335388,12.087518375608));
#736 = LINE('',#737,#738);
#737 = CARTESIAN_POINT('',(-22.29,44.6344335388,12.087518375608));
#738 = VECTOR('',#739,1.);
#739 = DIRECTION('',(1.,0.,0.));
#740 = ORIENTED_EDGE('',*,*,#741,.F.);
#741 = EDGE_CURVE('',#742,#734,#744,.T.);
#742 = VERTEX_POINT('',#743);
#743 = CARTESIAN_POINT('',(-22.29,35.800772789139,11.002881219733));
#744 = LINE('',#745,#746);
#745 = CARTESIAN_POINT('',(-22.29,35.800772789139,11.002881219733));
#746 = VECTOR('',#747,1.);
#747 = DIRECTION('',(0.,0.992546151647,0.121869343357));
#748 = ORIENTED_EDGE('',*,*,#749,.F.);
#749 = EDGE_CURVE('',#750,#742,#752,.T.);
#750 = VERTEX_POINT('',#751);
#751 = CARTESIAN_POINT('',(-15.01,35.800772789139,11.002881219733));
#752 = LINE('',#753,#754);
#753 = CARTESIAN_POINT('',(-14.61,35.800772789139,11.002881219733));
#754 = VECTOR('',#755,1.);
#755 = DIRECTION('',(-1.,0.,-0.));
#756 = ORIENTED_EDGE('',*,*,#757,.T.);
#757 = EDGE_CURVE('',#750,#758,#760,.T.);
#758 = VERTEX_POINT('',#759);
#759 = CARTESIAN_POINT('',(-15.01,32.62462510373,10.612899320974));
#760 = LINE('',#761,#762);
#761 = CARTESIAN_POINT('',(-15.01,43.990756191726,12.008484735217));
#762 = VECTOR('',#763,1.);
#763 = DIRECTION('',(-4.6E-16,-0.992546151647,-0.121869343357));
#764 = ORIENTED_EDGE('',*,*,#765,.T.);
#765 = EDGE_CURVE('',#758,#766,#768,.T.);
#766 = VERTEX_POINT('',#767);
#767 = CARTESIAN_POINT('',(15.01,32.62462510373,10.612899320974));
#768 = LINE('',#769,#770);
#769 = CARTESIAN_POINT('',(-7.505,32.62462510373,10.612899320974));
#770 = VECTOR('',#771,1.);
#771 = DIRECTION('',(1.,-4.664966912742E-16,-5.727859137769E-17));
#772 = ORIENTED_EDGE('',*,*,#773,.T.);
#773 = EDGE_CURVE('',#766,#774,#776,.T.);
#774 = VERTEX_POINT('',#775);
#775 = CARTESIAN_POINT('',(15.01,47.810581223933,12.477500274333));
#776 = LINE('',#777,#778);
#777 = CARTESIAN_POINT('',(15.01,36.397778131624,11.076184258537));
#778 = VECTOR('',#779,1.);
#779 = DIRECTION('',(4.6E-16,0.992546151647,0.121869343357));
#780 = ORIENTED_EDGE('',*,*,#781,.T.);
#781 = EDGE_CURVE('',#774,#724,#782,.T.);
#782 = LINE('',#783,#784);
#783 = CARTESIAN_POINT('',(7.505,47.810581223933,12.477500274333));
#784 = VECTOR('',#785,1.);
#785 = DIRECTION('',(-1.,4.664966912742E-16,5.727859137769E-17));
#786 = PLANE('',#787);
#787 = AXIS2_PLACEMENT_3D('',#788,#789,#790);
#788 = CARTESIAN_POINT('',(1.098595593148,39.556197847064,
    11.463989436288));
#789 = DIRECTION('',(0.,0.121869343357,-0.992546151647));
#790 = DIRECTION('',(0.,-0.992546151647,-0.121869343357));
#791 = ADVANCED_FACE('',(#792),#798,.F.);
#792 = FACE_BOUND('',#793,.F.);
#793 = EDGE_LOOP('',(#794,#795,#796,#797));
#794 = ORIENTED_EDGE('',*,*,#343,.T.);
#795 = ORIENTED_EDGE('',*,*,#318,.T.);
#796 = ORIENTED_EDGE('',*,*,#280,.T.);
#797 = ORIENTED_EDGE('',*,*,#488,.T.);
#798 = PLANE('',#799);
#799 = AXIS2_PLACEMENT_3D('',#800,#801,#802);
#800 = CARTESIAN_POINT('',(18.905,30.559374632633,7.739792902651));
#801 = DIRECTION('',(0.,-0.121869343357,0.992546151647));
#802 = DIRECTION('',(0.,0.992546151647,0.121869343357));
#803 = ADVANCED_FACE('',(#804),#845,.T.);
#804 = FACE_BOUND('',#805,.T.);
#805 = EDGE_LOOP('',(#806,#807,#815,#823,#831,#839));
#806 = ORIENTED_EDGE('',*,*,#358,.F.);
#807 = ORIENTED_EDGE('',*,*,#808,.T.);
#808 = EDGE_CURVE('',#359,#809,#811,.T.);
#809 = VERTEX_POINT('',#810);
#810 = CARTESIAN_POINT('',(30.975,28.625,4.2));
#811 = LINE('',#812,#813);
#812 = CARTESIAN_POINT('',(30.975,30.376092303283,4.2));
#813 = VECTOR('',#814,1.);
#814 = DIRECTION('',(0.,-1.,0.));
#815 = ORIENTED_EDGE('',*,*,#816,.T.);
#816 = EDGE_CURVE('',#809,#817,#819,.T.);
#817 = VERTEX_POINT('',#818);
#818 = CARTESIAN_POINT('',(30.975,28.624999999999,1.000000000003));
#819 = LINE('',#820,#821);
#820 = CARTESIAN_POINT('',(30.975,28.625,4.2));
#821 = VECTOR('',#822,1.);
#822 = DIRECTION('',(0.,0.,-1.));
#823 = ORIENTED_EDGE('',*,*,#824,.T.);
#824 = EDGE_CURVE('',#817,#825,#827,.T.);
#825 = VERTEX_POINT('',#826);
#826 = CARTESIAN_POINT('',(30.975,27.624999999999,4.932940354974E-14));
#827 = LINE('',#828,#829);
#828 = CARTESIAN_POINT('',(30.975,28.624999999999,1.000000000003));
#829 = VECTOR('',#830,1.);
#830 = DIRECTION('',(-8.792517768611E-15,-0.707106781185,-0.707106781188
    ));
#831 = ORIENTED_EDGE('',*,*,#832,.F.);
#832 = EDGE_CURVE('',#833,#825,#835,.T.);
#833 = VERTEX_POINT('',#834);
#834 = CARTESIAN_POINT('',(30.975,29.97609230328,3.538835890993E-14));
#835 = LINE('',#836,#837);
#836 = CARTESIAN_POINT('',(30.975,28.624999999999,7.332940354974E-14));
#837 = VECTOR('',#838,1.);
#838 = DIRECTION('',(-1.398881011028E-14,-1.,-2.4E-14));
#839 = ORIENTED_EDGE('',*,*,#840,.F.);
#840 = EDGE_CURVE('',#361,#833,#841,.T.);
#841 = LINE('',#842,#843);
#842 = CARTESIAN_POINT('',(30.975,30.384430495041,0.40833819176));
#843 = VECTOR('',#844,1.);
#844 = DIRECTION('',(-3.697841054922E-14,-0.707106781187,-0.707106781186
    ));
#845 = PLANE('',#846);
#846 = AXIS2_PLACEMENT_3D('',#847,#848,#849);
#847 = CARTESIAN_POINT('',(30.975,29.316914212111,1.892530858214));
#848 = DIRECTION('',(1.,-4.057198794222E-14,-1.172338177148E-14));
#849 = DIRECTION('',(4.057198794222E-14,1.,0.));
#850 = ADVANCED_FACE('',(#851),#869,.F.);
#851 = FACE_BOUND('',#852,.F.);
#852 = EDGE_LOOP('',(#853,#854,#855,#863));
#853 = ORIENTED_EDGE('',*,*,#536,.F.);
#854 = ORIENTED_EDGE('',*,*,#808,.T.);
#855 = ORIENTED_EDGE('',*,*,#856,.F.);
#856 = EDGE_CURVE('',#857,#809,#859,.T.);
#857 = VERTEX_POINT('',#858);
#858 = CARTESIAN_POINT('',(36.975,28.625,4.2));
#859 = LINE('',#860,#861);
#860 = CARTESIAN_POINT('',(36.975,28.625,4.2));
#861 = VECTOR('',#862,1.);
#862 = DIRECTION('',(-1.,0.,0.));
#863 = ORIENTED_EDGE('',*,*,#864,.F.);
#864 = EDGE_CURVE('',#529,#857,#865,.T.);
#865 = LINE('',#866,#867);
#866 = CARTESIAN_POINT('',(36.975,30.376092303283,4.2));
#867 = VECTOR('',#868,1.);
#868 = DIRECTION('',(0.,-1.,0.));
#869 = PLANE('',#870);
#870 = AXIS2_PLACEMENT_3D('',#871,#872,#873);
#871 = CARTESIAN_POINT('',(-3.341473765229E-14,29.500546151641,4.2));
#872 = DIRECTION('',(0.,0.,1.));
#873 = DIRECTION('',(1.,0.,0.));
#874 = ADVANCED_FACE('',(#875),#893,.F.);
#875 = FACE_BOUND('',#876,.F.);
#876 = EDGE_LOOP('',(#877,#878,#879,#887));
#877 = ORIENTED_EDGE('',*,*,#528,.T.);
#878 = ORIENTED_EDGE('',*,*,#864,.T.);
#879 = ORIENTED_EDGE('',*,*,#880,.F.);
#880 = EDGE_CURVE('',#881,#857,#883,.T.);
#881 = VERTEX_POINT('',#882);
#882 = CARTESIAN_POINT('',(36.975,28.625,5.6));
#883 = LINE('',#884,#885);
#884 = CARTESIAN_POINT('',(36.975,28.625,5.6));
#885 = VECTOR('',#886,1.);
#886 = DIRECTION('',(0.,0.,-1.));
#887 = ORIENTED_EDGE('',*,*,#888,.F.);
#888 = EDGE_CURVE('',#521,#881,#889,.T.);
#889 = LINE('',#890,#891);
#890 = CARTESIAN_POINT('',(36.975,30.376092303283,5.6));
#891 = VECTOR('',#892,1.);
#892 = DIRECTION('',(0.,-1.,0.));
#893 = PLANE('',#894);
#894 = AXIS2_PLACEMENT_3D('',#895,#896,#897);
#895 = CARTESIAN_POINT('',(36.975,30.376092303283,5.6));
#896 = DIRECTION('',(-1.,-0.,-0.));
#897 = DIRECTION('',(0.,-1.,0.));
#898 = ADVANCED_FACE('',(#899,#1171),#1560,.T.);
#899 = FACE_BOUND('',#900,.T.);
#900 = EDGE_LOOP('',(#901,#911,#919,#927,#936,#944,#953,#961,#969,#977,
    #994,#1003,#1020,#1028,#1045,#1054,#1071,#1079,#1096,#1105,#1122,
    #1130,#1147,#1156));
#901 = ORIENTED_EDGE('',*,*,#902,.F.);
#902 = EDGE_CURVE('',#903,#905,#907,.T.);
#903 = VERTEX_POINT('',#904);
#904 = CARTESIAN_POINT('',(-39.475,24.625,5.6));
#905 = VERTEX_POINT('',#906);
#906 = CARTESIAN_POINT('',(-35.40210590221,24.625,5.6));
#907 = LINE('',#908,#909);
#908 = CARTESIAN_POINT('',(0.,24.625,5.6));
#909 = VECTOR('',#910,1.);
#910 = DIRECTION('',(1.,0.,0.));
#911 = ORIENTED_EDGE('',*,*,#912,.F.);
#912 = EDGE_CURVE('',#913,#903,#915,.T.);
#913 = VERTEX_POINT('',#914);
#914 = CARTESIAN_POINT('',(-40.275,25.425,5.6));
#915 = LINE('',#916,#917);
#916 = CARTESIAN_POINT('',(-46.74500371643,31.895003716431,5.6));
#917 = VECTOR('',#918,1.);
#918 = DIRECTION('',(0.707106781187,-0.707106781187,0.));
#919 = ORIENTED_EDGE('',*,*,#920,.T.);
#920 = EDGE_CURVE('',#913,#921,#923,.T.);
#921 = VERTEX_POINT('',#922);
#922 = CARTESIAN_POINT('',(-40.275,49.1,5.6));
#923 = LINE('',#924,#925);
#924 = CARTESIAN_POINT('',(-40.275,26.625,5.6));
#925 = VECTOR('',#926,1.);
#926 = DIRECTION('',(0.,1.,0.));
#927 = ORIENTED_EDGE('',*,*,#928,.F.);
#928 = EDGE_CURVE('',#929,#921,#931,.T.);
#929 = VERTEX_POINT('',#930);
#930 = CARTESIAN_POINT('',(-37.075,52.3,5.6));
#931 = CIRCLE('',#932,3.2);
#932 = AXIS2_PLACEMENT_3D('',#933,#934,#935);
#933 = CARTESIAN_POINT('',(-37.075,49.1,5.6));
#934 = DIRECTION('',(0.,0.,1.));
#935 = DIRECTION('',(1.,0.,0.));
#936 = ORIENTED_EDGE('',*,*,#937,.F.);
#937 = EDGE_CURVE('',#938,#929,#940,.T.);
#938 = VERTEX_POINT('',#939);
#939 = CARTESIAN_POINT('',(37.075,52.3,5.6));
#940 = LINE('',#941,#942);
#941 = CARTESIAN_POINT('',(37.075,52.3,5.6));
#942 = VECTOR('',#943,1.);
#943 = DIRECTION('',(-1.,0.,0.));
#944 = ORIENTED_EDGE('',*,*,#945,.F.);
#945 = EDGE_CURVE('',#946,#938,#948,.T.);
#946 = VERTEX_POINT('',#947);
#947 = CARTESIAN_POINT('',(40.275,49.1,5.6));
#948 = CIRCLE('',#949,3.2);
#949 = AXIS2_PLACEMENT_3D('',#950,#951,#952);
#950 = CARTESIAN_POINT('',(37.075,49.1,5.6));
#951 = DIRECTION('',(0.,0.,1.));
#952 = DIRECTION('',(1.,0.,0.));
#953 = ORIENTED_EDGE('',*,*,#954,.F.);
#954 = EDGE_CURVE('',#955,#946,#957,.T.);
#955 = VERTEX_POINT('',#956);
#956 = CARTESIAN_POINT('',(40.275,25.425,5.6));
#957 = LINE('',#958,#959);
#958 = CARTESIAN_POINT('',(40.275,28.625,5.6));
#959 = VECTOR('',#960,1.);
#960 = DIRECTION('',(3.470294191747E-16,1.,0.));
#961 = ORIENTED_EDGE('',*,*,#962,.F.);
#962 = EDGE_CURVE('',#963,#955,#965,.T.);
#963 = VERTEX_POINT('',#964);
#964 = CARTESIAN_POINT('',(39.475,24.625,5.6));
#965 = LINE('',#966,#967);
#966 = CARTESIAN_POINT('',(46.745003716431,31.895003716431,5.6));
#967 = VECTOR('',#968,1.);
#968 = DIRECTION('',(0.707106781187,0.707106781187,0.));
#969 = ORIENTED_EDGE('',*,*,#970,.F.);
#970 = EDGE_CURVE('',#971,#963,#973,.T.);
#971 = VERTEX_POINT('',#972);
#972 = CARTESIAN_POINT('',(35.402105902211,24.625,5.6));
#973 = LINE('',#974,#975);
#974 = CARTESIAN_POINT('',(0.,24.625,5.6));
#975 = VECTOR('',#976,1.);
#976 = DIRECTION('',(1.,0.,0.));
#977 = ORIENTED_EDGE('',*,*,#978,.T.);
#978 = EDGE_CURVE('',#971,#979,#981,.T.);
#979 = VERTEX_POINT('',#980);
#980 = CARTESIAN_POINT('',(34.160813919991,25.056818181818,5.6));
#981 = B_SPLINE_CURVE_WITH_KNOTS('',6,(#982,#983,#984,#985,#986,#987,
    #988,#989,#990,#991,#992,#993),.UNSPECIFIED.,.F.,.F.,(7,5,7),(0.,0.5
    ,1.),.UNSPECIFIED.);
#982 = CARTESIAN_POINT('',(35.402105902211,24.625,5.6));
#983 = CARTESIAN_POINT('',(35.292574679309,24.625,5.6));
#984 = CARTESIAN_POINT('',(35.181832820647,24.63219828962,5.6));
#985 = CARTESIAN_POINT('',(35.070740646027,24.646892982073,5.6));
#986 = CARTESIAN_POINT('',(34.960257596494,24.669206076451,5.6));
#987 = CARTESIAN_POINT('',(34.851366687594,24.699026264068,5.6));
#988 = CARTESIAN_POINT('',(34.638587635482,24.773047416809,5.6));
#989 = CARTESIAN_POINT('',(34.534699483832,24.817248384868,5.6));
#990 = CARTESIAN_POINT('',(34.43422219651,24.868323752191,5.6));
#991 = CARTESIAN_POINT('',(34.337995630358,24.925750690248,5.6));
#992 = CARTESIAN_POINT('',(34.246696356129,24.988838067423,5.6));
#993 = CARTESIAN_POINT('',(34.160813919991,25.056818181818,5.6));
#994 = ORIENTED_EDGE('',*,*,#995,.T.);
#995 = EDGE_CURVE('',#979,#996,#998,.T.);
#996 = VERTEX_POINT('',#997);
#997 = CARTESIAN_POINT('',(22.989186080009,25.056818181818,5.6));
#998 = CIRCLE('',#999,9.);
#999 = AXIS2_PLACEMENT_3D('',#1000,#1001,#1002);
#1000 = CARTESIAN_POINT('',(28.575,18.,5.6));
#1001 = DIRECTION('',(0.,0.,1.));
#1002 = DIRECTION('',(1.,0.,0.));
#1003 = ORIENTED_EDGE('',*,*,#1004,.F.);
#1004 = EDGE_CURVE('',#1005,#996,#1007,.T.);
#1005 = VERTEX_POINT('',#1006);
#1006 = CARTESIAN_POINT('',(21.747894097789,24.625,5.6));
#1007 = B_SPLINE_CURVE_WITH_KNOTS('',6,(#1008,#1009,#1010,#1011,#1012,
    #1013,#1014,#1015,#1016,#1017,#1018,#1019),.UNSPECIFIED.,.F.,.F.,(7,
    5,7),(0.,0.5,1.),.UNSPECIFIED.);
#1008 = CARTESIAN_POINT('',(21.747894097789,24.625,5.6));
#1009 = CARTESIAN_POINT('',(21.857425320691,24.625,5.6));
#1010 = CARTESIAN_POINT('',(21.968167179353,24.63219828962,5.6));
#1011 = CARTESIAN_POINT('',(22.079259353973,24.646892982073,5.6));
#1012 = CARTESIAN_POINT('',(22.189742403506,24.669206076451,5.6));
#1013 = CARTESIAN_POINT('',(22.298633312406,24.699026264068,5.6));
#1014 = CARTESIAN_POINT('',(22.511412364518,24.773047416809,5.6));
#1015 = CARTESIAN_POINT('',(22.615300516168,24.817248384868,5.6));
#1016 = CARTESIAN_POINT('',(22.715777803491,24.868323752191,5.6));
#1017 = CARTESIAN_POINT('',(22.812004369642,24.925750690248,5.6));
#1018 = CARTESIAN_POINT('',(22.903303643871,24.988838067423,5.6));
#1019 = CARTESIAN_POINT('',(22.989186080009,25.056818181818,5.6));
#1020 = ORIENTED_EDGE('',*,*,#1021,.F.);
#1021 = EDGE_CURVE('',#1022,#1005,#1024,.T.);
#1022 = VERTEX_POINT('',#1023);
#1023 = CARTESIAN_POINT('',(16.352105902211,24.625,5.6));
#1024 = LINE('',#1025,#1026);
#1025 = CARTESIAN_POINT('',(0.,24.625,5.6));
#1026 = VECTOR('',#1027,1.);
#1027 = DIRECTION('',(1.,0.,0.));
#1028 = ORIENTED_EDGE('',*,*,#1029,.T.);
#1029 = EDGE_CURVE('',#1022,#1030,#1032,.T.);
#1030 = VERTEX_POINT('',#1031);
#1031 = CARTESIAN_POINT('',(15.110813919991,25.056818181818,5.6));
#1032 = B_SPLINE_CURVE_WITH_KNOTS('',6,(#1033,#1034,#1035,#1036,#1037,
    #1038,#1039,#1040,#1041,#1042,#1043,#1044),.UNSPECIFIED.,.F.,.F.,(7,
    5,7),(0.,0.5,1.),.UNSPECIFIED.);
#1033 = CARTESIAN_POINT('',(16.352105902211,24.625,5.6));
#1034 = CARTESIAN_POINT('',(16.242574679309,24.625,5.6));
#1035 = CARTESIAN_POINT('',(16.131832820647,24.63219828962,5.6));
#1036 = CARTESIAN_POINT('',(16.020740646027,24.646892982073,5.6));
#1037 = CARTESIAN_POINT('',(15.910257596494,24.669206076451,5.6));
#1038 = CARTESIAN_POINT('',(15.801366687594,24.699026264068,5.6));
#1039 = CARTESIAN_POINT('',(15.588587635482,24.773047416809,5.6));
#1040 = CARTESIAN_POINT('',(15.484699483832,24.817248384868,5.6));
#1041 = CARTESIAN_POINT('',(15.38422219651,24.868323752191,5.6));
#1042 = CARTESIAN_POINT('',(15.287995630358,24.925750690249,5.6));
#1043 = CARTESIAN_POINT('',(15.196696356129,24.988838067423,5.6));
#1044 = CARTESIAN_POINT('',(15.110813919991,25.056818181818,5.6));
#1045 = ORIENTED_EDGE('',*,*,#1046,.T.);
#1046 = EDGE_CURVE('',#1030,#1047,#1049,.T.);
#1047 = VERTEX_POINT('',#1048);
#1048 = CARTESIAN_POINT('',(3.939186080009,25.056818181818,5.6));
#1049 = CIRCLE('',#1050,9.);
#1050 = AXIS2_PLACEMENT_3D('',#1051,#1052,#1053);
#1051 = CARTESIAN_POINT('',(9.525,18.,5.6));
#1052 = DIRECTION('',(0.,0.,1.));
#1053 = DIRECTION('',(1.,0.,0.));
#1054 = ORIENTED_EDGE('',*,*,#1055,.F.);
#1055 = EDGE_CURVE('',#1056,#1047,#1058,.T.);
#1056 = VERTEX_POINT('',#1057);
#1057 = CARTESIAN_POINT('',(2.697894097789,24.625,5.6));
#1058 = B_SPLINE_CURVE_WITH_KNOTS('',6,(#1059,#1060,#1061,#1062,#1063,
    #1064,#1065,#1066,#1067,#1068,#1069,#1070),.UNSPECIFIED.,.F.,.F.,(7,
    5,7),(0.,0.5,1.),.UNSPECIFIED.);
#1059 = CARTESIAN_POINT('',(2.697894097789,24.625,5.6));
#1060 = CARTESIAN_POINT('',(2.807425320691,24.625,5.6));
#1061 = CARTESIAN_POINT('',(2.918167179353,24.63219828962,5.6));
#1062 = CARTESIAN_POINT('',(3.029259353973,24.646892982073,5.6));
#1063 = CARTESIAN_POINT('',(3.139742403506,24.669206076451,5.6));
#1064 = CARTESIAN_POINT('',(3.248633312406,24.699026264068,5.6));
#1065 = CARTESIAN_POINT('',(3.461412364518,24.773047416809,5.6));
#1066 = CARTESIAN_POINT('',(3.565300516168,24.817248384868,5.6));
#1067 = CARTESIAN_POINT('',(3.66577780349,24.868323752191,5.6));
#1068 = CARTESIAN_POINT('',(3.762004369642,24.925750690249,5.6));
#1069 = CARTESIAN_POINT('',(3.853303643871,24.988838067423,5.6));
#1070 = CARTESIAN_POINT('',(3.939186080009,25.056818181818,5.6));
#1071 = ORIENTED_EDGE('',*,*,#1072,.F.);
#1072 = EDGE_CURVE('',#1073,#1056,#1075,.T.);
#1073 = VERTEX_POINT('',#1074);
#1074 = CARTESIAN_POINT('',(-2.697894097789,24.625,5.6));
#1075 = LINE('',#1076,#1077);
#1076 = CARTESIAN_POINT('',(0.,24.625,5.6));
#1077 = VECTOR('',#1078,1.);
#1078 = DIRECTION('',(1.,0.,0.));
#1079 = ORIENTED_EDGE('',*,*,#1080,.T.);
#1080 = EDGE_CURVE('',#1073,#1081,#1083,.T.);
#1081 = VERTEX_POINT('',#1082);
#1082 = CARTESIAN_POINT('',(-3.939186080009,25.056818181818,5.6));
#1083 = B_SPLINE_CURVE_WITH_KNOTS('',6,(#1084,#1085,#1086,#1087,#1088,
    #1089,#1090,#1091,#1092,#1093,#1094,#1095),.UNSPECIFIED.,.F.,.F.,(7,
    5,7),(0.,0.5,1.),.UNSPECIFIED.);
#1084 = CARTESIAN_POINT('',(-2.697894097789,24.625,5.6));
#1085 = CARTESIAN_POINT('',(-2.807425320691,24.625,5.6));
#1086 = CARTESIAN_POINT('',(-2.918167179353,24.63219828962,5.6));
#1087 = CARTESIAN_POINT('',(-3.029259353973,24.646892982073,5.6));
#1088 = CARTESIAN_POINT('',(-3.139742403506,24.669206076451,5.6));
#1089 = CARTESIAN_POINT('',(-3.248633312406,24.699026264068,5.6));
#1090 = CARTESIAN_POINT('',(-3.461412364518,24.773047416809,5.6));
#1091 = CARTESIAN_POINT('',(-3.565300516168,24.817248384868,5.6));
#1092 = CARTESIAN_POINT('',(-3.66577780349,24.868323752191,5.6));
#1093 = CARTESIAN_POINT('',(-3.762004369642,24.925750690249,5.6));
#1094 = CARTESIAN_POINT('',(-3.853303643871,24.988838067423,5.6));
#1095 = CARTESIAN_POINT('',(-3.939186080009,25.056818181818,5.6));
#1096 = ORIENTED_EDGE('',*,*,#1097,.T.);
#1097 = EDGE_CURVE('',#1081,#1098,#1100,.T.);
#1098 = VERTEX_POINT('',#1099);
#1099 = CARTESIAN_POINT('',(-15.11081391999,25.056818181818,5.6));
#1100 = CIRCLE('',#1101,9.);
#1101 = AXIS2_PLACEMENT_3D('',#1102,#1103,#1104);
#1102 = CARTESIAN_POINT('',(-9.525,18.,5.6));
#1103 = DIRECTION('',(0.,0.,1.));
#1104 = DIRECTION('',(1.,0.,0.));
#1105 = ORIENTED_EDGE('',*,*,#1106,.F.);
#1106 = EDGE_CURVE('',#1107,#1098,#1109,.T.);
#1107 = VERTEX_POINT('',#1108);
#1108 = CARTESIAN_POINT('',(-16.35210590221,24.625,5.6));
#1109 = B_SPLINE_CURVE_WITH_KNOTS('',6,(#1110,#1111,#1112,#1113,#1114,
    #1115,#1116,#1117,#1118,#1119,#1120,#1121),.UNSPECIFIED.,.F.,.F.,(7,
    5,7),(0.,0.5,1.),.UNSPECIFIED.);
#1110 = CARTESIAN_POINT('',(-16.35210590221,24.625,5.6));
#1111 = CARTESIAN_POINT('',(-16.2425746793,24.625,5.6));
#1112 = CARTESIAN_POINT('',(-16.13183282064,24.63219828962,5.6));
#1113 = CARTESIAN_POINT('',(-16.02074064602,24.646892982073,5.6));
#1114 = CARTESIAN_POINT('',(-15.91025759649,24.669206076451,5.6));
#1115 = CARTESIAN_POINT('',(-15.80136668759,24.699026264068,5.6));
#1116 = CARTESIAN_POINT('',(-15.58858763548,24.773047416809,5.6));
#1117 = CARTESIAN_POINT('',(-15.48469948383,24.817248384868,5.6));
#1118 = CARTESIAN_POINT('',(-15.38422219651,24.868323752191,5.6));
#1119 = CARTESIAN_POINT('',(-15.28799563035,24.925750690249,5.6));
#1120 = CARTESIAN_POINT('',(-15.19669635612,24.988838067423,5.6));
#1121 = CARTESIAN_POINT('',(-15.11081391999,25.056818181818,5.6));
#1122 = ORIENTED_EDGE('',*,*,#1123,.F.);
#1123 = EDGE_CURVE('',#1124,#1107,#1126,.T.);
#1124 = VERTEX_POINT('',#1125);
#1125 = CARTESIAN_POINT('',(-21.74789409778,24.625,5.6));
#1126 = LINE('',#1127,#1128);
#1127 = CARTESIAN_POINT('',(0.,24.625,5.6));
#1128 = VECTOR('',#1129,1.);
#1129 = DIRECTION('',(1.,0.,0.));
#1130 = ORIENTED_EDGE('',*,*,#1131,.T.);
#1131 = EDGE_CURVE('',#1124,#1132,#1134,.T.);
#1132 = VERTEX_POINT('',#1133);
#1133 = CARTESIAN_POINT('',(-22.98918608,25.056818181818,5.6));
#1134 = B_SPLINE_CURVE_WITH_KNOTS('',6,(#1135,#1136,#1137,#1138,#1139,
    #1140,#1141,#1142,#1143,#1144,#1145,#1146),.UNSPECIFIED.,.F.,.F.,(7,
    5,7),(0.,0.5,1.),.UNSPECIFIED.);
#1135 = CARTESIAN_POINT('',(-21.74789409778,24.625,5.6));
#1136 = CARTESIAN_POINT('',(-21.85742532069,24.625,5.6));
#1137 = CARTESIAN_POINT('',(-21.96816717935,24.63219828962,5.6));
#1138 = CARTESIAN_POINT('',(-22.07925935397,24.646892982073,5.6));
#1139 = CARTESIAN_POINT('',(-22.1897424035,24.669206076451,5.6));
#1140 = CARTESIAN_POINT('',(-22.2986333124,24.699026264068,5.6));
#1141 = CARTESIAN_POINT('',(-22.51141236451,24.773047416809,5.6));
#1142 = CARTESIAN_POINT('',(-22.61530051616,24.817248384868,5.6));
#1143 = CARTESIAN_POINT('',(-22.71577780349,24.868323752191,5.6));
#1144 = CARTESIAN_POINT('',(-22.81200436964,24.925750690248,5.6));
#1145 = CARTESIAN_POINT('',(-22.90330364387,24.988838067423,5.6));
#1146 = CARTESIAN_POINT('',(-22.98918608,25.056818181818,5.6));
#1147 = ORIENTED_EDGE('',*,*,#1148,.T.);
#1148 = EDGE_CURVE('',#1132,#1149,#1151,.T.);
#1149 = VERTEX_POINT('',#1150);
#1150 = CARTESIAN_POINT('',(-34.16081391999,25.056818181818,5.6));
#1151 = CIRCLE('',#1152,9.);
#1152 = AXIS2_PLACEMENT_3D('',#1153,#1154,#1155);
#1153 = CARTESIAN_POINT('',(-28.575,18.,5.6));
#1154 = DIRECTION('',(0.,0.,1.));
#1155 = DIRECTION('',(1.,0.,0.));
#1156 = ORIENTED_EDGE('',*,*,#1157,.F.);
#1157 = EDGE_CURVE('',#905,#1149,#1158,.T.);
#1158 = B_SPLINE_CURVE_WITH_KNOTS('',6,(#1159,#1160,#1161,#1162,#1163,
    #1164,#1165,#1166,#1167,#1168,#1169,#1170),.UNSPECIFIED.,.F.,.F.,(7,
    5,7),(0.,0.5,1.),.UNSPECIFIED.);
#1159 = CARTESIAN_POINT('',(-35.40210590221,24.625,5.6));
#1160 = CARTESIAN_POINT('',(-35.2925746793,24.625,5.6));
#1161 = CARTESIAN_POINT('',(-35.18183282064,24.63219828962,5.6));
#1162 = CARTESIAN_POINT('',(-35.07074064602,24.646892982073,5.6));
#1163 = CARTESIAN_POINT('',(-34.96025759649,24.669206076451,5.6));
#1164 = CARTESIAN_POINT('',(-34.85136668759,24.699026264068,5.6));
#1165 = CARTESIAN_POINT('',(-34.63858763548,24.773047416809,5.6));
#1166 = CARTESIAN_POINT('',(-34.53469948383,24.817248384868,5.6));
#1167 = CARTESIAN_POINT('',(-34.43422219651,24.868323752191,5.6));
#1168 = CARTESIAN_POINT('',(-34.33799563035,24.925750690249,5.6));
#1169 = CARTESIAN_POINT('',(-34.24669635612,24.988838067423,5.6));
#1170 = CARTESIAN_POINT('',(-34.16081391999,25.056818181818,5.6));
#1171 = FACE_BOUND('',#1172,.T.);
#1172 = EDGE_LOOP('',(#1173,#1183,#1191,#1200,#1208,#1216,#1225,#1234,
    #1242,#1363,#1369,#1370,#1378,#1384,#1385,#1386,#1394,#1512,#1520,
    #1529,#1537,#1545,#1554));
#1173 = ORIENTED_EDGE('',*,*,#1174,.F.);
#1174 = EDGE_CURVE('',#1175,#1177,#1179,.T.);
#1175 = VERTEX_POINT('',#1176);
#1176 = CARTESIAN_POINT('',(-34.175,50.080907696705,5.6));
#1177 = VERTEX_POINT('',#1178);
#1178 = CARTESIAN_POINT('',(34.175,50.080907696705,5.6));
#1179 = LINE('',#1180,#1181);
#1180 = CARTESIAN_POINT('',(-18.5375,50.080907696705,5.6));
#1181 = VECTOR('',#1182,1.);
#1182 = DIRECTION('',(1.,0.,0.));
#1183 = ORIENTED_EDGE('',*,*,#1184,.F.);
#1184 = EDGE_CURVE('',#1185,#1175,#1187,.T.);
#1185 = VERTEX_POINT('',#1186);
#1186 = CARTESIAN_POINT('',(-34.175,47.,5.6));
#1187 = LINE('',#1188,#1189);
#1188 = CARTESIAN_POINT('',(-34.175,47.,5.6));
#1189 = VECTOR('',#1190,1.);
#1190 = DIRECTION('',(0.,1.,0.));
#1191 = ORIENTED_EDGE('',*,*,#1192,.T.);
#1192 = EDGE_CURVE('',#1185,#1193,#1195,.T.);
#1193 = VERTEX_POINT('',#1194);
#1194 = CARTESIAN_POINT('',(-34.975,46.2,5.6));
#1195 = CIRCLE('',#1196,0.8);
#1196 = AXIS2_PLACEMENT_3D('',#1197,#1198,#1199);
#1197 = CARTESIAN_POINT('',(-34.975,47.,5.6));
#1198 = DIRECTION('',(0.,0.,-1.));
#1199 = DIRECTION('',(1.,0.,0.));
#1200 = ORIENTED_EDGE('',*,*,#1201,.T.);
#1201 = EDGE_CURVE('',#1193,#1202,#1204,.T.);
#1202 = VERTEX_POINT('',#1203);
#1203 = CARTESIAN_POINT('',(-38.1982804589,46.2,5.6));
#1204 = LINE('',#1205,#1206);
#1205 = CARTESIAN_POINT('',(-34.975,46.2,5.6));
#1206 = VECTOR('',#1207,1.);
#1207 = DIRECTION('',(-1.,0.,0.));
#1208 = ORIENTED_EDGE('',*,*,#1209,.F.);
#1209 = EDGE_CURVE('',#1210,#1202,#1212,.T.);
#1210 = VERTEX_POINT('',#1211);
#1211 = CARTESIAN_POINT('',(-38.1982804589,48.218393636459,5.6));
#1212 = LINE('',#1213,#1214);
#1213 = CARTESIAN_POINT('',(-38.1982804589,50.080907696705,5.6));
#1214 = VECTOR('',#1215,1.);
#1215 = DIRECTION('',(0.,-1.,0.));
#1216 = ORIENTED_EDGE('',*,*,#1217,.F.);
#1217 = EDGE_CURVE('',#1218,#1210,#1220,.T.);
#1218 = VERTEX_POINT('',#1219);
#1219 = CARTESIAN_POINT('',(-35.175,48.7,5.6));
#1220 = CIRCLE('',#1221,1.55);
#1221 = AXIS2_PLACEMENT_3D('',#1222,#1223,#1224);
#1222 = CARTESIAN_POINT('',(-36.725,48.7,5.6));
#1223 = DIRECTION('',(0.,0.,-1.));
#1224 = DIRECTION('',(1.,0.,0.));
#1225 = ORIENTED_EDGE('',*,*,#1226,.F.);
#1226 = EDGE_CURVE('',#1227,#1218,#1229,.T.);
#1227 = VERTEX_POINT('',#1228);
#1228 = CARTESIAN_POINT('',(-38.1982804589,49.181606363541,5.6));
#1229 = CIRCLE('',#1230,1.55);
#1230 = AXIS2_PLACEMENT_3D('',#1231,#1232,#1233);
#1231 = CARTESIAN_POINT('',(-36.725,48.7,5.6));
#1232 = DIRECTION('',(0.,0.,-1.));
#1233 = DIRECTION('',(1.,0.,0.));
#1234 = ORIENTED_EDGE('',*,*,#1235,.F.);
#1235 = EDGE_CURVE('',#1236,#1227,#1238,.T.);
#1236 = VERTEX_POINT('',#1237);
#1237 = CARTESIAN_POINT('',(-38.1982804589,49.348681612799,5.6));
#1238 = LINE('',#1239,#1240);
#1239 = CARTESIAN_POINT('',(-38.1982804589,50.080907696705,5.6));
#1240 = VECTOR('',#1241,1.);
#1241 = DIRECTION('',(0.,-1.,0.));
#1242 = ORIENTED_EDGE('',*,*,#1243,.F.);
#1243 = EDGE_CURVE('',#1244,#1236,#1246,.T.);
#1244 = VERTEX_POINT('',#1245);
#1245 = CARTESIAN_POINT('',(-38.29903144144,48.866,5.6));
#1246 = B_SPLINE_CURVE_WITH_KNOTS('',4,(#1247,#1248,#1249,#1250,#1251,
    #1252,#1253,#1254,#1255,#1256,#1257,#1258,#1259,#1260,#1261,#1262,
    #1263,#1264,#1265,#1266,#1267,#1268,#1269,#1270,#1271,#1272,#1273,
    #1274,#1275,#1276,#1277,#1278,#1279,#1280,#1281,#1282,#1283,#1284,
    #1285,#1286,#1287,#1288,#1289,#1290,#1291,#1292,#1293,#1294,#1295,
    #1296,#1297,#1298,#1299,#1300,#1301,#1302,#1303,#1304,#1305,#1306,
    #1307,#1308,#1309,#1310,#1311,#1312,#1313,#1314,#1315,#1316,#1317,
    #1318,#1319,#1320,#1321,#1322,#1323,#1324,#1325,#1326,#1327,#1328,
    #1329,#1330,#1331,#1332,#1333,#1334,#1335,#1336,#1337,#1338,#1339,
    #1340,#1341,#1342,#1343,#1344,#1345,#1346,#1347,#1348,#1349,#1350,
    #1351,#1352,#1353,#1354,#1355,#1356,#1357,#1358,#1359,#1360,#1361,
    #1362),.UNSPECIFIED.,.F.,.F.,(5,3,3,3,3,3,3,3,3,3,3,3,3,3,3,3,3,3,3,
    3,3,3,3,3,3,3,3,3,3,3,3,3,3,3,3,3,3,3,5),(0.,2.6000008968E-02,
    5.500004028102E-02,7.600007689008E-02,0.105000146293,0.131000226737,
    0.159000331985,0.185000446348,0.212000581232,0.235000708409,
    0.255000827644,0.278000974066,0.304001150662,0.331001345305,
    0.35300151146,0.376001691496,0.396001852605,0.425002092349,
    0.453002329108,0.482002577815,0.500002733112,0.525002948829,
    0.554003197501,0.583003442546,0.610003665642,0.63900389792,
    0.655004022154,0.684004238882,0.713004443234,0.736004595381,
    0.764004767431,0.787004897076,0.813005029977,0.842005160045,
    0.87000526647,0.899005355924,0.928005423491,0.957005468591,1.),
  .UNSPECIFIED.);
#1247 = CARTESIAN_POINT('',(-38.29903144144,48.866,5.6));
#1248 = CARTESIAN_POINT('',(-38.29903144144,48.878404425816,5.6));
#1249 = CARTESIAN_POINT('',(-38.29886130472,48.890808851757,5.6));
#1250 = CARTESIAN_POINT('',(-38.29852103126,48.903209828862,5.6));
#1251 = CARTESIAN_POINT('',(-38.29744161712,48.929428089796,5.6));
#1252 = CARTESIAN_POINT('',(-38.29666098328,48.943243691049,5.6));
#1253 = CARTESIAN_POINT('',(-38.29566905833,48.9570459327,5.6));
#1254 = CARTESIAN_POINT('',(-38.29359526464,48.980811652769,5.6));
#1255 = CARTESIAN_POINT('',(-38.29261369304,48.990783753375,5.6));
#1256 = CARTESIAN_POINT('',(-38.2915217015,49.000744537901,5.6));
#1257 = CARTESIAN_POINT('',(-38.28865933509,49.024429461554,5.6));
#1258 = CARTESIAN_POINT('',(-38.28678900354,49.038141700406,5.6));
#1259 = CARTESIAN_POINT('',(-38.28470908774,49.05182416659,5.6));
#1260 = CARTESIAN_POINT('',(-38.2803684325,49.07770826065,5.6));
#1261 = CARTESIAN_POINT('',(-38.27814865685,49.0899166563,5.6));
#1262 = CARTESIAN_POINT('',(-38.27576162295,49.102093923704,5.6));
#1263 = CARTESIAN_POINT('',(-38.27045802744,49.127313516949,5.6));
#1264 = CARTESIAN_POINT('',(-38.26751485721,49.140350330505,5.6));
#1265 = CARTESIAN_POINT('',(-38.26437941693,49.153342910356,5.6));
#1266 = CARTESIAN_POINT('',(-38.25796375676,49.178306678276,5.6));
#1267 = CARTESIAN_POINT('',(-38.254709875,49.190284534996,5.6));
#1268 = CARTESIAN_POINT('',(-38.25129199296,49.2022173105,5.6));
#1269 = CARTESIAN_POINT('',(-38.24399249096,49.22644318957,5.6));
#1270 = CARTESIAN_POINT('',(-38.24009809076,49.238732499801,5.6));
#1271 = CARTESIAN_POINT('',(-38.23602902071,49.250965930505,5.6));
#1272 = CARTESIAN_POINT('',(-38.22817259691,49.273510196861,5.6));
#1273 = CARTESIAN_POINT('',(-38.22443281436,49.283837364558,5.6));
#1274 = CARTESIAN_POINT('',(-38.22056799158,49.29411907811,5.6));
#1275 = CARTESIAN_POINT('',(-38.21311030354,49.313252273601,5.6));
#1276 = CARTESIAN_POINT('',(-38.20954771839,49.322115382855,5.6));
#1277 = CARTESIAN_POINT('',(-38.20589181164,49.330940974589,5.6));
#1278 = CARTESIAN_POINT('',(-38.19783229484,49.349832230394,5.6));
#1279 = CARTESIAN_POINT('',(-38.19339878732,49.359885328947,5.6));
#1280 = CARTESIAN_POINT('',(-38.18884361536,49.369884700442,5.6));
#1281 = CARTESIAN_POINT('',(-38.17888208557,49.391068642972,5.6));
#1282 = CARTESIAN_POINT('',(-38.17344220176,49.402237683124,5.6));
#1283 = CARTESIAN_POINT('',(-38.16784961457,49.413332176513,5.6));
#1284 = CARTESIAN_POINT('',(-38.15614131365,49.435789674405,5.6));
#1285 = CARTESIAN_POINT('',(-38.15001375255,49.447146594287,5.6));
#1286 = CARTESIAN_POINT('',(-38.1437250262,49.458416389109,5.6));
#1287 = CARTESIAN_POINT('',(-38.13202317436,49.478704783511,5.6));
#1288 = CARTESIAN_POINT('',(-38.12666356285,49.487753790466,5.6));
#1289 = CARTESIAN_POINT('',(-38.12119927935,49.496740914318,5.6));
#1290 = CARTESIAN_POINT('',(-38.10981049953,49.514993457698,5.6));
#1291 = CARTESIAN_POINT('',(-38.10387637424,49.524252958545,5.6));
#1292 = CARTESIAN_POINT('',(-38.09783032284,49.533440851476,5.6));
#1293 = CARTESIAN_POINT('',(-38.08632008539,49.550480635212,5.6));
#1294 = CARTESIAN_POINT('',(-38.0808828665,49.558350471685,5.6));
#1295 = CARTESIAN_POINT('',(-38.07536290893,49.566163359015,5.6));
#1296 = CARTESIAN_POINT('',(-38.0616385592,49.585162284372,5.6));
#1297 = CARTESIAN_POINT('',(-38.05334396343,49.59628412964,5.6));
#1298 = CARTESIAN_POINT('',(-38.04488015676,49.607279667555,5.6));
#1299 = CARTESIAN_POINT('',(-38.02791767808,49.628635941847,5.6));
#1300 = CARTESIAN_POINT('',(-38.01943027196,49.639005493892,5.6));
#1301 = CARTESIAN_POINT('',(-38.01079059322,49.649250412524,5.6));
#1302 = CARTESIAN_POINT('',(-37.99289846096,49.66984578141,5.6));
#1303 = CARTESIAN_POINT('',(-37.98363514234,49.680186933384,5.6));
#1304 = CARTESIAN_POINT('',(-37.97421466932,49.690387266388,5.6));
#1305 = CARTESIAN_POINT('',(-37.95869767508,49.706684979177,5.6));
#1306 = CARTESIAN_POINT('',(-37.95269572752,49.712871065198,5.6));
#1307 = CARTESIAN_POINT('',(-37.94663530311,49.719000728082,5.6));
#1308 = CARTESIAN_POINT('',(-37.93201987545,49.733507090018,5.6));
#1309 = CARTESIAN_POINT('',(-37.92341130376,49.741830619649,5.6));
#1310 = CARTESIAN_POINT('',(-37.91469368644,49.750041579465,5.6));
#1311 = CARTESIAN_POINT('',(-37.89563299488,49.767529605763,5.6));
#1312 = CARTESIAN_POINT('',(-37.88525301821,49.776767049075,5.6));
#1313 = CARTESIAN_POINT('',(-37.87473290296,49.785846969252,5.6));
#1314 = CARTESIAN_POINT('',(-37.85341976945,49.80368559131,5.6));
#1315 = CARTESIAN_POINT('',(-37.8426267509,49.812444293507,5.6));
#1316 = CARTESIAN_POINT('',(-37.83170096629,49.821039301997,5.6));
#1317 = CARTESIAN_POINT('',(-37.81035391012,49.837314829918,5.6));
#1318 = CARTESIAN_POINT('',(-37.79994981014,49.845017537774,5.6));
#1319 = CARTESIAN_POINT('',(-37.789437026,49.85257347175,5.6));
#1320 = CARTESIAN_POINT('',(-37.7674139205,49.86793601012,5.6));
#1321 = CARTESIAN_POINT('',(-37.75588739034,49.875719723981,5.6));
#1322 = CARTESIAN_POINT('',(-37.74424309637,49.883328800389,5.6));
#1323 = CARTESIAN_POINT('',(-37.7259979405,49.894861008431,5.6));
#1324 = CARTESIAN_POINT('',(-37.71947616582,49.89890740635,5.6));
#1325 = CARTESIAN_POINT('',(-37.71292046496,49.902899430496,5.6));
#1326 = CARTESIAN_POINT('',(-37.69438909345,49.913972904228,5.6));
#1327 = CARTESIAN_POINT('',(-37.68233748128,49.920929154214,5.6));
#1328 = CARTESIAN_POINT('',(-37.67018082633,49.927702947685,5.6));
#1329 = CARTESIAN_POINT('',(-37.64566591651,49.940881060085,5.6));
#1330 = CARTESIAN_POINT('',(-37.63330766134,49.947285379376,5.6));
#1331 = CARTESIAN_POINT('',(-37.6208528435,49.95350268384,5.6));
#1332 = CARTESIAN_POINT('',(-37.59835470682,49.9643118757,5.6));
#1333 = CARTESIAN_POINT('',(-37.58834560112,49.968973916974,5.6));
#1334 = CARTESIAN_POINT('',(-37.57828065135,49.973515971744,5.6));
#1335 = CARTESIAN_POINT('',(-37.55584377864,49.983319291964,5.6));
#1336 = CARTESIAN_POINT('',(-37.54344599758,49.988522255521,5.6));
#1337 = CARTESIAN_POINT('',(-37.53097268827,49.993544233127,5.6));
#1338 = CARTESIAN_POINT('',(-37.50812325062,50.002358909077,5.6));
#1339 = CARTESIAN_POINT('',(-37.49777037233,50.006210981818,5.6));
#1340 = CARTESIAN_POINT('',(-37.48737150324,50.00993901748,5.6));
#1341 = CARTESIAN_POINT('',(-37.46512425711,50.017615429079,5.6));
#1342 = CARTESIAN_POINT('',(-37.45326373123,50.02152911963,5.6));
#1343 = CARTESIAN_POINT('',(-37.44135062001,50.025282171217,5.6));
#1344 = CARTESIAN_POINT('',(-37.41604561389,50.032879390718,5.6));
#1345 = CARTESIAN_POINT('',(-37.40264169537,50.036684106038,5.6));
#1346 = CARTESIAN_POINT('',(-37.38918110953,50.040286345519,5.6));
#1347 = CARTESIAN_POINT('',(-37.36262191182,50.046966326527,5.6));
#1348 = CARTESIAN_POINT('',(-37.34952682356,50.050057871185,5.6));
#1349 = CARTESIAN_POINT('',(-37.33638747313,50.052958509307,5.6));
#1350 = CARTESIAN_POINT('',(-37.30955806622,50.058472968299,5.6));
#1351 = CARTESIAN_POINT('',(-37.29586510035,50.061072846352,5.6));
#1352 = CARTESIAN_POINT('',(-37.28213393483,50.063466030988,5.6));
#1353 = CARTESIAN_POINT('',(-37.25460473792,50.067837499548,5.6));
#1354 = CARTESIAN_POINT('',(-37.24080670616,50.069815783854,5.6));
#1355 = CARTESIAN_POINT('',(-37.22697999739,50.071585862924,5.6));
#1356 = CARTESIAN_POINT('',(-37.1992788191,50.074708529153,5.6));
#1357 = CARTESIAN_POINT('',(-37.18540434918,50.076061116683,5.6));
#1358 = CARTESIAN_POINT('',(-37.17151078437,50.077204419144,5.6));
#1359 = CARTESIAN_POINT('',(-37.13698360797,50.079522378726,5.6));
#1360 = CARTESIAN_POINT('',(-37.11633288222,50.080445923999,5.6));
#1361 = CARTESIAN_POINT('',(-37.09566644033,50.080907696705,5.6));
#1362 = CARTESIAN_POINT('',(-37.075,50.080907696705,5.6));
#1363 = ORIENTED_EDGE('',*,*,#1364,.F.);
#1364 = EDGE_CURVE('',#417,#1244,#1365,.T.);
#1365 = LINE('',#1366,#1367);
#1366 = CARTESIAN_POINT('',(-38.29903144144,35.332587235647,5.6));
#1367 = VECTOR('',#1368,1.);
#1368 = DIRECTION('',(0.,1.,0.));
#1369 = ORIENTED_EDGE('',*,*,#416,.F.);
#1370 = ORIENTED_EDGE('',*,*,#1371,.F.);
#1371 = EDGE_CURVE('',#1372,#409,#1374,.T.);
#1372 = VERTEX_POINT('',#1373);
#1373 = CARTESIAN_POINT('',(-36.975,28.625,5.6));
#1374 = LINE('',#1375,#1376);
#1375 = CARTESIAN_POINT('',(-36.975,28.625,5.6));
#1376 = VECTOR('',#1377,1.);
#1377 = DIRECTION('',(0.,1.,0.));
#1378 = ORIENTED_EDGE('',*,*,#1379,.F.);
#1379 = EDGE_CURVE('',#881,#1372,#1380,.T.);
#1380 = LINE('',#1381,#1382);
#1381 = CARTESIAN_POINT('',(36.975,28.625,5.6));
#1382 = VECTOR('',#1383,1.);
#1383 = DIRECTION('',(-1.,0.,0.));
#1384 = ORIENTED_EDGE('',*,*,#888,.F.);
#1385 = ORIENTED_EDGE('',*,*,#520,.F.);
#1386 = ORIENTED_EDGE('',*,*,#1387,.F.);
#1387 = EDGE_CURVE('',#1388,#513,#1390,.T.);
#1388 = VERTEX_POINT('',#1389);
#1389 = CARTESIAN_POINT('',(38.299031441449,48.866,5.6));
#1390 = LINE('',#1391,#1392);
#1391 = CARTESIAN_POINT('',(38.299031441449,44.577541084,5.6));
#1392 = VECTOR('',#1393,1.);
#1393 = DIRECTION('',(0.,-1.,0.));
#1394 = ORIENTED_EDGE('',*,*,#1395,.F.);
#1395 = EDGE_CURVE('',#1396,#1388,#1398,.T.);
#1396 = VERTEX_POINT('',#1397);
#1397 = CARTESIAN_POINT('',(38.198280458907,49.348681612799,5.6));
#1398 = B_SPLINE_CURVE_WITH_KNOTS('',4,(#1399,#1400,#1401,#1402,#1403,
    #1404,#1405,#1406,#1407,#1408,#1409,#1410,#1411,#1412,#1413,#1414,
    #1415,#1416,#1417,#1418,#1419,#1420,#1421,#1422,#1423,#1424,#1425,
    #1426,#1427,#1428,#1429,#1430,#1431,#1432,#1433,#1434,#1435,#1436,
    #1437,#1438,#1439,#1440,#1441,#1442,#1443,#1444,#1445,#1446,#1447,
    #1448,#1449,#1450,#1451,#1452,#1453,#1454,#1455,#1456,#1457,#1458,
    #1459,#1460,#1461,#1462,#1463,#1464,#1465,#1466,#1467,#1468,#1469,
    #1470,#1471,#1472,#1473,#1474,#1475,#1476,#1477,#1478,#1479,#1480,
    #1481,#1482,#1483,#1484,#1485,#1486,#1487,#1488,#1489,#1490,#1491,
    #1492,#1493,#1494,#1495,#1496,#1497,#1498,#1499,#1500,#1501,#1502,
    #1503,#1504,#1505,#1506,#1507,#1508,#1509,#1510,#1511),
  .UNSPECIFIED.,.F.,.F.,(5,3,3,3,3,3,3,3,3,3,3,3,3,3,3,3,3,3,3,3,3,3,3,3
    ,3,3,3,3,3,3,3,3,3,3,3,3,3,5),(0.,2.863391765267E-02,
    5.763388303225E-02,8.163383723399E-02,0.108633767463,0.136633675246,
    0.162633572156,0.191633438193,0.21763330201,0.246633133324,
    0.273632961599,0.302632762844,0.329632565937,0.355632366884,
    0.383632143709,0.410631921466,0.429631761826,0.457631522971,
    0.484631290183,0.502631134502,0.528630910044,0.555630678931,
    0.57863048489,0.601630294505,0.630630061154,0.659629837086,
    0.688629624131,0.713629450818,0.742629263093,0.771629091142,
    0.803628921349,0.832628786949,0.861628672167,0.885628592696,
    0.914628516031,0.943628461158,0.970628430058,1.),.UNSPECIFIED.);
#1399 = CARTESIAN_POINT('',(37.075,50.080907696705,5.6));
#1400 = CARTESIAN_POINT('',(37.088763637459,50.080907696705,5.6));
#1401 = CARTESIAN_POINT('',(37.102527275441,50.080702880962,5.6));
#1402 = CARTESIAN_POINT('',(37.116286271679,50.080293249489,5.6));
#1403 = CARTESIAN_POINT('',(37.143961479883,50.079056917076,5.6));
#1404 = CARTESIAN_POINT('',(37.157877453407,50.078224951367,5.6));
#1405 = CARTESIAN_POINT('',(37.171779093012,50.077183327499,5.6));
#1406 = CARTESIAN_POINT('',(37.197150556576,50.074897293229,5.6));
#1407 = CARTESIAN_POINT('',(37.208626410617,50.073718810184,5.6));
#1408 = CARTESIAN_POINT('',(37.220086436767,50.072397274263,5.6));
#1409 = CARTESIAN_POINT('',(37.244399589457,50.069285761309,5.6));
#1410 = CARTESIAN_POINT('',(37.257247792012,50.067457878207,5.6));
#1411 = CARTESIAN_POINT('',(37.270068672652,50.065449876975,5.6));
#1412 = CARTESIAN_POINT('',(37.296121804309,50.060993934478,5.6));
#1413 = CARTESIAN_POINT('',(37.309351705062,50.058532453752,5.6));
#1414 = CARTESIAN_POINT('',(37.322543821649,50.055878702856,5.6));
#1415 = CARTESIAN_POINT('',(37.34790470498,50.050391719085,5.6));
#1416 = CARTESIAN_POINT('',(37.360079261163,50.047584846186,5.6));
#1417 = CARTESIAN_POINT('',(37.372214187011,50.0446137151,5.6));
#1418 = CARTESIAN_POINT('',(37.39779326821,50.037983006746,5.6));
#1419 = CARTESIAN_POINT('',(37.411226930289,50.034283549766,5.6));
#1420 = CARTESIAN_POINT('',(37.42460244125,50.030382035817,5.6));
#1421 = CARTESIAN_POINT('',(37.449850761742,50.022602094799,5.6));
#1422 = CARTESIAN_POINT('',(37.461735884087,50.01876303201,5.6));
#1423 = CARTESIAN_POINT('',(37.473567244425,50.01476371811,5.6));
#1424 = CARTESIAN_POINT('',(37.498474461935,50.005967086764,5.6));
#1425 = CARTESIAN_POINT('',(37.511536398095,50.001130937083,5.6));
#1426 = CARTESIAN_POINT('',(37.524522834595,49.996098464713,5.6));
#1427 = CARTESIAN_POINT('',(37.549445671022,49.986004975298,5.6));
#1428 = CARTESIAN_POINT('',(37.561392720561,49.98096986275,5.6));
#1429 = CARTESIAN_POINT('',(37.57326685245,49.975767599299,5.6));
#1430 = CARTESIAN_POINT('',(37.597736101774,49.964634377234,5.6));
#1431 = CARTESIAN_POINT('',(37.610319473464,49.958677985671,5.6));
#1432 = CARTESIAN_POINT('',(37.622810260997,49.952532614115,5.6));
#1433 = CARTESIAN_POINT('',(37.646743335279,49.940304995171,5.6));
#1434 = CARTESIAN_POINT('',(37.658198523237,49.934247623437,5.6));
#1435 = CARTESIAN_POINT('',(37.66956628105,49.928030105471,5.6));
#1436 = CARTESIAN_POINT('',(37.69170250516,49.915514741704,5.6));
#1437 = CARTESIAN_POINT('',(37.702477573953,49.909228399897,5.6));
#1438 = CARTESIAN_POINT('',(37.713165414506,49.902797034614,5.6));
#1439 = CARTESIAN_POINT('',(37.735175947474,49.889142179826,5.6));
#1440 = CARTESIAN_POINT('',(37.746484233608,49.881895812866,5.6));
#1441 = CARTESIAN_POINT('',(37.757684258386,49.87448565612,5.6));
#1442 = CARTESIAN_POINT('',(37.779464624562,49.859613058965,5.6));
#1443 = CARTESIAN_POINT('',(37.790052811984,49.852161937526,5.6));
#1444 = CARTESIAN_POINT('',(37.800533802538,49.844562976,5.6));
#1445 = CARTESIAN_POINT('',(37.81820237425,49.831368678511,5.6));
#1446 = CARTESIAN_POINT('',(37.825445638312,49.82584680015,5.6));
#1447 = CARTESIAN_POINT('',(37.83263319536,49.820253670525,5.6));
#1448 = CARTESIAN_POINT('',(37.850272519976,49.806243862023,5.6));
#1449 = CARTESIAN_POINT('',(37.860657772828,49.79774467997,5.6));
#1450 = CARTESIAN_POINT('',(37.870916356614,49.789095275731,5.6));
#1451 = CARTESIAN_POINT('',(37.890811915391,49.771815868053,5.6));
#1452 = CARTESIAN_POINT('',(37.900458005998,49.763196203974,5.6));
#1453 = CARTESIAN_POINT('',(37.909980348484,49.754442037177,5.6));
#1454 = CARTESIAN_POINT('',(37.925639976849,49.739632028779,5.6));
#1455 = CARTESIAN_POINT('',(37.931847576888,49.733649430643,5.6));
#1456 = CARTESIAN_POINT('',(37.937998091071,49.727609027,5.6));
#1457 = CARTESIAN_POINT('',(37.952891153758,49.712704279413,5.6));
#1458 = CARTESIAN_POINT('',(37.961570801182,49.703778016984,5.6));
#1459 = CARTESIAN_POINT('',(37.97012720299,49.694735291811,5.6));
#1460 = CARTESIAN_POINT('',(37.987313089838,49.676069828514,5.6));
#1461 = CARTESIAN_POINT('',(37.995932728523,49.666438158811,5.6));
#1462 = CARTESIAN_POINT('',(38.004414306024,49.656686491808,5.6));
#1463 = CARTESIAN_POINT('',(38.019860631591,49.638411110649,5.6));
#1464 = CARTESIAN_POINT('',(38.026863942756,49.629919505599,5.6));
#1465 = CARTESIAN_POINT('',(38.033763708963,49.621344800423,5.6));
#1466 = CARTESIAN_POINT('',(38.047353195888,49.604032954954,5.6));
#1467 = CARTESIAN_POINT('',(38.054042916656,49.595295814529,5.6));
#1468 = CARTESIAN_POINT('',(38.060626135869,49.586479340361,5.6));
#1469 = CARTESIAN_POINT('',(38.075265966414,49.566371451252,5.6));
#1470 = CARTESIAN_POINT('',(38.083258933169,49.555034386843,5.6));
#1471 = CARTESIAN_POINT('',(38.091077520725,49.543578153379,5.6));
#1472 = CARTESIAN_POINT('',(38.10636065317,49.520435350116,5.6));
#1473 = CARTESIAN_POINT('',(38.113825198182,49.508748779883,5.6));
#1474 = CARTESIAN_POINT('',(38.121110077421,49.496951045657,5.6));
#1475 = CARTESIAN_POINT('',(38.135315593118,49.473141480786,5.6));
#1476 = CARTESIAN_POINT('',(38.142236229656,49.461129649689,5.6));
#1477 = CARTESIAN_POINT('',(38.148972286566,49.449014890293,5.6));
#1478 = CARTESIAN_POINT('',(38.161167372893,49.426272575835,5.6));
#1479 = CARTESIAN_POINT('',(38.16667439108,49.41567037119,5.6));
#1480 = CARTESIAN_POINT('',(38.172041101593,49.404997520049,5.6));
#1481 = CARTESIAN_POINT('',(38.183327233296,49.381797523189,5.6));
#1482 = CARTESIAN_POINT('',(38.189197699937,49.369246915842,5.6));
#1483 = CARTESIAN_POINT('',(38.194875464578,49.356609271259,5.6));
#1484 = CARTESIAN_POINT('',(38.205841799365,49.331168701049,5.6));
#1485 = CARTESIAN_POINT('',(38.21113036947,49.318365774936,5.6));
#1486 = CARTESIAN_POINT('',(38.216222444076,49.305484611465,5.6));
#1487 = CARTESIAN_POINT('',(38.22651648395,49.278234599499,5.6));
#1488 = CARTESIAN_POINT('',(38.231675323714,49.263849701149,5.6));
#1489 = CARTESIAN_POINT('',(38.236590574999,49.249381018177,5.6));
#1490 = CARTESIAN_POINT('',(38.245492185572,49.221652047688,5.6));
#1491 = CARTESIAN_POINT('',(38.249522428185,49.20840563786,5.6));
#1492 = CARTESIAN_POINT('',(38.253349534808,49.195100008295,5.6));
#1493 = CARTESIAN_POINT('',(38.26059497216,49.168379543777,5.6));
#1494 = CARTESIAN_POINT('',(38.264013302726,49.154964708334,5.6));
#1495 = CARTESIAN_POINT('',(38.267225990797,49.141499895802,5.6));
#1496 = CARTESIAN_POINT('',(38.27271972701,49.116808986543,5.6));
#1497 = CARTESIAN_POINT('',(38.275065900848,49.105597164786,5.6));
#1498 = CARTESIAN_POINT('',(38.277269928687,49.094356963106,5.6));
#1499 = CARTESIAN_POINT('',(38.281822174294,49.069478063556,5.6));
#1500 = CARTESIAN_POINT('',(38.284104770133,49.055827536468,5.6));
#1501 = CARTESIAN_POINT('',(38.286178248064,49.042144178199,5.6));
#1502 = CARTESIAN_POINT('',(38.289905680089,49.014721275145,5.6));
#1503 = CARTESIAN_POINT('',(38.291559633925,49.000981729891,5.6));
#1504 = CARTESIAN_POINT('',(38.293003180198,48.98721883915,5.6));
#1505 = CARTESIAN_POINT('',(38.295383590959,48.960606337937,5.6));
#1506 = CARTESIAN_POINT('',(38.296348532981,48.94775920125,5.6));
#1507 = CARTESIAN_POINT('',(38.297130374415,48.934899807491,5.6));
#1508 = CARTESIAN_POINT('',(38.298380073081,48.908033951954,5.6));
#1509 = CARTESIAN_POINT('',(38.298814318657,48.894025949143,5.6));
#1510 = CARTESIAN_POINT('',(38.299031441449,48.880012974894,5.6));
#1511 = CARTESIAN_POINT('',(38.299031441449,48.866,5.6));
#1512 = ORIENTED_EDGE('',*,*,#1513,.T.);
#1513 = EDGE_CURVE('',#1396,#1514,#1516,.T.);
#1514 = VERTEX_POINT('',#1515);
#1515 = CARTESIAN_POINT('',(38.198280458907,49.231606363541,5.6));
#1516 = LINE('',#1517,#1518);
#1517 = CARTESIAN_POINT('',(38.198280458907,50.080907696705,5.6));
#1518 = VECTOR('',#1519,1.);
#1519 = DIRECTION('',(0.,-1.,0.));
#1520 = ORIENTED_EDGE('',*,*,#1521,.F.);
#1521 = EDGE_CURVE('',#1522,#1514,#1524,.T.);
#1522 = VERTEX_POINT('',#1523);
#1523 = CARTESIAN_POINT('',(38.198280458907,48.268393636459,5.6));
#1524 = CIRCLE('',#1525,1.55);
#1525 = AXIS2_PLACEMENT_3D('',#1526,#1527,#1528);
#1526 = CARTESIAN_POINT('',(36.725,48.75,5.6));
#1527 = DIRECTION('',(0.,0.,-1.));
#1528 = DIRECTION('',(1.,0.,0.));
#1529 = ORIENTED_EDGE('',*,*,#1530,.T.);
#1530 = EDGE_CURVE('',#1522,#1531,#1533,.T.);
#1531 = VERTEX_POINT('',#1532);
#1532 = CARTESIAN_POINT('',(38.198280458907,46.2,5.6));
#1533 = LINE('',#1534,#1535);
#1534 = CARTESIAN_POINT('',(38.198280458907,50.080907696705,5.6));
#1535 = VECTOR('',#1536,1.);
#1536 = DIRECTION('',(0.,-1.,0.));
#1537 = ORIENTED_EDGE('',*,*,#1538,.T.);
#1538 = EDGE_CURVE('',#1531,#1539,#1541,.T.);
#1539 = VERTEX_POINT('',#1540);
#1540 = CARTESIAN_POINT('',(34.975,46.2,5.6));
#1541 = LINE('',#1542,#1543);
#1542 = CARTESIAN_POINT('',(38.198280458907,46.2,5.6));
#1543 = VECTOR('',#1544,1.);
#1544 = DIRECTION('',(-1.,0.,0.));
#1545 = ORIENTED_EDGE('',*,*,#1546,.T.);
#1546 = EDGE_CURVE('',#1539,#1547,#1549,.T.);
#1547 = VERTEX_POINT('',#1548);
#1548 = CARTESIAN_POINT('',(34.175,47.,5.6));
#1549 = CIRCLE('',#1550,0.8);
#1550 = AXIS2_PLACEMENT_3D('',#1551,#1552,#1553);
#1551 = CARTESIAN_POINT('',(34.975,47.,5.6));
#1552 = DIRECTION('',(0.,0.,-1.));
#1553 = DIRECTION('',(1.,0.,0.));
#1554 = ORIENTED_EDGE('',*,*,#1555,.T.);
#1555 = EDGE_CURVE('',#1547,#1177,#1556,.T.);
#1556 = LINE('',#1557,#1558);
#1557 = CARTESIAN_POINT('',(34.175,47.,5.6));
#1558 = VECTOR('',#1559,1.);
#1559 = DIRECTION('',(0.,1.,0.));
#1560 = PLANE('',#1561);
#1561 = AXIS2_PLACEMENT_3D('',#1562,#1563,#1564);
#1562 = CARTESIAN_POINT('',(2.087532711321E-15,38.343060847637,5.6));
#1563 = DIRECTION('',(-0.,-0.,-1.));
#1564 = DIRECTION('',(-1.,0.,0.));
#1565 = ADVANCED_FACE('',(#1566),#1638,.T.);
#1566 = FACE_BOUND('',#1567,.T.);
#1567 = EDGE_LOOP('',(#1568,#1569,#1577,#1600,#1623,#1630,#1636,#1637));
#1568 = ORIENTED_EDGE('',*,*,#644,.F.);
#1569 = ORIENTED_EDGE('',*,*,#1570,.T.);
#1570 = EDGE_CURVE('',#634,#1571,#1573,.T.);
#1571 = VERTEX_POINT('',#1572);
#1572 = CARTESIAN_POINT('',(38.299031441449,48.866,11.418865146384));
#1573 = LINE('',#1574,#1575);
#1574 = CARTESIAN_POINT('',(38.299031441449,48.866,12.607089405269));
#1575 = VECTOR('',#1576,1.);
#1576 = DIRECTION('',(0.,0.,-1.));
#1577 = ORIENTED_EDGE('',*,*,#1578,.F.);
#1578 = EDGE_CURVE('',#1579,#1571,#1581,.T.);
#1579 = VERTEX_POINT('',#1580);
#1580 = CARTESIAN_POINT('',(38.299031441449,48.676356262625,
    11.218347471397));
#1581 = B_SPLINE_CURVE_WITH_KNOTS('',5,(#1582,#1583,#1584,#1585,#1586,
    #1587,#1588,#1589,#1590,#1591,#1592,#1593,#1594,#1595,#1596,#1597,
    #1598,#1599),.UNSPECIFIED.,.F.,.F.,(6,4,4,4,6),(0.,0.485732457274,
    0.728819669184,0.856201009272,1.),.UNSPECIFIED.);
#1582 = CARTESIAN_POINT('',(38.299031441449,48.676356262625,
    11.218347471397));
#1583 = CARTESIAN_POINT('',(38.299031441449,48.708139491946,
    11.251953111821));
#1584 = CARTESIAN_POINT('',(38.299031441449,48.739915426507,
    11.285551039213));
#1585 = CARTESIAN_POINT('',(38.299031441449,48.771682971156,
    11.319140095626));
#1586 = CARTESIAN_POINT('',(38.299031441449,48.803440554745,
    11.352718619824));
#1587 = CARTESIAN_POINT('',(38.299031441449,48.851073360426,
    11.403082631737));
#1588 = CARTESIAN_POINT('',(38.299031441449,48.866957576682,
    11.41987762933));
#1589 = CARTESIAN_POINT('',(38.299031441449,48.882838517206,
    11.436669163364));
#1590 = CARTESIAN_POINT('',(38.299031441449,48.898715869804,
    11.453456903744));
#1591 = CARTESIAN_POINT('',(38.299031441449,48.922907172166,
    11.479035305498));
#1592 = CARTESIAN_POINT('',(38.299031441449,48.931224923565,
    11.487829986486));
#1593 = CARTESIAN_POINT('',(38.299031441449,48.939542519429,
    11.496624503021));
#1594 = CARTESIAN_POINT('',(38.299031441449,48.947859952761,
    11.505418847705));
#1595 = CARTESIAN_POINT('',(38.299031441449,48.965566456901,
    11.524140620917));
#1596 = CARTESIAN_POINT('',(38.299031441449,48.971221434147,
    11.530119847572));
#1597 = CARTESIAN_POINT('',(38.299031441449,48.980439477317,
    11.53986644195));
#1598 = CARTESIAN_POINT('',(38.299031441449,48.992642240096,
    11.552768896071));
#1599 = CARTESIAN_POINT('',(38.299031441449,48.995131157347,
    11.555400524763));
#1600 = ORIENTED_EDGE('',*,*,#1601,.F.);
#1601 = EDGE_CURVE('',#1602,#1579,#1604,.T.);
#1602 = VERTEX_POINT('',#1603);
#1603 = CARTESIAN_POINT('',(38.299031441449,48.24131299516,
    10.457869107977));
#1604 = B_SPLINE_CURVE_WITH_KNOTS('',5,(#1605,#1606,#1607,#1608,#1609,
    #1610,#1611,#1612,#1613,#1614,#1615,#1616,#1617,#1618,#1619,#1620,
    #1621,#1622),.UNSPECIFIED.,.F.,.F.,(6,4,4,4,6),(0.,0.257052917955,
    0.46633590086,0.710481926448,1.),.UNSPECIFIED.);
#1605 = CARTESIAN_POINT('',(38.299031441449,48.24131299516,
    10.457869107977));
#1606 = CARTESIAN_POINT('',(38.299031441449,48.251976639348,
    10.495098881466));
#1607 = CARTESIAN_POINT('',(38.299031441449,48.264648175584,
    10.532934711856));
#1608 = CARTESIAN_POINT('',(38.299031441449,48.279227273432,
    10.571251809581));
#1609 = CARTESIAN_POINT('',(38.299031441449,48.295572972298,
    10.609934836732));
#1610 = CARTESIAN_POINT('',(38.299031441449,48.328167363512,
    10.680599422092));
#1611 = CARTESIAN_POINT('',(38.299031441449,48.343869793981,
    10.712490912384));
#1612 = CARTESIAN_POINT('',(38.299031441449,48.360568788857,
    10.74450986889));
#1613 = CARTESIAN_POINT('',(38.299031441449,48.378184954784,
    10.776614085692));
#1614 = CARTESIAN_POINT('',(38.299031441449,48.41818210923,
    10.846285171989));
#1615 = CARTESIAN_POINT('',(38.299031441449,48.440867923946,
    10.883870466155));
#1616 = CARTESIAN_POINT('',(38.299031441449,48.464587272689,
    10.921476654773));
#1617 = CARTESIAN_POINT('',(38.299031441449,48.489237446844,
    10.959066478604));
#1618 = CARTESIAN_POINT('',(38.299031441449,48.54495809751,
    11.04114340296));
#1619 = CARTESIAN_POINT('',(38.299031441449,48.57636996882,
    11.085612716978));
#1620 = CARTESIAN_POINT('',(38.299031441449,48.608817644971,
    11.129984312812));
#1621 = CARTESIAN_POINT('',(38.299031441449,48.642178884102,
    11.174232917628));
#1622 = CARTESIAN_POINT('',(38.299031441449,48.676356262625,
    11.218347471397));
#1623 = ORIENTED_EDGE('',*,*,#1624,.F.);
#1624 = EDGE_CURVE('',#1625,#1602,#1627,.T.);
#1625 = VERTEX_POINT('',#1626);
#1626 = CARTESIAN_POINT('',(38.299031441449,48.866,10.457869107977));
#1627 = B_SPLINE_CURVE_WITH_KNOTS('',1,(#1628,#1629),.UNSPECIFIED.,.F.,
  .F.,(2,2),(0.,1.),.PIECEWISE_BEZIER_KNOTS.);
#1628 = CARTESIAN_POINT('',(38.299031441449,49.12989107038,
    10.457869107977));
#1629 = CARTESIAN_POINT('',(38.299031441449,48.24131299516,
    10.457869107977));
#1630 = ORIENTED_EDGE('',*,*,#1631,.T.);
#1631 = EDGE_CURVE('',#1625,#1388,#1632,.T.);
#1632 = LINE('',#1633,#1634);
#1633 = CARTESIAN_POINT('',(38.299031441449,48.866,12.607089405269));
#1634 = VECTOR('',#1635,1.);
#1635 = DIRECTION('',(0.,0.,-1.));
#1636 = ORIENTED_EDGE('',*,*,#1387,.T.);
#1637 = ORIENTED_EDGE('',*,*,#512,.F.);
#1638 = PLANE('',#1639);
#1639 = AXIS2_PLACEMENT_3D('',#1640,#1641,#1642);
#1640 = CARTESIAN_POINT('',(38.299031441449,48.866,12.607089405269));
#1641 = DIRECTION('',(-1.,0.,0.));
#1642 = DIRECTION('',(0.,-0.992546151647,-0.121869343357));
#1643 = ADVANCED_FACE('',(#1644),#1662,.F.);
#1644 = FACE_BOUND('',#1645,.F.);
#1645 = EDGE_LOOP('',(#1646,#1647,#1655,#1661));
#1646 = ORIENTED_EDGE('',*,*,#659,.F.);
#1647 = ORIENTED_EDGE('',*,*,#1648,.T.);
#1648 = EDGE_CURVE('',#660,#1649,#1651,.T.);
#1649 = VERTEX_POINT('',#1650);
#1650 = CARTESIAN_POINT('',(-18.09,31.080021577127,7.602218344));
#1651 = LINE('',#1652,#1653);
#1652 = CARTESIAN_POINT('',(-18.09,30.738787415728,10.381347568612));
#1653 = VECTOR('',#1654,1.);
#1654 = DIRECTION('',(0.,0.121869343357,-0.992546151647));
#1655 = ORIENTED_EDGE('',*,*,#1656,.T.);
#1656 = EDGE_CURVE('',#1649,#465,#1657,.T.);
#1657 = LINE('',#1658,#1659);
#1658 = CARTESIAN_POINT('',(-18.09,31.080021577128,7.602218344));
#1659 = VECTOR('',#1660,1.);
#1660 = DIRECTION('',(0.,-0.992546151647,-0.121869343357));
#1661 = ORIENTED_EDGE('',*,*,#472,.T.);
#1662 = PLANE('',#1663);
#1663 = AXIS2_PLACEMENT_3D('',#1664,#1665,#1666);
#1664 = CARTESIAN_POINT('',(-18.09,30.738787415728,10.381347568612));
#1665 = DIRECTION('',(-1.,0.,0.));
#1666 = DIRECTION('',(0.,-0.992546151647,-0.121869343357));
#1667 = ADVANCED_FACE('',(#1668),#1686,.F.);
#1668 = FACE_BOUND('',#1669,.F.);
#1669 = EDGE_LOOP('',(#1670,#1678,#1679,#1680));
#1670 = ORIENTED_EDGE('',*,*,#1671,.T.);
#1671 = EDGE_CURVE('',#1672,#457,#1674,.T.);
#1672 = VERTEX_POINT('',#1673);
#1673 = CARTESIAN_POINT('',(-20.09,31.080021577127,7.602218344));
#1674 = LINE('',#1675,#1676);
#1675 = CARTESIAN_POINT('',(-20.09,31.080021577128,7.602218344));
#1676 = VECTOR('',#1677,1.);
#1677 = DIRECTION('',(0.,-0.992546151647,-0.121869343357));
#1678 = ORIENTED_EDGE('',*,*,#464,.T.);
#1679 = ORIENTED_EDGE('',*,*,#1656,.F.);
#1680 = ORIENTED_EDGE('',*,*,#1681,.F.);
#1681 = EDGE_CURVE('',#1672,#1649,#1682,.T.);
#1682 = LINE('',#1683,#1684);
#1683 = CARTESIAN_POINT('',(-21.09,31.080021577128,7.602218344));
#1684 = VECTOR('',#1685,1.);
#1685 = DIRECTION('',(1.,0.,0.));
#1686 = PLANE('',#1687);
#1687 = AXIS2_PLACEMENT_3D('',#1688,#1689,#1690);
#1688 = CARTESIAN_POINT('',(-21.54,31.625921960533,7.669246482846));
#1689 = DIRECTION('',(0.,-0.121869343357,0.992546151647));
#1690 = DIRECTION('',(0.,0.992546151647,0.121869343357));
#1691 = ADVANCED_FACE('',(#1692),#1710,.F.);
#1692 = FACE_BOUND('',#1693,.F.);
#1693 = EDGE_LOOP('',(#1694,#1695,#1703,#1709));
#1694 = ORIENTED_EDGE('',*,*,#1671,.F.);
#1695 = ORIENTED_EDGE('',*,*,#1696,.T.);
#1696 = EDGE_CURVE('',#1672,#1697,#1699,.T.);
#1697 = VERTEX_POINT('',#1698);
#1698 = CARTESIAN_POINT('',(-20.09,31.201890920484,6.609672192353));
#1699 = LINE('',#1700,#1701);
#1700 = CARTESIAN_POINT('',(-20.09,31.080021577127,7.602218344));
#1701 = VECTOR('',#1702,1.);
#1702 = DIRECTION('',(0.,0.121869343357,-0.992546151647));
#1703 = ORIENTED_EDGE('',*,*,#1704,.T.);
#1704 = EDGE_CURVE('',#1697,#449,#1705,.T.);
#1705 = LINE('',#1706,#1707);
#1706 = CARTESIAN_POINT('',(-20.09,31.201890920484,6.609672192353));
#1707 = VECTOR('',#1708,1.);
#1708 = DIRECTION('',(0.,-0.992546151647,-0.121869343357));
#1709 = ORIENTED_EDGE('',*,*,#456,.T.);
#1710 = PLANE('',#1711);
#1711 = AXIS2_PLACEMENT_3D('',#1712,#1713,#1714);
#1712 = CARTESIAN_POINT('',(-20.09,31.080021577127,7.602218344));
#1713 = DIRECTION('',(-1.,0.,0.));
#1714 = DIRECTION('',(0.,-0.992546151647,-0.121869343357));
#1715 = ADVANCED_FACE('',(#1716),#1750,.F.);
#1716 = FACE_BOUND('',#1717,.F.);
#1717 = EDGE_LOOP('',(#1718,#1726,#1734,#1742,#1748,#1749));
#1718 = ORIENTED_EDGE('',*,*,#1719,.F.);
#1719 = EDGE_CURVE('',#1720,#1697,#1722,.T.);
#1720 = VERTEX_POINT('',#1721);
#1721 = CARTESIAN_POINT('',(-20.69,31.797418611473,6.682793798367));
#1722 = LINE('',#1723,#1724);
#1723 = CARTESIAN_POINT('',(-20.69,31.797418611473,6.682793798367));
#1724 = VECTOR('',#1725,1.);
#1725 = DIRECTION('',(0.707106781187,-0.70183611447,-8.617463910633E-02)
  );
#1726 = ORIENTED_EDGE('',*,*,#1727,.F.);
#1727 = EDGE_CURVE('',#1728,#1720,#1730,.T.);
#1728 = VERTEX_POINT('',#1729);
#1729 = CARTESIAN_POINT('',(-20.69,34.179529375426,6.975280222423));
#1730 = LINE('',#1731,#1732);
#1731 = CARTESIAN_POINT('',(-20.69,34.179529375426,6.975280222423));
#1732 = VECTOR('',#1733,1.);
#1733 = DIRECTION('',(0.,-0.992546151647,-0.121869343357));
#1734 = ORIENTED_EDGE('',*,*,#1735,.F.);
#1735 = EDGE_CURVE('',#1736,#1728,#1738,.T.);
#1736 = VERTEX_POINT('',#1737);
#1737 = CARTESIAN_POINT('',(-24.09,34.179529375426,6.975280222423));
#1738 = LINE('',#1739,#1740);
#1739 = CARTESIAN_POINT('',(-24.09,34.179529375426,6.975280222423));
#1740 = VECTOR('',#1741,1.);
#1741 = DIRECTION('',(1.,0.,0.));
#1742 = ORIENTED_EDGE('',*,*,#1743,.F.);
#1743 = EDGE_CURVE('',#441,#1736,#1744,.T.);
#1744 = LINE('',#1745,#1746);
#1745 = CARTESIAN_POINT('',(-24.09,30.001688570823,6.462305873914));
#1746 = VECTOR('',#1747,1.);
#1747 = DIRECTION('',(0.,0.992546151647,0.121869343357));
#1748 = ORIENTED_EDGE('',*,*,#448,.T.);
#1749 = ORIENTED_EDGE('',*,*,#1704,.F.);
#1750 = PLANE('',#1751);
#1751 = AXIS2_PLACEMENT_3D('',#1752,#1753,#1754);
#1752 = CARTESIAN_POINT('',(-22.2280162919,32.003459877272,
    6.708092484706));
#1753 = DIRECTION('',(0.,-0.121869343357,0.992546151647));
#1754 = DIRECTION('',(0.,0.992546151647,0.121869343357));
#1755 = ADVANCED_FACE('',(#1756),#1767,.T.);
#1756 = FACE_BOUND('',#1757,.T.);
#1757 = EDGE_LOOP('',(#1758,#1759,#1760,#1761));
#1758 = ORIENTED_EDGE('',*,*,#1743,.F.);
#1759 = ORIENTED_EDGE('',*,*,#440,.F.);
#1760 = ORIENTED_EDGE('',*,*,#691,.T.);
#1761 = ORIENTED_EDGE('',*,*,#1762,.T.);
#1762 = EDGE_CURVE('',#684,#1736,#1763,.T.);
#1763 = LINE('',#1764,#1765);
#1764 = CARTESIAN_POINT('',(-24.09,33.71642587067,10.746955598683));
#1765 = VECTOR('',#1766,1.);
#1766 = DIRECTION('',(0.,0.121869343357,-0.992546151647));
#1767 = PLANE('',#1768);
#1768 = AXIS2_PLACEMENT_3D('',#1769,#1770,#1771);
#1769 = CARTESIAN_POINT('',(-24.09,32.162240873352,8.581613877803));
#1770 = DIRECTION('',(-1.,-3.961481988027E-16,3.211300072683E-15));
#1771 = DIRECTION('',(-3.211300072683E-15,0.,-1.));
#1772 = ADVANCED_FACE('',(#1773),#1839,.T.);
#1773 = FACE_BOUND('',#1774,.T.);
#1774 = EDGE_LOOP('',(#1775,#1776,#1777,#1778,#1786,#1793,#1816,#1833));
#1775 = ORIENTED_EDGE('',*,*,#698,.F.);
#1776 = ORIENTED_EDGE('',*,*,#424,.T.);
#1777 = ORIENTED_EDGE('',*,*,#1364,.T.);
#1778 = ORIENTED_EDGE('',*,*,#1779,.F.);
#1779 = EDGE_CURVE('',#1780,#1244,#1782,.T.);
#1780 = VERTEX_POINT('',#1781);
#1781 = CARTESIAN_POINT('',(-38.29903144144,48.866,10.457869107977));
#1782 = LINE('',#1783,#1784);
#1783 = CARTESIAN_POINT('',(-38.29903144144,48.866,12.607089405269));
#1784 = VECTOR('',#1785,1.);
#1785 = DIRECTION('',(0.,0.,-1.));
#1786 = ORIENTED_EDGE('',*,*,#1787,.F.);
#1787 = EDGE_CURVE('',#1788,#1780,#1790,.T.);
#1788 = VERTEX_POINT('',#1789);
#1789 = CARTESIAN_POINT('',(-38.29903144144,48.241312995159,
    10.457869107977));
#1790 = B_SPLINE_CURVE_WITH_KNOTS('',1,(#1791,#1792),.UNSPECIFIED.,.F.,
  .F.,(2,2),(0.,1.),.PIECEWISE_BEZIER_KNOTS.);
#1791 = CARTESIAN_POINT('',(-38.29903144144,48.241312995159,
    10.457869107977));
#1792 = CARTESIAN_POINT('',(-38.29903144144,49.12989107038,
    10.457869107977));
#1793 = ORIENTED_EDGE('',*,*,#1794,.F.);
#1794 = EDGE_CURVE('',#1795,#1788,#1797,.T.);
#1795 = VERTEX_POINT('',#1796);
#1796 = CARTESIAN_POINT('',(-38.29903144144,48.676356262624,
    11.218347471396));
#1797 = B_SPLINE_CURVE_WITH_KNOTS('',5,(#1798,#1799,#1800,#1801,#1802,
    #1803,#1804,#1805,#1806,#1807,#1808,#1809,#1810,#1811,#1812,#1813,
    #1814,#1815),.UNSPECIFIED.,.F.,.F.,(6,4,4,4,6),(0.,0.290673828216,
    0.533675713047,0.743836213718,1.),.UNSPECIFIED.);
#1798 = CARTESIAN_POINT('',(-38.29903144144,48.676356262624,
    11.218347471396));
#1799 = CARTESIAN_POINT('',(-38.29903144144,48.642042446668,
    11.174056810602));
#1800 = CARTESIAN_POINT('',(-38.29903144144,48.608551305492,
    11.129631036207));
#1801 = CARTESIAN_POINT('',(-38.29903144144,48.57598142266,
    11.085081321968));
#1802 = CARTESIAN_POINT('',(-38.29903144144,48.544456611531,
    11.040433305215));
#1803 = CARTESIAN_POINT('',(-38.29903144144,48.488769602973,
    10.958352909105));
#1804 = CARTESIAN_POINT('',(-38.29903144144,48.464248145486,
    10.920939014359));
#1805 = CARTESIAN_POINT('',(-38.29903144144,48.440649778714,
    10.883509253545));
#1806 = CARTESIAN_POINT('',(-38.29903144144,48.418075838987,
    10.846100425687));
#1807 = CARTESIAN_POINT('',(-38.29903144144,48.378102609353,
    10.776470331524));
#1808 = CARTESIAN_POINT('',(-38.29903144144,48.360416337162,
    10.744231742509));
#1809 = CARTESIAN_POINT('',(-38.29903144144,48.343655260737,
    10.712079272199));
#1810 = CARTESIAN_POINT('',(-38.29903144144,48.327899810213,
    10.680055704509));
#1811 = CARTESIAN_POINT('',(-38.29903144144,48.295346944087,
    10.609399654466));
#1812 = CARTESIAN_POINT('',(-38.29903144144,48.279076056058,
    10.570854213285));
#1813 = CARTESIAN_POINT('',(-38.29903144144,48.264560536936,
    10.532672969116));
#1814 = CARTESIAN_POINT('',(-38.29903144144,48.251939754194,
    10.494970105045));
#1815 = CARTESIAN_POINT('',(-38.29903144144,48.241312995159,
    10.457869107977));
#1816 = ORIENTED_EDGE('',*,*,#1817,.F.);
#1817 = EDGE_CURVE('',#1818,#1795,#1820,.T.);
#1818 = VERTEX_POINT('',#1819);
#1819 = CARTESIAN_POINT('',(-38.29903144144,48.866,11.418865146384));
#1820 = B_SPLINE_CURVE_WITH_KNOTS('',6,(#1821,#1822,#1823,#1824,#1825,
    #1826,#1827,#1828,#1829,#1830,#1831,#1832),.UNSPECIFIED.,.F.,.F.,(7,
    5,7),(0.,0.133946373949,1.),.UNSPECIFIED.);
#1821 = CARTESIAN_POINT('',(-38.29903144144,48.995131157347,
    11.555400524763));
#1822 = CARTESIAN_POINT('',(-38.29903144144,48.994632154418,
    11.554872909622));
#1823 = CARTESIAN_POINT('',(-38.29903144144,48.986292290234,
    11.546054847928));
#1824 = CARTESIAN_POINT('',(-38.29903144144,48.978001775437,
    11.537288965256));
#1825 = CARTESIAN_POINT('',(-38.29903144144,48.972272959055,
    11.53123166562));
#1826 = CARTESIAN_POINT('',(-38.29903144144,48.96771892973,
    11.526416513879));
#1827 = CARTESIAN_POINT('',(-38.29903144144,48.913139402526,
    11.468707464014));
#1828 = CARTESIAN_POINT('',(-38.29903144144,48.865831254991,
    11.418686725744));
#1829 = CARTESIAN_POINT('',(-38.29903144144,48.81849314432,
    11.36863430629));
#1830 = CARTESIAN_POINT('',(-38.29903144144,48.771131855341,
    11.318557379511));
#1831 = CARTESIAN_POINT('',(-38.29903144144,48.723751969334,
    11.268460789374));
#1832 = CARTESIAN_POINT('',(-38.29903144144,48.676356262625,
    11.218347471396));
#1833 = ORIENTED_EDGE('',*,*,#1834,.F.);
#1834 = EDGE_CURVE('',#699,#1818,#1835,.T.);
#1835 = LINE('',#1836,#1837);
#1836 = CARTESIAN_POINT('',(-38.29903144144,48.866,12.607089405269));
#1837 = VECTOR('',#1838,1.);
#1838 = DIRECTION('',(0.,0.,-1.));
#1839 = PLANE('',#1840);
#1840 = AXIS2_PLACEMENT_3D('',#1841,#1842,#1843);
#1841 = CARTESIAN_POINT('',(-38.29903144144,30.376092303295,
    10.336814208508));
#1842 = DIRECTION('',(1.,0.,0.));
#1843 = DIRECTION('',(0.,0.992546151647,0.121869343357));
#1844 = ADVANCED_FACE('',(#1845),#1879,.T.);
#1845 = FACE_BOUND('',#1846,.T.);
#1846 = EDGE_LOOP('',(#1847,#1848,#1856,#1864,#1872,#1878));
#1847 = ORIENTED_EDGE('',*,*,#408,.T.);
#1848 = ORIENTED_EDGE('',*,*,#1849,.T.);
#1849 = EDGE_CURVE('',#401,#1850,#1852,.T.);
#1850 = VERTEX_POINT('',#1851);
#1851 = CARTESIAN_POINT('',(-36.975,29.97609230328,-3.796962744218E-14)
  );
#1852 = LINE('',#1853,#1854);
#1853 = CARTESIAN_POINT('',(-36.975,30.561061342283,0.584969039002));
#1854 = VECTOR('',#1855,1.);
#1855 = DIRECTION('',(-1.157000463935E-14,-0.707106781187,
    -0.707106781186));
#1856 = ORIENTED_EDGE('',*,*,#1857,.T.);
#1857 = EDGE_CURVE('',#1850,#1858,#1860,.T.);
#1858 = VERTEX_POINT('',#1859);
#1859 = CARTESIAN_POINT('',(-36.975,27.625,-5.628611278285E-14));
#1860 = LINE('',#1861,#1862);
#1861 = CARTESIAN_POINT('',(-36.975,28.625,-3.228611278285E-14));
#1862 = VECTOR('',#1863,1.);
#1863 = DIRECTION('',(-1.398881011028E-14,-1.,-2.4E-14));
#1864 = ORIENTED_EDGE('',*,*,#1865,.F.);
#1865 = EDGE_CURVE('',#1866,#1858,#1868,.T.);
#1866 = VERTEX_POINT('',#1867);
#1867 = CARTESIAN_POINT('',(-36.975,28.625,1.000000000003));
#1868 = LINE('',#1869,#1870);
#1869 = CARTESIAN_POINT('',(-36.975,28.625,1.000000000003));
#1870 = VECTOR('',#1871,1.);
#1871 = DIRECTION('',(-8.792517768611E-15,-0.707106781185,
    -0.707106781188));
#1872 = ORIENTED_EDGE('',*,*,#1873,.F.);
#1873 = EDGE_CURVE('',#1372,#1866,#1874,.T.);
#1874 = LINE('',#1875,#1876);
#1875 = CARTESIAN_POINT('',(-36.975,28.625,5.6));
#1876 = VECTOR('',#1877,1.);
#1877 = DIRECTION('',(0.,0.,-1.));
#1878 = ORIENTED_EDGE('',*,*,#1371,.T.);
#1879 = PLANE('',#1880);
#1880 = AXIS2_PLACEMENT_3D('',#1881,#1882,#1883);
#1881 = CARTESIAN_POINT('',(-36.975,29.348817707253,2.56715075204));
#1882 = DIRECTION('',(-1.,1.673321045838E-14,-3.707529806979E-16));
#1883 = DIRECTION('',(-1.673321045838E-14,-1.,0.));
#1884 = ADVANCED_FACE('',(#1885),#1903,.T.);
#1885 = FACE_BOUND('',#1886,.F.);
#1886 = EDGE_LOOP('',(#1887,#1895,#1896,#1897));
#1887 = ORIENTED_EDGE('',*,*,#1888,.F.);
#1888 = EDGE_CURVE('',#393,#1889,#1891,.T.);
#1889 = VERTEX_POINT('',#1890);
#1890 = CARTESIAN_POINT('',(-27.175,29.97609230328,-3.01980662698E-14));
#1891 = LINE('',#1892,#1893);
#1892 = CARTESIAN_POINT('',(-27.175,30.384430495041,0.40833819176));
#1893 = VECTOR('',#1894,1.);
#1894 = DIRECTION('',(-1.783125401444E-15,-0.707106781187,
    -0.707106781186));
#1895 = ORIENTED_EDGE('',*,*,#400,.T.);
#1896 = ORIENTED_EDGE('',*,*,#1849,.T.);
#1897 = ORIENTED_EDGE('',*,*,#1898,.F.);
#1898 = EDGE_CURVE('',#1889,#1850,#1899,.T.);
#1899 = LINE('',#1900,#1901);
#1900 = CARTESIAN_POINT('',(-27.175,29.97609230328,-2.805543214415E-14)
  );
#1901 = VECTOR('',#1902,1.);
#1902 = DIRECTION('',(-1.,0.,0.));
#1903 = PLANE('',#1904);
#1904 = AXIS2_PLACEMENT_3D('',#1905,#1906,#1907);
#1905 = CARTESIAN_POINT('',(-27.175,30.17609230328,0.2));
#1906 = DIRECTION('',(1.122422943548E-15,0.707106781186,-0.707106781187)
  );
#1907 = DIRECTION('',(1.,-7.936728747417E-16,7.936728747428E-16));
#1908 = ADVANCED_FACE('',(#1909),#1943,.T.);
#1909 = FACE_BOUND('',#1910,.T.);
#1910 = EDGE_LOOP('',(#1911,#1919,#1920,#1921,#1929,#1937));
#1911 = ORIENTED_EDGE('',*,*,#1912,.T.);
#1912 = EDGE_CURVE('',#1913,#1889,#1915,.T.);
#1913 = VERTEX_POINT('',#1914);
#1914 = CARTESIAN_POINT('',(-27.175,27.625,-2.274737249175E-14));
#1915 = LINE('',#1916,#1917);
#1916 = CARTESIAN_POINT('',(-27.175,28.625,-4.440892098501E-15));
#1917 = VECTOR('',#1918,1.);
#1918 = DIRECTION('',(0.,1.,0.));
#1919 = ORIENTED_EDGE('',*,*,#1888,.F.);
#1920 = ORIENTED_EDGE('',*,*,#392,.F.);
#1921 = ORIENTED_EDGE('',*,*,#1922,.F.);
#1922 = EDGE_CURVE('',#1923,#385,#1925,.T.);
#1923 = VERTEX_POINT('',#1924);
#1924 = CARTESIAN_POINT('',(-27.175,28.625,4.2));
#1925 = LINE('',#1926,#1927);
#1926 = CARTESIAN_POINT('',(-27.175,28.625,4.2));
#1927 = VECTOR('',#1928,1.);
#1928 = DIRECTION('',(0.,1.,0.));
#1929 = ORIENTED_EDGE('',*,*,#1930,.T.);
#1930 = EDGE_CURVE('',#1923,#1931,#1933,.T.);
#1931 = VERTEX_POINT('',#1932);
#1932 = CARTESIAN_POINT('',(-27.175,28.625,1.000000000003));
#1933 = LINE('',#1934,#1935);
#1934 = CARTESIAN_POINT('',(-27.175,28.625,4.2));
#1935 = VECTOR('',#1936,1.);
#1936 = DIRECTION('',(0.,0.,-1.));
#1937 = ORIENTED_EDGE('',*,*,#1938,.T.);
#1938 = EDGE_CURVE('',#1931,#1913,#1939,.T.);
#1939 = LINE('',#1940,#1941);
#1940 = CARTESIAN_POINT('',(-27.175,28.625,1.000000000003));
#1941 = VECTOR('',#1942,1.);
#1942 = DIRECTION('',(-9.891582489691E-15,-0.707106781185,
    -0.707106781188));
#1943 = PLANE('',#1944);
#1944 = AXIS2_PLACEMENT_3D('',#1945,#1946,#1947);
#1945 = CARTESIAN_POINT('',(-27.175,29.316914212111,1.892530858214));
#1946 = DIRECTION('',(1.,-2.062947531961E-15,-4.587725941725E-16));
#1947 = DIRECTION('',(2.062947531961E-15,1.,0.));
#1948 = ADVANCED_FACE('',(#1949),#1967,.F.);
#1949 = FACE_BOUND('',#1950,.F.);
#1950 = EDGE_LOOP('',(#1951,#1952,#1953,#1961));
#1951 = ORIENTED_EDGE('',*,*,#384,.F.);
#1952 = ORIENTED_EDGE('',*,*,#1922,.F.);
#1953 = ORIENTED_EDGE('',*,*,#1954,.F.);
#1954 = EDGE_CURVE('',#1955,#1923,#1957,.T.);
#1955 = VERTEX_POINT('',#1956);
#1956 = CARTESIAN_POINT('',(17.175,28.625,4.2));
#1957 = LINE('',#1958,#1959);
#1958 = CARTESIAN_POINT('',(36.975,28.625,4.2));
#1959 = VECTOR('',#1960,1.);
#1960 = DIRECTION('',(-1.,0.,0.));
#1961 = ORIENTED_EDGE('',*,*,#1962,.T.);
#1962 = EDGE_CURVE('',#1955,#377,#1963,.T.);
#1963 = LINE('',#1964,#1965);
#1964 = CARTESIAN_POINT('',(17.175,28.625,4.2));
#1965 = VECTOR('',#1966,1.);
#1966 = DIRECTION('',(0.,1.,0.));
#1967 = PLANE('',#1968);
#1968 = AXIS2_PLACEMENT_3D('',#1969,#1970,#1971);
#1969 = CARTESIAN_POINT('',(-3.341473765229E-14,29.500546151641,4.2));
#1970 = DIRECTION('',(0.,0.,1.));
#1971 = DIRECTION('',(1.,0.,0.));
#1972 = ADVANCED_FACE('',(#1973),#2007,.T.);
#1973 = FACE_BOUND('',#1974,.T.);
#1974 = EDGE_LOOP('',(#1975,#1976,#1984,#1992,#2000,#2006));
#1975 = ORIENTED_EDGE('',*,*,#376,.T.);
#1976 = ORIENTED_EDGE('',*,*,#1977,.T.);
#1977 = EDGE_CURVE('',#369,#1978,#1980,.T.);
#1978 = VERTEX_POINT('',#1979);
#1979 = CARTESIAN_POINT('',(17.175,29.97609230328,2.448041769298E-14));
#1980 = LINE('',#1981,#1982);
#1981 = CARTESIAN_POINT('',(17.175,30.384430495041,0.40833819176));
#1982 = VECTOR('',#1983,1.);
#1983 = DIRECTION('',(-1.783125401444E-15,-0.707106781187,
    -0.707106781186));
#1984 = ORIENTED_EDGE('',*,*,#1985,.T.);
#1985 = EDGE_CURVE('',#1978,#1986,#1988,.T.);
#1986 = VERTEX_POINT('',#1987);
#1987 = CARTESIAN_POINT('',(17.175,27.625,1.171950130774E-14));
#1988 = LINE('',#1989,#1990);
#1989 = CARTESIAN_POINT('',(17.175,28.625,-4.440892098501E-15));
#1990 = VECTOR('',#1991,1.);
#1991 = DIRECTION('',(-1.398881011028E-14,-1.,0.));
#1992 = ORIENTED_EDGE('',*,*,#1993,.F.);
#1993 = EDGE_CURVE('',#1994,#1986,#1996,.T.);
#1994 = VERTEX_POINT('',#1995);
#1995 = CARTESIAN_POINT('',(17.175,28.625,1.000000000003));
#1996 = LINE('',#1997,#1998);
#1997 = CARTESIAN_POINT('',(17.175,28.625,1.000000000003));
#1998 = VECTOR('',#1999,1.);
#1999 = DIRECTION('',(-9.891582489691E-15,-0.707106781185,
    -0.707106781188));
#2000 = ORIENTED_EDGE('',*,*,#2001,.F.);
#2001 = EDGE_CURVE('',#1955,#1994,#2002,.T.);
#2002 = LINE('',#2003,#2004);
#2003 = CARTESIAN_POINT('',(17.175,28.625,4.2));
#2004 = VECTOR('',#2005,1.);
#2005 = DIRECTION('',(0.,0.,-1.));
#2006 = ORIENTED_EDGE('',*,*,#1962,.T.);
#2007 = PLANE('',#2008);
#2008 = AXIS2_PLACEMENT_3D('',#2009,#2010,#2011);
#2009 = CARTESIAN_POINT('',(17.175,29.316914212111,1.892530858214));
#2010 = DIRECTION('',(-1.,2.062947531961E-15,4.587725941724E-16));
#2011 = DIRECTION('',(-2.062947531961E-15,-1.,0.));
#2012 = ADVANCED_FACE('',(#2013),#2024,.T.);
#2013 = FACE_BOUND('',#2014,.T.);
#2014 = EDGE_LOOP('',(#2015,#2016,#2017,#2018));
#2015 = ORIENTED_EDGE('',*,*,#1977,.F.);
#2016 = ORIENTED_EDGE('',*,*,#368,.T.);
#2017 = ORIENTED_EDGE('',*,*,#840,.T.);
#2018 = ORIENTED_EDGE('',*,*,#2019,.F.);
#2019 = EDGE_CURVE('',#1978,#833,#2020,.T.);
#2020 = LINE('',#2021,#2022);
#2021 = CARTESIAN_POINT('',(17.175,29.97609230328,2.663628164267E-14));
#2022 = VECTOR('',#2023,1.);
#2023 = DIRECTION('',(1.,0.,0.));
#2024 = PLANE('',#2025);
#2025 = AXIS2_PLACEMENT_3D('',#2026,#2027,#2028);
#2026 = CARTESIAN_POINT('',(17.175,30.17609230328,0.2));
#2027 = DIRECTION('',(1.118947949915E-15,0.707106781186,-0.707106781187)
  );
#2028 = DIRECTION('',(1.,-7.91215683179E-16,7.912156831801E-16));
#2029 = ADVANCED_FACE('',(#2030),#2161,.F.);
#2030 = FACE_BOUND('',#2031,.F.);
#2031 = EDGE_LOOP('',(#2032,#2033,#2034,#2091,#2103,#2113,#2155));
#2032 = ORIENTED_EDGE('',*,*,#633,.F.);
#2033 = ORIENTED_EDGE('',*,*,#1570,.T.);
#2034 = ORIENTED_EDGE('',*,*,#2035,.T.);
#2035 = EDGE_CURVE('',#1571,#2036,#2038,.T.);
#2036 = VERTEX_POINT('',#2037);
#2037 = CARTESIAN_POINT('',(37.904558459049,49.759338809475,
    12.36342689955));
#2038 = B_SPLINE_CURVE_WITH_KNOTS('',6,(#2039,#2040,#2041,#2042,#2043,
    #2044,#2045,#2046,#2047,#2048,#2049,#2050,#2051,#2052,#2053,#2054,
    #2055,#2056,#2057,#2058,#2059,#2060,#2061,#2062,#2063,#2064,#2065,
    #2066,#2067,#2068,#2069,#2070,#2071,#2072,#2073,#2074,#2075,#2076,
    #2077,#2078,#2079,#2080,#2081,#2082,#2083,#2084,#2085,#2086,#2087,
    #2088,#2089,#2090),.UNSPECIFIED.,.F.,.F.,(7,5,5,5,5,5,5,5,5,5,7),(0.
    ,4.684881096048E-03,3.915673875423E-02,0.112851970873,0.19244958297,
    0.23328088735,0.31750762199,0.427729523613,0.581589233209,
    0.744516642181,1.),.UNSPECIFIED.);
#2039 = CARTESIAN_POINT('',(38.299031441449,48.866,11.418865146384));
#2040 = CARTESIAN_POINT('',(38.299031441449,48.867314524261,
    11.420255043842));
#2041 = CARTESIAN_POINT('',(38.299029755995,48.86893814121,
    11.42197175698));
#2042 = CARTESIAN_POINT('',(38.299024653084,48.870587066423,
    11.423715229529));
#2043 = CARTESIAN_POINT('',(38.29901722843,48.872135144538,
    11.42535207253));
#2044 = CARTESIAN_POINT('',(38.299008463265,48.873613184117,
    11.426914861072));
#2045 = CARTESIAN_POINT('',(38.298906652025,48.88694527116,
    11.441011393516));
#2046 = CARTESIAN_POINT('',(38.298680074072,48.898664391775,
    11.453402474029));
#2047 = CARTESIAN_POINT('',(38.298317288456,48.910359063141,
    11.465767703404));
#2048 = CARTESIAN_POINT('',(38.297819514936,48.922022156372,
    11.478099543992));
#2049 = CARTESIAN_POINT('',(38.297188452846,48.933646004908,
    11.490389889642));
#2050 = CARTESIAN_POINT('',(38.294796881689,48.969970866428,
    11.528797573845));
#2051 = CARTESIAN_POINT('',(38.292568160044,48.99450573874,
    11.554739245425));
#2052 = CARTESIAN_POINT('',(38.289761765598,49.018741058534,
    11.580364188515));
#2053 = CARTESIAN_POINT('',(38.286411880227,49.042589122839,
    11.605579671365));
#2054 = CARTESIAN_POINT('',(38.282564351444,49.065963561681,
    11.630294371653));
#2055 = CARTESIAN_POINT('',(38.273643824223,49.113428862124,
    11.680481273784));
#2056 = CARTESIAN_POINT('',(38.268496030656,49.137433417516,
    11.705862220727));
#2057 = CARTESIAN_POINT('',(38.262903913178,49.160690513959,
    11.730452850348));
#2058 = CARTESIAN_POINT('',(38.256945921069,49.183131849467,
    11.75418094431));
#2059 = CARTESIAN_POINT('',(38.250699901981,49.204718832594,
    11.77700569838));
#2060 = CARTESIAN_POINT('',(38.24091947541,49.236061850735,
    11.81014588646));
#2061 = CARTESIAN_POINT('',(38.237545670849,49.246460444439,
    11.82114072268));
#2062 = CARTESIAN_POINT('',(38.23412331059,49.256629741373,
    11.831893114538));
#2063 = CARTESIAN_POINT('',(38.230660806739,49.266570252873,
    11.842403602686));
#2064 = CARTESIAN_POINT('',(38.22716577855,49.276284072944,
    11.852674401199));
#2065 = CARTESIAN_POINT('',(38.216382505458,49.305352492886,
    11.883409568429));
#2066 = CARTESIAN_POINT('',(38.209011052341,49.323979249041,
    11.903104359771));
#2067 = CARTESIAN_POINT('',(38.201589301817,49.341689408467,
    11.921829997858));
#2068 = CARTESIAN_POINT('',(38.19416127339,49.358532222462,11.939638558)
  );
#2069 = CARTESIAN_POINT('',(38.186758431895,49.374564670728,
    11.956590287042));
#2070 = CARTESIAN_POINT('',(38.169774487346,49.409839499808,
    11.993887731243));
#2071 = CARTESIAN_POINT('',(38.160228192473,49.428541792045,
    12.013662389812));
#2072 = CARTESIAN_POINT('',(38.150808750436,49.446083742846,
    12.0322101744));
#2073 = CARTESIAN_POINT('',(38.141542195985,49.462583465243,
    12.049655970496));
#2074 = CARTESIAN_POINT('',(38.132440480404,49.478146227013,
    12.066111081799));
#2075 = CARTESIAN_POINT('',(38.111037315113,49.513413838247,
    12.103400894291));
#2076 = CARTESIAN_POINT('',(38.098898920133,49.53231377815,
    12.123384533399));
#2077 = CARTESIAN_POINT('',(38.087102398673,49.549820791394,
    12.141895377154));
#2078 = CARTESIAN_POINT('',(38.075640989737,49.5661211111,
    12.159130337054));
#2079 = CARTESIAN_POINT('',(38.064501555275,49.581367005952,
    12.175250412682));
#2080 = CARTESIAN_POINT('',(38.042191772951,49.610844894656,
    12.206418527106));
#2081 = CARTESIAN_POINT('',(38.031060287981,49.624961867865,
    12.221344950119));
#2082 = CARTESIAN_POINT('',(38.02025192895,49.638181073917,
    12.235322129115));
#2083 = CARTESIAN_POINT('',(38.009747198676,49.650613315856,
    12.248467220447));
#2084 = CARTESIAN_POINT('',(37.999527107676,49.662345505814,
    12.260872119684));
#2085 = CARTESIAN_POINT('',(37.973965699166,49.690868040345,
    12.291030101108));
#2086 = CARTESIAN_POINT('',(37.959014693987,49.70674367835,
    12.307816028583));
#2087 = CARTESIAN_POINT('',(37.944651353232,49.721361384072,
    12.323271895492));
#2088 = CARTESIAN_POINT('',(37.930818966158,49.73490734503,
    12.337594565117));
#2089 = CARTESIAN_POINT('',(37.91746886963,49.747528201118,
    12.350939085501));
#2090 = CARTESIAN_POINT('',(37.904558459049,49.759338809475,
    12.36342689955));
#2091 = ORIENTED_EDGE('',*,*,#2092,.T.);
#2092 = EDGE_CURVE('',#2036,#2093,#2095,.T.);
#2093 = VERTEX_POINT('',#2094);
#2094 = CARTESIAN_POINT('',(37.798193778265,49.846183286642,
    12.429451298206));
#2095 = B_SPLINE_CURVE_WITH_KNOTS('',6,(#2096,#2097,#2098,#2099,#2100,
    #2101,#2102),.UNSPECIFIED.,.F.,.F.,(7,7),(0.,1.),
  .PIECEWISE_BEZIER_KNOTS.);
#2096 = CARTESIAN_POINT('',(37.904558459049,49.759338809475,
    12.36342689955));
#2097 = CARTESIAN_POINT('',(37.887170036935,49.775245959928,
    12.380246146358));
#2098 = CARTESIAN_POINT('',(37.86905388269,49.791078754156,
    12.394264638956));
#2099 = CARTESIAN_POINT('',(37.850769193256,49.806269244378,
    12.405744664515));
#2100 = CARTESIAN_POINT('',(37.832675878825,49.820592731936,
    12.415166547446));
#2101 = CARTESIAN_POINT('',(37.81506056182,49.83392355173,
    12.422912868456));
#2102 = CARTESIAN_POINT('',(37.798193778265,49.846183286642,
    12.429451298206));
#2103 = ORIENTED_EDGE('',*,*,#2104,.T.);
#2104 = EDGE_CURVE('',#2093,#2105,#2107,.T.);
#2105 = VERTEX_POINT('',#2106);
#2106 = CARTESIAN_POINT('',(37.772744836231,49.864190155239,
    12.404035080433));
#2107 = B_SPLINE_CURVE_WITH_KNOTS('',4,(#2108,#2109,#2110,#2111,#2112),
  .UNSPECIFIED.,.F.,.F.,(5,5),(0.,1.),.PIECEWISE_BEZIER_KNOTS.);
#2108 = CARTESIAN_POINT('',(37.798193778265,49.846183286642,
    12.429451298206));
#2109 = CARTESIAN_POINT('',(37.791982579206,49.850697938396,
    12.423574443735));
#2110 = CARTESIAN_POINT('',(37.785653503364,49.855218893156,
    12.417397051685));
#2111 = CARTESIAN_POINT('',(37.779228409882,49.859725383946,
    12.410890414187));
#2112 = CARTESIAN_POINT('',(37.772744836231,49.864190155239,
    12.404035080433));
#2113 = ORIENTED_EDGE('',*,*,#2114,.T.);
#2114 = EDGE_CURVE('',#2105,#2115,#2117,.T.);
#2115 = VERTEX_POINT('',#2116);
#2116 = CARTESIAN_POINT('',(37.075,50.080907696705,11.666282417297));
#2117 = B_SPLINE_CURVE_WITH_KNOTS('',6,(#2118,#2119,#2120,#2121,#2122,
    #2123,#2124,#2125,#2126,#2127,#2128,#2129,#2130,#2131,#2132,#2133,
    #2134,#2135,#2136,#2137,#2138,#2139,#2140,#2141,#2142,#2143,#2144,
    #2145,#2146,#2147,#2148,#2149,#2150,#2151,#2152,#2153,#2154),
  .UNSPECIFIED.,.F.,.F.,(7,5,5,5,5,5,5,7),(0.,0.279954097218,
    0.483199093368,0.623371386041,0.728866741994,0.841295772981,
    0.977014022976,1.),.UNSPECIFIED.);
#2118 = CARTESIAN_POINT('',(37.772744836231,49.864190155239,
    12.404035080433));
#2119 = CARTESIAN_POINT('',(37.758677798922,49.87387711304,
    12.389161456583));
#2120 = CARTESIAN_POINT('',(37.743718074475,49.883831592756,
    12.373343960017));
#2121 = CARTESIAN_POINT('',(37.727748371514,49.89406720398,
    12.356458574018));
#2122 = CARTESIAN_POINT('',(37.710624036614,49.904594614348,
    12.33835235091));
#2123 = CARTESIAN_POINT('',(37.692165566313,49.915420770113,
    12.318835494726));
#2124 = CARTESIAN_POINT('',(37.657566535565,49.934611869426,
    12.2822525983));
#2125 = CARTESIAN_POINT('',(37.642178510327,49.942837536527,
    12.265982242705));
#2126 = CARTESIAN_POINT('',(37.625857352858,49.951214254703,
    12.24872525023));
#2127 = CARTESIAN_POINT('',(37.608489975333,49.959734769543,
    12.230362048733));
#2128 = CARTESIAN_POINT('',(37.589938077161,49.9683813307,12.21074640764
    ));
#2129 = CARTESIAN_POINT('',(37.556296147347,49.983146922774,
    12.175175491132));
#2130 = CARTESIAN_POINT('',(37.541919710128,49.989216986214,
    12.159974726763));
#2131 = CARTESIAN_POINT('',(37.526841168206,49.995318890005,
    12.144031599876));
#2132 = CARTESIAN_POINT('',(37.510997876556,50.001436089841,
    12.127279873456));
#2133 = CARTESIAN_POINT('',(37.494321124375,50.007544306306,
    12.109646896907));
#2134 = CARTESIAN_POINT('',(37.463500266403,50.018173305426,
    12.077058809016));
#2135 = CARTESIAN_POINT('',(37.449750998694,50.022712689707,
    12.062521175283));
#2136 = CARTESIAN_POINT('',(37.435455877145,50.027212288326,
    12.047406389124));
#2137 = CARTESIAN_POINT('',(37.420582887374,50.031653095594,
    12.031680600495));
#2138 = CARTESIAN_POINT('',(37.405101364877,50.036011171928,
    12.015311386623));
#2139 = CARTESIAN_POINT('',(37.371806466575,50.044781643447,
    11.980107399986));
#2140 = CARTESIAN_POINT('',(37.35390717531,50.049178599632,
    11.961181785473));
#2141 = CARTESIAN_POINT('',(37.335253514763,50.05341195547,
    11.941458547075));
#2142 = CARTESIAN_POINT('',(37.315819897759,50.057437201174,
    11.920910630481));
#2143 = CARTESIAN_POINT('',(37.295594054799,50.061202267426,
    11.899525062673));
#2144 = CARTESIAN_POINT('',(37.249221227377,50.068809001698,
    11.850493274616));
#2145 = CARTESIAN_POINT('',(37.222710208678,50.072505761221,
    11.822462146857));
#2146 = CARTESIAN_POINT('',(37.195076210171,50.075635284473,
    11.793243649015));
#2147 = CARTESIAN_POINT('',(37.166378964346,50.078083026426,
    11.762900938567));
#2148 = CARTESIAN_POINT('',(37.13672388472,50.07973864847,
    11.731545473312));
#2149 = CARTESIAN_POINT('',(37.101116303581,50.080641922312,
    11.69389619746));
#2150 = CARTESIAN_POINT('',(37.095936087035,50.080747425601,
    11.688418953697));
#2151 = CARTESIAN_POINT('',(37.090733605741,50.080827166933,
    11.682918168554));
#2152 = CARTESIAN_POINT('',(37.085509593641,50.080880725046,
    11.677394618053));
#2153 = CARTESIAN_POINT('',(37.080264802119,50.080907696705,
    11.671849096664));
#2154 = CARTESIAN_POINT('',(37.075,50.080907696705,11.666282417297));
#2155 = ORIENTED_EDGE('',*,*,#2156,.F.);
#2156 = EDGE_CURVE('',#636,#2115,#2157,.T.);
#2157 = LINE('',#2158,#2159);
#2158 = CARTESIAN_POINT('',(37.075,50.080907696705,12.756261313286));
#2159 = VECTOR('',#2160,1.);
#2160 = DIRECTION('',(0.,0.,-1.));
#2161 = SURFACE_OF_LINEAR_EXTRUSION('',#2162,#2167);
#2162 = CIRCLE('',#2163,1.224031441449);
#2163 = AXIS2_PLACEMENT_3D('',#2164,#2165,#2166);
#2164 = CARTESIAN_POINT('',(37.075,48.866,12.607089405269));
#2165 = DIRECTION('',(0.,-0.121869343357,0.992546151647));
#2166 = DIRECTION('',(1.,0.,0.));
#2167 = VECTOR('',#2168,1.);
#2168 = DIRECTION('',(0.,0.,1.));
#2169 = ADVANCED_FACE('',(#2170),#2189,.F.);
#2170 = FACE_BOUND('',#2171,.F.);
#2171 = EDGE_LOOP('',(#2172,#2180,#2186,#2187,#2188));
#2172 = ORIENTED_EDGE('',*,*,#2173,.T.);
#2173 = EDGE_CURVE('',#668,#2174,#2176,.T.);
#2174 = VERTEX_POINT('',#2175);
#2175 = CARTESIAN_POINT('',(-21.09,31.080021577127,7.602218344));
#2176 = LINE('',#2177,#2178);
#2177 = CARTESIAN_POINT('',(-21.09,30.738787415728,10.381347568612));
#2178 = VECTOR('',#2179,1.);
#2179 = DIRECTION('',(0.,0.121869343357,-0.992546151647));
#2180 = ORIENTED_EDGE('',*,*,#2181,.T.);
#2181 = EDGE_CURVE('',#2174,#1672,#2182,.T.);
#2182 = LINE('',#2183,#2184);
#2183 = CARTESIAN_POINT('',(-21.09,31.080021577128,7.602218344));
#2184 = VECTOR('',#2185,1.);
#2185 = DIRECTION('',(1.,0.,0.));
#2186 = ORIENTED_EDGE('',*,*,#1681,.T.);
#2187 = ORIENTED_EDGE('',*,*,#1648,.F.);
#2188 = ORIENTED_EDGE('',*,*,#667,.F.);
#2189 = PLANE('',#2190);
#2190 = AXIS2_PLACEMENT_3D('',#2191,#2192,#2193);
#2191 = CARTESIAN_POINT('',(-21.09,30.738787415728,10.381347568612));
#2192 = DIRECTION('',(0.,-0.992546151647,-0.121869343357));
#2193 = DIRECTION('',(1.,0.,0.));
#2194 = ADVANCED_FACE('',(#2195),#2213,.F.);
#2195 = FACE_BOUND('',#2196,.F.);
#2196 = EDGE_LOOP('',(#2197,#2205,#2211,#2212));
#2197 = ORIENTED_EDGE('',*,*,#2198,.T.);
#2198 = EDGE_CURVE('',#676,#2199,#2201,.T.);
#2199 = VERTEX_POINT('',#2200);
#2200 = CARTESIAN_POINT('',(-21.09,34.057660032069,7.96782637407));
#2201 = LINE('',#2202,#2203);
#2202 = CARTESIAN_POINT('',(-21.09,33.71642587067,10.746955598683));
#2203 = VECTOR('',#2204,1.);
#2204 = DIRECTION('',(0.,0.121869343357,-0.992546151647));
#2205 = ORIENTED_EDGE('',*,*,#2206,.T.);
#2206 = EDGE_CURVE('',#2199,#2174,#2207,.T.);
#2207 = LINE('',#2208,#2209);
#2208 = CARTESIAN_POINT('',(-21.09,34.057660032069,7.96782637407));
#2209 = VECTOR('',#2210,1.);
#2210 = DIRECTION('',(0.,-0.992546151647,-0.121869343357));
#2211 = ORIENTED_EDGE('',*,*,#2173,.F.);
#2212 = ORIENTED_EDGE('',*,*,#675,.F.);
#2213 = PLANE('',#2214);
#2214 = AXIS2_PLACEMENT_3D('',#2215,#2216,#2217);
#2215 = CARTESIAN_POINT('',(-21.09,33.71642587067,10.746955598683));
#2216 = DIRECTION('',(-1.,0.,0.));
#2217 = DIRECTION('',(0.,-0.992546151647,-0.121869343357));
#2218 = ADVANCED_FACE('',(#2219),#2239,.T.);
#2219 = FACE_BOUND('',#2220,.T.);
#2220 = EDGE_LOOP('',(#2221,#2222,#2223,#2224,#2232,#2238));
#2221 = ORIENTED_EDGE('',*,*,#1762,.F.);
#2222 = ORIENTED_EDGE('',*,*,#683,.T.);
#2223 = ORIENTED_EDGE('',*,*,#2198,.T.);
#2224 = ORIENTED_EDGE('',*,*,#2225,.T.);
#2225 = EDGE_CURVE('',#2199,#2226,#2228,.T.);
#2226 = VERTEX_POINT('',#2227);
#2227 = CARTESIAN_POINT('',(-20.69,34.057660032069,7.96782637407));
#2228 = LINE('',#2229,#2230);
#2229 = CARTESIAN_POINT('',(-24.09,34.057660032069,7.96782637407));
#2230 = VECTOR('',#2231,1.);
#2231 = DIRECTION('',(1.,0.,0.));
#2232 = ORIENTED_EDGE('',*,*,#2233,.T.);
#2233 = EDGE_CURVE('',#2226,#1728,#2234,.T.);
#2234 = LINE('',#2235,#2236);
#2235 = CARTESIAN_POINT('',(-20.69,34.057660032069,7.96782637407));
#2236 = VECTOR('',#2237,1.);
#2237 = DIRECTION('',(0.,0.121869343357,-0.992546151647));
#2238 = ORIENTED_EDGE('',*,*,#1735,.F.);
#2239 = PLANE('',#2240);
#2240 = AXIS2_PLACEMENT_3D('',#2241,#2242,#2243);
#2241 = CARTESIAN_POINT('',(-22.46777777777,33.957456349754,
    8.783919876536));
#2242 = DIRECTION('',(-3.211954817936E-16,0.992546151647,0.121869343357)
  );
#2243 = DIRECTION('',(0.,-0.121869343357,0.992546151647));
#2244 = ADVANCED_FACE('',(#2245),#2381,.F.);
#2245 = FACE_BOUND('',#2246,.F.);
#2246 = EDGE_LOOP('',(#2247,#2248,#2256,#2293,#2303,#2315,#2380));
#2247 = ORIENTED_EDGE('',*,*,#706,.F.);
#2248 = ORIENTED_EDGE('',*,*,#2249,.T.);
#2249 = EDGE_CURVE('',#707,#2250,#2252,.T.);
#2250 = VERTEX_POINT('',#2251);
#2251 = CARTESIAN_POINT('',(-37.075,50.080907696705,11.666282417297));
#2252 = LINE('',#2253,#2254);
#2253 = CARTESIAN_POINT('',(-37.075,50.080907696705,12.756261313286));
#2254 = VECTOR('',#2255,1.);
#2255 = DIRECTION('',(0.,0.,-1.));
#2256 = ORIENTED_EDGE('',*,*,#2257,.T.);
#2257 = EDGE_CURVE('',#2250,#2258,#2260,.T.);
#2258 = VERTEX_POINT('',#2259);
#2259 = CARTESIAN_POINT('',(-37.77274483623,49.864190155239,
    12.404035080433));
#2260 = B_SPLINE_CURVE_WITH_KNOTS('',6,(#2261,#2262,#2263,#2264,#2265,
    #2266,#2267,#2268,#2269,#2270,#2271,#2272,#2273,#2274,#2275,#2276,
    #2277,#2278,#2279,#2280,#2281,#2282,#2283,#2284,#2285,#2286,#2287,
    #2288,#2289,#2290,#2291,#2292),.UNSPECIFIED.,.F.,.F.,(7,5,5,5,5,5,7)
  ,(0.,2.286883999968E-02,0.210543215258,0.334499518837,0.501589108925,
    0.745359692068,1.),.UNSPECIFIED.);
#2261 = CARTESIAN_POINT('',(-37.075,50.080907696705,11.666282417297));
#2262 = CARTESIAN_POINT('',(-37.08023864081,50.080907696705,
    11.671821435299));
#2263 = CARTESIAN_POINT('',(-37.08545746935,50.080880992434,
    11.677339505027));
#2264 = CARTESIAN_POINT('',(-37.09065572828,50.080827963375,
    11.682835825696));
#2265 = CARTESIAN_POINT('',(-37.09583267727,50.08074900669,
    11.688309614551));
#2266 = CARTESIAN_POINT('',(-37.10098759308,50.080644537224,
    11.693760106865));
#2267 = CARTESIAN_POINT('',(-37.14823725356,50.079451830672,
    11.743719004503));
#2268 = CARTESIAN_POINT('',(-37.18884224238,50.076699024866,
    11.78665223322));
#2269 = CARTESIAN_POINT('',(-37.22748335757,50.07249424219,
    11.82750898221));
#2270 = CARTESIAN_POINT('',(-37.26394866474,50.067160784588,
    11.866065165043));
#2271 = CARTESIAN_POINT('',(-37.2981873503,50.060983711632,
    11.902267054542));
#2272 = CARTESIAN_POINT('',(-37.35141048106,50.049720533707,
    11.958541933867));
#2273 = CARTESIAN_POINT('',(-37.37163636135,50.044974040291,
    11.979927541141));
#2274 = CARTESIAN_POINT('',(-37.39094178341,50.040026509801,
    12.000339912255));
#2275 = CARTESIAN_POINT('',(-37.40936694258,50.034931415748,
    12.019821547284));
#2276 = CARTESIAN_POINT('',(-37.4269612971,50.029731136463,
    12.038424740364));
#2277 = CARTESIAN_POINT('',(-37.46644335411,50.017349317275,
    12.08017064974));
#2278 = CARTESIAN_POINT('',(-37.48769107142,50.010109308741,
    12.102636684909));
#2279 = CARTESIAN_POINT('',(-37.50765157318,50.002815597182,
    12.123741697184));
#2280 = CARTESIAN_POINT('',(-37.52644726186,49.995520308742,
    12.14361510743));
#2281 = CARTESIAN_POINT('',(-37.54419057884,49.988256769531,
    12.162375804291));
#2282 = CARTESIAN_POINT('',(-37.58548274841,49.97052722552,
    12.206035615851));
#2283 = CARTESIAN_POINT('',(-37.60795132713,49.960124550545,
    12.229792515109));
#2284 = CARTESIAN_POINT('',(-37.62870568756,49.949904866281,
    12.251736904935));
#2285 = CARTESIAN_POINT('',(-37.64797831834,49.939895404748,
    12.272114604547));
#2286 = CARTESIAN_POINT('',(-37.6659595913,49.930107821362,
    12.291126901482));
#2287 = CARTESIAN_POINT('',(-37.70040527194,49.910549212309,
    12.327547654903));
#2288 = CARTESIAN_POINT('',(-37.71676326145,49.900800394394,
    12.344843591317));
#2289 = CARTESIAN_POINT('',(-37.73205619566,49.891296765941,
    12.361013403482));
#2290 = CARTESIAN_POINT('',(-37.7464170722,49.882033213139,
    12.37619771494));
#2291 = CARTESIAN_POINT('',(-37.75995018648,49.873000911155,
    12.390506801274));
#2292 = CARTESIAN_POINT('',(-37.77274483623,49.864190155239,
    12.404035080433));
#2293 = ORIENTED_EDGE('',*,*,#2294,.T.);
#2294 = EDGE_CURVE('',#2258,#2295,#2297,.T.);
#2295 = VERTEX_POINT('',#2296);
#2296 = CARTESIAN_POINT('',(-37.79819377826,49.846183286642,
    12.429451298206));
#2297 = B_SPLINE_CURVE_WITH_KNOTS('',4,(#2298,#2299,#2300,#2301,#2302),
  .UNSPECIFIED.,.F.,.F.,(5,5),(0.,1.),.PIECEWISE_BEZIER_KNOTS.);
#2298 = CARTESIAN_POINT('',(-37.77274483623,49.864190155239,
    12.404035080433));
#2299 = CARTESIAN_POINT('',(-37.77922840986,49.859725383959,
    12.410890414167));
#2300 = CARTESIAN_POINT('',(-37.78565350337,49.855218893149,
    12.417397051695));
#2301 = CARTESIAN_POINT('',(-37.79198257918,49.850697938408,
    12.42357444372));
#2302 = CARTESIAN_POINT('',(-37.79819377826,49.846183286642,
    12.429451298206));
#2303 = ORIENTED_EDGE('',*,*,#2304,.T.);
#2304 = EDGE_CURVE('',#2295,#2305,#2307,.T.);
#2305 = VERTEX_POINT('',#2306);
#2306 = CARTESIAN_POINT('',(-37.90455845904,49.759338809475,
    12.36342689955));
#2307 = B_SPLINE_CURVE_WITH_KNOTS('',6,(#2308,#2309,#2310,#2311,#2312,
    #2313,#2314),.UNSPECIFIED.,.F.,.F.,(7,7),(0.,1.),
  .PIECEWISE_BEZIER_KNOTS.);
#2308 = CARTESIAN_POINT('',(-37.79819377826,49.846183286642,
    12.429451298206));
#2309 = CARTESIAN_POINT('',(-37.81506056193,49.833923551643,
    12.42291286841));
#2310 = CARTESIAN_POINT('',(-37.8326758786,49.820592732022,
    12.415166546915));
#2311 = CARTESIAN_POINT('',(-37.8507691934,49.806269244353,
    12.405744665127));
#2312 = CARTESIAN_POINT('',(-37.86905388249,49.791078754291,
    12.394264638864));
#2313 = CARTESIAN_POINT('',(-37.88717003707,49.775245959804,
    12.380246146227));
#2314 = CARTESIAN_POINT('',(-37.90455845904,49.759338809475,
    12.36342689955));
#2315 = ORIENTED_EDGE('',*,*,#2316,.T.);
#2316 = EDGE_CURVE('',#2305,#1818,#2317,.T.);
#2317 = B_SPLINE_CURVE_WITH_KNOTS('',6,(#2318,#2319,#2320,#2321,#2322,
    #2323,#2324,#2325,#2326,#2327,#2328,#2329,#2330,#2331,#2332,#2333,
    #2334,#2335,#2336,#2337,#2338,#2339,#2340,#2341,#2342,#2343,#2344,
    #2345,#2346,#2347,#2348,#2349,#2350,#2351,#2352,#2353,#2354,#2355,
    #2356,#2357,#2358,#2359,#2360,#2361,#2362,#2363,#2364,#2365,#2366,
    #2367,#2368,#2369,#2370,#2371,#2372,#2373,#2374,#2375,#2376,#2377,
    #2378,#2379),.UNSPECIFIED.,.F.,.F.,(7,5,5,5,5,5,5,5,5,5,5,5,7),(0.,
    0.239595764866,0.405398354301,0.565690371366,0.672577009814,
    0.762601986779,0.805191955857,0.887610016774,0.96092076219,
    0.988929744709,0.994652178203,0.99730527252,1.),.UNSPECIFIED.);
#2318 = CARTESIAN_POINT('',(-37.90455845904,49.759338809475,
    12.36342689955));
#2319 = CARTESIAN_POINT('',(-37.916663799,49.748264690002,
    12.351717803748));
#2320 = CARTESIAN_POINT('',(-37.92915580658,49.736478145269,
    12.3392554331));
#2321 = CARTESIAN_POINT('',(-37.94206947684,49.723884485972,
    12.325939668938));
#2322 = CARTESIAN_POINT('',(-37.9554445555,49.710364773784,
    12.311644753156));
#2323 = CARTESIAN_POINT('',(-37.96932700855,49.695769254449,
    12.296212344773));
#2324 = CARTESIAN_POINT('',(-37.99376848343,49.668883399759,
    12.267784888391));
#2325 = CARTESIAN_POINT('',(-38.00403372206,49.657268328969,
    12.255503823791));
#2326 = CARTESIAN_POINT('',(-38.01458646688,49.644960536614,
    12.242490317828));
#2327 = CARTESIAN_POINT('',(-38.02544632677,49.631874001989,
    12.228653417475));
#2328 = CARTESIAN_POINT('',(-38.03663373044,49.617898925708,
    12.213877027584));
#2329 = CARTESIAN_POINT('',(-38.05932215753,49.588380615821,
    12.182666174276));
#2330 = CARTESIAN_POINT('',(-38.07079850959,49.572907090931,
    12.166305416585));
#2331 = CARTESIAN_POINT('',(-38.08261951138,49.556336057229,
    12.148784220283));
#2332 = CARTESIAN_POINT('',(-38.09480104965,49.538504130823,
    12.129929833246));
#2333 = CARTESIAN_POINT('',(-38.1073528591,49.519210356816,
    12.109529778073));
#2334 = CARTESIAN_POINT('',(-38.12887819995,49.484147978852,
    12.072456966673));
#2335 = CARTESIAN_POINT('',(-38.13764915273,49.469349013106,
    12.056809446515));
#2336 = CARTESIAN_POINT('',(-38.14657723679,49.453694881375,
    12.040257726209));
#2337 = CARTESIAN_POINT('',(-38.15565332757,49.437092660254,
    12.02270355424));
#2338 = CARTESIAN_POINT('',(-38.16485707979,49.419437471646,
    12.004036038928));
#2339 = CARTESIAN_POINT('',(-38.18198130034,49.384753182038,
    11.967362995005));
#2340 = CARTESIAN_POINT('',(-38.18987391536,49.368066933521,
    11.949719977612));
#2341 = CARTESIAN_POINT('',(-38.19780843097,49.350481785364,
    11.931126518784));
#2342 = CARTESIAN_POINT('',(-38.20575053022,49.331927018018,
    11.911507844002));
#2343 = CARTESIAN_POINT('',(-38.21365033736,49.312339715581,
    11.890797429841));
#2344 = CARTESIAN_POINT('',(-38.22512432226,49.281896524865,
    11.858608664179));
#2345 = CARTESIAN_POINT('',(-38.22878431454,49.271878650591,
    11.848016377371));
#2346 = CARTESIAN_POINT('',(-38.23241193298,49.26161528771,
    11.837164525942));
#2347 = CARTESIAN_POINT('',(-38.23599878935,49.251103625523,
    11.826050138031));
#2348 = CARTESIAN_POINT('',(-38.23953554434,49.240342643574,
    11.814672134672));
#2349 = CARTESIAN_POINT('',(-38.24973919849,49.208027994677,
    11.780504603729));
#2350 = CARTESIAN_POINT('',(-38.25624166225,49.185788078069,
    11.756989477778));
#2351 = CARTESIAN_POINT('',(-38.26244295952,49.162628920372,
    11.73250240259));
#2352 = CARTESIAN_POINT('',(-38.26825682527,49.138591050285,
    11.707086230729));
#2353 = CARTESIAN_POINT('',(-38.27359600214,49.113749132082,
    11.680819907626));
#2354 = CARTESIAN_POINT('',(-38.2826375772,49.06551401119,
    11.629819044493));
#2355 = CARTESIAN_POINT('',(-38.28645682141,49.04225855155,
    11.605230145527));
#2356 = CARTESIAN_POINT('',(-38.2897832833,49.018535503492,
    11.580146847201));
#2357 = CARTESIAN_POINT('',(-38.29257193325,48.994429878636,
    11.554659035596));
#2358 = CARTESIAN_POINT('',(-38.2947891664,48.970027952476,
    11.528857933137));
#2359 = CARTESIAN_POINT('',(-38.29703427505,48.936010404311,
    11.492889860786));
#2360 = CARTESIAN_POINT('',(-38.29756841101,48.926575165792,
    11.482913617346));
#2361 = CARTESIAN_POINT('',(-38.29801486223,48.917112950081,
    11.472908849876));
#2362 = CARTESIAN_POINT('',(-38.29837266483,48.907627924741,
    11.462879964901));
#2363 = CARTESIAN_POINT('',(-38.29864107042,48.898124027273,
    11.452831125694));
#2364 = CARTESIAN_POINT('',(-38.29885601002,48.886660153301,
    11.440709927351));
#2365 = CARTESIAN_POINT('',(-38.29888871986,48.884714707979,
    11.438652932597));
#2366 = CARTESIAN_POINT('',(-38.29891767101,48.882768660596,
    11.436595301263));
#2367 = CARTESIAN_POINT('',(-38.29894285909,48.88082204214,
    11.434537066108));
#2368 = CARTESIAN_POINT('',(-38.29896428008,48.878874883132,
    11.432478259408));
#2369 = CARTESIAN_POINT('',(-38.29899011336,48.876024214783,
    11.429464137258));
#2370 = CARTESIAN_POINT('',(-38.29899748596,48.875121106212,
    11.428509245558));
#2371 = CARTESIAN_POINT('',(-38.29900404762,48.874217890906,
    11.427554241001));
#2372 = CARTESIAN_POINT('',(-38.299009798,48.873314571836,
    11.426599126732));
#2373 = CARTESIAN_POINT('',(-38.29901473675,48.872411151967,
    11.425643905884));
#2374 = CARTESIAN_POINT('',(-38.29902305508,48.870589938258,
    11.423718266031));
#2375 = CARTESIAN_POINT('',(-38.29902640899,48.869672142044,
    11.422747844516));
#2376 = CARTESIAN_POINT('',(-38.2990289249,48.868754246733,
    11.421777318221));
#2377 = CARTESIAN_POINT('',(-38.2990306025,48.867836254951,
    11.420806689925));
#2378 = CARTESIAN_POINT('',(-38.29903144144,48.866918170829,
    11.419835963994));
#2379 = CARTESIAN_POINT('',(-38.29903144144,48.866,11.418865146384));
#2380 = ORIENTED_EDGE('',*,*,#1834,.F.);
#2381 = SURFACE_OF_LINEAR_EXTRUSION('',#2382,#2387);
#2382 = CIRCLE('',#2383,1.224031441449);
#2383 = AXIS2_PLACEMENT_3D('',#2384,#2385,#2386);
#2384 = CARTESIAN_POINT('',(-37.075,48.866,12.607089405269));
#2385 = DIRECTION('',(0.,-0.121869343357,0.992546151647));
#2386 = DIRECTION('',(1.,0.,0.));
#2387 = VECTOR('',#2388,1.);
#2388 = DIRECTION('',(0.,0.,1.));
#2389 = ADVANCED_FACE('',(#2390,#2509),#2543,.T.);
#2390 = FACE_BOUND('',#2391,.T.);
#2391 = EDGE_LOOP('',(#2392,#2393,#2394,#2416,#2447,#2453,#2454,#2462,
    #2493,#2508));
#2392 = ORIENTED_EDGE('',*,*,#715,.F.);
#2393 = ORIENTED_EDGE('',*,*,#2249,.T.);
#2394 = ORIENTED_EDGE('',*,*,#2395,.F.);
#2395 = EDGE_CURVE('',#2396,#2250,#2398,.T.);
#2396 = VERTEX_POINT('',#2397);
#2397 = CARTESIAN_POINT('',(-36.92839467207,50.080907696705,
    11.511270920989));
#2398 = B_SPLINE_CURVE_WITH_KNOTS('',6,(#2399,#2400,#2401,#2402,#2403,
    #2404,#2405,#2406,#2407,#2408,#2409,#2410,#2411,#2412,#2413,#2414,
    #2415),.UNSPECIFIED.,.F.,.F.,(7,5,5,7),(0.,0.489029602942,
    0.735783292779,1.),.UNSPECIFIED.);
#2399 = CARTESIAN_POINT('',(-36.92839467207,50.080907696705,
    11.511270920989));
#2400 = CARTESIAN_POINT('',(-36.94107154712,50.080907696705,
    11.524674672386));
#2401 = CARTESIAN_POINT('',(-36.95371327903,50.080907696705,
    11.538041265588));
#2402 = CARTESIAN_POINT('',(-36.96631815699,50.080907696705,
    11.551368891681));
#2403 = CARTESIAN_POINT('',(-36.9788843619,50.080907696705,
    11.564655627258));
#2404 = CARTESIAN_POINT('',(-36.99140996637,50.080907696705,
    11.577899434411));
#2405 = CARTESIAN_POINT('',(-37.01019156875,50.080907696705,
    11.597757950666));
#2406 = CARTESIAN_POINT('',(-37.01648907865,50.080907696705,
    11.604416552002));
#2407 = CARTESIAN_POINT('',(-37.02272730069,50.080907696705,
    11.611012465996));
#2408 = CARTESIAN_POINT('',(-37.02888112007,50.080907696705,
    11.617519137774));
#2409 = CARTESIAN_POINT('',(-37.03495775133,50.080907696705,
    11.623944195561));
#2410 = CARTESIAN_POINT('',(-37.04746162095,50.080907696705,
    11.637165021614));
#2411 = CARTESIAN_POINT('',(-37.05262628933,50.080907696705,
    11.642625825699));
#2412 = CARTESIAN_POINT('',(-37.05837892388,50.080907696705,
    11.648708309212));
#2413 = CARTESIAN_POINT('',(-37.0650829498,50.080907696705,
    11.655796735697));
#2414 = CARTESIAN_POINT('',(-37.07154129828,50.080907696705,
    11.662625397902));
#2415 = CARTESIAN_POINT('',(-37.075,50.080907696705,11.666282417297));
#2416 = ORIENTED_EDGE('',*,*,#2417,.F.);
#2417 = EDGE_CURVE('',#2418,#2396,#2420,.T.);
#2418 = VERTEX_POINT('',#2419);
#2419 = CARTESIAN_POINT('',(-34.175,50.080907696705,8.6));
#2420 = B_SPLINE_CURVE_WITH_KNOTS('',7,(#2421,#2422,#2423,#2424,#2425,
    #2426,#2427,#2428,#2429,#2430,#2431,#2432,#2433,#2434,#2435,#2436,
    #2437,#2438,#2439,#2440,#2441,#2442,#2443,#2444,#2445,#2446),
  .UNSPECIFIED.,.F.,.F.,(8,6,6,6,8),(0.,0.418384946116,0.711507586869,
    0.932781127066,1.),.UNSPECIFIED.);
#2421 = CARTESIAN_POINT('',(-34.175,50.080907696705,8.6));
#2422 = CARTESIAN_POINT('',(-34.34378948956,50.080907696705,
    8.775326109467));
#2423 = CARTESIAN_POINT('',(-34.51248643616,50.080907696705,
    8.950674116866));
#2424 = CARTESIAN_POINT('',(-34.68108034081,50.080907696705,
    9.126055017172));
#2425 = CARTESIAN_POINT('',(-34.84954701156,50.080907696705,
    9.301471795882));
#2426 = CARTESIAN_POINT('',(-35.01784395695,50.080907696705,
    9.476919929283));
#2427 = CARTESIAN_POINT('',(-35.18590865082,50.080907696705,
    9.652387851868));
#2428 = CARTESIAN_POINT('',(-35.47114614213,50.080907696705,
    9.950797175496));
#2429 = CARTESIAN_POINT('',(-35.58846803441,50.080907696705,
    10.073712401316));
#2430 = CARTESIAN_POINT('',(-35.70558733314,50.080907696705,
    10.196624006365));
#2431 = CARTESIAN_POINT('',(-35.82245203841,50.080907696705,
    10.319519950227));
#2432 = CARTESIAN_POINT('',(-35.93896322256,50.080907696705,
    10.442355901233));
#2433 = CARTESIAN_POINT('',(-36.0549705275,50.080907696705,
    10.565054628202));
#2434 = CARTESIAN_POINT('',(-36.25723650407,50.080907696705,
    10.779926701518));
#2435 = CARTESIAN_POINT('',(-36.34373748308,50.080907696705,
    10.872125735235));
#2436 = CARTESIAN_POINT('',(-36.4297092762,50.080907696705,
    10.964129232537));
#2437 = CARTESIAN_POINT('',(-36.51498788364,50.080907696705,
    11.055842691667));
#2438 = CARTESIAN_POINT('',(-36.5992529763,50.080907696705,
    11.147033244086));
#2439 = CARTESIAN_POINT('',(-36.68200491145,50.080907696705,
    11.237317578595));
#2440 = CARTESIAN_POINT('',(-36.7869975059,50.080907696705,
    11.353131091495));
#2441 = CARTESIAN_POINT('',(-36.81124932644,50.080907696705,
    11.379974338848));
#2442 = CARTESIAN_POINT('',(-36.83526690304,50.080907696705,
    11.406657560727));
#2443 = CARTESIAN_POINT('',(-36.85902304098,50.080907696705,
    11.43315769964));
#2444 = CARTESIAN_POINT('',(-36.88248659605,50.080907696705,
    11.459447676165));
#2445 = CARTESIAN_POINT('',(-36.90562298101,50.080907696705,
    11.485496756662));
#2446 = CARTESIAN_POINT('',(-36.92839467207,50.080907696705,
    11.511270920989));
#2447 = ORIENTED_EDGE('',*,*,#2448,.F.);
#2448 = EDGE_CURVE('',#1175,#2418,#2449,.T.);
#2449 = LINE('',#2450,#2451);
#2450 = CARTESIAN_POINT('',(-34.175,50.080907696705,5.6));
#2451 = VECTOR('',#2452,1.);
#2452 = DIRECTION('',(0.,0.,1.));
#2453 = ORIENTED_EDGE('',*,*,#1174,.T.);
#2454 = ORIENTED_EDGE('',*,*,#2455,.T.);
#2455 = EDGE_CURVE('',#1177,#2456,#2458,.T.);
#2456 = VERTEX_POINT('',#2457);
#2457 = CARTESIAN_POINT('',(34.175,50.080907696705,8.6));
#2458 = LINE('',#2459,#2460);
#2459 = CARTESIAN_POINT('',(34.175,50.080907696705,5.6));
#2460 = VECTOR('',#2461,1.);
#2461 = DIRECTION('',(0.,0.,1.));
#2462 = ORIENTED_EDGE('',*,*,#2463,.T.);
#2463 = EDGE_CURVE('',#2456,#2464,#2466,.T.);
#2464 = VERTEX_POINT('',#2465);
#2465 = CARTESIAN_POINT('',(36.928394672077,50.080907696705,
    11.511270920989));
#2466 = B_SPLINE_CURVE_WITH_KNOTS('',7,(#2467,#2468,#2469,#2470,#2471,
    #2472,#2473,#2474,#2475,#2476,#2477,#2478,#2479,#2480,#2481,#2482,
    #2483,#2484,#2485,#2486,#2487,#2488,#2489,#2490,#2491,#2492),
  .UNSPECIFIED.,.F.,.F.,(8,6,6,6,8),(0.,0.418384946116,0.71150758687,
    0.932781127066,1.),.UNSPECIFIED.);
#2467 = CARTESIAN_POINT('',(34.175,50.080907696705,8.6));
#2468 = CARTESIAN_POINT('',(34.343789489566,50.080907696705,
    8.775326109467));
#2469 = CARTESIAN_POINT('',(34.512486436166,50.080907696705,
    8.950674116866));
#2470 = CARTESIAN_POINT('',(34.681080340812,50.080907696705,
    9.126055017172));
#2471 = CARTESIAN_POINT('',(34.849547011565,50.080907696705,
    9.301471795882));
#2472 = CARTESIAN_POINT('',(35.017843956957,50.080907696705,
    9.476919929283));
#2473 = CARTESIAN_POINT('',(35.185908650824,50.080907696705,
    9.652387851868));
#2474 = CARTESIAN_POINT('',(35.471146142139,50.080907696705,
    9.950797175496));
#2475 = CARTESIAN_POINT('',(35.588468034413,50.080907696705,
    10.073712401315));
#2476 = CARTESIAN_POINT('',(35.705587333148,50.080907696705,
    10.196624006366));
#2477 = CARTESIAN_POINT('',(35.822452038413,50.080907696705,
    10.319519950226));
#2478 = CARTESIAN_POINT('',(35.938963222562,50.080907696705,
    10.442355901233));
#2479 = CARTESIAN_POINT('',(36.0549705275,50.080907696705,
    10.565054628201));
#2480 = CARTESIAN_POINT('',(36.257236504079,50.080907696705,
    10.779926701517));
#2481 = CARTESIAN_POINT('',(36.343737483081,50.080907696705,
    10.872125735236));
#2482 = CARTESIAN_POINT('',(36.429709276206,50.080907696705,
    10.964129232536));
#2483 = CARTESIAN_POINT('',(36.514987883641,50.080907696705,
    11.055842691666));
#2484 = CARTESIAN_POINT('',(36.599252976302,50.080907696705,
    11.147033244086));
#2485 = CARTESIAN_POINT('',(36.682004911456,50.080907696705,
    11.237317578594));
#2486 = CARTESIAN_POINT('',(36.786997505904,50.080907696705,
    11.353131091495));
#2487 = CARTESIAN_POINT('',(36.811249326443,50.080907696705,
    11.379974338847));
#2488 = CARTESIAN_POINT('',(36.835266903045,50.080907696705,
    11.406657560726));
#2489 = CARTESIAN_POINT('',(36.859023040986,50.080907696705,
    11.43315769964));
#2490 = CARTESIAN_POINT('',(36.882486596052,50.080907696705,
    11.459447676165));
#2491 = CARTESIAN_POINT('',(36.905622981011,50.080907696705,
    11.485496756661));
#2492 = CARTESIAN_POINT('',(36.928394672077,50.080907696705,
    11.511270920989));
#2493 = ORIENTED_EDGE('',*,*,#2494,.F.);
#2494 = EDGE_CURVE('',#2115,#2464,#2495,.T.);
#2495 = B_SPLINE_CURVE_WITH_KNOTS('',6,(#2496,#2497,#2498,#2499,#2500,
    #2501,#2502,#2503,#2504,#2505,#2506,#2507),.UNSPECIFIED.,.F.,.F.,(7,
    5,7),(0.,0.268763129037,1.),.UNSPECIFIED.);
#2496 = CARTESIAN_POINT('',(37.075,50.080907696705,11.666282417297));
#2497 = CARTESIAN_POINT('',(37.074336562135,50.080907696705,
    11.665580938724));
#2498 = CARTESIAN_POINT('',(37.066843849756,50.080907696705,
    11.657658603474));
#2499 = CARTESIAN_POINT('',(37.059257989025,50.080907696705,
    11.649637778861));
#2500 = CARTESIAN_POINT('',(37.053843848176,50.080907696705,
    11.643913197863));
#2501 = CARTESIAN_POINT('',(37.049468911889,50.080907696705,
    11.639287408134));
#2502 = CARTESIAN_POINT('',(37.023784225186,50.080907696705,
    11.612129993228));
#2503 = CARTESIAN_POINT('',(37.004894132692,50.080907696705,
    11.592156766167));
#2504 = CARTESIAN_POINT('',(36.985903271112,50.080907696705,
    11.572076992046));
#2505 = CARTESIAN_POINT('',(36.96681879162,50.080907696705,
    11.551898232077));
#2506 = CARTESIAN_POINT('',(36.947647263085,50.080907696705,
    11.531627431781));
#2507 = CARTESIAN_POINT('',(36.928394672077,50.080907696705,
    11.511270920989));
#2508 = ORIENTED_EDGE('',*,*,#2156,.F.);
#2509 = FACE_BOUND('',#2510,.T.);
#2510 = EDGE_LOOP('',(#2511,#2521,#2529,#2537));
#2511 = ORIENTED_EDGE('',*,*,#2512,.T.);
#2512 = EDGE_CURVE('',#2513,#2515,#2517,.T.);
#2513 = VERTEX_POINT('',#2514);
#2514 = CARTESIAN_POINT('',(-20.,50.080907696705,7.373589056934));
#2515 = VERTEX_POINT('',#2516);
#2516 = CARTESIAN_POINT('',(-20.,50.080907696705,10.202076878205));
#2517 = LINE('',#2518,#2519);
#2518 = CARTESIAN_POINT('',(-20.,50.080907696705,10.768341910752));
#2519 = VECTOR('',#2520,1.);
#2520 = DIRECTION('',(0.,0.,1.));
#2521 = ORIENTED_EDGE('',*,*,#2522,.T.);
#2522 = EDGE_CURVE('',#2515,#2523,#2525,.T.);
#2523 = VERTEX_POINT('',#2524);
#2524 = CARTESIAN_POINT('',(20.,50.080907696705,10.202076878205));
#2525 = LINE('',#2526,#2527);
#2526 = CARTESIAN_POINT('',(-28.5375,50.080907696705,10.202076878205));
#2527 = VECTOR('',#2528,1.);
#2528 = DIRECTION('',(1.,0.,0.));
#2529 = ORIENTED_EDGE('',*,*,#2530,.F.);
#2530 = EDGE_CURVE('',#2531,#2523,#2533,.T.);
#2531 = VERTEX_POINT('',#2532);
#2532 = CARTESIAN_POINT('',(20.,50.080907696705,7.373589056934));
#2533 = LINE('',#2534,#2535);
#2534 = CARTESIAN_POINT('',(20.,50.080907696705,10.768341910752));
#2535 = VECTOR('',#2536,1.);
#2536 = DIRECTION('',(0.,0.,1.));
#2537 = ORIENTED_EDGE('',*,*,#2538,.T.);
#2538 = EDGE_CURVE('',#2531,#2513,#2539,.T.);
#2539 = LINE('',#2540,#2541);
#2540 = CARTESIAN_POINT('',(-28.5375,50.080907696705,7.373589056934));
#2541 = VECTOR('',#2542,1.);
#2542 = DIRECTION('',(-1.,0.,0.));
#2543 = PLANE('',#2544);
#2544 = AXIS2_PLACEMENT_3D('',#2545,#2546,#2547);
#2545 = CARTESIAN_POINT('',(-37.075,50.080907696705,12.756261313286));
#2546 = DIRECTION('',(0.,-1.,0.));
#2547 = DIRECTION('',(1.,0.,0.));
#2548 = ADVANCED_FACE('',(#2549),#2597,.T.);
#2549 = FACE_BOUND('',#2550,.T.);
#2550 = EDGE_LOOP('',(#2551,#2552,#2560,#2568,#2574,#2575,#2583,#2591));
#2551 = ORIENTED_EDGE('',*,*,#723,.F.);
#2552 = ORIENTED_EDGE('',*,*,#2553,.T.);
#2553 = EDGE_CURVE('',#724,#2554,#2556,.T.);
#2554 = VERTEX_POINT('',#2555);
#2555 = CARTESIAN_POINT('',(-15.01,47.694004071713,13.4269449872));
#2556 = LINE('',#2557,#2558);
#2557 = CARTESIAN_POINT('',(-15.01,47.814389077878,12.446487792659));
#2558 = VECTOR('',#2559,1.);
#2559 = DIRECTION('',(0.,-0.121869343405,0.992546151641));
#2560 = ORIENTED_EDGE('',*,*,#2561,.T.);
#2561 = EDGE_CURVE('',#2554,#2562,#2564,.T.);
#2562 = VERTEX_POINT('',#2563);
#2563 = CARTESIAN_POINT('',(-15.01,32.50804795151,11.562344033841));
#2564 = LINE('',#2565,#2566);
#2565 = CARTESIAN_POINT('',(-15.01,47.694004071713,13.4269449872));
#2566 = VECTOR('',#2567,1.);
#2567 = DIRECTION('',(-4.644070168367E-16,-0.992546151647,
    -0.121869343357));
#2568 = ORIENTED_EDGE('',*,*,#2569,.F.);
#2569 = EDGE_CURVE('',#758,#2562,#2570,.T.);
#2570 = LINE('',#2571,#2572);
#2571 = CARTESIAN_POINT('',(-15.01,32.628432957765,10.58188683856));
#2572 = VECTOR('',#2573,1.);
#2573 = DIRECTION('',(0.,-0.121869343405,0.992546151641));
#2574 = ORIENTED_EDGE('',*,*,#757,.F.);
#2575 = ORIENTED_EDGE('',*,*,#2576,.F.);
#2576 = EDGE_CURVE('',#2577,#750,#2579,.T.);
#2577 = VERTEX_POINT('',#2578);
#2578 = CARTESIAN_POINT('',(-15.01,35.752025051796,11.399899680392));
#2579 = LINE('',#2580,#2581);
#2580 = CARTESIAN_POINT('',(-15.01,35.802676716111,10.987374978896));
#2581 = VECTOR('',#2582,1.);
#2582 = DIRECTION('',(-2.241471841285E-26,0.121869343357,-0.992546151647
    ));
#2583 = ORIENTED_EDGE('',*,*,#2584,.F.);
#2584 = EDGE_CURVE('',#2585,#2577,#2587,.T.);
#2585 = VERTEX_POINT('',#2586);
#2586 = CARTESIAN_POINT('',(-15.01,44.585685801457,12.484536836267));
#2587 = LINE('',#2588,#2589);
#2588 = CARTESIAN_POINT('',(-15.01,43.965344456609,12.408368496661));
#2589 = VECTOR('',#2590,1.);
#2590 = DIRECTION('',(-4.6E-16,-0.992546151647,-0.121869343357));
#2591 = ORIENTED_EDGE('',*,*,#2592,.F.);
#2592 = EDGE_CURVE('',#726,#2585,#2593,.T.);
#2593 = LINE('',#2594,#2595);
#2594 = CARTESIAN_POINT('',(-15.01,44.636337465772,12.072012134771));
#2595 = VECTOR('',#2596,1.);
#2596 = DIRECTION('',(2.241471841285E-26,-0.121869343357,0.992546151647)
  );
#2597 = PLANE('',#2598);
#2598 = AXIS2_PLACEMENT_3D('',#2599,#2600,#2601);
#2599 = CARTESIAN_POINT('',(-15.01,47.814389077878,12.446487792659));
#2600 = DIRECTION('',(1.,-4.56571229755E-16,-5.605989796637E-17));
#2601 = DIRECTION('',(-4.6E-16,-0.992546151641,-0.121869343405));
#2602 = ADVANCED_FACE('',(#2603),#2621,.F.);
#2603 = FACE_BOUND('',#2604,.F.);
#2604 = EDGE_LOOP('',(#2605,#2606,#2614,#2620));
#2605 = ORIENTED_EDGE('',*,*,#733,.F.);
#2606 = ORIENTED_EDGE('',*,*,#2607,.T.);
#2607 = EDGE_CURVE('',#734,#2608,#2610,.T.);
#2608 = VERTEX_POINT('',#2609);
#2609 = CARTESIAN_POINT('',(-22.29,44.585685801457,12.484536836267));
#2610 = LINE('',#2611,#2612);
#2611 = CARTESIAN_POINT('',(-22.29,44.6344335388,12.087518375608));
#2612 = VECTOR('',#2613,1.);
#2613 = DIRECTION('',(0.,-0.121869343357,0.992546151647));
#2614 = ORIENTED_EDGE('',*,*,#2615,.T.);
#2615 = EDGE_CURVE('',#2608,#2585,#2616,.T.);
#2616 = LINE('',#2617,#2618);
#2617 = CARTESIAN_POINT('',(-22.29,44.585685801457,12.484536836267));
#2618 = VECTOR('',#2619,1.);
#2619 = DIRECTION('',(1.,0.,0.));
#2620 = ORIENTED_EDGE('',*,*,#2592,.F.);
#2621 = PLANE('',#2622);
#2622 = AXIS2_PLACEMENT_3D('',#2623,#2624,#2625);
#2623 = CARTESIAN_POINT('',(-22.29,44.6344335388,12.087518375608));
#2624 = DIRECTION('',(0.,0.992546151647,0.121869343357));
#2625 = DIRECTION('',(1.,0.,0.));
#2626 = ADVANCED_FACE('',(#2627),#2645,.F.);
#2627 = FACE_BOUND('',#2628,.F.);
#2628 = EDGE_LOOP('',(#2629,#2637,#2643,#2644));
#2629 = ORIENTED_EDGE('',*,*,#2630,.T.);
#2630 = EDGE_CURVE('',#742,#2631,#2633,.T.);
#2631 = VERTEX_POINT('',#2632);
#2632 = CARTESIAN_POINT('',(-22.29,35.752025051796,11.399899680392));
#2633 = LINE('',#2634,#2635);
#2634 = CARTESIAN_POINT('',(-22.29,35.800772789139,11.002881219733));
#2635 = VECTOR('',#2636,1.);
#2636 = DIRECTION('',(0.,-0.121869343357,0.992546151647));
#2637 = ORIENTED_EDGE('',*,*,#2638,.T.);
#2638 = EDGE_CURVE('',#2631,#2608,#2639,.T.);
#2639 = LINE('',#2640,#2641);
#2640 = CARTESIAN_POINT('',(-22.29,35.752025051797,11.399899680392));
#2641 = VECTOR('',#2642,1.);
#2642 = DIRECTION('',(0.,0.992546151647,0.121869343357));
#2643 = ORIENTED_EDGE('',*,*,#2607,.F.);
#2644 = ORIENTED_EDGE('',*,*,#741,.F.);
#2645 = PLANE('',#2646);
#2646 = AXIS2_PLACEMENT_3D('',#2647,#2648,#2649);
#2647 = CARTESIAN_POINT('',(-22.29,35.800772789139,11.002881219733));
#2648 = DIRECTION('',(-1.,0.,0.));
#2649 = DIRECTION('',(0.,0.992546151647,0.121869343357));
#2650 = ADVANCED_FACE('',(#2651),#2662,.F.);
#2651 = FACE_BOUND('',#2652,.F.);
#2652 = EDGE_LOOP('',(#2653,#2654,#2655,#2661));
#2653 = ORIENTED_EDGE('',*,*,#749,.F.);
#2654 = ORIENTED_EDGE('',*,*,#2576,.F.);
#2655 = ORIENTED_EDGE('',*,*,#2656,.T.);
#2656 = EDGE_CURVE('',#2577,#2631,#2657,.T.);
#2657 = LINE('',#2658,#2659);
#2658 = CARTESIAN_POINT('',(-14.61,35.752025051797,11.399899680392));
#2659 = VECTOR('',#2660,1.);
#2660 = DIRECTION('',(-1.,0.,-0.));
#2661 = ORIENTED_EDGE('',*,*,#2630,.F.);
#2662 = PLANE('',#2663);
#2663 = AXIS2_PLACEMENT_3D('',#2664,#2665,#2666);
#2664 = CARTESIAN_POINT('',(-14.61,35.800772789139,11.002881219733));
#2665 = DIRECTION('',(0.,-0.992546151647,-0.121869343357));
#2666 = DIRECTION('',(-1.,0.,0.));
#2667 = ADVANCED_FACE('',(#2668),#2686,.T.);
#2668 = FACE_BOUND('',#2669,.T.);
#2669 = EDGE_LOOP('',(#2670,#2671,#2672,#2680));
#2670 = ORIENTED_EDGE('',*,*,#765,.F.);
#2671 = ORIENTED_EDGE('',*,*,#2569,.T.);
#2672 = ORIENTED_EDGE('',*,*,#2673,.T.);
#2673 = EDGE_CURVE('',#2562,#2674,#2676,.T.);
#2674 = VERTEX_POINT('',#2675);
#2675 = CARTESIAN_POINT('',(15.01,32.50804795151,11.562344033841));
#2676 = LINE('',#2677,#2678);
#2677 = CARTESIAN_POINT('',(-15.01,32.50804795151,11.562344033841));
#2678 = VECTOR('',#2679,1.);
#2679 = DIRECTION('',(1.,-2.349255356294E-16,-2.884522872552E-17));
#2680 = ORIENTED_EDGE('',*,*,#2681,.F.);
#2681 = EDGE_CURVE('',#766,#2674,#2682,.T.);
#2682 = LINE('',#2683,#2684);
#2683 = CARTESIAN_POINT('',(15.01,32.628432957765,10.58188683856));
#2684 = VECTOR('',#2685,1.);
#2685 = DIRECTION('',(0.,-0.121869343405,0.992546151641));
#2686 = PLANE('',#2687);
#2687 = AXIS2_PLACEMENT_3D('',#2688,#2689,#2690);
#2688 = CARTESIAN_POINT('',(-15.01,32.628432957765,10.58188683856));
#2689 = DIRECTION('',(4.7E-16,0.992546151641,0.121869343405));
#2690 = DIRECTION('',(1.,-4.664966912714E-16,-5.727859140042E-17));
#2691 = ADVANCED_FACE('',(#2692),#2710,.T.);
#2692 = FACE_BOUND('',#2693,.T.);
#2693 = EDGE_LOOP('',(#2694,#2695,#2696,#2704));
#2694 = ORIENTED_EDGE('',*,*,#773,.F.);
#2695 = ORIENTED_EDGE('',*,*,#2681,.T.);
#2696 = ORIENTED_EDGE('',*,*,#2697,.T.);
#2697 = EDGE_CURVE('',#2674,#2698,#2700,.T.);
#2698 = VERTEX_POINT('',#2699);
#2699 = CARTESIAN_POINT('',(15.01,47.694004071713,13.4269449872));
#2700 = LINE('',#2701,#2702);
#2701 = CARTESIAN_POINT('',(15.01,32.50804795151,11.562344033841));
#2702 = VECTOR('',#2703,1.);
#2703 = DIRECTION('',(4.644070168367E-16,0.992546151647,0.121869343357)
  );
#2704 = ORIENTED_EDGE('',*,*,#2705,.F.);
#2705 = EDGE_CURVE('',#774,#2698,#2706,.T.);
#2706 = LINE('',#2707,#2708);
#2707 = CARTESIAN_POINT('',(15.01,47.814389077878,12.446487792659));
#2708 = VECTOR('',#2709,1.);
#2709 = DIRECTION('',(0.,-0.121869343405,0.992546151641));
#2710 = PLANE('',#2711);
#2711 = AXIS2_PLACEMENT_3D('',#2712,#2713,#2714);
#2712 = CARTESIAN_POINT('',(15.01,32.628432957765,10.58188683856));
#2713 = DIRECTION('',(-1.,4.56571229755E-16,5.605989796637E-17));
#2714 = DIRECTION('',(4.6E-16,0.992546151641,0.121869343405));
#2715 = ADVANCED_FACE('',(#2716),#2727,.T.);
#2716 = FACE_BOUND('',#2717,.T.);
#2717 = EDGE_LOOP('',(#2718,#2719,#2720,#2726));
#2718 = ORIENTED_EDGE('',*,*,#781,.F.);
#2719 = ORIENTED_EDGE('',*,*,#2705,.T.);
#2720 = ORIENTED_EDGE('',*,*,#2721,.T.);
#2721 = EDGE_CURVE('',#2698,#2554,#2722,.T.);
#2722 = LINE('',#2723,#2724);
#2723 = CARTESIAN_POINT('',(15.01,47.694004071713,13.4269449872));
#2724 = VECTOR('',#2725,1.);
#2725 = DIRECTION('',(-1.,2.349255356294E-16,2.884522872552E-17));
#2726 = ORIENTED_EDGE('',*,*,#2553,.F.);
#2727 = PLANE('',#2728);
#2728 = AXIS2_PLACEMENT_3D('',#2729,#2730,#2731);
#2729 = CARTESIAN_POINT('',(15.01,47.814389077878,12.446487792659));
#2730 = DIRECTION('',(-4.7E-16,-0.992546151641,-0.121869343405));
#2731 = DIRECTION('',(-1.,4.664966912714E-16,5.727859140042E-17));
#2732 = ADVANCED_FACE('',(#2733),#2744,.T.);
#2733 = FACE_BOUND('',#2734,.T.);
#2734 = EDGE_LOOP('',(#2735,#2736,#2737,#2738));
#2735 = ORIENTED_EDGE('',*,*,#1985,.F.);
#2736 = ORIENTED_EDGE('',*,*,#2019,.T.);
#2737 = ORIENTED_EDGE('',*,*,#832,.T.);
#2738 = ORIENTED_EDGE('',*,*,#2739,.F.);
#2739 = EDGE_CURVE('',#1986,#825,#2740,.T.);
#2740 = LINE('',#2741,#2742);
#2741 = CARTESIAN_POINT('',(-36.975,27.625,-5.628611278285E-14));
#2742 = VECTOR('',#2743,1.);
#2743 = DIRECTION('',(1.,-1.398881011028E-14,1.554312234475E-15));
#2744 = PLANE('',#2745);
#2745 = AXIS2_PLACEMENT_3D('',#2746,#2747,#2748);
#2746 = CARTESIAN_POINT('',(-3.048337874497,28.476684436777,
    2.878076575445E-15));
#2747 = DIRECTION('',(1.233184076366E-15,-6.164413689822E-16,-1.));
#2748 = DIRECTION('',(-1.,0.,-1.233184076366E-15));
#2749 = ADVANCED_FACE('',(#2750),#2772,.T.);
#2750 = FACE_BOUND('',#2751,.T.);
#2751 = EDGE_LOOP('',(#2752,#2753,#2754,#2755,#2761,#2762,#2763,#2764,
    #2770,#2771));
#2752 = ORIENTED_EDGE('',*,*,#880,.F.);
#2753 = ORIENTED_EDGE('',*,*,#1379,.T.);
#2754 = ORIENTED_EDGE('',*,*,#1873,.T.);
#2755 = ORIENTED_EDGE('',*,*,#2756,.T.);
#2756 = EDGE_CURVE('',#1866,#1931,#2757,.T.);
#2757 = LINE('',#2758,#2759);
#2758 = CARTESIAN_POINT('',(-36.975,28.625,1.000000000003));
#2759 = VECTOR('',#2760,1.);
#2760 = DIRECTION('',(1.,-1.398881011028E-14,1.554312234475E-15));
#2761 = ORIENTED_EDGE('',*,*,#1930,.F.);
#2762 = ORIENTED_EDGE('',*,*,#1954,.F.);
#2763 = ORIENTED_EDGE('',*,*,#2001,.T.);
#2764 = ORIENTED_EDGE('',*,*,#2765,.T.);
#2765 = EDGE_CURVE('',#1994,#817,#2766,.T.);
#2766 = LINE('',#2767,#2768);
#2767 = CARTESIAN_POINT('',(-36.975,28.625,1.000000000003));
#2768 = VECTOR('',#2769,1.);
#2769 = DIRECTION('',(1.,-1.398881011028E-14,1.554312234475E-15));
#2770 = ORIENTED_EDGE('',*,*,#816,.F.);
#2771 = ORIENTED_EDGE('',*,*,#856,.F.);
#2772 = PLANE('',#2773);
#2773 = AXIS2_PLACEMENT_3D('',#2774,#2775,#2776);
#2774 = CARTESIAN_POINT('',(-0.401194029851,28.625,4.027402985075));
#2775 = DIRECTION('',(-0.,-1.,-0.));
#2776 = DIRECTION('',(0.,0.,-1.));
#2777 = ADVANCED_FACE('',(#2778),#2784,.F.);
#2778 = FACE_BOUND('',#2779,.F.);
#2779 = EDGE_LOOP('',(#2780,#2781,#2782,#2783));
#2780 = ORIENTED_EDGE('',*,*,#1993,.F.);
#2781 = ORIENTED_EDGE('',*,*,#2765,.T.);
#2782 = ORIENTED_EDGE('',*,*,#824,.T.);
#2783 = ORIENTED_EDGE('',*,*,#2739,.F.);
#2784 = PLANE('',#2785);
#2785 = AXIS2_PLACEMENT_3D('',#2786,#2787,#2788);
#2786 = CARTESIAN_POINT('',(-36.975,28.625,1.000000000003));
#2787 = DIRECTION('',(1.09906472108E-14,0.707106781188,-0.707106781185)
  );
#2788 = DIRECTION('',(-8.792517768611E-15,-0.707106781185,
    -0.707106781188));
#2789 = ADVANCED_FACE('',(#2790),#3153,.T.);
#2790 = FACE_BOUND('',#2791,.T.);
#2791 = EDGE_LOOP('',(#2792,#2793,#2802,#2810,#2817,#2818,#2901,#2902,
    #2985,#2986,#3069,#3070));
#2792 = ORIENTED_EDGE('',*,*,#970,.T.);
#2793 = ORIENTED_EDGE('',*,*,#2794,.F.);
#2794 = EDGE_CURVE('',#2795,#963,#2797,.T.);
#2795 = VERTEX_POINT('',#2796);
#2796 = CARTESIAN_POINT('',(39.475,28.625000000048,12.093075521797));
#2797 = CIRCLE('',#2798,7.270003716431);
#2798 = AXIS2_PLACEMENT_3D('',#2799,#2800,#2801);
#2799 = CARTESIAN_POINT('',(39.475,31.895003716431,5.6));
#2800 = DIRECTION('',(1.,-5.709363046069E-16,-7.260182026506E-16));
#2801 = DIRECTION('',(1.769634538732E-16,-0.653059121191,0.757306928681)
  );
#2802 = ORIENTED_EDGE('',*,*,#2803,.F.);
#2803 = EDGE_CURVE('',#2804,#2795,#2806,.T.);
#2804 = VERTEX_POINT('',#2805);
#2805 = CARTESIAN_POINT('',(-39.475,28.625000000048,12.093075521797));
#2806 = LINE('',#2807,#2808);
#2807 = CARTESIAN_POINT('',(0.,28.625,12.093075521795));
#2808 = VECTOR('',#2809,1.);
#2809 = DIRECTION('',(1.,0.,0.));
#2810 = ORIENTED_EDGE('',*,*,#2811,.T.);
#2811 = EDGE_CURVE('',#2804,#903,#2812,.T.);
#2812 = CIRCLE('',#2813,7.270003716431);
#2813 = AXIS2_PLACEMENT_3D('',#2814,#2815,#2816);
#2814 = CARTESIAN_POINT('',(-39.475,31.895003716431,5.6));
#2815 = DIRECTION('',(1.,0.,0.));
#2816 = DIRECTION('',(0.,-0.653059121191,0.757306928681));
#2817 = ORIENTED_EDGE('',*,*,#902,.T.);
#2818 = ORIENTED_EDGE('',*,*,#2819,.F.);
#2819 = EDGE_CURVE('',#1124,#905,#2820,.T.);
#2820 = B_SPLINE_CURVE_WITH_KNOTS('',14,(#2821,#2822,#2823,#2824,#2825,
    #2826,#2827,#2828,#2829,#2830,#2831,#2832,#2833,#2834,#2835,#2836,
    #2837,#2838,#2839,#2840,#2841,#2842,#2843,#2844,#2845,#2846,#2847,
    #2848,#2849,#2850,#2851,#2852,#2853,#2854,#2855,#2856,#2857,#2858,
    #2859,#2860,#2861,#2862,#2863,#2864,#2865,#2866,#2867,#2868,#2869,
    #2870,#2871,#2872,#2873,#2874,#2875,#2876,#2877,#2878,#2879,#2880,
    #2881,#2882,#2883,#2884,#2885,#2886,#2887,#2888,#2889,#2890,#2891,
    #2892,#2893,#2894,#2895,#2896,#2897,#2898,#2899,#2900),
  .UNSPECIFIED.,.F.,.F.,(15,13,13,13,13,13,15),(-0.84509649394,
    -3.469331068038E-15,4.94333182562,9.591479552289,14.241166885989,
    19.183021819211,20.028132357823),.UNSPECIFIED.);
#2821 = CARTESIAN_POINT('',(-21.74789409778,24.625,4.682107460893));
#2822 = CARTESIAN_POINT('',(-21.74789409779,24.625000000002,
    4.747671213686));
#2823 = CARTESIAN_POINT('',(-21.74789409779,24.625000000003,
    4.81323496648));
#2824 = CARTESIAN_POINT('',(-21.74789409779,24.625000000004,
    4.878798719274));
#2825 = CARTESIAN_POINT('',(-21.74789409779,24.625000000005,
    4.944362472067));
#2826 = CARTESIAN_POINT('',(-21.74789409779,24.625000000005,
    5.009926224861));
#2827 = CARTESIAN_POINT('',(-21.74789409779,24.625000000006,
    5.075489977654));
#2828 = CARTESIAN_POINT('',(-21.74789409779,24.625000000006,
    5.141053730448));
#2829 = CARTESIAN_POINT('',(-21.74789409779,24.625000000006,
    5.206617483241));
#2830 = CARTESIAN_POINT('',(-21.74789409779,24.625000000005,
    5.272181236034));
#2831 = CARTESIAN_POINT('',(-21.74789409779,24.625000000005,
    5.337744988828));
#2832 = CARTESIAN_POINT('',(-21.74789409779,24.625000000004,
    5.403308741621));
#2833 = CARTESIAN_POINT('',(-21.74789409779,24.625000000003,
    5.468872494414));
#2834 = CARTESIAN_POINT('',(-21.74789409779,24.625000000002,
    5.534436247207));
#2835 = CARTESIAN_POINT('',(-21.74789409778,24.624999999991,
    5.983510508105));
#2836 = CARTESIAN_POINT('',(-21.768143112,24.646720138424,6.367247029171
    ));
#2837 = CARTESIAN_POINT('',(-21.80897206116,24.690518363328,
    6.749905661163));
#2838 = CARTESIAN_POINT('',(-21.87021221716,24.755818319604,
    7.128630602198));
#2839 = CARTESIAN_POINT('',(-21.95227348495,24.842213427386,
    7.50188383345));
#2840 = CARTESIAN_POINT('',(-22.05604037194,24.949398564597,
    7.868685484727));
#2841 = CARTESIAN_POINT('',(-22.18249234959,25.07675065323,
    8.227375948169));
#2842 = CARTESIAN_POINT('',(-22.33244832464,25.222987055154,
    8.575235071274));
#2843 = CARTESIAN_POINT('',(-22.50648856068,25.38604377375,
    8.909036313525));
#2844 = CARTESIAN_POINT('',(-22.70492196697,25.563134446669,
    9.225914732813));
#2845 = CARTESIAN_POINT('',(-22.9276417887,25.750875501552,
    9.523786907421));
#2846 = CARTESIAN_POINT('',(-23.17384882386,25.9453931597,9.800978577602
    ));
#2847 = CARTESIAN_POINT('',(-23.44191795868,26.142463723263,10.05569174)
  );
#2848 = CARTESIAN_POINT('',(-24.00115393903,26.521821619,10.505422081661
    ));
#2849 = CARTESIAN_POINT('',(-24.29006011146,26.704351652732,
    10.703129608639));
#2850 = CARTESIAN_POINT('',(-24.59530792721,26.882453978166,
    10.880410546804));
#2851 = CARTESIAN_POINT('',(-24.91603079025,27.052905319492,
    11.037131856556));
#2852 = CARTESIAN_POINT('',(-25.24948420511,27.212567633756,
    11.173770745876));
#2853 = CARTESIAN_POINT('',(-25.59372330751,27.359093624552,
    11.291440281826));
#2854 = CARTESIAN_POINT('',(-25.94792001582,27.490795612335,
    11.391470056608));
#2855 = CARTESIAN_POINT('',(-26.31086723797,27.606144994685,
    11.475003206486));
#2856 = CARTESIAN_POINT('',(-26.68026984774,27.703639428279,
    11.542930777156));
#2857 = CARTESIAN_POINT('',(-27.05389183539,27.7821942579,
    11.596109791537));
#2858 = CARTESIAN_POINT('',(-27.43103111015,27.841481629385,11.63548678)
  );
#2859 = CARTESIAN_POINT('',(-27.81164147809,27.881451762988,
    11.661757770762));
#2860 = CARTESIAN_POINT('',(-28.19323029376,27.901324037251,
    11.674823179074));
#2861 = CARTESIAN_POINT('',(-28.95678405627,27.901331234995,
    11.674827910975));
#2862 = CARTESIAN_POINT('',(-29.33870384301,27.881376056573,
    11.661701968743));
#2863 = CARTESIAN_POINT('',(-29.71905227487,27.841578900067,
    11.635550042151));
#2864 = CARTESIAN_POINT('',(-30.09678997262,27.782106213703,
    11.596069386509));
#2865 = CARTESIAN_POINT('',(-30.47083941291,27.703330068358,
    11.542725850375));
#2866 = CARTESIAN_POINT('',(-30.83989355849,27.605881795403,
    11.474794035215));
#2867 = CARTESIAN_POINT('',(-31.20245459066,27.490668788257,
    11.391353976622));
#2868 = CARTESIAN_POINT('',(-31.55693759679,27.358896670096,
    11.291307323192));
#2869 = CARTESIAN_POINT('',(-31.90173723576,27.212115728806,
    11.173448939743));
#2870 = CARTESIAN_POINT('',(-32.23521860357,27.052287227528,
    11.03660281552));
#2871 = CARTESIAN_POINT('',(-32.55565668143,26.881841891928,
    10.879804106349));
#2872 = CARTESIAN_POINT('',(-32.86121195377,26.703679587176,
    10.702482095426));
#2873 = CARTESIAN_POINT('',(-33.15009294403,26.521035888805,
    10.504571805168));
#2874 = CARTESIAN_POINT('',(-33.70917650917,26.141643374053,
    10.054632506312));
#2875 = CARTESIAN_POINT('',(-33.97700431639,25.944730876209,
    9.799830522026));
#2876 = CARTESIAN_POINT('',(-34.2229099677,25.750596773462,
    9.524546313469));
#2877 = CARTESIAN_POINT('',(-34.44656577176,25.56117038925,
    9.218058950808));
#2878 = CARTESIAN_POINT('',(-34.64005609027,25.390000116257,
    8.927634240493));
#2879 = CARTESIAN_POINT('',(-34.8269601934,25.214166496756,
    8.536669203015));
#2880 = CARTESIAN_POINT('',(-34.95162626255,25.090314291068,
    8.28177484327));
#2881 = CARTESIAN_POINT('',(-35.11204889506,24.934396012179,
    7.815262453957));
#2882 = CARTESIAN_POINT('',(-35.18556399953,24.852046430688,
    7.533480533195));
#2883 = CARTESIAN_POINT('',(-35.28514607171,24.751531535999,
    7.115560575547));
#2884 = CARTESIAN_POINT('',(-35.33977383524,24.691463846238,
    6.752489571894));
#2885 = CARTESIAN_POINT('',(-35.38199047503,24.646635490495,
    6.366764775921));
#2886 = CARTESIAN_POINT('',(-35.40210590222,24.625000000012,
    5.983389557198));
#2887 = CARTESIAN_POINT('',(-35.4021059022,24.624999999998,
    5.534436247207));
#2888 = CARTESIAN_POINT('',(-35.4021059022,24.624999999996,
    5.468872494413));
#2889 = CARTESIAN_POINT('',(-35.4021059022,24.624999999994,5.40330874162
    ));
#2890 = CARTESIAN_POINT('',(-35.40210590219,24.624999999992,
    5.337744988826));
#2891 = CARTESIAN_POINT('',(-35.40210590219,24.624999999989,
    5.272181236033));
#2892 = CARTESIAN_POINT('',(-35.40210590219,24.624999999987,
    5.20661748324));
#2893 = CARTESIAN_POINT('',(-35.40210590218,24.624999999985,
    5.141053730446));
#2894 = CARTESIAN_POINT('',(-35.40210590218,24.624999999983,
    5.075489977653));
#2895 = CARTESIAN_POINT('',(-35.40210590218,24.624999999981,
    5.00992622486));
#2896 = CARTESIAN_POINT('',(-35.40210590218,24.624999999979,
    4.944362472066));
#2897 = CARTESIAN_POINT('',(-35.40210590217,24.624999999977,
    4.878798719273));
#2898 = CARTESIAN_POINT('',(-35.40210590217,24.624999999975,
    4.813234966479));
#2899 = CARTESIAN_POINT('',(-35.40210590217,24.624999999972,
    4.747671213686));
#2900 = CARTESIAN_POINT('',(-35.40210590216,24.62499999997,
    4.682107460893));
#2901 = ORIENTED_EDGE('',*,*,#1123,.T.);
#2902 = ORIENTED_EDGE('',*,*,#2903,.F.);
#2903 = EDGE_CURVE('',#1073,#1107,#2904,.T.);
#2904 = B_SPLINE_CURVE_WITH_KNOTS('',14,(#2905,#2906,#2907,#2908,#2909,
    #2910,#2911,#2912,#2913,#2914,#2915,#2916,#2917,#2918,#2919,#2920,
    #2921,#2922,#2923,#2924,#2925,#2926,#2927,#2928,#2929,#2930,#2931,
    #2932,#2933,#2934,#2935,#2936,#2937,#2938,#2939,#2940,#2941,#2942,
    #2943,#2944,#2945,#2946,#2947,#2948,#2949,#2950,#2951,#2952,#2953,
    #2954,#2955,#2956,#2957,#2958,#2959,#2960,#2961,#2962,#2963,#2964,
    #2965,#2966,#2967,#2968,#2969,#2970,#2971,#2972,#2973,#2974,#2975,
    #2976,#2977,#2978,#2979,#2980,#2981,#2982,#2983,#2984),
  .UNSPECIFIED.,.F.,.F.,(15,13,13,13,13,13,15),(-0.845096711741,
    -6.593231666556E-16,4.943333022635,9.591480827916,14.241167543138,
    19.183021819207,20.028132259845),.UNSPECIFIED.);
#2905 = CARTESIAN_POINT('',(-2.697894097786,24.624999999999,
    4.682107445262));
#2906 = CARTESIAN_POINT('',(-2.697894097786,24.624999999999,
    4.747671199171));
#2907 = CARTESIAN_POINT('',(-2.697894097786,24.624999999998,
    4.813234953081));
#2908 = CARTESIAN_POINT('',(-2.697894097786,24.624999999998,
    4.878798706991));
#2909 = CARTESIAN_POINT('',(-2.697894097787,24.624999999997,
    4.944362460901));
#2910 = CARTESIAN_POINT('',(-2.697894097787,24.624999999997,
    5.009926214811));
#2911 = CARTESIAN_POINT('',(-2.697894097787,24.624999999997,
    5.07548996872));
#2912 = CARTESIAN_POINT('',(-2.697894097787,24.624999999997,
    5.14105372263));
#2913 = CARTESIAN_POINT('',(-2.697894097788,24.624999999997,
    5.20661747654));
#2914 = CARTESIAN_POINT('',(-2.697894097788,24.624999999997,
    5.27218123045));
#2915 = CARTESIAN_POINT('',(-2.697894097788,24.624999999997,
    5.33774498436));
#2916 = CARTESIAN_POINT('',(-2.697894097788,24.624999999998,
    5.40330873827));
#2917 = CARTESIAN_POINT('',(-2.697894097789,24.624999999999,
    5.46887249218));
#2918 = CARTESIAN_POINT('',(-2.697894097789,24.624999999999,
    5.53443624609));
#2919 = CARTESIAN_POINT('',(-2.697894097791,24.625000000005,
    5.983510508666));
#2920 = CARTESIAN_POINT('',(-2.718143111545,24.646720137601,
    6.367247028745));
#2921 = CARTESIAN_POINT('',(-2.758972062005,24.69051836477,
    6.749905665442));
#2922 = CARTESIAN_POINT('',(-2.820212217883,24.755818320532,
    7.128630606384));
#2923 = CARTESIAN_POINT('',(-2.902273485669,24.842213427858,
    7.501883834541));
#2924 = CARTESIAN_POINT('',(-3.006040371268,24.949398563091,
    7.868685484404));
#2925 = CARTESIAN_POINT('',(-3.132492351215,25.076750655479,
    8.227375951868));
#2926 = CARTESIAN_POINT('',(-3.282448326615,25.222987057485,
    8.575235077405));
#2927 = CARTESIAN_POINT('',(-3.456488563814,25.386043777006,
    8.909036317843));
#2928 = CARTESIAN_POINT('',(-3.654921966999,25.563134445569,
    9.225914730123));
#2929 = CARTESIAN_POINT('',(-3.877641785354,25.750875498046,
    9.523786900932));
#2930 = CARTESIAN_POINT('',(-4.123848818975,25.945393156417,
    9.800978573908));
#2931 = CARTESIAN_POINT('',(-4.391917957175,26.142463722268,
    10.055691738789));
#2932 = CARTESIAN_POINT('',(-4.951153878827,26.52182157811,
    10.505422033214));
#2933 = CARTESIAN_POINT('',(-5.240059974844,26.704351573985,
    10.703129524683));
#2934 = CARTESIAN_POINT('',(-5.545307763313,26.882453861797,
    10.880410427442));
#2935 = CARTESIAN_POINT('',(-5.866030460563,27.05290514762,
    11.037131695632));
#2936 = CARTESIAN_POINT('',(-6.199483727207,27.212567425813,
    11.173770572307));
#2937 = CARTESIAN_POINT('',(-6.543722852084,27.359093440707,
    11.291440144319));
#2938 = CARTESIAN_POINT('',(-6.897919687903,27.490795497917,
    11.391469978617));
#2939 = CARTESIAN_POINT('',(-7.260866982476,27.60614493906,
    11.475003167642));
#2940 = CARTESIAN_POINT('',(-7.630269531642,27.703639374656,
    11.542930736057));
#2941 = CARTESIAN_POINT('',(-8.003891408998,27.78219417135,
    11.596109731392));
#2942 = CARTESIAN_POINT('',(-8.381030641488,27.841481545145,
    11.635486726643));
#2943 = CARTESIAN_POINT('',(-8.761641073173,27.881451739231,
    11.661757754494));
#2944 = CARTESIAN_POINT('',(-9.143230037893,27.90132403091,
    11.674823174905));
#2945 = CARTESIAN_POINT('',(-9.906784032185,27.901331241323,
    11.674827915137));
#2946 = CARTESIAN_POINT('',(-10.28870396172,27.881376022804,
    11.661701944322));
#2947 = CARTESIAN_POINT('',(-10.66905224923,27.84157889868,
    11.635550041216));
#2948 = CARTESIAN_POINT('',(-11.04678977415,27.782106261067,
    11.596069420371));
#2949 = CARTESIAN_POINT('',(-11.42083920712,27.70333012558,
    11.542725891258));
#2950 = CARTESIAN_POINT('',(-11.78989348896,27.605881824519,
    11.474794055697));
#2951 = CARTESIAN_POINT('',(-12.15245465599,27.490668780773,
    11.391353971382));
#2952 = CARTESIAN_POINT('',(-12.50693768453,27.358896651022,
    11.291307310046));
#2953 = CARTESIAN_POINT('',(-12.85173724384,27.212115723307,
    11.173448936876));
#2954 = CARTESIAN_POINT('',(-13.18521854,27.052287240161,11.036602825538
    ));
#2955 = CARTESIAN_POINT('',(-13.50565664497,26.881841902736,
    10.879804114513));
#2956 = CARTESIAN_POINT('',(-13.81121199181,26.70367958268,
    10.702482092078));
#2957 = CARTESIAN_POINT('',(-14.10009294406,26.5210358888,
    10.504571805158));
#2958 = CARTESIAN_POINT('',(-14.65917650915,26.14164337404,
    10.05463250631));
#2959 = CARTESIAN_POINT('',(-14.9270043165,25.944730876315,
    9.799830522082));
#2960 = CARTESIAN_POINT('',(-15.17290996735,25.750596773131,
    9.524546313235));
#2961 = CARTESIAN_POINT('',(-15.39656577233,25.56117039011,
    9.218058951624));
#2962 = CARTESIAN_POINT('',(-15.59005608962,25.390000114661,
    8.92763423881));
#2963 = CARTESIAN_POINT('',(-15.77696019388,25.214166498909,
    8.536669205275));
#2964 = CARTESIAN_POINT('',(-15.90162626214,25.090314289031,
    8.281774841396));
#2965 = CARTESIAN_POINT('',(-16.06204889546,24.934396013701,
    7.815262455153));
#2966 = CARTESIAN_POINT('',(-16.13556399912,24.852046429795,
    7.533480532711));
#2967 = CARTESIAN_POINT('',(-16.23514607204,24.751531536431,
    7.115560575692));
#2968 = CARTESIAN_POINT('',(-16.28977383504,24.691463846071,
    6.752489571877));
#2969 = CARTESIAN_POINT('',(-16.33199047511,24.646635490549,
    6.366764775954));
#2970 = CARTESIAN_POINT('',(-16.35210590221,24.625000000001,
    5.983389557192));
#2971 = CARTESIAN_POINT('',(-16.35210590221,24.625,5.53443624609));
#2972 = CARTESIAN_POINT('',(-16.35210590221,24.625,5.46887249218));
#2973 = CARTESIAN_POINT('',(-16.35210590221,24.624999999999,
    5.40330873827));
#2974 = CARTESIAN_POINT('',(-16.35210590221,24.624999999999,
    5.337744984361));
#2975 = CARTESIAN_POINT('',(-16.35210590221,24.624999999999,
    5.272181230451));
#2976 = CARTESIAN_POINT('',(-16.35210590221,24.624999999999,
    5.206617476541));
#2977 = CARTESIAN_POINT('',(-16.35210590221,24.624999999998,
    5.141053722631));
#2978 = CARTESIAN_POINT('',(-16.35210590221,24.624999999998,
    5.075489968721));
#2979 = CARTESIAN_POINT('',(-16.35210590221,24.624999999998,
    5.009926214811));
#2980 = CARTESIAN_POINT('',(-16.35210590221,24.624999999998,
    4.944362460901));
#2981 = CARTESIAN_POINT('',(-16.35210590221,24.624999999998,
    4.878798706991));
#2982 = CARTESIAN_POINT('',(-16.35210590221,24.624999999997,
    4.813234953082));
#2983 = CARTESIAN_POINT('',(-16.35210590221,24.624999999997,
    4.747671199172));
#2984 = CARTESIAN_POINT('',(-16.35210590221,24.624999999997,
    4.682107445262));
#2985 = ORIENTED_EDGE('',*,*,#1072,.T.);
#2986 = ORIENTED_EDGE('',*,*,#2987,.F.);
#2987 = EDGE_CURVE('',#1022,#1056,#2988,.T.);
#2988 = B_SPLINE_CURVE_WITH_KNOTS('',14,(#2989,#2990,#2991,#2992,#2993,
    #2994,#2995,#2996,#2997,#2998,#2999,#3000,#3001,#3002,#3003,#3004,
    #3005,#3006,#3007,#3008,#3009,#3010,#3011,#3012,#3013,#3014,#3015,
    #3016,#3017,#3018,#3019,#3020,#3021,#3022,#3023,#3024,#3025,#3026,
    #3027,#3028,#3029,#3030,#3031,#3032,#3033,#3034,#3035,#3036,#3037,
    #3038,#3039,#3040,#3041,#3042,#3043,#3044,#3045,#3046,#3047,#3048,
    #3049,#3050,#3051,#3052,#3053,#3054,#3055,#3056,#3057,#3058,#3059,
    #3060,#3061,#3062,#3063,#3064,#3065,#3066,#3067,#3068),
  .UNSPECIFIED.,.F.,.F.,(15,13,13,13,13,13,15),(-0.845096714838,
    -3.453241788093E-15,4.943333155953,9.591481542515,14.241168443286,
    19.183021819212,20.028132085),.UNSPECIFIED.);
#2989 = CARTESIAN_POINT('',(16.352105902211,24.625,4.682107467976));
#2990 = CARTESIAN_POINT('',(16.352105902211,24.625,4.747671220263));
#2991 = CARTESIAN_POINT('',(16.352105902211,24.625,4.813234972551));
#2992 = CARTESIAN_POINT('',(16.352105902211,24.625000000001,
    4.878798724838));
#2993 = CARTESIAN_POINT('',(16.352105902211,24.625000000001,
    4.944362477126));
#2994 = CARTESIAN_POINT('',(16.352105902211,24.625000000001,
    5.009926229413));
#2995 = CARTESIAN_POINT('',(16.352105902211,24.625000000001,
    5.075489981701));
#2996 = CARTESIAN_POINT('',(16.352105902211,24.625000000001,
    5.141053733988));
#2997 = CARTESIAN_POINT('',(16.352105902211,24.625000000001,
    5.206617486275));
#2998 = CARTESIAN_POINT('',(16.352105902211,24.625000000001,
    5.272181238563));
#2999 = CARTESIAN_POINT('',(16.352105902211,24.625000000001,
    5.33774499085));
#3000 = CARTESIAN_POINT('',(16.352105902211,24.625000000001,
    5.403308743138));
#3001 = CARTESIAN_POINT('',(16.352105902211,24.625,5.468872495425));
#3002 = CARTESIAN_POINT('',(16.352105902211,24.625,5.534436247713));
#3003 = CARTESIAN_POINT('',(16.35210590221,24.624999999999,
    5.983510508112));
#3004 = CARTESIAN_POINT('',(16.331856888074,24.646720138359,
    6.367247029092));
#3005 = CARTESIAN_POINT('',(16.291027938662,24.69051836347,
    6.749905661218));
#3006 = CARTESIAN_POINT('',(16.229787783079,24.755818319405,
    7.128630602133));
#3007 = CARTESIAN_POINT('',(16.147726514672,24.842213427673,
    7.501883833503));
#3008 = CARTESIAN_POINT('',(16.043959628681,24.949398564116,
    7.868685484507));
#3009 = CARTESIAN_POINT('',(15.91750764975,25.076750653731,
    8.227375948317));
#3010 = CARTESIAN_POINT('',(15.767551675861,25.222987054768,8.5752350711
    ));
#3011 = CARTESIAN_POINT('',(15.593511438996,25.386043773961,
    8.90903631349));
#3012 = CARTESIAN_POINT('',(15.395078033436,25.563134446343,
    9.225914732581));
#3013 = CARTESIAN_POINT('',(15.172358211201,25.750875501657,
    9.523786907512));
#3014 = CARTESIAN_POINT('',(14.926151175923,25.945393159922,
    9.800978577921));
#3015 = CARTESIAN_POINT('',(14.658082041238,26.142463723298,
    10.055691740039));
#3016 = CARTESIAN_POINT('',(14.098846095363,26.52182159566,
    10.505422053994));
#3017 = CARTESIAN_POINT('',(13.809939965954,26.704351608058,
    10.703129561056));
#3018 = CARTESIAN_POINT('',(13.504692165169,26.882453912417,
    10.880410479305));
#3019 = CARTESIAN_POINT('',(13.183969397601,27.052905221582,
    11.037131764788));
#3020 = CARTESIAN_POINT('',(12.850516068627,27.212567514533,
    11.173770646401));
#3021 = CARTESIAN_POINT('',(12.506276951499,27.359093520018,
    11.291440203574));
#3022 = CARTESIAN_POINT('',(12.15208017091,27.490795547196,
    11.391470012358));
#3023 = CARTESIAN_POINT('',(11.789132906947,27.606144963358,
    11.475003184567));
#3024 = CARTESIAN_POINT('',(11.419730333583,27.70363939715,
    11.542930753322));
#3025 = CARTESIAN_POINT('',(11.046108407449,27.782194208741,
    11.596109757323));
#3026 = CARTESIAN_POINT('',(10.668969155939,27.841481581698,
    11.635486749881));
#3027 = CARTESIAN_POINT('',(10.288358752762,27.881451749027,
    11.661757761175));
#3028 = CARTESIAN_POINT('',(9.906769855117,27.901324032961,
    11.674823176255));
#3029 = CARTESIAN_POINT('',(9.143216034578,27.901331239276,
    11.67482791379));
#3030 = CARTESIAN_POINT('',(8.761296221107,27.881376037083,
    11.661701951868));
#3031 = CARTESIAN_POINT('',(8.380947980879,27.841578930811,
    11.635550063977));
#3032 = CARTESIAN_POINT('',(8.003210468318,27.782106302033,
    11.596069450452));
#3033 = CARTESIAN_POINT('',(7.629161062006,27.703330176924,
    11.542725925594));
#3034 = CARTESIAN_POINT('',(7.260106842047,27.605881901256,
    11.474794105506));
#3035 = CARTESIAN_POINT('',(6.897545751297,27.490668904719,
    11.391354058364));
#3036 = CARTESIAN_POINT('',(6.543062772762,27.358896827051,
    11.291307445976));
#3037 = CARTESIAN_POINT('',(6.19826319688,27.21211592962,11.173449109991
    ));
#3038 = CARTESIAN_POINT('',(5.864781810089,27.052287430655,
    11.036602998462));
#3039 = CARTESIAN_POINT('',(5.544343572791,26.881842034578,
    10.879804246324));
#3040 = CARTESIAN_POINT('',(5.238788114893,26.70367965036,
    10.702482169863));
#3041 = CARTESIAN_POINT('',(4.949907114719,26.521035929098,
    10.504571853066));
#3042 = CARTESIAN_POINT('',(4.390823489018,26.141643372166,
    10.05463250396));
#3043 = CARTESIAN_POINT('',(4.122995686136,25.944730877827,
    9.799830523407));
#3044 = CARTESIAN_POINT('',(3.877090034412,25.750596777251,
    9.524546319374));
#3045 = CARTESIAN_POINT('',(3.653434216651,25.561170376812,
    9.218058934808));
#3046 = CARTESIAN_POINT('',(3.459943931082,25.39000013567,8.927634262962
    ));
#3047 = CARTESIAN_POINT('',(3.273039780828,25.214166476153,
    8.536669181546));
#3048 = CARTESIAN_POINT('',(3.148373760353,25.090314307263,
    8.281774858329));
#3049 = CARTESIAN_POINT('',(2.987951089543,24.934396002689,
    7.815262446329));
#3050 = CARTESIAN_POINT('',(2.914436008316,24.852046434771,
    7.533480535973));
#3051 = CARTESIAN_POINT('',(2.814853925302,24.751531534796,
    7.115560574893));
#3052 = CARTESIAN_POINT('',(2.760226165579,24.69146384644,6.752489571989
    ));
#3053 = CARTESIAN_POINT('',(2.718009524813,24.646635490497,
    6.366764775946));
#3054 = CARTESIAN_POINT('',(2.69789409779,24.625000000005,5.983389557193
    ));
#3055 = CARTESIAN_POINT('',(2.697894097789,24.624999999999,
    5.534436247713));
#3056 = CARTESIAN_POINT('',(2.697894097789,24.624999999998,
    5.468872495425));
#3057 = CARTESIAN_POINT('',(2.697894097789,24.624999999997,
    5.403308743138));
#3058 = CARTESIAN_POINT('',(2.697894097789,24.624999999997,5.33774499085
    ));
#3059 = CARTESIAN_POINT('',(2.697894097789,24.624999999996,
    5.272181238563));
#3060 = CARTESIAN_POINT('',(2.697894097789,24.624999999995,
    5.206617486275));
#3061 = CARTESIAN_POINT('',(2.697894097789,24.624999999994,
    5.141053733988));
#3062 = CARTESIAN_POINT('',(2.697894097788,24.624999999993,5.0754899817)
  );
#3063 = CARTESIAN_POINT('',(2.697894097788,24.624999999992,
    5.009926229413));
#3064 = CARTESIAN_POINT('',(2.697894097788,24.624999999991,
    4.944362477125));
#3065 = CARTESIAN_POINT('',(2.697894097788,24.62499999999,4.878798724838
    ));
#3066 = CARTESIAN_POINT('',(2.697894097788,24.62499999999,4.81323497255)
  );
#3067 = CARTESIAN_POINT('',(2.697894097788,24.624999999989,
    4.747671220263));
#3068 = CARTESIAN_POINT('',(2.697894097788,24.624999999988,
    4.682107467976));
#3069 = ORIENTED_EDGE('',*,*,#1021,.T.);
#3070 = ORIENTED_EDGE('',*,*,#3071,.F.);
#3071 = EDGE_CURVE('',#971,#1005,#3072,.T.);
#3072 = B_SPLINE_CURVE_WITH_KNOTS('',14,(#3073,#3074,#3075,#3076,#3077,
    #3078,#3079,#3080,#3081,#3082,#3083,#3084,#3085,#3086,#3087,#3088,
    #3089,#3090,#3091,#3092,#3093,#3094,#3095,#3096,#3097,#3098,#3099,
    #3100,#3101,#3102,#3103,#3104,#3105,#3106,#3107,#3108,#3109,#3110,
    #3111,#3112,#3113,#3114,#3115,#3116,#3117,#3118,#3119,#3120,#3121,
    #3122,#3123,#3124,#3125,#3126,#3127,#3128,#3129,#3130,#3131,#3132,
    #3133,#3134,#3135,#3136,#3137,#3138,#3139,#3140,#3141,#3142,#3143,
    #3144,#3145,#3146,#3147,#3148,#3149,#3150,#3151,#3152),
  .UNSPECIFIED.,.F.,.F.,(15,13,13,13,13,13,15),(-0.845096806272,
    -3.176506642964E-15,4.94333366861,9.591482091089,14.241168726652,
    19.183021819211,20.028132040644),.UNSPECIFIED.);
#3073 = CARTESIAN_POINT('',(35.402105902213,24.625,4.682107463856));
#3074 = CARTESIAN_POINT('',(35.402105902214,24.625,4.747671216438));
#3075 = CARTESIAN_POINT('',(35.402105902214,24.625000000001,
    4.81323496902));
#3076 = CARTESIAN_POINT('',(35.402105902215,24.625000000001,
    4.878798721602));
#3077 = CARTESIAN_POINT('',(35.402105902215,24.625000000002,
    4.944362474183));
#3078 = CARTESIAN_POINT('',(35.402105902215,24.625000000002,
    5.009926226765));
#3079 = CARTESIAN_POINT('',(35.402105902215,24.625000000002,
    5.075489979347));
#3080 = CARTESIAN_POINT('',(35.402105902215,24.625000000002,
    5.141053731929));
#3081 = CARTESIAN_POINT('',(35.402105902215,24.625000000002,
    5.20661748451));
#3082 = CARTESIAN_POINT('',(35.402105902214,24.625000000002,
    5.272181237092));
#3083 = CARTESIAN_POINT('',(35.402105902214,24.625000000002,
    5.337744989674));
#3084 = CARTESIAN_POINT('',(35.402105902213,24.625000000001,
    5.403308742255));
#3085 = CARTESIAN_POINT('',(35.402105902213,24.625000000001,
    5.468872494837));
#3086 = CARTESIAN_POINT('',(35.402105902212,24.625000000001,
    5.534436247418));
#3087 = CARTESIAN_POINT('',(35.402105902205,24.624999999997,
    5.983510508112));
#3088 = CARTESIAN_POINT('',(35.381856888126,24.646720138344,
    6.367247029073));
#3089 = CARTESIAN_POINT('',(35.341027938552,24.690518363487,
    6.749905661251));
#3090 = CARTESIAN_POINT('',(35.279787783195,24.755818319458,
    7.128630602153));
#3091 = CARTESIAN_POINT('',(35.1977265145,24.84221342757,7.501883833441)
  );
#3092 = CARTESIAN_POINT('',(35.093959629014,24.949398564162,
    7.868685484507));
#3093 = CARTESIAN_POINT('',(34.967507649387,25.076750653713,
    8.227375948359));
#3094 = CARTESIAN_POINT('',(34.817551676056,25.222987054861,
    8.57523507116));
#3095 = CARTESIAN_POINT('',(34.643511438844,25.386043773915,
    8.909036313434));
#3096 = CARTESIAN_POINT('',(34.445078033643,25.563134446236,
    9.225914732462));
#3097 = CARTESIAN_POINT('',(34.222358211173,25.750875501688,
    9.523786907568));
#3098 = CARTESIAN_POINT('',(33.976151175727,25.945393160114,
    9.800978578184));
#3099 = CARTESIAN_POINT('',(33.708082041182,26.142463723328,
    10.055691740072));
#3100 = CARTESIAN_POINT('',(33.148846121317,26.521821578034,
    10.505422033105));
#3101 = CARTESIAN_POINT('',(32.859940024509,26.704351574359,
    10.703129525138));
#3102 = CARTESIAN_POINT('',(32.554692234586,26.882453862688,
    10.88041042833));
#3103 = CARTESIAN_POINT('',(32.233969540096,27.052905147922,
    11.037131695588));
#3104 = CARTESIAN_POINT('',(31.900516274164,27.212567424062,
    11.173770571152));
#3105 = CARTESIAN_POINT('',(31.556277148493,27.359093441757,
    11.291440144718));
#3106 = CARTESIAN_POINT('',(31.202080310164,27.490795497361,
    11.391469978772));
#3107 = CARTESIAN_POINT('',(30.839133017746,27.606144940387,
    11.475003168239));
#3108 = CARTESIAN_POINT('',(30.469730469369,27.703639373146,
    11.542930735152));
#3109 = CARTESIAN_POINT('',(30.096108591485,27.782194171802,
    11.596109731512));
#3110 = CARTESIAN_POINT('',(29.718969356783,27.841481545568,
    11.635486727114));
#3111 = CARTESIAN_POINT('',(29.338358927106,27.881451738766,
    11.661757754106));
#3112 = CARTESIAN_POINT('',(28.956769965112,27.901324030225,
    11.674823174459));
#3113 = CARTESIAN_POINT('',(28.193216045076,27.901331242001,
    11.674827915581));
#3114 = CARTESIAN_POINT('',(27.81129617036,27.881376022563,
    11.661701941366));
#3115 = CARTESIAN_POINT('',(27.43094799227,27.841578930286,
    11.635550063621));
#3116 = CARTESIAN_POINT('',(27.053210554359,27.782106322478,
    11.596069465074));
#3117 = CARTESIAN_POINT('',(26.679161150873,27.703330201696,
    11.542725943277));
#3118 = CARTESIAN_POINT('',(26.310106872811,27.605881913849,
    11.47479411438));
#3119 = CARTESIAN_POINT('',(25.947545723686,27.490668901846,
    11.391354056316));
#3120 = CARTESIAN_POINT('',(25.593062735938,27.358896818997,
    11.291307440496));
#3121 = CARTESIAN_POINT('',(25.248263194156,27.212115927776,
    11.173449109126));
#3122 = CARTESIAN_POINT('',(24.914781838123,27.052287436338,
    11.03660300305));
#3123 = CARTESIAN_POINT('',(24.594343588926,26.881842039546,
    10.879804250116));
#3124 = CARTESIAN_POINT('',(24.288788098727,26.703679648544,
    10.702482168575));
#3125 = CARTESIAN_POINT('',(23.999907114835,26.521035929182,
    10.50457185316));
#3126 = CARTESIAN_POINT('',(23.440823488979,26.141643372131,
    10.054632503925));
#3127 = CARTESIAN_POINT('',(23.172995686084,25.944730877817,
    9.799830523301));
#3128 = CARTESIAN_POINT('',(22.927090034333,25.750596777186,
    9.524546319782));
#3129 = CARTESIAN_POINT('',(22.703434216284,25.561170376339,
    9.218058932405));
#3130 = CARTESIAN_POINT('',(22.509943932039,25.390000136962,
    8.927634268871));
#3131 = CARTESIAN_POINT('',(22.323039778254,25.214166473214,
    8.536669170201));
#3132 = CARTESIAN_POINT('',(22.198373763966,25.090314311044,
    8.28177487242));
#3133 = CARTESIAN_POINT('',(22.037951085435,24.934395998711,
    7.81526243289));
#3134 = CARTESIAN_POINT('',(21.964436010902,24.85204643708,
    7.533480543006));
#3135 = CARTESIAN_POINT('',(21.864853924163,24.751531533868,
    7.115560572058));
#3136 = CARTESIAN_POINT('',(21.810226165865,24.69146384663,
    6.752489572526));
#3137 = CARTESIAN_POINT('',(21.768009524751,24.646635490462,
    6.366764775741));
#3138 = CARTESIAN_POINT('',(21.747894097792,24.625000000003,
    5.983389557052));
#3139 = CARTESIAN_POINT('',(21.747894097789,24.625,5.534436247418));
#3140 = CARTESIAN_POINT('',(21.747894097788,24.624999999999,
    5.468872494837));
#3141 = CARTESIAN_POINT('',(21.747894097788,24.624999999999,
    5.403308742255));
#3142 = CARTESIAN_POINT('',(21.747894097787,24.624999999998,
    5.337744989673));
#3143 = CARTESIAN_POINT('',(21.747894097787,24.624999999998,
    5.272181237091));
#3144 = CARTESIAN_POINT('',(21.747894097786,24.624999999997,
    5.20661748451));
#3145 = CARTESIAN_POINT('',(21.747894097786,24.624999999997,
    5.141053731928));
#3146 = CARTESIAN_POINT('',(21.747894097785,24.624999999996,
    5.075489979346));
#3147 = CARTESIAN_POINT('',(21.747894097785,24.624999999996,
    5.009926226765));
#3148 = CARTESIAN_POINT('',(21.747894097784,24.624999999995,
    4.944362474183));
#3149 = CARTESIAN_POINT('',(21.747894097784,24.624999999995,
    4.878798721601));
#3150 = CARTESIAN_POINT('',(21.747894097783,24.624999999994,
    4.81323496902));
#3151 = CARTESIAN_POINT('',(21.747894097783,24.624999999994,
    4.747671216438));
#3152 = CARTESIAN_POINT('',(21.747894097782,24.624999999993,
    4.682107463856));
#3153 = CYLINDRICAL_SURFACE('',#3154,7.270003716431);
#3154 = AXIS2_PLACEMENT_3D('',#3155,#3156,#3157);
#3155 = CARTESIAN_POINT('',(0.,31.895003716431,5.6));
#3156 = DIRECTION('',(1.,0.,0.));
#3157 = DIRECTION('',(0.,1.,0.));
#3158 = ADVANCED_FACE('',(#3159),#3247,.F.);
#3159 = FACE_BOUND('',#3160,.F.);
#3160 = EDGE_LOOP('',(#3161,#3162,#3245,#3246));
#3161 = ORIENTED_EDGE('',*,*,#1131,.T.);
#3162 = ORIENTED_EDGE('',*,*,#3163,.T.);
#3163 = EDGE_CURVE('',#1132,#1149,#3164,.T.);
#3164 = B_SPLINE_CURVE_WITH_KNOTS('',14,(#3165,#3166,#3167,#3168,#3169,
    #3170,#3171,#3172,#3173,#3174,#3175,#3176,#3177,#3178,#3179,#3180,
    #3181,#3182,#3183,#3184,#3185,#3186,#3187,#3188,#3189,#3190,#3191,
    #3192,#3193,#3194,#3195,#3196,#3197,#3198,#3199,#3200,#3201,#3202,
    #3203,#3204,#3205,#3206,#3207,#3208,#3209,#3210,#3211,#3212,#3213,
    #3214,#3215,#3216,#3217,#3218,#3219,#3220,#3221,#3222,#3223,#3224,
    #3225,#3226,#3227,#3228,#3229,#3230,#3231,#3232,#3233,#3234,#3235,
    #3236,#3237,#3238,#3239,#3240,#3241,#3242,#3243,#3244),
  .UNSPECIFIED.,.F.,.F.,(15,13,13,13,13,13,15),(-0.84509649394,
    -3.469331068038E-15,4.94333182562,9.591479552289,14.241166885989,
    19.183021819211,20.028132357823),.UNSPECIFIED.);
#3165 = CARTESIAN_POINT('',(-22.98918608001,25.056818181818,
    4.682107460893));
#3166 = CARTESIAN_POINT('',(-22.98918608001,25.05681818182,
    4.762147599634));
#3167 = CARTESIAN_POINT('',(-22.98918608001,25.056818181821,
    4.839960602075));
#3168 = CARTESIAN_POINT('',(-22.98918608001,25.056818181822,
    4.915546468217));
#3169 = CARTESIAN_POINT('',(-22.98918608001,25.056818181823,
    4.988905198059));
#3170 = CARTESIAN_POINT('',(-22.98918608001,25.056818181824,
    5.060036791602));
#3171 = CARTESIAN_POINT('',(-22.98918608001,25.056818181824,
    5.128941248845));
#3172 = CARTESIAN_POINT('',(-22.98918608001,25.056818181824,
    5.195618569788));
#3173 = CARTESIAN_POINT('',(-22.98918608001,25.056818181824,
    5.260068754432));
#3174 = CARTESIAN_POINT('',(-22.98918608001,25.056818181824,
    5.322291802776));
#3175 = CARTESIAN_POINT('',(-22.98918608001,25.056818181823,
    5.38228771482));
#3176 = CARTESIAN_POINT('',(-22.98918608001,25.056818181822,
    5.440056490564));
#3177 = CARTESIAN_POINT('',(-22.98918608001,25.056818181821,
    5.495598130009));
#3178 = CARTESIAN_POINT('',(-22.98918608001,25.05681818182,
    5.548912633154));
#3179 = CARTESIAN_POINT('',(-22.98918608,25.056818181809,5.898831918279)
  );
#3180 = CARTESIAN_POINT('',(-23.00768991382,25.071468475924,
    6.197982323334));
#3181 = CARTESIAN_POINT('',(-23.04496535142,25.100963884582,
    6.495576421047));
#3182 = CARTESIAN_POINT('',(-23.1008018702,25.144836302495,
    6.789084398367));
#3183 = CARTESIAN_POINT('',(-23.17557432608,25.202716856469,
    7.077075629052));
#3184 = CARTESIAN_POINT('',(-23.26999965986,25.27417357469,
    7.358289429532));
#3185 = CARTESIAN_POINT('',(-23.38470109066,25.358381884412,
    7.630709542895));
#3186 = CARTESIAN_POINT('',(-23.5200041996,25.453959765795,
    7.891586444753));
#3187 = CARTESIAN_POINT('',(-23.67594144743,25.559009125273,
    8.138204655444));
#3188 = CARTESIAN_POINT('',(-23.852236394,25.67125033407,8.368641636142)
  );
#3189 = CARTESIAN_POINT('',(-24.04807571769,25.788117396825,
    8.581810388236));
#3190 = CARTESIAN_POINT('',(-24.26175657406,25.906797409289,
    8.776719727848));
#3191 = CARTESIAN_POINT('',(-24.49081841788,26.024449336141,
    8.952124220939));
#3192 = CARTESIAN_POINT('',(-24.96272343456,26.247145234707,
    9.257614242999));
#3193 = CARTESIAN_POINT('',(-25.20376445088,26.352444786364,
    9.389518705537));
#3194 = CARTESIAN_POINT('',(-25.45543132776,26.453167614464,
    9.505304604182));
#3195 = CARTESIAN_POINT('',(-25.71642873352,26.547969611436,
    9.606261040906));
#3196 = CARTESIAN_POINT('',(-25.98511296154,26.635488678556,
    9.693258786293));
#3197 = CARTESIAN_POINT('',(-26.26005257145,26.7146834128,9.767232223701
    ));
#3198 = CARTESIAN_POINT('',(-26.54015071875,26.784926520689,
    9.829396280658));
#3199 = CARTESIAN_POINT('',(-26.82441256608,26.845805743862,
    9.880950711042));
#3200 = CARTESIAN_POINT('',(-27.11187062739,26.896946590044,
    9.922775327013));
#3201 = CARTESIAN_POINT('',(-27.40180614295,26.938041852328,
    9.955473112701));
#3202 = CARTESIAN_POINT('',(-27.69385280961,26.968967438545,
    9.979610485139));
#3203 = CARTESIAN_POINT('',(-27.98746620513,26.989695697479,
    9.995671706682));
#3204 = CARTESIAN_POINT('',(-28.2812152212,27.000000873126,
    10.003624493373));
#3205 = CARTESIAN_POINT('',(-28.86893559101,26.99999912651,
    10.00362085773));
#3206 = CARTESIAN_POINT('',(-29.16274457266,26.989678344156,
    9.995655064431));
#3207 = CARTESIAN_POINT('',(-29.45622044794,26.96898815442,
    9.979643792931));
#3208 = CARTESIAN_POINT('',(-29.74850746888,26.937996749663,
    9.955427652879));
#3209 = CARTESIAN_POINT('',(-30.03875421064,26.896841000417,
    9.922685547901));
#3210 = CARTESIAN_POINT('',(-30.32627143587,26.845703462315,
    9.880893945015));
#3211 = CARTESIAN_POINT('',(-30.61044088276,26.784819160539,
    9.82932030561));
#3212 = CARTESIAN_POINT('',(-30.89054261664,26.714510967893,
    9.767043986766));
#3213 = CARTESIAN_POINT('',(-31.16561633656,26.635247447934,
    9.693000158491));
#3214 = CARTESIAN_POINT('',(-31.4344197863,26.547712097121,
    9.606044518466));
#3215 = CARTESIAN_POINT('',(-31.69549516449,26.452867969896,
    9.505038821371));
#3216 = CARTESIAN_POINT('',(-31.94730219181,26.351996737526,
    9.388959477331));
#3217 = CARTESIAN_POINT('',(-32.18832423616,26.246686279739,
    9.257033708456));
#3218 = CARTESIAN_POINT('',(-32.66004824877,26.024002506168,
    8.951478775027));
#3219 = CARTESIAN_POINT('',(-32.88911384022,25.90631071142,
    8.775624273428));
#3220 = CARTESIAN_POINT('',(-33.10277186194,25.787683657547,
    8.582532099867));
#3221 = CARTESIAN_POINT('',(-33.29761795657,25.670886470728,
    8.361421300582));
#3222 = CARTESIAN_POINT('',(-33.47279128276,25.561134885036,
    8.161702941536));
#3223 = CARTESIAN_POINT('',(-33.63919284663,25.445383722901,
    7.834960022925));
#3224 = CARTESIAN_POINT('',(-33.74581691078,25.374518098625,
    7.716319466959));
#3225 = CARTESIAN_POINT('',(-33.90346503702,25.25576174235,
    7.273605372611));
#3226 = CARTESIAN_POINT('',(-33.95814660366,25.215151963943,
    7.129342571994));
#3227 = CARTESIAN_POINT('',(-34.05642360614,25.139402684966,
    6.76738675807));
#3228 = CARTESIAN_POINT('',(-34.10324407045,25.102296122325,
    6.50060999216));
#3229 = CARTESIAN_POINT('',(-34.14253779074,25.071298261754,
    6.197066306585));
#3230 = CARTESIAN_POINT('',(-34.16081392,25.056818181831,5.898737677188)
  );
#3231 = CARTESIAN_POINT('',(-34.16081391998,25.056818181816,
    5.548912632466));
#3232 = CARTESIAN_POINT('',(-34.16081391998,25.056818181814,
    5.495598128739));
#3233 = CARTESIAN_POINT('',(-34.16081391998,25.056818181811,
    5.440056488817));
#3234 = CARTESIAN_POINT('',(-34.16081391997,25.056818181809,
    5.382287712702));
#3235 = CARTESIAN_POINT('',(-34.16081391997,25.056818181806,
    5.322291800393));
#3236 = CARTESIAN_POINT('',(-34.16081391997,25.056818181804,
    5.26006875189));
#3237 = CARTESIAN_POINT('',(-34.16081391996,25.056818181801,
    5.195618567194));
#3238 = CARTESIAN_POINT('',(-34.16081391996,25.056818181798,
    5.128941246304));
#3239 = CARTESIAN_POINT('',(-34.16081391996,25.056818181795,
    5.06003678922));
#3240 = CARTESIAN_POINT('',(-34.16081391995,25.056818181792,
    4.988905195942));
#3241 = CARTESIAN_POINT('',(-34.16081391995,25.056818181789,
    4.91554646647));
#3242 = CARTESIAN_POINT('',(-34.16081391995,25.056818181786,
    4.839960600805));
#3243 = CARTESIAN_POINT('',(-34.16081391994,25.056818181783,
    4.762147598946));
#3244 = CARTESIAN_POINT('',(-34.16081391994,25.05681818178,
    4.682107460893));
#3245 = ORIENTED_EDGE('',*,*,#1157,.F.);
#3246 = ORIENTED_EDGE('',*,*,#2819,.F.);
#3247 = ( BOUNDED_SURFACE() B_SPLINE_SURFACE(2,14,(
    (#3248,#3249,#3250,#3251,#3252,#3253,#3254,#3255,#3256,#3257,#3258
      ,#3259,#3260,#3261,#3262,#3263,#3264,#3265,#3266,#3267,#3268,#3269
      ,#3270,#3271,#3272,#3273,#3274,#3275,#3276,#3277,#3278,#3279,#3280
      ,#3281,#3282,#3283,#3284,#3285,#3286,#3287,#3288,#3289,#3290,#3291
      ,#3292,#3293,#3294,#3295,#3296,#3297,#3298,#3299,#3300,#3301,#3302
      ,#3303,#3304,#3305,#3306,#3307,#3308,#3309,#3310,#3311,#3312,#3313
      ,#3314,#3315,#3316,#3317,#3318,#3319,#3320,#3321,#3322,#3323,#3324
      ,#3325,#3326,#3327)
    ,(#3328,#3329,#3330,#3331,#3332,#3333,#3334,#3335,#3336,#3337,#3338
      ,#3339,#3340,#3341,#3342,#3343,#3344,#3345,#3346,#3347,#3348,#3349
      ,#3350,#3351,#3352,#3353,#3354,#3355,#3356,#3357,#3358,#3359,#3360
      ,#3361,#3362,#3363,#3364,#3365,#3366,#3367,#3368,#3369,#3370,#3371
      ,#3372,#3373,#3374,#3375,#3376,#3377,#3378,#3379,#3380,#3381,#3382
      ,#3383,#3384,#3385,#3386,#3387,#3388,#3389,#3390,#3391,#3392,#3393
      ,#3394,#3395,#3396,#3397,#3398,#3399,#3400,#3401,#3402,#3403,#3404
      ,#3405,#3406,#3407)
    ,(#3408,#3409,#3410,#3411,#3412,#3413,#3414,#3415,#3416,#3417,#3418
      ,#3419,#3420,#3421,#3422,#3423,#3424,#3425,#3426,#3427,#3428,#3429
      ,#3430,#3431,#3432,#3433,#3434,#3435,#3436,#3437,#3438,#3439,#3440
      ,#3441,#3442,#3443,#3444,#3445,#3446,#3447,#3448,#3449,#3450,#3451
      ,#3452,#3453,#3454,#3455,#3456,#3457,#3458,#3459,#3460,#3461,#3462
      ,#3463,#3464,#3465,#3466,#3467,#3468,#3469,#3470,#3471,#3472,#3473
      ,#3474,#3475,#3476,#3477,#3478,#3479,#3480,#3481,#3482,#3483,#3484
      ,#3485,#3486,#3487
)),.UNSPECIFIED.,.F.,.F.,.F.) B_SPLINE_SURFACE_WITH_KNOTS((3,3),(15,13,
    13,13,13,13,15),(0.,19.183021819211),(-0.84509649394,
    -3.469331068038E-15,4.94333182562,9.591479552289,14.241166885989,
    19.183021819211,20.028132357823),.UNSPECIFIED.) 
GEOMETRIC_REPRESENTATION_ITEM() RATIONAL_B_SPLINE_SURFACE((
    (1.,1.,1.,1.,1.,1.,1.,1.,1.,1.,1.,1.,1.,1.,1.,1.,1.,1.,1.,1.,1.,1.
      ,1.,1.,1.,1.,1.,1.,1.,1.,1.,1.,1.,1.,1.,1.,1.,1.,1.,1.,1.,1.,1.,1.
      ,1.,1.,1.,1.,1.,1.,1.,1.,1.,1.,1.,1.,1.,1.,1.,1.,1.,1.,1.,1.,1.,1.
      ,1.,1.,1.,1.,1.,1.,1.,1.,1.,1.,1.,1.,1.,1.)
    ,(0.944481579781,0.944481579781,0.944481579781,0.944481579781
      ,0.944481579781,0.944481579781,0.944481579781,0.944481579781
      ,0.944481579781,0.944481579781,0.944481579781,0.944481579781
      ,0.944481579781,0.944481579781,0.944481579781,0.944320571084
      ,0.943992700318,0.943488268473,0.942786480122,0.941848896006
      ,0.940621001636,0.939041849216,0.937057406567,0.934632070413
      ,0.931754753461,0.928441055237,0.924741257014,0.917046080031
      ,0.913073361957,0.908916387436,0.90468601012,0.90050431057
      ,0.896477190075,0.892701882993,0.889281367464,0.886318897518
      ,0.88389297106,0.882040628974,0.880779647226,0.880152577158
      ,0.88015204539,0.88078314632,0.882036059028,0.883895925941
      ,0.886331475098,0.889291073786,0.892703185849,0.896479198149
      ,0.900517307846,0.904706890093,0.908933491382,0.913085322005
      ,0.91706284681,0.924759193806,0.92844707606,0.931745325037
      ,0.934703780074,0.937005421356,0.938926180427,0.940972037348
      ,0.941437806978,0.943074138167,0.943363645184,0.944028272335
      ,0.944314167493,0.944481579781,0.944481579781,0.944481579781
      ,0.944481579781,0.944481579781,0.944481579781,0.944481579781
      ,0.944481579781,0.944481579781,0.944481579781,0.944481579781
      ,0.944481579781,0.944481579781,0.944481579781,0.944481579781)
    ,(1.,1.,1.,1.,1.,1.,1.,1.,1.,1.,1.,1.,1.,1.,1.,1.,1.,1.,1.,1.,1.,1.
      ,1.,1.,1.,1.,1.,1.,1.,1.,1.,1.,1.,1.,1.,1.,1.,1.,1.,1.,1.,1.,1.,1.
      ,1.,1.,1.,1.,1.,1.,1.,1.,1.,1.,1.,1.,1.,1.,1.,1.,1.,1.,1.,1.,1.,1.
,1.,1.,1.,1.,1.,1.,1.,1.,1.,1.,1.,1.,1.,1.
))) REPRESENTATION_ITEM('') SURFACE() );
#3248 = CARTESIAN_POINT('',(-21.74789409778,24.625,4.682107460893));
#3249 = CARTESIAN_POINT('',(-21.74789409779,24.625000000002,
    4.747671213686));
#3250 = CARTESIAN_POINT('',(-21.74789409779,24.625000000003,
    4.81323496648));
#3251 = CARTESIAN_POINT('',(-21.74789409779,24.625000000004,
    4.878798719274));
#3252 = CARTESIAN_POINT('',(-21.74789409779,24.625000000005,
    4.944362472067));
#3253 = CARTESIAN_POINT('',(-21.74789409779,24.625000000005,
    5.009926224861));
#3254 = CARTESIAN_POINT('',(-21.74789409779,24.625000000006,
    5.075489977654));
#3255 = CARTESIAN_POINT('',(-21.74789409779,24.625000000006,
    5.141053730448));
#3256 = CARTESIAN_POINT('',(-21.74789409779,24.625000000006,
    5.206617483241));
#3257 = CARTESIAN_POINT('',(-21.74789409779,24.625000000005,
    5.272181236034));
#3258 = CARTESIAN_POINT('',(-21.74789409779,24.625000000005,
    5.337744988828));
#3259 = CARTESIAN_POINT('',(-21.74789409779,24.625000000004,
    5.403308741621));
#3260 = CARTESIAN_POINT('',(-21.74789409779,24.625000000003,
    5.468872494414));
#3261 = CARTESIAN_POINT('',(-21.74789409779,24.625000000002,
    5.534436247207));
#3262 = CARTESIAN_POINT('',(-21.74789409778,24.624999999991,
    5.983510508105));
#3263 = CARTESIAN_POINT('',(-21.768143112,24.646720138424,6.367247029171
    ));
#3264 = CARTESIAN_POINT('',(-21.80897206116,24.690518363328,
    6.749905661163));
#3265 = CARTESIAN_POINT('',(-21.87021221716,24.755818319604,
    7.128630602198));
#3266 = CARTESIAN_POINT('',(-21.95227348495,24.842213427386,
    7.50188383345));
#3267 = CARTESIAN_POINT('',(-22.05604037194,24.949398564597,
    7.868685484727));
#3268 = CARTESIAN_POINT('',(-22.18249234959,25.07675065323,
    8.227375948169));
#3269 = CARTESIAN_POINT('',(-22.33244832464,25.222987055154,
    8.575235071274));
#3270 = CARTESIAN_POINT('',(-22.50648856068,25.38604377375,
    8.909036313525));
#3271 = CARTESIAN_POINT('',(-22.70492196697,25.563134446669,
    9.225914732813));
#3272 = CARTESIAN_POINT('',(-22.9276417887,25.750875501552,
    9.523786907421));
#3273 = CARTESIAN_POINT('',(-23.17384882386,25.9453931597,9.800978577602
    ));
#3274 = CARTESIAN_POINT('',(-23.44191795868,26.142463723263,10.05569174)
  );
#3275 = CARTESIAN_POINT('',(-24.00115393903,26.521821619,10.505422081661
    ));
#3276 = CARTESIAN_POINT('',(-24.29006011146,26.704351652732,
    10.703129608639));
#3277 = CARTESIAN_POINT('',(-24.59530792721,26.882453978166,
    10.880410546804));
#3278 = CARTESIAN_POINT('',(-24.91603079025,27.052905319492,
    11.037131856556));
#3279 = CARTESIAN_POINT('',(-25.24948420511,27.212567633756,
    11.173770745876));
#3280 = CARTESIAN_POINT('',(-25.59372330751,27.359093624552,
    11.291440281826));
#3281 = CARTESIAN_POINT('',(-25.94792001582,27.490795612335,
    11.391470056608));
#3282 = CARTESIAN_POINT('',(-26.31086723797,27.606144994685,
    11.475003206486));
#3283 = CARTESIAN_POINT('',(-26.68026984774,27.703639428279,
    11.542930777156));
#3284 = CARTESIAN_POINT('',(-27.05389183539,27.7821942579,
    11.596109791537));
#3285 = CARTESIAN_POINT('',(-27.43103111015,27.841481629385,11.63548678)
  );
#3286 = CARTESIAN_POINT('',(-27.81164147809,27.881451762988,
    11.661757770762));
#3287 = CARTESIAN_POINT('',(-28.19323029376,27.901324037251,
    11.674823179074));
#3288 = CARTESIAN_POINT('',(-28.95678405627,27.901331234995,
    11.674827910975));
#3289 = CARTESIAN_POINT('',(-29.33870384301,27.881376056573,
    11.661701968743));
#3290 = CARTESIAN_POINT('',(-29.71905227487,27.841578900067,
    11.635550042151));
#3291 = CARTESIAN_POINT('',(-30.09678997262,27.782106213703,
    11.596069386509));
#3292 = CARTESIAN_POINT('',(-30.47083941291,27.703330068358,
    11.542725850375));
#3293 = CARTESIAN_POINT('',(-30.83989355849,27.605881795403,
    11.474794035215));
#3294 = CARTESIAN_POINT('',(-31.20245459066,27.490668788257,
    11.391353976622));
#3295 = CARTESIAN_POINT('',(-31.55693759679,27.358896670096,
    11.291307323192));
#3296 = CARTESIAN_POINT('',(-31.90173723576,27.212115728806,
    11.173448939743));
#3297 = CARTESIAN_POINT('',(-32.23521860357,27.052287227528,
    11.03660281552));
#3298 = CARTESIAN_POINT('',(-32.55565668143,26.881841891928,
    10.879804106349));
#3299 = CARTESIAN_POINT('',(-32.86121195377,26.703679587176,
    10.702482095426));
#3300 = CARTESIAN_POINT('',(-33.15009294403,26.521035888805,
    10.504571805168));
#3301 = CARTESIAN_POINT('',(-33.70917650917,26.141643374053,
    10.054632506312));
#3302 = CARTESIAN_POINT('',(-33.97700431639,25.944730876209,
    9.799830522026));
#3303 = CARTESIAN_POINT('',(-34.2229099677,25.750596773462,
    9.524546313469));
#3304 = CARTESIAN_POINT('',(-34.44656577176,25.56117038925,
    9.218058950808));
#3305 = CARTESIAN_POINT('',(-34.64005609027,25.390000116257,
    8.927634240493));
#3306 = CARTESIAN_POINT('',(-34.8269601934,25.214166496756,
    8.536669203015));
#3307 = CARTESIAN_POINT('',(-34.95162626255,25.090314291068,
    8.28177484327));
#3308 = CARTESIAN_POINT('',(-35.11204889506,24.934396012179,
    7.815262453957));
#3309 = CARTESIAN_POINT('',(-35.18556399953,24.852046430688,
    7.533480533195));
#3310 = CARTESIAN_POINT('',(-35.28514607171,24.751531535999,
    7.115560575547));
#3311 = CARTESIAN_POINT('',(-35.33977383524,24.691463846238,
    6.752489571894));
#3312 = CARTESIAN_POINT('',(-35.38199047503,24.646635490495,
    6.366764775921));
#3313 = CARTESIAN_POINT('',(-35.40210590222,24.625000000012,
    5.983389557198));
#3314 = CARTESIAN_POINT('',(-35.4021059022,24.624999999998,
    5.534436247207));
#3315 = CARTESIAN_POINT('',(-35.4021059022,24.624999999996,
    5.468872494413));
#3316 = CARTESIAN_POINT('',(-35.4021059022,24.624999999994,5.40330874162
    ));
#3317 = CARTESIAN_POINT('',(-35.40210590219,24.624999999992,
    5.337744988826));
#3318 = CARTESIAN_POINT('',(-35.40210590219,24.624999999989,
    5.272181236033));
#3319 = CARTESIAN_POINT('',(-35.40210590219,24.624999999987,
    5.20661748324));
#3320 = CARTESIAN_POINT('',(-35.40210590218,24.624999999985,
    5.141053730446));
#3321 = CARTESIAN_POINT('',(-35.40210590218,24.624999999983,
    5.075489977653));
#3322 = CARTESIAN_POINT('',(-35.40210590218,24.624999999981,
    5.00992622486));
#3323 = CARTESIAN_POINT('',(-35.40210590218,24.624999999979,
    4.944362472066));
#3324 = CARTESIAN_POINT('',(-35.40210590217,24.624999999977,
    4.878798719273));
#3325 = CARTESIAN_POINT('',(-35.40210590217,24.624999999975,
    4.813234966479));
#3326 = CARTESIAN_POINT('',(-35.40210590217,24.624999999972,
    4.747671213686));
#3327 = CARTESIAN_POINT('',(-35.40210590216,24.62499999997,
    4.682107460893));
#3328 = CARTESIAN_POINT('',(-22.4436501133,24.625,4.682107460893));
#3329 = CARTESIAN_POINT('',(-22.4436501133,24.625,4.753818890947));
#3330 = CARTESIAN_POINT('',(-22.4436501133,24.625,4.8245845245));
#3331 = CARTESIAN_POINT('',(-22.4436501133,24.625,4.894404361551));
#3332 = CARTESIAN_POINT('',(-22.4436501133,24.625,4.963278402101));
#3333 = CARTESIAN_POINT('',(-22.4436501133,24.625,5.031206646148));
#3334 = CARTESIAN_POINT('',(-22.4436501133,24.625,5.098189093694));
#3335 = CARTESIAN_POINT('',(-22.4436501133,24.625,5.164225744738));
#3336 = CARTESIAN_POINT('',(-22.4436501133,24.625,5.229316599281));
#3337 = CARTESIAN_POINT('',(-22.4436501133,24.625,5.293461657322));
#3338 = CARTESIAN_POINT('',(-22.4436501133,24.625,5.356660918861));
#3339 = CARTESIAN_POINT('',(-22.4436501133,24.625,5.418914383898));
#3340 = CARTESIAN_POINT('',(-22.4436501133,24.625,5.480222052434));
#3341 = CARTESIAN_POINT('',(-22.4436501133,24.625,5.540583924468));
#3342 = CARTESIAN_POINT('',(-22.4436501133,24.625,5.947550107282));
#3343 = CARTESIAN_POINT('',(-22.46302493154,24.642666304613,
    6.295495791994));
#3344 = CARTESIAN_POINT('',(-22.50207513025,24.678260734825,
    6.642248688213));
#3345 = CARTESIAN_POINT('',(-22.56067190639,24.731249779466,
    6.985140747532));
#3346 = CARTESIAN_POINT('',(-22.63921701535,24.801159489595,
    7.322710498105));
#3347 = CARTESIAN_POINT('',(-22.73852201948,24.887458266272,
    7.653882368998));
#3348 = CARTESIAN_POINT('',(-22.8594354752,24.989204231854,7.97689682289
    ));
#3349 = CARTESIAN_POINT('',(-23.00257526873,25.104814508786,
    8.289110017415));
#3350 = CARTESIAN_POINT('',(-23.16820942889,25.232046631434,
    8.587618389351));
#3351 = CARTESIAN_POINT('',(-23.35617288467,25.368127943088,
    8.870059559879));
#3352 = CARTESIAN_POINT('',(-23.56570800632,25.509924380135,
    9.134881132548));
#3353 = CARTESIAN_POINT('',(-23.79526928014,25.654099999532,
    9.38084527136));
#3354 = CARTESIAN_POINT('',(-24.04263231048,25.797378202703,
    9.606560670036));
#3355 = CARTESIAN_POINT('',(-24.55589447421,26.06992084648,
    10.00764810106));
#3356 = CARTESIAN_POINT('',(-24.82041507235,26.199643991011,
    10.185157860147));
#3357 = CARTESIAN_POINT('',(-25.09793056377,26.324107716675,
    10.344780615253));
#3358 = CARTESIAN_POINT('',(-25.38680141932,26.441303483022,
    10.486758075807));
#3359 = CARTESIAN_POINT('',(-25.68478071586,26.54946865717,
    10.611527758124));
#3360 = CARTESIAN_POINT('',(-25.99015001479,26.647357268861,
    10.7198890927));
#3361 = CARTESIAN_POINT('',(-26.30181577438,26.734194997593,
    10.812830994444));
#3362 = CARTESIAN_POINT('',(-26.61867258061,26.809428859953,
    10.891197972443));
#3363 = CARTESIAN_POINT('',(-26.93934422983,26.872578249123,
    10.955562796482));
#3364 = CARTESIAN_POINT('',(-27.26271955849,26.923306271927,
    11.006403008333));
#3365 = CARTESIAN_POINT('',(-27.5885179069,26.961521192973,
    11.044286369351));
#3366 = CARTESIAN_POINT('',(-27.9166317926,26.987197438209,
    11.069646589506));
#3367 = CARTESIAN_POINT('',(-28.24553100783,26.999999590492,
    11.082278997742));
#3368 = CARTESIAN_POINT('',(-28.90454673369,27.000000409817,
    11.082281065872));
#3369 = CARTESIAN_POINT('',(-29.23362188437,26.987168829075,
    11.06960462398));
#3370 = CARTESIAN_POINT('',(-29.56157620087,26.961554297707,
    11.044339021949));
#3371 = CARTESIAN_POINT('',(-29.8877519247,26.923255239247,
    11.006355575166));
#3372 = CARTESIAN_POINT('',(-30.21148091215,26.872426818472,
    10.955386875387));
#3373 = CARTESIAN_POINT('',(-30.5320613668,26.809275064616,
    10.891027568979));
#3374 = CARTESIAN_POINT('',(-30.84870215119,26.734068691923,
    10.812714230658));
#3375 = CARTESIAN_POINT('',(-31.16044908917,26.64718494532,
    10.719724521624));
#3376 = CARTESIAN_POINT('',(-31.46611421579,26.549190647399,
    10.61121834319));
#3377 = CARTESIAN_POINT('',(-31.76423237971,26.440944934997,
    10.486326377883));
#3378 = CARTESIAN_POINT('',(-32.05307037577,26.323696680995,
    10.344275347033));
#3379 = CARTESIAN_POINT('',(-32.33071257086,26.199137580188,
    10.184525267964));
#3380 = CARTESIAN_POINT('',(-32.59524469603,26.069361126362,
    10.006882363945));
#3381 = CARTESIAN_POINT('',(-33.10835275589,25.796809724935,
    9.605655262955));
#3382 = CARTESIAN_POINT('',(-33.3555787241,25.653553415359,
    9.379709626067));
#3383 = CARTESIAN_POINT('',(-33.58500939574,25.509499443878,
    9.135568455878));
#3384 = CARTESIAN_POINT('',(-33.79444460068,25.367328147149,
    8.862547494876));
#3385 = CARTESIAN_POINT('',(-33.97988388103,25.234569008152,
    8.608205567382));
#3386 = CARTESIAN_POINT('',(-34.15551623325,25.096273750796,
    8.242603991334));
#3387 = CARTESIAN_POINT('',(-34.27468503606,25.004707987767,
    8.045498919385));
#3388 = CARTESIAN_POINT('',(-34.43055467535,24.869695283533,
    7.585844017529));
#3389 = CARTESIAN_POINT('',(-34.49764785781,24.81310288694,7.36406147066
    ));
#3390 = CARTESIAN_POINT('',(-34.59517842434,24.726015358597,
    6.967927874124));
#3391 = CARTESIAN_POINT('',(-34.64650749207,24.679516233662,
    6.646023682102));
#3392 = CARTESIAN_POINT('',(-34.68714382136,24.642514914515,
    6.294797956922));
#3393 = CARTESIAN_POINT('',(-34.70634988669,24.625000000001,
    5.947440500385));
#3394 = CARTESIAN_POINT('',(-34.70634988669,24.625,5.540583923975));
#3395 = CARTESIAN_POINT('',(-34.70634988669,24.625,5.480222051524));
#3396 = CARTESIAN_POINT('',(-34.70634988669,24.625,5.418914382647));
#3397 = CARTESIAN_POINT('',(-34.7063498867,24.625,5.356660917345));
#3398 = CARTESIAN_POINT('',(-34.7063498867,24.625,5.293461655616));
#3399 = CARTESIAN_POINT('',(-34.7063498867,24.624999999999,
    5.229316597461));
#3400 = CARTESIAN_POINT('',(-34.7063498867,24.624999999999,
    5.164225742881));
#3401 = CARTESIAN_POINT('',(-34.7063498867,24.624999999999,
    5.098189091875));
#3402 = CARTESIAN_POINT('',(-34.7063498867,24.624999999999,
    5.031206644442));
#3403 = CARTESIAN_POINT('',(-34.7063498867,24.624999999999,
    4.963278400584));
#3404 = CARTESIAN_POINT('',(-34.7063498867,24.624999999999,4.8944043603)
  );
#3405 = CARTESIAN_POINT('',(-34.7063498867,24.624999999999,4.82458452359
    ));
#3406 = CARTESIAN_POINT('',(-34.7063498867,24.624999999999,
    4.753818890454));
#3407 = CARTESIAN_POINT('',(-34.7063498867,24.624999999999,
    4.682107460893));
#3408 = CARTESIAN_POINT('',(-22.98918608001,25.056818181818,
    4.682107460893));
#3409 = CARTESIAN_POINT('',(-22.98918608001,25.05681818182,
    4.762147599634));
#3410 = CARTESIAN_POINT('',(-22.98918608001,25.056818181821,
    4.839960602075));
#3411 = CARTESIAN_POINT('',(-22.98918608001,25.056818181822,
    4.915546468217));
#3412 = CARTESIAN_POINT('',(-22.98918608001,25.056818181823,
    4.988905198059));
#3413 = CARTESIAN_POINT('',(-22.98918608001,25.056818181824,
    5.060036791602));
#3414 = CARTESIAN_POINT('',(-22.98918608001,25.056818181824,
    5.128941248845));
#3415 = CARTESIAN_POINT('',(-22.98918608001,25.056818181824,
    5.195618569788));
#3416 = CARTESIAN_POINT('',(-22.98918608001,25.056818181824,
    5.260068754432));
#3417 = CARTESIAN_POINT('',(-22.98918608001,25.056818181824,
    5.322291802776));
#3418 = CARTESIAN_POINT('',(-22.98918608001,25.056818181823,
    5.38228771482));
#3419 = CARTESIAN_POINT('',(-22.98918608001,25.056818181822,
    5.440056490564));
#3420 = CARTESIAN_POINT('',(-22.98918608001,25.056818181821,
    5.495598130009));
#3421 = CARTESIAN_POINT('',(-22.98918608001,25.05681818182,
    5.548912633154));
#3422 = CARTESIAN_POINT('',(-22.98918608,25.056818181809,5.898831918279)
  );
#3423 = CARTESIAN_POINT('',(-23.00768991382,25.071468475924,
    6.197982323334));
#3424 = CARTESIAN_POINT('',(-23.04496535142,25.100963884582,
    6.495576421047));
#3425 = CARTESIAN_POINT('',(-23.1008018702,25.144836302495,
    6.789084398367));
#3426 = CARTESIAN_POINT('',(-23.17557432608,25.202716856469,
    7.077075629052));
#3427 = CARTESIAN_POINT('',(-23.26999965986,25.27417357469,
    7.358289429532));
#3428 = CARTESIAN_POINT('',(-23.38470109066,25.358381884412,
    7.630709542895));
#3429 = CARTESIAN_POINT('',(-23.5200041996,25.453959765795,
    7.891586444753));
#3430 = CARTESIAN_POINT('',(-23.67594144743,25.559009125273,
    8.138204655444));
#3431 = CARTESIAN_POINT('',(-23.852236394,25.67125033407,8.368641636142)
  );
#3432 = CARTESIAN_POINT('',(-24.04807571769,25.788117396825,
    8.581810388236));
#3433 = CARTESIAN_POINT('',(-24.26175657406,25.906797409289,
    8.776719727848));
#3434 = CARTESIAN_POINT('',(-24.49081841788,26.024449336141,
    8.952124220939));
#3435 = CARTESIAN_POINT('',(-24.96272343456,26.247145234707,
    9.257614242999));
#3436 = CARTESIAN_POINT('',(-25.20376445088,26.352444786364,
    9.389518705537));
#3437 = CARTESIAN_POINT('',(-25.45543132776,26.453167614464,
    9.505304604182));
#3438 = CARTESIAN_POINT('',(-25.71642873352,26.547969611436,
    9.606261040906));
#3439 = CARTESIAN_POINT('',(-25.98511296154,26.635488678556,
    9.693258786293));
#3440 = CARTESIAN_POINT('',(-26.26005257145,26.7146834128,9.767232223701
    ));
#3441 = CARTESIAN_POINT('',(-26.54015071875,26.784926520689,
    9.829396280658));
#3442 = CARTESIAN_POINT('',(-26.82441256608,26.845805743862,
    9.880950711042));
#3443 = CARTESIAN_POINT('',(-27.11187062739,26.896946590044,
    9.922775327013));
#3444 = CARTESIAN_POINT('',(-27.40180614295,26.938041852328,
    9.955473112701));
#3445 = CARTESIAN_POINT('',(-27.69385280961,26.968967438545,
    9.979610485139));
#3446 = CARTESIAN_POINT('',(-27.98746620513,26.989695697479,
    9.995671706682));
#3447 = CARTESIAN_POINT('',(-28.2812152212,27.000000873126,
    10.003624493373));
#3448 = CARTESIAN_POINT('',(-28.86893559101,26.99999912651,
    10.00362085773));
#3449 = CARTESIAN_POINT('',(-29.16274457266,26.989678344156,
    9.995655064431));
#3450 = CARTESIAN_POINT('',(-29.45622044794,26.96898815442,
    9.979643792931));
#3451 = CARTESIAN_POINT('',(-29.74850746888,26.937996749663,
    9.955427652879));
#3452 = CARTESIAN_POINT('',(-30.03875421064,26.896841000417,
    9.922685547901));
#3453 = CARTESIAN_POINT('',(-30.32627143587,26.845703462315,
    9.880893945015));
#3454 = CARTESIAN_POINT('',(-30.61044088276,26.784819160539,
    9.82932030561));
#3455 = CARTESIAN_POINT('',(-30.89054261664,26.714510967893,
    9.767043986766));
#3456 = CARTESIAN_POINT('',(-31.16561633656,26.635247447934,
    9.693000158491));
#3457 = CARTESIAN_POINT('',(-31.4344197863,26.547712097121,
    9.606044518466));
#3458 = CARTESIAN_POINT('',(-31.69549516449,26.452867969896,
    9.505038821371));
#3459 = CARTESIAN_POINT('',(-31.94730219181,26.351996737526,
    9.388959477331));
#3460 = CARTESIAN_POINT('',(-32.18832423616,26.246686279739,
    9.257033708456));
#3461 = CARTESIAN_POINT('',(-32.66004824877,26.024002506168,
    8.951478775027));
#3462 = CARTESIAN_POINT('',(-32.88911384022,25.90631071142,
    8.775624273428));
#3463 = CARTESIAN_POINT('',(-33.10277186194,25.787683657547,
    8.582532099867));
#3464 = CARTESIAN_POINT('',(-33.29761795657,25.670886470728,
    8.361421300582));
#3465 = CARTESIAN_POINT('',(-33.47279128276,25.561134885036,
    8.161702941536));
#3466 = CARTESIAN_POINT('',(-33.63919284663,25.445383722901,
    7.834960022925));
#3467 = CARTESIAN_POINT('',(-33.74581691078,25.374518098625,
    7.716319466959));
#3468 = CARTESIAN_POINT('',(-33.90346503702,25.25576174235,
    7.273605372611));
#3469 = CARTESIAN_POINT('',(-33.95814660366,25.215151963943,
    7.129342571994));
#3470 = CARTESIAN_POINT('',(-34.05642360614,25.139402684966,
    6.76738675807));
#3471 = CARTESIAN_POINT('',(-34.10324407045,25.102296122325,
    6.50060999216));
#3472 = CARTESIAN_POINT('',(-34.14253779074,25.071298261754,
    6.197066306585));
#3473 = CARTESIAN_POINT('',(-34.16081392,25.056818181831,5.898737677188)
  );
#3474 = CARTESIAN_POINT('',(-34.16081391998,25.056818181816,
    5.548912632466));
#3475 = CARTESIAN_POINT('',(-34.16081391998,25.056818181814,
    5.495598128739));
#3476 = CARTESIAN_POINT('',(-34.16081391998,25.056818181811,
    5.440056488817));
#3477 = CARTESIAN_POINT('',(-34.16081391997,25.056818181809,
    5.382287712702));
#3478 = CARTESIAN_POINT('',(-34.16081391997,25.056818181806,
    5.322291800393));
#3479 = CARTESIAN_POINT('',(-34.16081391997,25.056818181804,
    5.26006875189));
#3480 = CARTESIAN_POINT('',(-34.16081391996,25.056818181801,
    5.195618567194));
#3481 = CARTESIAN_POINT('',(-34.16081391996,25.056818181798,
    5.128941246304));
#3482 = CARTESIAN_POINT('',(-34.16081391996,25.056818181795,
    5.06003678922));
#3483 = CARTESIAN_POINT('',(-34.16081391995,25.056818181792,
    4.988905195942));
#3484 = CARTESIAN_POINT('',(-34.16081391995,25.056818181789,
    4.91554646647));
#3485 = CARTESIAN_POINT('',(-34.16081391995,25.056818181786,
    4.839960600805));
#3486 = CARTESIAN_POINT('',(-34.16081391994,25.056818181783,
    4.762147598946));
#3487 = CARTESIAN_POINT('',(-34.16081391994,25.05681818178,
    4.682107460893));
#3488 = ADVANCED_FACE('',(#3489),#3509,.T.);
#3489 = FACE_BOUND('',#3490,.T.);
#3490 = EDGE_LOOP('',(#3491,#3500,#3507,#3508));
#3491 = ORIENTED_EDGE('',*,*,#3492,.F.);
#3492 = EDGE_CURVE('',#3493,#2804,#3495,.T.);
#3493 = VERTEX_POINT('',#3494);
#3494 = CARTESIAN_POINT('',(-40.275,28.864733224644,11.316503200142));
#3495 = PARABOLA('',#3496,0.15090132091);
#3496 = AXIS2_PLACEMENT_3D('',#3497,#3498,#3499);
#3497 = CARTESIAN_POINT('',(-46.53159702182,31.921011450171,
    5.388184006528));
#3498 = DIRECTION('',(0.707106781187,8.617463910633E-02,-0.70183611447)
  );
#3499 = DIRECTION('',(0.707106781187,-8.617463910633E-02,0.70183611447)
  );
#3500 = ORIENTED_EDGE('',*,*,#3501,.T.);
#3501 = EDGE_CURVE('',#3493,#913,#3502,.T.);
#3502 = CIRCLE('',#3503,6.470003716431);
#3503 = AXIS2_PLACEMENT_3D('',#3504,#3505,#3506);
#3504 = CARTESIAN_POINT('',(-40.275,31.895003716431,5.6));
#3505 = DIRECTION('',(1.,0.,0.));
#3506 = DIRECTION('',(0.,-0.653059121191,0.757306928681));
#3507 = ORIENTED_EDGE('',*,*,#912,.T.);
#3508 = ORIENTED_EDGE('',*,*,#2811,.F.);
#3509 = CONICAL_SURFACE('',#3510,7.270003716431,0.785398163397);
#3510 = AXIS2_PLACEMENT_3D('',#3511,#3512,#3513);
#3511 = CARTESIAN_POINT('',(-39.475,31.895003716431,5.6));
#3512 = DIRECTION('',(1.,0.,0.));
#3513 = DIRECTION('',(0.,-0.653059121191,0.757306928681));
#3514 = ADVANCED_FACE('',(#3515),#3519,.F.);
#3515 = FACE_BOUND('',#3516,.T.);
#3516 = EDGE_LOOP('',(#3517,#3518));
#3517 = ORIENTED_EDGE('',*,*,#1148,.F.);
#3518 = ORIENTED_EDGE('',*,*,#3163,.T.);
#3519 = CYLINDRICAL_SURFACE('',#3520,9.);
#3520 = AXIS2_PLACEMENT_3D('',#3521,#3522,#3523);
#3521 = CARTESIAN_POINT('',(-28.575,18.,5.6));
#3522 = DIRECTION('',(-0.,-0.,-1.));
#3523 = DIRECTION('',(1.,0.,0.));
#3524 = ADVANCED_FACE('',(#3525),#3543,.T.);
#3525 = FACE_BOUND('',#3526,.T.);
#3526 = EDGE_LOOP('',(#3527,#3535,#3541,#3542));
#3527 = ORIENTED_EDGE('',*,*,#3528,.F.);
#3528 = EDGE_CURVE('',#3529,#3493,#3531,.T.);
#3529 = VERTEX_POINT('',#3530);
#3530 = CARTESIAN_POINT('',(-40.275,49.1,13.801081544907));
#3531 = LINE('',#3532,#3533);
#3532 = CARTESIAN_POINT('',(-40.275,49.197495474686,13.813052483951));
#3533 = VECTOR('',#3534,1.);
#3534 = DIRECTION('',(-0.,-0.992546151647,-0.121869343357));
#3535 = ORIENTED_EDGE('',*,*,#3536,.F.);
#3536 = EDGE_CURVE('',#921,#3529,#3537,.T.);
#3537 = LINE('',#3538,#3539);
#3538 = CARTESIAN_POINT('',(-40.275,49.1,5.6));
#3539 = VECTOR('',#3540,1.);
#3540 = DIRECTION('',(0.,0.,1.));
#3541 = ORIENTED_EDGE('',*,*,#920,.F.);
#3542 = ORIENTED_EDGE('',*,*,#3501,.F.);
#3543 = PLANE('',#3544);
#3544 = AXIS2_PLACEMENT_3D('',#3545,#3546,#3547);
#3545 = CARTESIAN_POINT('',(-40.275,37.91607181097,9.288421491771));
#3546 = DIRECTION('',(-1.,-0.,-0.));
#3547 = DIRECTION('',(0.,0.,-1.));
#3548 = ADVANCED_FACE('',(#3549),#3578,.T.);
#3549 = FACE_BOUND('',#3550,.F.);
#3550 = EDGE_LOOP('',(#3551,#3552,#3553,#3561));
#3551 = ORIENTED_EDGE('',*,*,#3536,.F.);
#3552 = ORIENTED_EDGE('',*,*,#928,.F.);
#3553 = ORIENTED_EDGE('',*,*,#3554,.T.);
#3554 = EDGE_CURVE('',#929,#3555,#3557,.T.);
#3555 = VERTEX_POINT('',#3556);
#3556 = CARTESIAN_POINT('',(-37.075,52.3,14.2));
#3557 = LINE('',#3558,#3559);
#3558 = CARTESIAN_POINT('',(-37.075,52.3,5.6));
#3559 = VECTOR('',#3560,1.);
#3560 = DIRECTION('',(0.,0.,1.));
#3561 = ORIENTED_EDGE('',*,*,#3562,.T.);
#3562 = EDGE_CURVE('',#3555,#3529,#3563,.T.);
#3563 = B_SPLINE_CURVE_WITH_KNOTS('',7,(#3564,#3565,#3566,#3567,#3568,
    #3569,#3570,#3571,#3572,#3573,#3574,#3575,#3576,#3577),
  .UNSPECIFIED.,.F.,.F.,(8,6,8),(99.824203823394,104.87000231671,
    104.96787161932),.UNSPECIFIED.);
#3564 = CARTESIAN_POINT('',(-37.075,52.3,14.2));
#3565 = CARTESIAN_POINT('',(-37.77103290164,52.3,14.2));
#3566 = CARTESIAN_POINT('',(-38.46707169877,52.123259970845,
    14.177623131931));
#3567 = CARTESIAN_POINT('',(-39.11119177326,51.770537954715,
    14.132889491016));
#3568 = CARTESIAN_POINT('',(-39.65174853423,51.25708200423,
    14.068219730536));
#3569 = CARTESIAN_POINT('',(-40.04190460272,50.622280103964,
    13.988714990014));
#3570 = CARTESIAN_POINT('',(-40.25163829738,49.915203117719,
    13.901215708843));
#3571 = CARTESIAN_POINT('',(-40.27393884565,49.183571717741,
    13.811343505915));
#3572 = CARTESIAN_POINT('',(-40.27429284352,49.169636271402,
    13.809631947844));
#3573 = CARTESIAN_POINT('',(-40.27457553856,49.155713941767,
    13.807922440152));
#3574 = CARTESIAN_POINT('',(-40.27478788005,49.141782703706,
    13.806211793061));
#3575 = CARTESIAN_POINT('',(-40.27492926195,49.127856112078,
    13.804501851253));
#3576 = CARTESIAN_POINT('',(-40.275,49.113927924955,13.802791679056));
#3577 = CARTESIAN_POINT('',(-40.275,49.1,13.801081544907));
#3578 = CYLINDRICAL_SURFACE('',#3579,3.2);
#3579 = AXIS2_PLACEMENT_3D('',#3580,#3581,#3582);
#3580 = CARTESIAN_POINT('',(-37.075,49.1,5.6));
#3581 = DIRECTION('',(-0.,-0.,-1.));
#3582 = DIRECTION('',(1.,0.,0.));
#3583 = ADVANCED_FACE('',(#3584),#3602,.F.);
#3584 = FACE_BOUND('',#3585,.F.);
#3585 = EDGE_LOOP('',(#3586,#3594,#3600,#3601));
#3586 = ORIENTED_EDGE('',*,*,#3587,.T.);
#3587 = EDGE_CURVE('',#938,#3588,#3590,.T.);
#3588 = VERTEX_POINT('',#3589);
#3589 = CARTESIAN_POINT('',(37.075,52.3,14.2));
#3590 = LINE('',#3591,#3592);
#3591 = CARTESIAN_POINT('',(37.075,52.3,5.6));
#3592 = VECTOR('',#3593,1.);
#3593 = DIRECTION('',(0.,0.,1.));
#3594 = ORIENTED_EDGE('',*,*,#3595,.T.);
#3595 = EDGE_CURVE('',#3588,#3555,#3596,.T.);
#3596 = LINE('',#3597,#3598);
#3597 = CARTESIAN_POINT('',(37.075,52.3,14.2));
#3598 = VECTOR('',#3599,1.);
#3599 = DIRECTION('',(-1.,0.,0.));
#3600 = ORIENTED_EDGE('',*,*,#3554,.F.);
#3601 = ORIENTED_EDGE('',*,*,#937,.F.);
#3602 = PLANE('',#3603);
#3603 = AXIS2_PLACEMENT_3D('',#3604,#3605,#3606);
#3604 = CARTESIAN_POINT('',(37.075,52.3,5.6));
#3605 = DIRECTION('',(0.,-1.,0.));
#3606 = DIRECTION('',(-1.,0.,0.));
#3607 = ADVANCED_FACE('',(#3608),#3696,.F.);
#3608 = FACE_BOUND('',#3609,.F.);
#3609 = EDGE_LOOP('',(#3610,#3611,#3694,#3695));
#3610 = ORIENTED_EDGE('',*,*,#1080,.T.);
#3611 = ORIENTED_EDGE('',*,*,#3612,.T.);
#3612 = EDGE_CURVE('',#1081,#1098,#3613,.T.);
#3613 = B_SPLINE_CURVE_WITH_KNOTS('',14,(#3614,#3615,#3616,#3617,#3618,
    #3619,#3620,#3621,#3622,#3623,#3624,#3625,#3626,#3627,#3628,#3629,
    #3630,#3631,#3632,#3633,#3634,#3635,#3636,#3637,#3638,#3639,#3640,
    #3641,#3642,#3643,#3644,#3645,#3646,#3647,#3648,#3649,#3650,#3651,
    #3652,#3653,#3654,#3655,#3656,#3657,#3658,#3659,#3660,#3661,#3662,
    #3663,#3664,#3665,#3666,#3667,#3668,#3669,#3670,#3671,#3672,#3673,
    #3674,#3675,#3676,#3677,#3678,#3679,#3680,#3681,#3682,#3683,#3684,
    #3685,#3686,#3687,#3688,#3689,#3690,#3691,#3692,#3693),
  .UNSPECIFIED.,.F.,.F.,(15,13,13,13,13,13,15),(-0.845096711741,
    -6.593231666556E-16,4.943333022635,9.591480827916,14.241167543138,
    19.183021819207,20.028132259845),.UNSPECIFIED.);
#3614 = CARTESIAN_POINT('',(-3.939186080008,25.056818181818,
    4.682107445262));
#3615 = CARTESIAN_POINT('',(-3.939186080008,25.056818181817,
    4.762147585366));
#3616 = CARTESIAN_POINT('',(-3.939186080008,25.056818181817,
    4.839960589132));
#3617 = CARTESIAN_POINT('',(-3.939186080008,25.056818181816,
    4.915546456561));
#3618 = CARTESIAN_POINT('',(-3.939186080008,25.056818181816,
    4.988905187652));
#3619 = CARTESIAN_POINT('',(-3.939186080008,25.056818181815,
    5.060036782406));
#3620 = CARTESIAN_POINT('',(-3.939186080008,25.056818181815,
    5.128941240822));
#3621 = CARTESIAN_POINT('',(-3.939186080008,25.056818181815,5.1956185629
    ));
#3622 = CARTESIAN_POINT('',(-3.939186080008,25.056818181815,
    5.260068748642));
#3623 = CARTESIAN_POINT('',(-3.939186080009,25.056818181815,
    5.322291798045));
#3624 = CARTESIAN_POINT('',(-3.939186080009,25.056818181816,
    5.382287711111));
#3625 = CARTESIAN_POINT('',(-3.939186080009,25.056818181816,
    5.44005648784));
#3626 = CARTESIAN_POINT('',(-3.939186080009,25.056818181817,
    5.495598128231));
#3627 = CARTESIAN_POINT('',(-3.939186080009,25.056818181817,
    5.548912632284));
#3628 = CARTESIAN_POINT('',(-3.939186080011,25.056818181823,
    5.898831918715));
#3629 = CARTESIAN_POINT('',(-3.957689914444,25.071468476231,
    6.197982325531));
#3630 = CARTESIAN_POINT('',(-3.994965350817,25.100963884426,
    6.495576420336));
#3631 = CARTESIAN_POINT('',(-4.050801869725,25.144836302032,
    6.78908439837));
#3632 = CARTESIAN_POINT('',(-4.12557432803,25.202716858062,
    7.077075633109));
#3633 = CARTESIAN_POINT('',(-4.219999660992,25.27417357492,7.3582894342)
  );
#3634 = CARTESIAN_POINT('',(-4.334701091984,25.35838188604,
    7.630709545429));
#3635 = CARTESIAN_POINT('',(-4.470004199073,25.453959765163,
    7.891586443788));
#3636 = CARTESIAN_POINT('',(-4.625941449012,25.559009126522,
    8.138204655298));
#3637 = CARTESIAN_POINT('',(-4.80223639543,25.6712503344,8.368641637499)
  );
#3638 = CARTESIAN_POINT('',(-4.998075716761,25.788117396264,
    8.58181038812));
#3639 = CARTESIAN_POINT('',(-5.21175656913,25.906797406657,
    8.776719723288));
#3640 = CARTESIAN_POINT('',(-5.440818416354,26.024449335415,
    8.952124219821));
#3641 = CARTESIAN_POINT('',(-5.912723384028,26.247145210863,
    9.257614210402));
#3642 = CARTESIAN_POINT('',(-6.153764277816,26.352444727512,
    9.38951863293));
#3643 = CARTESIAN_POINT('',(-6.405431373313,26.453167595507,
    9.505304585515));
#3644 = CARTESIAN_POINT('',(-6.666428358035,26.547969480988,
    9.606260892841));
#3645 = CARTESIAN_POINT('',(-6.935112365339,26.635488512748,
    9.693258610348));
#3646 = CARTESIAN_POINT('',(-7.210052343624,26.714683361537,
    9.767232197633));
#3647 = CARTESIAN_POINT('',(-7.490150788152,26.784926541752,
    9.829396334631));
#3648 = CARTESIAN_POINT('',(-7.774412330642,26.845805680356,
    9.880950641932));
#3649 = CARTESIAN_POINT('',(-8.061869899057,26.896946430025,
    9.922775135542));
#3650 = CARTESIAN_POINT('',(-8.351805476694,26.938041765596,
    9.95547302702));
#3651 = CARTESIAN_POINT('',(-8.643852595613,26.968967478819,
    9.979610561156));
#3652 = CARTESIAN_POINT('',(-8.937466005319,26.989695672946,
    9.995671677817));
#3653 = CARTESIAN_POINT('',(-9.231215162232,27.000000872507,
    10.003624493952));
#3654 = CARTESIAN_POINT('',(-9.818935567807,26.999999127125,
    10.003620857157));
#3655 = CARTESIAN_POINT('',(-10.11274443353,26.989678353901,
    9.995655083236));
#3656 = CARTESIAN_POINT('',(-10.40622033767,26.968988165008,
    9.979643805876));
#3657 = CARTESIAN_POINT('',(-10.69850745992,26.937996754065,
    9.955427647843));
#3658 = CARTESIAN_POINT('',(-10.98875426856,26.896840996471,
    9.922685531265));
#3659 = CARTESIAN_POINT('',(-11.27627149107,26.845703455762,
    9.880893930898));
#3660 = CARTESIAN_POINT('',(-11.5604408938,26.784819155404,
    9.829320301446));
#3661 = CARTESIAN_POINT('',(-11.84054259271,26.714510968649,
    9.767043991572));
#3662 = CARTESIAN_POINT('',(-12.11561631194,26.635247451816,
    9.69300016421));
#3663 = CARTESIAN_POINT('',(-12.38441978437,26.547712100388,
    9.60604451932));
#3664 = CARTESIAN_POINT('',(-12.64549517732,26.452867968765,
    9.505038817467));
#3665 = CARTESIAN_POINT('',(-12.89730219779,26.351996733968,
    9.388959473938));
#3666 = CARTESIAN_POINT('',(-13.13832423618,26.246686279739,
    9.257033708449));
#3667 = CARTESIAN_POINT('',(-13.61004824875,26.024002506153,
    8.951478775022));
#3668 = CARTESIAN_POINT('',(-13.83911384033,25.906310711515,
    8.775624273456));
#3669 = CARTESIAN_POINT('',(-14.05277186152,25.787683657325,
    8.582532099862));
#3670 = CARTESIAN_POINT('',(-14.24761795751,25.670886471164,
    8.361421300688));
#3671 = CARTESIAN_POINT('',(-14.4227912814,25.561134884238,
    8.161702940705));
#3672 = CARTESIAN_POINT('',(-14.58919284779,25.445383724293,
    7.834960025573));
#3673 = CARTESIAN_POINT('',(-14.6958169102,25.374518096795,7.71631946262
    ));
#3674 = CARTESIAN_POINT('',(-14.85346503713,25.255761744133,
    7.273605377116));
#3675 = CARTESIAN_POINT('',(-14.90814660362,25.215151962702,
    7.129342568996));
#3676 = CARTESIAN_POINT('',(-15.00642360625,25.1394026856,6.767386759404
    ));
#3677 = CARTESIAN_POINT('',(-15.05324407034,25.102296122091,6.5006099918
    ));
#3678 = CARTESIAN_POINT('',(-15.0925377908,25.071298261819,
    6.197066306659));
#3679 = CARTESIAN_POINT('',(-15.11081391999,25.05681818182,
    5.898737677183));
#3680 = CARTESIAN_POINT('',(-15.11081391999,25.056818181818,
    5.548912631596));
#3681 = CARTESIAN_POINT('',(-15.11081391999,25.056818181818,
    5.495598126961));
#3682 = CARTESIAN_POINT('',(-15.11081391999,25.056818181817,
    5.440056486094));
#3683 = CARTESIAN_POINT('',(-15.11081391999,25.056818181817,
    5.382287708995));
#3684 = CARTESIAN_POINT('',(-15.11081391999,25.056818181817,
    5.322291795664));
#3685 = CARTESIAN_POINT('',(-15.11081391998,25.056818181817,
    5.260068746102));
#3686 = CARTESIAN_POINT('',(-15.11081391998,25.056818181816,
    5.195618560308));
#3687 = CARTESIAN_POINT('',(-15.11081391998,25.056818181816,
    5.128941238282));
#3688 = CARTESIAN_POINT('',(-15.11081391998,25.056818181816,
    5.060036780025));
#3689 = CARTESIAN_POINT('',(-15.11081391998,25.056818181815,
    4.988905185536));
#3690 = CARTESIAN_POINT('',(-15.11081391998,25.056818181815,
    4.915546454815));
#3691 = CARTESIAN_POINT('',(-15.11081391998,25.056818181815,
    4.839960587862));
#3692 = CARTESIAN_POINT('',(-15.11081391998,25.056818181814,
    4.762147584678));
#3693 = CARTESIAN_POINT('',(-15.11081391998,25.056818181814,
    4.682107445262));
#3694 = ORIENTED_EDGE('',*,*,#1106,.F.);
#3695 = ORIENTED_EDGE('',*,*,#2903,.F.);
#3696 = ( BOUNDED_SURFACE() B_SPLINE_SURFACE(2,14,(
    (#3697,#3698,#3699,#3700,#3701,#3702,#3703,#3704,#3705,#3706,#3707
      ,#3708,#3709,#3710,#3711,#3712,#3713,#3714,#3715,#3716,#3717,#3718
      ,#3719,#3720,#3721,#3722,#3723,#3724,#3725,#3726,#3727,#3728,#3729
      ,#3730,#3731,#3732,#3733,#3734,#3735,#3736,#3737,#3738,#3739,#3740
      ,#3741,#3742,#3743,#3744,#3745,#3746,#3747,#3748,#3749,#3750,#3751
      ,#3752,#3753,#3754,#3755,#3756,#3757,#3758,#3759,#3760,#3761,#3762
      ,#3763,#3764,#3765,#3766,#3767,#3768,#3769,#3770,#3771,#3772,#3773
      ,#3774,#3775,#3776)
    ,(#3777,#3778,#3779,#3780,#3781,#3782,#3783,#3784,#3785,#3786,#3787
      ,#3788,#3789,#3790,#3791,#3792,#3793,#3794,#3795,#3796,#3797,#3798
      ,#3799,#3800,#3801,#3802,#3803,#3804,#3805,#3806,#3807,#3808,#3809
      ,#3810,#3811,#3812,#3813,#3814,#3815,#3816,#3817,#3818,#3819,#3820
      ,#3821,#3822,#3823,#3824,#3825,#3826,#3827,#3828,#3829,#3830,#3831
      ,#3832,#3833,#3834,#3835,#3836,#3837,#3838,#3839,#3840,#3841,#3842
      ,#3843,#3844,#3845,#3846,#3847,#3848,#3849,#3850,#3851,#3852,#3853
      ,#3854,#3855,#3856)
    ,(#3857,#3858,#3859,#3860,#3861,#3862,#3863,#3864,#3865,#3866,#3867
      ,#3868,#3869,#3870,#3871,#3872,#3873,#3874,#3875,#3876,#3877,#3878
      ,#3879,#3880,#3881,#3882,#3883,#3884,#3885,#3886,#3887,#3888,#3889
      ,#3890,#3891,#3892,#3893,#3894,#3895,#3896,#3897,#3898,#3899,#3900
      ,#3901,#3902,#3903,#3904,#3905,#3906,#3907,#3908,#3909,#3910,#3911
      ,#3912,#3913,#3914,#3915,#3916,#3917,#3918,#3919,#3920,#3921,#3922
      ,#3923,#3924,#3925,#3926,#3927,#3928,#3929,#3930,#3931,#3932,#3933
      ,#3934,#3935,#3936
)),.UNSPECIFIED.,.F.,.F.,.F.) B_SPLINE_SURFACE_WITH_KNOTS((3,3),(15,13,
    13,13,13,13,15),(0.,19.183021819207),(-0.845096711741,
    -6.593231666556E-16,4.943333022635,9.591480827916,14.241167543138,
    19.183021819207,20.028132259845),.UNSPECIFIED.) 
GEOMETRIC_REPRESENTATION_ITEM() RATIONAL_B_SPLINE_SURFACE((
    (1.,1.,1.,1.,1.,1.,1.,1.,1.,1.,1.,1.,1.,1.,1.,1.,1.,1.,1.,1.,1.,1.
      ,1.,1.,1.,1.,1.,1.,1.,1.,1.,1.,1.,1.,1.,1.,1.,1.,1.,1.,1.,1.,1.,1.
      ,1.,1.,1.,1.,1.,1.,1.,1.,1.,1.,1.,1.,1.,1.,1.,1.,1.,1.,1.,1.,1.,1.
      ,1.,1.,1.,1.,1.,1.,1.,1.,1.,1.,1.,1.,1.,1.)
    ,(0.944481579781,0.944481579781,0.944481579781,0.944481579781
      ,0.944481579781,0.944481579781,0.944481579781,0.944481579781
      ,0.944481579781,0.944481579781,0.944481579781,0.944481579781
      ,0.944481579781,0.944481579781,0.944481579781,0.944320571145
      ,0.943992700237,0.943488268392,0.942786480204,0.94184889609
      ,0.940621001636,0.939041849046,0.937057406478,0.93463207048
      ,0.931754753613,0.928441055257,0.924741257026,0.91704608087
      ,0.913073362925,0.908916392782,0.904686012351,0.900504313116
      ,0.896477198034,0.892701891112,0.889281367203,0.886318891573
      ,0.883892971341,0.882040636451,0.88077964726,0.880152577511
      ,0.880152045038,0.880783148904,0.882036059709,0.883895923358
      ,0.886331471415,0.889291071684,0.892703185989,0.896479199363
      ,0.900517308401,0.904706889536,0.908933490671,0.913085322072
      ,0.91706284681,0.924759193806,0.928447076064,0.931745325032
      ,0.934703780075,0.93700542136,0.938926180439,0.940972037301
      ,0.941437807044,0.943074138112,0.943363645215,0.944028272323
      ,0.944314167497,0.944481579781,0.944481579781,0.944481579781
      ,0.944481579781,0.944481579781,0.944481579781,0.944481579781
      ,0.944481579781,0.944481579781,0.944481579781,0.944481579781
      ,0.944481579781,0.944481579781,0.944481579781,0.944481579781)
    ,(1.,1.,1.,1.,1.,1.,1.,1.,1.,1.,1.,1.,1.,1.,1.,1.,1.,1.,1.,1.,1.,1.
      ,1.,1.,1.,1.,1.,1.,1.,1.,1.,1.,1.,1.,1.,1.,1.,1.,1.,1.,1.,1.,1.,1.
      ,1.,1.,1.,1.,1.,1.,1.,1.,1.,1.,1.,1.,1.,1.,1.,1.,1.,1.,1.,1.,1.,1.
,1.,1.,1.,1.,1.,1.,1.,1.,1.,1.,1.,1.,1.,1.
))) REPRESENTATION_ITEM('') SURFACE() );
#3697 = CARTESIAN_POINT('',(-2.697894097786,24.624999999999,
    4.682107445262));
#3698 = CARTESIAN_POINT('',(-2.697894097786,24.624999999999,
    4.747671199171));
#3699 = CARTESIAN_POINT('',(-2.697894097786,24.624999999998,
    4.813234953081));
#3700 = CARTESIAN_POINT('',(-2.697894097786,24.624999999998,
    4.878798706991));
#3701 = CARTESIAN_POINT('',(-2.697894097787,24.624999999997,
    4.944362460901));
#3702 = CARTESIAN_POINT('',(-2.697894097787,24.624999999997,
    5.009926214811));
#3703 = CARTESIAN_POINT('',(-2.697894097787,24.624999999997,
    5.07548996872));
#3704 = CARTESIAN_POINT('',(-2.697894097787,24.624999999997,
    5.14105372263));
#3705 = CARTESIAN_POINT('',(-2.697894097788,24.624999999997,
    5.20661747654));
#3706 = CARTESIAN_POINT('',(-2.697894097788,24.624999999997,
    5.27218123045));
#3707 = CARTESIAN_POINT('',(-2.697894097788,24.624999999997,
    5.33774498436));
#3708 = CARTESIAN_POINT('',(-2.697894097788,24.624999999998,
    5.40330873827));
#3709 = CARTESIAN_POINT('',(-2.697894097789,24.624999999999,
    5.46887249218));
#3710 = CARTESIAN_POINT('',(-2.697894097789,24.624999999999,
    5.53443624609));
#3711 = CARTESIAN_POINT('',(-2.697894097791,24.625000000005,
    5.983510508666));
#3712 = CARTESIAN_POINT('',(-2.718143111545,24.646720137601,
    6.367247028745));
#3713 = CARTESIAN_POINT('',(-2.758972062005,24.69051836477,
    6.749905665442));
#3714 = CARTESIAN_POINT('',(-2.820212217883,24.755818320532,
    7.128630606384));
#3715 = CARTESIAN_POINT('',(-2.902273485669,24.842213427858,
    7.501883834541));
#3716 = CARTESIAN_POINT('',(-3.006040371268,24.949398563091,
    7.868685484404));
#3717 = CARTESIAN_POINT('',(-3.132492351215,25.076750655479,
    8.227375951868));
#3718 = CARTESIAN_POINT('',(-3.282448326615,25.222987057485,
    8.575235077405));
#3719 = CARTESIAN_POINT('',(-3.456488563814,25.386043777006,
    8.909036317843));
#3720 = CARTESIAN_POINT('',(-3.654921966999,25.563134445569,
    9.225914730123));
#3721 = CARTESIAN_POINT('',(-3.877641785354,25.750875498046,
    9.523786900932));
#3722 = CARTESIAN_POINT('',(-4.123848818975,25.945393156417,
    9.800978573908));
#3723 = CARTESIAN_POINT('',(-4.391917957175,26.142463722268,
    10.055691738789));
#3724 = CARTESIAN_POINT('',(-4.951153878827,26.52182157811,
    10.505422033214));
#3725 = CARTESIAN_POINT('',(-5.240059974844,26.704351573985,
    10.703129524683));
#3726 = CARTESIAN_POINT('',(-5.545307763313,26.882453861797,
    10.880410427442));
#3727 = CARTESIAN_POINT('',(-5.866030460563,27.05290514762,
    11.037131695632));
#3728 = CARTESIAN_POINT('',(-6.199483727207,27.212567425813,
    11.173770572307));
#3729 = CARTESIAN_POINT('',(-6.543722852084,27.359093440707,
    11.291440144319));
#3730 = CARTESIAN_POINT('',(-6.897919687903,27.490795497917,
    11.391469978617));
#3731 = CARTESIAN_POINT('',(-7.260866982476,27.60614493906,
    11.475003167642));
#3732 = CARTESIAN_POINT('',(-7.630269531642,27.703639374656,
    11.542930736057));
#3733 = CARTESIAN_POINT('',(-8.003891408998,27.78219417135,
    11.596109731392));
#3734 = CARTESIAN_POINT('',(-8.381030641488,27.841481545145,
    11.635486726643));
#3735 = CARTESIAN_POINT('',(-8.761641073173,27.881451739231,
    11.661757754494));
#3736 = CARTESIAN_POINT('',(-9.143230037893,27.90132403091,
    11.674823174905));
#3737 = CARTESIAN_POINT('',(-9.906784032185,27.901331241323,
    11.674827915137));
#3738 = CARTESIAN_POINT('',(-10.28870396172,27.881376022804,
    11.661701944322));
#3739 = CARTESIAN_POINT('',(-10.66905224923,27.84157889868,
    11.635550041216));
#3740 = CARTESIAN_POINT('',(-11.04678977415,27.782106261067,
    11.596069420371));
#3741 = CARTESIAN_POINT('',(-11.42083920712,27.70333012558,
    11.542725891258));
#3742 = CARTESIAN_POINT('',(-11.78989348896,27.605881824519,
    11.474794055697));
#3743 = CARTESIAN_POINT('',(-12.15245465599,27.490668780773,
    11.391353971382));
#3744 = CARTESIAN_POINT('',(-12.50693768453,27.358896651022,
    11.291307310046));
#3745 = CARTESIAN_POINT('',(-12.85173724384,27.212115723307,
    11.173448936876));
#3746 = CARTESIAN_POINT('',(-13.18521854,27.052287240161,11.036602825538
    ));
#3747 = CARTESIAN_POINT('',(-13.50565664497,26.881841902736,
    10.879804114513));
#3748 = CARTESIAN_POINT('',(-13.81121199181,26.70367958268,
    10.702482092078));
#3749 = CARTESIAN_POINT('',(-14.10009294406,26.5210358888,
    10.504571805158));
#3750 = CARTESIAN_POINT('',(-14.65917650915,26.14164337404,
    10.05463250631));
#3751 = CARTESIAN_POINT('',(-14.9270043165,25.944730876315,
    9.799830522082));
#3752 = CARTESIAN_POINT('',(-15.17290996735,25.750596773131,
    9.524546313235));
#3753 = CARTESIAN_POINT('',(-15.39656577233,25.56117039011,
    9.218058951624));
#3754 = CARTESIAN_POINT('',(-15.59005608962,25.390000114661,
    8.92763423881));
#3755 = CARTESIAN_POINT('',(-15.77696019388,25.214166498909,
    8.536669205275));
#3756 = CARTESIAN_POINT('',(-15.90162626214,25.090314289031,
    8.281774841396));
#3757 = CARTESIAN_POINT('',(-16.06204889546,24.934396013701,
    7.815262455153));
#3758 = CARTESIAN_POINT('',(-16.13556399912,24.852046429795,
    7.533480532711));
#3759 = CARTESIAN_POINT('',(-16.23514607204,24.751531536431,
    7.115560575692));
#3760 = CARTESIAN_POINT('',(-16.28977383504,24.691463846071,
    6.752489571877));
#3761 = CARTESIAN_POINT('',(-16.33199047511,24.646635490549,
    6.366764775954));
#3762 = CARTESIAN_POINT('',(-16.35210590221,24.625000000001,
    5.983389557192));
#3763 = CARTESIAN_POINT('',(-16.35210590221,24.625,5.53443624609));
#3764 = CARTESIAN_POINT('',(-16.35210590221,24.625,5.46887249218));
#3765 = CARTESIAN_POINT('',(-16.35210590221,24.624999999999,
    5.40330873827));
#3766 = CARTESIAN_POINT('',(-16.35210590221,24.624999999999,
    5.337744984361));
#3767 = CARTESIAN_POINT('',(-16.35210590221,24.624999999999,
    5.272181230451));
#3768 = CARTESIAN_POINT('',(-16.35210590221,24.624999999999,
    5.206617476541));
#3769 = CARTESIAN_POINT('',(-16.35210590221,24.624999999998,
    5.141053722631));
#3770 = CARTESIAN_POINT('',(-16.35210590221,24.624999999998,
    5.075489968721));
#3771 = CARTESIAN_POINT('',(-16.35210590221,24.624999999998,
    5.009926214811));
#3772 = CARTESIAN_POINT('',(-16.35210590221,24.624999999998,
    4.944362460901));
#3773 = CARTESIAN_POINT('',(-16.35210590221,24.624999999998,
    4.878798706991));
#3774 = CARTESIAN_POINT('',(-16.35210590221,24.624999999997,
    4.813234953082));
#3775 = CARTESIAN_POINT('',(-16.35210590221,24.624999999997,
    4.747671199172));
#3776 = CARTESIAN_POINT('',(-16.35210590221,24.624999999997,
    4.682107445262));
#3777 = CARTESIAN_POINT('',(-3.393650113305,24.625000000001,
    4.682107445262));
#3778 = CARTESIAN_POINT('',(-3.393650113305,24.625000000001,
    4.753818876538));
#3779 = CARTESIAN_POINT('',(-3.393650113304,24.625000000001,
    4.824584511296));
#3780 = CARTESIAN_POINT('',(-3.393650113304,24.625000000001,
    4.894404349536));
#3781 = CARTESIAN_POINT('',(-3.393650113304,24.625000000001,
    4.963278391259));
#3782 = CARTESIAN_POINT('',(-3.393650113304,24.625000000001,
    5.031206636463));
#3783 = CARTESIAN_POINT('',(-3.393650113303,24.625000000001,
    5.09818908515));
#3784 = CARTESIAN_POINT('',(-3.393650113303,24.625,5.164225737319));
#3785 = CARTESIAN_POINT('',(-3.393650113303,24.625,5.229316592969));
#3786 = CARTESIAN_POINT('',(-3.393650113303,24.625,5.293461652103));
#3787 = CARTESIAN_POINT('',(-3.393650113302,24.625,5.356660914718));
#3788 = CARTESIAN_POINT('',(-3.393650113302,24.625,5.418914380815));
#3789 = CARTESIAN_POINT('',(-3.393650113302,24.625,5.480222050395));
#3790 = CARTESIAN_POINT('',(-3.393650113301,24.625,5.540583923456));
#3791 = CARTESIAN_POINT('',(-3.3936501133,24.625,5.947550107785));
#3792 = CARTESIAN_POINT('',(-3.413024931598,24.642666304664,
    6.295495792891));
#3793 = CARTESIAN_POINT('',(-3.452075130328,24.678260734942,
    6.642248690055));
#3794 = CARTESIAN_POINT('',(-3.510671906949,24.731249779864,
    6.985140749911));
#3795 = CARTESIAN_POINT('',(-3.589217016045,24.80115949017,
    7.322710500405));
#3796 = CARTESIAN_POINT('',(-3.688522020247,24.887458266964,
    7.653882371298));
#3797 = CARTESIAN_POINT('',(-3.809435475891,24.989204232665,
    7.976896825722));
#3798 = CARTESIAN_POINT('',(-3.952575270394,25.104814510037,
    8.289110020707));
#3799 = CARTESIAN_POINT('',(-4.11820943093,25.232046632694,
    8.587618391552));
#3800 = CARTESIAN_POINT('',(-4.306172885546,25.368127943345,
    8.870059559121));
#3801 = CARTESIAN_POINT('',(-4.515708003667,25.509924378331,
    9.134881128592));
#3802 = CARTESIAN_POINT('',(-4.745269275235,25.654099996655,
    9.380845267073));
#3803 = CARTESIAN_POINT('',(-4.992632309081,25.797378201932,
    9.606560668903));
#3804 = CARTESIAN_POINT('',(-5.505894418607,26.069920816972,
    10.007648057615));
#3805 = CARTESIAN_POINT('',(-5.770414913238,26.199643924013,
    10.185157776303));
#3806 = CARTESIAN_POINT('',(-6.047930515814,26.324107672175,
    10.344780535587));
#3807 = CARTESIAN_POINT('',(-6.336801059507,26.441303336202,
    10.486757908887));
#3808 = CARTESIAN_POINT('',(-6.634780169638,26.549468475385,
    10.611527568351));
#3809 = CARTESIAN_POINT('',(-6.940149687706,26.647357184549,
    10.719888992244));
#3810 = CARTESIAN_POINT('',(-7.251815673912,26.734194988354,
    10.812830967851));
#3811 = CARTESIAN_POINT('',(-7.568672342351,26.809428797697,
    10.891197915492));
#3812 = CARTESIAN_POINT('',(-7.889343690571,26.872578111041,
    10.955562682913));
#3813 = CARTESIAN_POINT('',(-8.212718998132,26.923306182599,
    11.006402928841));
#3814 = CARTESIAN_POINT('',(-8.538517574966,26.961521203948,
    11.0442863663));
#3815 = CARTESIAN_POINT('',(-8.866631508722,26.987197413583,
    11.069646565119));
#3816 = CARTESIAN_POINT('',(-9.195530863507,26.999999588484,
    11.082278995074));
#3817 = CARTESIAN_POINT('',(-9.854546710511,27.000000411826,
    11.082281068539));
#3818 = CARTESIAN_POINT('',(-10.18362185829,26.987168828497,
    11.069604616057));
#3819 = CARTESIAN_POINT('',(-10.51157612693,26.961554305928,
    11.044339027257));
#3820 = CARTESIAN_POINT('',(-10.83775183371,26.923255253793,
    11.006355595335));
#3821 = CARTESIAN_POINT('',(-11.16148085795,26.872426829111,
    10.955386895047));
#3822 = CARTESIAN_POINT('',(-11.48206136947,26.809275065573,
    10.891027575714));
#3823 = CARTESIAN_POINT('',(-11.79870218497,26.734068686541,
    10.812714225531));
#3824 = CARTESIAN_POINT('',(-12.11044911077,26.647184941548,
    10.71972451522));
#3825 = CARTESIAN_POINT('',(-12.41611420402,26.54919064971,
    10.611218343995));
#3826 = CARTESIAN_POINT('',(-12.71423235261,26.44094494023,
    10.486326384203));
#3827 = CARTESIAN_POINT('',(-13.00307036901,26.323696682237,
    10.344275349978));
#3828 = CARTESIAN_POINT('',(-13.28071258973,26.199137576428,
    10.184525264348));
#3829 = CARTESIAN_POINT('',(-13.54524469604,26.069361126354,
    10.006882363933));
#3830 = CARTESIAN_POINT('',(-14.05835275589,25.796809724936,
    9.605655262957));
#3831 = CARTESIAN_POINT('',(-14.3055787241,25.653553415361,
    9.379709626076));
#3832 = CARTESIAN_POINT('',(-14.5350093957,25.5094994439,9.135568455846)
  );
#3833 = CARTESIAN_POINT('',(-14.7444446007,25.367328147152,
    8.862547495177));
#3834 = CARTESIAN_POINT('',(-14.92988388118,25.234569007988,
    8.608205566377));
#3835 = CARTESIAN_POINT('',(-15.10551623266,25.096273751336,
    8.242603993437));
#3836 = CARTESIAN_POINT('',(-15.22468503697,25.004707986958,
    8.045498916682));
#3837 = CARTESIAN_POINT('',(-15.38055467443,24.869695284355,
    7.585844020046));
#3838 = CARTESIAN_POINT('',(-15.44764785842,24.813102886404,
    7.364061469142));
#3839 = CARTESIAN_POINT('',(-15.54517842407,24.726015358835,
    6.967927874754));
#3840 = CARTESIAN_POINT('',(-15.59650749215,24.679516233599,
    6.646023681957));
#3841 = CARTESIAN_POINT('',(-15.63714382134,24.642514914525,
    6.294797956964));
#3842 = CARTESIAN_POINT('',(-15.65634988669,24.625,5.947440500382));
#3843 = CARTESIAN_POINT('',(-15.65634988669,24.625,5.540583922963));
#3844 = CARTESIAN_POINT('',(-15.65634988669,24.625,5.480222049484));
#3845 = CARTESIAN_POINT('',(-15.65634988669,24.625,5.418914379563));
#3846 = CARTESIAN_POINT('',(-15.65634988669,24.625,5.3566609132));
#3847 = CARTESIAN_POINT('',(-15.65634988669,24.625,5.293461650395));
#3848 = CARTESIAN_POINT('',(-15.65634988669,24.625,5.229316591148));
#3849 = CARTESIAN_POINT('',(-15.65634988669,24.625,5.164225735459));
#3850 = CARTESIAN_POINT('',(-15.65634988669,24.625,5.098189083328));
#3851 = CARTESIAN_POINT('',(-15.65634988669,24.625,5.031206634755));
#3852 = CARTESIAN_POINT('',(-15.65634988669,24.625,4.963278389741));
#3853 = CARTESIAN_POINT('',(-15.65634988669,24.625,4.894404348284));
#3854 = CARTESIAN_POINT('',(-15.65634988669,24.625,4.824584510385));
#3855 = CARTESIAN_POINT('',(-15.65634988669,24.625,4.753818876044));
#3856 = CARTESIAN_POINT('',(-15.65634988669,24.625,4.682107445262));
#3857 = CARTESIAN_POINT('',(-3.939186080008,25.056818181818,
    4.682107445262));
#3858 = CARTESIAN_POINT('',(-3.939186080008,25.056818181817,
    4.762147585366));
#3859 = CARTESIAN_POINT('',(-3.939186080008,25.056818181817,
    4.839960589132));
#3860 = CARTESIAN_POINT('',(-3.939186080008,25.056818181816,
    4.915546456561));
#3861 = CARTESIAN_POINT('',(-3.939186080008,25.056818181816,
    4.988905187652));
#3862 = CARTESIAN_POINT('',(-3.939186080008,25.056818181815,
    5.060036782406));
#3863 = CARTESIAN_POINT('',(-3.939186080008,25.056818181815,
    5.128941240822));
#3864 = CARTESIAN_POINT('',(-3.939186080008,25.056818181815,5.1956185629
    ));
#3865 = CARTESIAN_POINT('',(-3.939186080008,25.056818181815,
    5.260068748642));
#3866 = CARTESIAN_POINT('',(-3.939186080009,25.056818181815,
    5.322291798045));
#3867 = CARTESIAN_POINT('',(-3.939186080009,25.056818181816,
    5.382287711111));
#3868 = CARTESIAN_POINT('',(-3.939186080009,25.056818181816,
    5.44005648784));
#3869 = CARTESIAN_POINT('',(-3.939186080009,25.056818181817,
    5.495598128231));
#3870 = CARTESIAN_POINT('',(-3.939186080009,25.056818181817,
    5.548912632284));
#3871 = CARTESIAN_POINT('',(-3.939186080011,25.056818181823,
    5.898831918715));
#3872 = CARTESIAN_POINT('',(-3.957689914444,25.071468476231,
    6.197982325531));
#3873 = CARTESIAN_POINT('',(-3.994965350817,25.100963884426,
    6.495576420336));
#3874 = CARTESIAN_POINT('',(-4.050801869725,25.144836302032,
    6.78908439837));
#3875 = CARTESIAN_POINT('',(-4.12557432803,25.202716858062,
    7.077075633109));
#3876 = CARTESIAN_POINT('',(-4.219999660992,25.27417357492,7.3582894342)
  );
#3877 = CARTESIAN_POINT('',(-4.334701091984,25.35838188604,
    7.630709545429));
#3878 = CARTESIAN_POINT('',(-4.470004199073,25.453959765163,
    7.891586443788));
#3879 = CARTESIAN_POINT('',(-4.625941449012,25.559009126522,
    8.138204655298));
#3880 = CARTESIAN_POINT('',(-4.80223639543,25.6712503344,8.368641637499)
  );
#3881 = CARTESIAN_POINT('',(-4.998075716761,25.788117396264,
    8.58181038812));
#3882 = CARTESIAN_POINT('',(-5.21175656913,25.906797406657,
    8.776719723288));
#3883 = CARTESIAN_POINT('',(-5.440818416354,26.024449335415,
    8.952124219821));
#3884 = CARTESIAN_POINT('',(-5.912723384028,26.247145210863,
    9.257614210402));
#3885 = CARTESIAN_POINT('',(-6.153764277816,26.352444727512,
    9.38951863293));
#3886 = CARTESIAN_POINT('',(-6.405431373313,26.453167595507,
    9.505304585515));
#3887 = CARTESIAN_POINT('',(-6.666428358035,26.547969480988,
    9.606260892841));
#3888 = CARTESIAN_POINT('',(-6.935112365339,26.635488512748,
    9.693258610348));
#3889 = CARTESIAN_POINT('',(-7.210052343624,26.714683361537,
    9.767232197633));
#3890 = CARTESIAN_POINT('',(-7.490150788152,26.784926541752,
    9.829396334631));
#3891 = CARTESIAN_POINT('',(-7.774412330642,26.845805680356,
    9.880950641932));
#3892 = CARTESIAN_POINT('',(-8.061869899057,26.896946430025,
    9.922775135542));
#3893 = CARTESIAN_POINT('',(-8.351805476694,26.938041765596,
    9.95547302702));
#3894 = CARTESIAN_POINT('',(-8.643852595613,26.968967478819,
    9.979610561156));
#3895 = CARTESIAN_POINT('',(-8.937466005319,26.989695672946,
    9.995671677817));
#3896 = CARTESIAN_POINT('',(-9.231215162232,27.000000872507,
    10.003624493952));
#3897 = CARTESIAN_POINT('',(-9.818935567807,26.999999127125,
    10.003620857157));
#3898 = CARTESIAN_POINT('',(-10.11274443353,26.989678353901,
    9.995655083236));
#3899 = CARTESIAN_POINT('',(-10.40622033767,26.968988165008,
    9.979643805876));
#3900 = CARTESIAN_POINT('',(-10.69850745992,26.937996754065,
    9.955427647843));
#3901 = CARTESIAN_POINT('',(-10.98875426856,26.896840996471,
    9.922685531265));
#3902 = CARTESIAN_POINT('',(-11.27627149107,26.845703455762,
    9.880893930898));
#3903 = CARTESIAN_POINT('',(-11.5604408938,26.784819155404,
    9.829320301446));
#3904 = CARTESIAN_POINT('',(-11.84054259271,26.714510968649,
    9.767043991572));
#3905 = CARTESIAN_POINT('',(-12.11561631194,26.635247451816,
    9.69300016421));
#3906 = CARTESIAN_POINT('',(-12.38441978437,26.547712100388,
    9.60604451932));
#3907 = CARTESIAN_POINT('',(-12.64549517732,26.452867968765,
    9.505038817467));
#3908 = CARTESIAN_POINT('',(-12.89730219779,26.351996733968,
    9.388959473938));
#3909 = CARTESIAN_POINT('',(-13.13832423618,26.246686279739,
    9.257033708449));
#3910 = CARTESIAN_POINT('',(-13.61004824875,26.024002506153,
    8.951478775022));
#3911 = CARTESIAN_POINT('',(-13.83911384033,25.906310711515,
    8.775624273456));
#3912 = CARTESIAN_POINT('',(-14.05277186152,25.787683657325,
    8.582532099862));
#3913 = CARTESIAN_POINT('',(-14.24761795751,25.670886471164,
    8.361421300688));
#3914 = CARTESIAN_POINT('',(-14.4227912814,25.561134884238,
    8.161702940705));
#3915 = CARTESIAN_POINT('',(-14.58919284779,25.445383724293,
    7.834960025573));
#3916 = CARTESIAN_POINT('',(-14.6958169102,25.374518096795,7.71631946262
    ));
#3917 = CARTESIAN_POINT('',(-14.85346503713,25.255761744133,
    7.273605377116));
#3918 = CARTESIAN_POINT('',(-14.90814660362,25.215151962702,
    7.129342568996));
#3919 = CARTESIAN_POINT('',(-15.00642360625,25.1394026856,6.767386759404
    ));
#3920 = CARTESIAN_POINT('',(-15.05324407034,25.102296122091,6.5006099918
    ));
#3921 = CARTESIAN_POINT('',(-15.0925377908,25.071298261819,
    6.197066306659));
#3922 = CARTESIAN_POINT('',(-15.11081391999,25.05681818182,
    5.898737677183));
#3923 = CARTESIAN_POINT('',(-15.11081391999,25.056818181818,
    5.548912631596));
#3924 = CARTESIAN_POINT('',(-15.11081391999,25.056818181818,
    5.495598126961));
#3925 = CARTESIAN_POINT('',(-15.11081391999,25.056818181817,
    5.440056486094));
#3926 = CARTESIAN_POINT('',(-15.11081391999,25.056818181817,
    5.382287708995));
#3927 = CARTESIAN_POINT('',(-15.11081391999,25.056818181817,
    5.322291795664));
#3928 = CARTESIAN_POINT('',(-15.11081391998,25.056818181817,
    5.260068746102));
#3929 = CARTESIAN_POINT('',(-15.11081391998,25.056818181816,
    5.195618560308));
#3930 = CARTESIAN_POINT('',(-15.11081391998,25.056818181816,
    5.128941238282));
#3931 = CARTESIAN_POINT('',(-15.11081391998,25.056818181816,
    5.060036780025));
#3932 = CARTESIAN_POINT('',(-15.11081391998,25.056818181815,
    4.988905185536));
#3933 = CARTESIAN_POINT('',(-15.11081391998,25.056818181815,
    4.915546454815));
#3934 = CARTESIAN_POINT('',(-15.11081391998,25.056818181815,
    4.839960587862));
#3935 = CARTESIAN_POINT('',(-15.11081391998,25.056818181814,
    4.762147584678));
#3936 = CARTESIAN_POINT('',(-15.11081391998,25.056818181814,
    4.682107445262));
#3937 = ADVANCED_FACE('',(#3938),#3967,.T.);
#3938 = FACE_BOUND('',#3939,.F.);
#3939 = EDGE_LOOP('',(#3940,#3941,#3942,#3950));
#3940 = ORIENTED_EDGE('',*,*,#3587,.F.);
#3941 = ORIENTED_EDGE('',*,*,#945,.F.);
#3942 = ORIENTED_EDGE('',*,*,#3943,.T.);
#3943 = EDGE_CURVE('',#946,#3944,#3946,.T.);
#3944 = VERTEX_POINT('',#3945);
#3945 = CARTESIAN_POINT('',(40.275,49.1,13.801081544907));
#3946 = LINE('',#3947,#3948);
#3947 = CARTESIAN_POINT('',(40.275,49.1,5.6));
#3948 = VECTOR('',#3949,1.);
#3949 = DIRECTION('',(0.,0.,1.));
#3950 = ORIENTED_EDGE('',*,*,#3951,.T.);
#3951 = EDGE_CURVE('',#3944,#3588,#3952,.T.);
#3952 = B_SPLINE_CURVE_WITH_KNOTS('',7,(#3953,#3954,#3955,#3956,#3957,
    #3958,#3959,#3960,#3961,#3962,#3963,#3964,#3965,#3966),
  .UNSPECIFIED.,.F.,.F.,(8,6,8),(20.530536027464,20.628405330071,
    25.674203823406),.UNSPECIFIED.);
#3953 = CARTESIAN_POINT('',(40.275,49.1,13.801081544907));
#3954 = CARTESIAN_POINT('',(40.275,49.113927924954,13.802791679056));
#3955 = CARTESIAN_POINT('',(40.274929261957,49.12785611208,
    13.804501851253));
#3956 = CARTESIAN_POINT('',(40.274787880058,49.141782703704,
    13.806211793061));
#3957 = CARTESIAN_POINT('',(40.274575538563,49.155713941769,
    13.807922440152));
#3958 = CARTESIAN_POINT('',(40.27429284352,49.1696362714,13.809631947843
    ));
#3959 = CARTESIAN_POINT('',(40.273938845656,49.183571717741,
    13.811343505915));
#3960 = CARTESIAN_POINT('',(40.251638297385,49.915203117719,
    13.901215708843));
#3961 = CARTESIAN_POINT('',(40.04190460272,50.622280103964,
    13.988714990014));
#3962 = CARTESIAN_POINT('',(39.651748534237,51.257082004231,
    14.068219730536));
#3963 = CARTESIAN_POINT('',(39.111191773261,51.770537954714,
    14.132889491016));
#3964 = CARTESIAN_POINT('',(38.467071698781,52.123259970846,
    14.177623131931));
#3965 = CARTESIAN_POINT('',(37.77103290164,52.3,14.2));
#3966 = CARTESIAN_POINT('',(37.075,52.3,14.2));
#3967 = CYLINDRICAL_SURFACE('',#3968,3.2);
#3968 = AXIS2_PLACEMENT_3D('',#3969,#3970,#3971);
#3969 = CARTESIAN_POINT('',(37.075,49.1,5.6));
#3970 = DIRECTION('',(-0.,-0.,-1.));
#3971 = DIRECTION('',(1.,0.,0.));
#3972 = ADVANCED_FACE('',(#3973),#3977,.F.);
#3973 = FACE_BOUND('',#3974,.T.);
#3974 = EDGE_LOOP('',(#3975,#3976));
#3975 = ORIENTED_EDGE('',*,*,#1097,.F.);
#3976 = ORIENTED_EDGE('',*,*,#3612,.T.);
#3977 = CYLINDRICAL_SURFACE('',#3978,9.);
#3978 = AXIS2_PLACEMENT_3D('',#3979,#3980,#3981);
#3979 = CARTESIAN_POINT('',(-9.525,18.,5.6));
#3980 = DIRECTION('',(-0.,-0.,-1.));
#3981 = DIRECTION('',(1.,0.,0.));
#3982 = ADVANCED_FACE('',(#3983),#4002,.T.);
#3983 = FACE_BOUND('',#3984,.T.);
#3984 = EDGE_LOOP('',(#3985,#3993,#4000,#4001));
#3985 = ORIENTED_EDGE('',*,*,#3986,.F.);
#3986 = EDGE_CURVE('',#3987,#3944,#3989,.T.);
#3987 = VERTEX_POINT('',#3988);
#3988 = CARTESIAN_POINT('',(40.275,28.864733224644,11.316503200142));
#3989 = LINE('',#3990,#3991);
#3990 = CARTESIAN_POINT('',(40.275,28.722495474685,11.299038600477));
#3991 = VECTOR('',#3992,1.);
#3992 = DIRECTION('',(3.444427145102E-16,0.992546151647,0.121869343357)
  );
#3993 = ORIENTED_EDGE('',*,*,#3994,.T.);
#3994 = EDGE_CURVE('',#3987,#955,#3995,.T.);
#3995 = CIRCLE('',#3996,6.470003716431);
#3996 = AXIS2_PLACEMENT_3D('',#3997,#3998,#3999);
#3997 = CARTESIAN_POINT('',(40.275,31.895003716431,5.6));
#3998 = DIRECTION('',(1.,-5.709363046069E-16,-7.260182026506E-16));
#3999 = DIRECTION('',(1.769634538732E-16,-0.653059121191,0.757306928681)
  );
#4000 = ORIENTED_EDGE('',*,*,#954,.T.);
#4001 = ORIENTED_EDGE('',*,*,#3943,.T.);
#4002 = PLANE('',#4003);
#4003 = AXIS2_PLACEMENT_3D('',#4004,#4005,#4006);
#4004 = CARTESIAN_POINT('',(40.275,37.91607181097,9.288421491771));
#4005 = DIRECTION('',(1.,-5.709363046069E-16,-7.260182026506E-16));
#4006 = DIRECTION('',(7.260182026506E-16,0.,1.));
#4007 = ADVANCED_FACE('',(#4008),#4020,.T.);
#4008 = FACE_BOUND('',#4009,.T.);
#4009 = EDGE_LOOP('',(#4010,#4017,#4018,#4019));
#4010 = ORIENTED_EDGE('',*,*,#4011,.F.);
#4011 = EDGE_CURVE('',#2795,#3987,#4012,.T.);
#4012 = PARABOLA('',#4013,0.15090132091);
#4013 = AXIS2_PLACEMENT_3D('',#4014,#4015,#4016);
#4014 = CARTESIAN_POINT('',(46.53159702182,31.921011450171,
    5.388184006528));
#4015 = DIRECTION('',(-0.707106781187,8.617463910633E-02,-0.70183611447)
  );
#4016 = DIRECTION('',(-0.707106781187,-8.617463910633E-02,0.70183611447)
  );
#4017 = ORIENTED_EDGE('',*,*,#2794,.T.);
#4018 = ORIENTED_EDGE('',*,*,#962,.T.);
#4019 = ORIENTED_EDGE('',*,*,#3994,.F.);
#4020 = CONICAL_SURFACE('',#4021,7.270003716431,0.785398163397);
#4021 = AXIS2_PLACEMENT_3D('',#4022,#4023,#4024);
#4022 = CARTESIAN_POINT('',(39.475,31.895003716431,5.6));
#4023 = DIRECTION('',(-1.,5.709363046069E-16,7.260182026506E-16));
#4024 = DIRECTION('',(1.769634538732E-16,-0.653059121191,0.757306928681)
  );
#4025 = ADVANCED_FACE('',(#4026),#4114,.F.);
#4026 = FACE_BOUND('',#4027,.F.);
#4027 = EDGE_LOOP('',(#4028,#4029,#4112,#4113));
#4028 = ORIENTED_EDGE('',*,*,#1029,.T.);
#4029 = ORIENTED_EDGE('',*,*,#4030,.T.);
#4030 = EDGE_CURVE('',#1030,#1047,#4031,.T.);
#4031 = B_SPLINE_CURVE_WITH_KNOTS('',14,(#4032,#4033,#4034,#4035,#4036,
    #4037,#4038,#4039,#4040,#4041,#4042,#4043,#4044,#4045,#4046,#4047,
    #4048,#4049,#4050,#4051,#4052,#4053,#4054,#4055,#4056,#4057,#4058,
    #4059,#4060,#4061,#4062,#4063,#4064,#4065,#4066,#4067,#4068,#4069,
    #4070,#4071,#4072,#4073,#4074,#4075,#4076,#4077,#4078,#4079,#4080,
    #4081,#4082,#4083,#4084,#4085,#4086,#4087,#4088,#4089,#4090,#4091,
    #4092,#4093,#4094,#4095,#4096,#4097,#4098,#4099,#4100,#4101,#4102,
    #4103,#4104,#4105,#4106,#4107,#4108,#4109,#4110,#4111),
  .UNSPECIFIED.,.F.,.F.,(15,13,13,13,13,13,15),(-0.845096714838,
    -3.453241788093E-15,4.943333155953,9.591481542515,14.241168443286,
    19.183021819212,20.028132085),.UNSPECIFIED.);
#4032 = CARTESIAN_POINT('',(15.110813919989,25.056818181818,
    4.682107467976));
#4033 = CARTESIAN_POINT('',(15.11081391999,25.056818181819,
    4.762147606099));
#4034 = CARTESIAN_POINT('',(15.11081391999,25.056818181819,4.83996060794
    ));
#4035 = CARTESIAN_POINT('',(15.11081391999,25.056818181819,
    4.915546473498));
#4036 = CARTESIAN_POINT('',(15.11081391999,25.056818181819,
    4.988905202774));
#4037 = CARTESIAN_POINT('',(15.11081391999,25.056818181819,
    5.060036795768));
#4038 = CARTESIAN_POINT('',(15.11081391999,25.056818181819,
    5.128941252479));
#4039 = CARTESIAN_POINT('',(15.110813919991,25.056818181819,
    5.195618572908));
#4040 = CARTESIAN_POINT('',(15.110813919991,25.056818181819,
    5.260068757054));
#4041 = CARTESIAN_POINT('',(15.110813919991,25.056818181819,
    5.322291804918));
#4042 = CARTESIAN_POINT('',(15.110813919991,25.056818181819,
    5.382287716499));
#4043 = CARTESIAN_POINT('',(15.110813919991,25.056818181819,
    5.440056491798));
#4044 = CARTESIAN_POINT('',(15.110813919991,25.056818181819,
    5.495598130814));
#4045 = CARTESIAN_POINT('',(15.110813919991,25.056818181818,
    5.548912633548));
#4046 = CARTESIAN_POINT('',(15.11081391999,25.056818181817,
    5.898831918284));
#4047 = CARTESIAN_POINT('',(15.092310086226,25.071468475886,
    6.197982323304));
#4048 = CARTESIAN_POINT('',(15.055034648452,25.100963884684,
    6.495576421056));
#4049 = CARTESIAN_POINT('',(14.999198130072,25.14483630228,
    6.789084398284));
#4050 = CARTESIAN_POINT('',(14.924425673453,25.202716856812,
    7.077075629162));
#4051 = CARTESIAN_POINT('',(14.830000340765,25.274173574232,
    7.358289429354));
#4052 = CARTESIAN_POINT('',(14.715298908686,25.358381884875,7.630709543)
  );
#4053 = CARTESIAN_POINT('',(14.579995801009,25.453959765365,
    7.891586444563));
#4054 = CARTESIAN_POINT('',(14.424058552149,25.559009125556,
    8.138204655514));
#4055 = CARTESIAN_POINT('',(14.247763606297,25.671250333861,
    8.368641636045));
#4056 = CARTESIAN_POINT('',(14.051924282255,25.788117396873,
    8.581810388179));
#4057 = CARTESIAN_POINT('',(13.838243426015,25.906797409252,
    8.776719727767));
#4058 = CARTESIAN_POINT('',(13.609181581943,26.024449336226,
    8.952124221087));
#4059 = CARTESIAN_POINT('',(13.137276594457,26.247145221006,
    9.257614224209));
#4060 = CARTESIAN_POINT('',(12.896235646906,26.352444753226,9.3895186648
    ));
#4061 = CARTESIAN_POINT('',(12.644568645607,26.453167603862,
    9.505304593752));
#4062 = CARTESIAN_POINT('',(12.383571480694,26.547969536985,
    9.606260956194));
#4063 = CARTESIAN_POINT('',(12.114887379474,26.635488583577,
    9.693258685637));
#4064 = CARTESIAN_POINT('',(11.839947557714,26.714683383942,
    9.767232209121));
#4065 = CARTESIAN_POINT('',(11.559849241632,26.78492653264,
    9.829396311593));
#4066 = CARTESIAN_POINT('',(11.275587567353,26.845805707982,
    9.880950671762));
#4067 = CARTESIAN_POINT('',(10.988129788688,26.896946498385,
    9.922775217526));
#4068 = CARTESIAN_POINT('',(10.698194236814,26.938041802991,
    9.955473063868));
#4069 = CARTESIAN_POINT('',(10.406147312083,26.968967461635,
    9.979610528656));
#4070 = CARTESIAN_POINT('',(10.112533908445,26.989695683517,
    9.995671690295));
#4071 = CARTESIAN_POINT('',(9.81878481142,27.000000872733,
    10.003624493797));
#4072 = CARTESIAN_POINT('',(9.231064469277,26.9999991269,10.00362085731)
  );
#4073 = CARTESIAN_POINT('',(8.937255569722,26.989678344954,
    9.995655067891));
#4074 = CARTESIAN_POINT('',(8.643779780083,26.968988173484,
    9.979643809824));
#4075 = CARTESIAN_POINT('',(8.351492804737,26.9379967855,9.955427678903)
  );
#4076 = CARTESIAN_POINT('',(8.061246070768,26.896841043633,
    9.922685577193));
#4077 = CARTESIAN_POINT('',(7.773728848721,26.845703512623,
    9.880893982059));
#4078 = CARTESIAN_POINT('',(7.489559425632,26.784819227273,
    9.829320363037));
#4079 = CARTESIAN_POINT('',(7.209457728781,26.714511060688,
    9.767044074386));
#4080 = CARTESIAN_POINT('',(6.934384018916,26.635247560073,
    9.693000269666));
#4081 = CARTESIAN_POINT('',(6.665580514005,26.547712204703,
    9.606044629414));
#4082 = CARTESIAN_POINT('',(6.404505018929,26.452868044342,
    9.505038904362));
#4083 = CARTESIAN_POINT('',(6.152697881632,26.35199677332,9.388959524745
    ));
#4084 = CARTESIAN_POINT('',(5.911675812048,26.246686302535,
    9.257033739336));
#4085 = CARTESIAN_POINT('',(5.439951751957,26.024002506461,
    8.951478776105));
#4086 = CARTESIAN_POINT('',(5.210886161195,25.906310712258,
    8.775624274672));
#4087 = CARTESIAN_POINT('',(4.997228133823,25.787683655379,
    8.582532094951));
#4088 = CARTESIAN_POINT('',(4.802382048435,25.670886472988,
    8.361421306704));
#4089 = CARTESIAN_POINT('',(4.627208715101,25.561134884599,
    8.161702938903));
#4090 = CARTESIAN_POINT('',(4.460807150791,25.44538372083,7.834960019967
    ));
#4091 = CARTESIAN_POINT('',(4.354183095084,25.374518102127,
    7.716319473469));
#4092 = CARTESIAN_POINT('',(4.196534956964,25.255761739203,
    7.273605366335));
#4093 = CARTESIAN_POINT('',(4.14185340039,25.215151965806,7.129342575987
    ));
#4094 = CARTESIAN_POINT('',(4.043576391947,25.139402684253,
    6.767386756361));
#4095 = CARTESIAN_POINT('',(3.996755930172,25.102296122475,
    6.500609992638));
#4096 = CARTESIAN_POINT('',(3.957462209117,25.071298261756,
    6.197066306542));
#4097 = CARTESIAN_POINT('',(3.939186080011,25.056818181823,
    5.898737677184));
#4098 = CARTESIAN_POINT('',(3.939186080009,25.056818181817,5.54891263286
    ));
#4099 = CARTESIAN_POINT('',(3.939186080009,25.056818181816,
    5.495598129544));
#4100 = CARTESIAN_POINT('',(3.939186080009,25.056818181816,
    5.440056490052));
#4101 = CARTESIAN_POINT('',(3.939186080008,25.056818181815,
    5.382287714382));
#4102 = CARTESIAN_POINT('',(3.939186080008,25.056818181814,
    5.322291802536));
#4103 = CARTESIAN_POINT('',(3.939186080008,25.056818181813,
    5.260068754514));
#4104 = CARTESIAN_POINT('',(3.939186080008,25.056818181812,
    5.195618570314));
#4105 = CARTESIAN_POINT('',(3.939186080007,25.05681818181,5.128941249939
    ));
#4106 = CARTESIAN_POINT('',(3.939186080007,25.056818181809,
    5.060036793386));
#4107 = CARTESIAN_POINT('',(3.939186080007,25.056818181808,
    4.988905200657));
#4108 = CARTESIAN_POINT('',(3.939186080006,25.056818181807,
    4.915546471752));
#4109 = CARTESIAN_POINT('',(3.939186080006,25.056818181806,4.83996060667
    ));
#4110 = CARTESIAN_POINT('',(3.939186080006,25.056818181804,
    4.762147605411));
#4111 = CARTESIAN_POINT('',(3.939186080005,25.056818181803,
    4.682107467976));
#4112 = ORIENTED_EDGE('',*,*,#1055,.F.);
#4113 = ORIENTED_EDGE('',*,*,#2987,.F.);
#4114 = ( BOUNDED_SURFACE() B_SPLINE_SURFACE(2,14,(
    (#4115,#4116,#4117,#4118,#4119,#4120,#4121,#4122,#4123,#4124,#4125
      ,#4126,#4127,#4128,#4129,#4130,#4131,#4132,#4133,#4134,#4135,#4136
      ,#4137,#4138,#4139,#4140,#4141,#4142,#4143,#4144,#4145,#4146,#4147
      ,#4148,#4149,#4150,#4151,#4152,#4153,#4154,#4155,#4156,#4157,#4158
      ,#4159,#4160,#4161,#4162,#4163,#4164,#4165,#4166,#4167,#4168,#4169
      ,#4170,#4171,#4172,#4173,#4174,#4175,#4176,#4177,#4178,#4179,#4180
      ,#4181,#4182,#4183,#4184,#4185,#4186,#4187,#4188,#4189,#4190,#4191
      ,#4192,#4193,#4194)
    ,(#4195,#4196,#4197,#4198,#4199,#4200,#4201,#4202,#4203,#4204,#4205
      ,#4206,#4207,#4208,#4209,#4210,#4211,#4212,#4213,#4214,#4215,#4216
      ,#4217,#4218,#4219,#4220,#4221,#4222,#4223,#4224,#4225,#4226,#4227
      ,#4228,#4229,#4230,#4231,#4232,#4233,#4234,#4235,#4236,#4237,#4238
      ,#4239,#4240,#4241,#4242,#4243,#4244,#4245,#4246,#4247,#4248,#4249
      ,#4250,#4251,#4252,#4253,#4254,#4255,#4256,#4257,#4258,#4259,#4260
      ,#4261,#4262,#4263,#4264,#4265,#4266,#4267,#4268,#4269,#4270,#4271
      ,#4272,#4273,#4274)
    ,(#4275,#4276,#4277,#4278,#4279,#4280,#4281,#4282,#4283,#4284,#4285
      ,#4286,#4287,#4288,#4289,#4290,#4291,#4292,#4293,#4294,#4295,#4296
      ,#4297,#4298,#4299,#4300,#4301,#4302,#4303,#4304,#4305,#4306,#4307
      ,#4308,#4309,#4310,#4311,#4312,#4313,#4314,#4315,#4316,#4317,#4318
      ,#4319,#4320,#4321,#4322,#4323,#4324,#4325,#4326,#4327,#4328,#4329
      ,#4330,#4331,#4332,#4333,#4334,#4335,#4336,#4337,#4338,#4339,#4340
      ,#4341,#4342,#4343,#4344,#4345,#4346,#4347,#4348,#4349,#4350,#4351
      ,#4352,#4353,#4354
)),.UNSPECIFIED.,.F.,.F.,.F.) B_SPLINE_SURFACE_WITH_KNOTS((3,3),(15,13,
    13,13,13,13,15),(0.,19.183021819212),(-0.845096714838,
    -3.453241788093E-15,4.943333155953,9.591481542515,14.241168443286,
    19.183021819212,20.028132085),.UNSPECIFIED.) 
GEOMETRIC_REPRESENTATION_ITEM() RATIONAL_B_SPLINE_SURFACE((
    (1.,1.,1.,1.,1.,1.,1.,1.,1.,1.,1.,1.,1.,1.,1.,1.,1.,1.,1.,1.,1.,1.
      ,1.,1.,1.,1.,1.,1.,1.,1.,1.,1.,1.,1.,1.,1.,1.,1.,1.,1.,1.,1.,1.,1.
      ,1.,1.,1.,1.,1.,1.,1.,1.,1.,1.,1.,1.,1.,1.,1.,1.,1.,1.,1.,1.,1.,1.
      ,1.,1.,1.,1.,1.,1.,1.,1.,1.,1.,1.,1.,1.,1.)
    ,(0.944481579781,0.944481579781,0.944481579781,0.944481579781
      ,0.944481579781,0.944481579781,0.944481579781,0.944481579781
      ,0.944481579781,0.944481579781,0.944481579781,0.944481579781
      ,0.944481579781,0.944481579781,0.944481579781,0.944320571084
      ,0.94399270032,0.943488268462,0.942786480141,0.941848895986
      ,0.940621001658,0.939041849191,0.937057406587,0.934632070409
      ,0.931754753462,0.928441055221,0.924741257017,0.917046080504
      ,0.913073362523,0.908916390458,0.904686011387,0.900504312026
      ,0.89647719463,0.892701887599,0.889281367324,0.886318894126
      ,0.883892971222,0.88204063322,0.880779647273,0.880152577398
      ,0.880152045151,0.880783147487,0.882036058267,0.883895922687
      ,0.886331471001,0.88929107021,0.892703182669,0.896479194237
      ,0.900517302682,0.904706884681,0.908933487666,0.913085320665
      ,0.917062845943,0.924759193926,0.92844707602,0.931745324706
      ,0.934703780886,0.93700542026,0.938926181454,0.940972036636
      ,0.941437807344,0.94307413803,0.943363645221,0.944028272328
      ,0.944314167495,0.944481579781,0.944481579781,0.944481579781
      ,0.944481579781,0.944481579781,0.944481579781,0.944481579781
      ,0.944481579781,0.944481579781,0.944481579781,0.944481579781
      ,0.944481579781,0.944481579781,0.944481579781,0.944481579781)
    ,(1.,1.,1.,1.,1.,1.,1.,1.,1.,1.,1.,1.,1.,1.,1.,1.,1.,1.,1.,1.,1.,1.
      ,1.,1.,1.,1.,1.,1.,1.,1.,1.,1.,1.,1.,1.,1.,1.,1.,1.,1.,1.,1.,1.,1.
      ,1.,1.,1.,1.,1.,1.,1.,1.,1.,1.,1.,1.,1.,1.,1.,1.,1.,1.,1.,1.,1.,1.
,1.,1.,1.,1.,1.,1.,1.,1.,1.,1.,1.,1.,1.,1.
))) REPRESENTATION_ITEM('') SURFACE() );
#4115 = CARTESIAN_POINT('',(16.352105902211,24.625,4.682107467976));
#4116 = CARTESIAN_POINT('',(16.352105902211,24.625,4.747671220263));
#4117 = CARTESIAN_POINT('',(16.352105902211,24.625,4.813234972551));
#4118 = CARTESIAN_POINT('',(16.352105902211,24.625000000001,
    4.878798724838));
#4119 = CARTESIAN_POINT('',(16.352105902211,24.625000000001,
    4.944362477126));
#4120 = CARTESIAN_POINT('',(16.352105902211,24.625000000001,
    5.009926229413));
#4121 = CARTESIAN_POINT('',(16.352105902211,24.625000000001,
    5.075489981701));
#4122 = CARTESIAN_POINT('',(16.352105902211,24.625000000001,
    5.141053733988));
#4123 = CARTESIAN_POINT('',(16.352105902211,24.625000000001,
    5.206617486275));
#4124 = CARTESIAN_POINT('',(16.352105902211,24.625000000001,
    5.272181238563));
#4125 = CARTESIAN_POINT('',(16.352105902211,24.625000000001,
    5.33774499085));
#4126 = CARTESIAN_POINT('',(16.352105902211,24.625000000001,
    5.403308743138));
#4127 = CARTESIAN_POINT('',(16.352105902211,24.625,5.468872495425));
#4128 = CARTESIAN_POINT('',(16.352105902211,24.625,5.534436247713));
#4129 = CARTESIAN_POINT('',(16.35210590221,24.624999999999,
    5.983510508112));
#4130 = CARTESIAN_POINT('',(16.331856888074,24.646720138359,
    6.367247029092));
#4131 = CARTESIAN_POINT('',(16.291027938662,24.69051836347,
    6.749905661218));
#4132 = CARTESIAN_POINT('',(16.229787783079,24.755818319405,
    7.128630602133));
#4133 = CARTESIAN_POINT('',(16.147726514672,24.842213427673,
    7.501883833503));
#4134 = CARTESIAN_POINT('',(16.043959628681,24.949398564116,
    7.868685484507));
#4135 = CARTESIAN_POINT('',(15.91750764975,25.076750653731,
    8.227375948317));
#4136 = CARTESIAN_POINT('',(15.767551675861,25.222987054768,8.5752350711
    ));
#4137 = CARTESIAN_POINT('',(15.593511438996,25.386043773961,
    8.90903631349));
#4138 = CARTESIAN_POINT('',(15.395078033436,25.563134446343,
    9.225914732581));
#4139 = CARTESIAN_POINT('',(15.172358211201,25.750875501657,
    9.523786907512));
#4140 = CARTESIAN_POINT('',(14.926151175923,25.945393159922,
    9.800978577921));
#4141 = CARTESIAN_POINT('',(14.658082041238,26.142463723298,
    10.055691740039));
#4142 = CARTESIAN_POINT('',(14.098846095363,26.52182159566,
    10.505422053994));
#4143 = CARTESIAN_POINT('',(13.809939965954,26.704351608058,
    10.703129561056));
#4144 = CARTESIAN_POINT('',(13.504692165169,26.882453912417,
    10.880410479305));
#4145 = CARTESIAN_POINT('',(13.183969397601,27.052905221582,
    11.037131764788));
#4146 = CARTESIAN_POINT('',(12.850516068627,27.212567514533,
    11.173770646401));
#4147 = CARTESIAN_POINT('',(12.506276951499,27.359093520018,
    11.291440203574));
#4148 = CARTESIAN_POINT('',(12.15208017091,27.490795547196,
    11.391470012358));
#4149 = CARTESIAN_POINT('',(11.789132906947,27.606144963358,
    11.475003184567));
#4150 = CARTESIAN_POINT('',(11.419730333583,27.70363939715,
    11.542930753322));
#4151 = CARTESIAN_POINT('',(11.046108407449,27.782194208741,
    11.596109757323));
#4152 = CARTESIAN_POINT('',(10.668969155939,27.841481581698,
    11.635486749881));
#4153 = CARTESIAN_POINT('',(10.288358752762,27.881451749027,
    11.661757761175));
#4154 = CARTESIAN_POINT('',(9.906769855117,27.901324032961,
    11.674823176255));
#4155 = CARTESIAN_POINT('',(9.143216034578,27.901331239276,
    11.67482791379));
#4156 = CARTESIAN_POINT('',(8.761296221107,27.881376037083,
    11.661701951868));
#4157 = CARTESIAN_POINT('',(8.380947980879,27.841578930811,
    11.635550063977));
#4158 = CARTESIAN_POINT('',(8.003210468318,27.782106302033,
    11.596069450452));
#4159 = CARTESIAN_POINT('',(7.629161062006,27.703330176924,
    11.542725925594));
#4160 = CARTESIAN_POINT('',(7.260106842047,27.605881901256,
    11.474794105506));
#4161 = CARTESIAN_POINT('',(6.897545751297,27.490668904719,
    11.391354058364));
#4162 = CARTESIAN_POINT('',(6.543062772762,27.358896827051,
    11.291307445976));
#4163 = CARTESIAN_POINT('',(6.19826319688,27.21211592962,11.173449109991
    ));
#4164 = CARTESIAN_POINT('',(5.864781810089,27.052287430655,
    11.036602998462));
#4165 = CARTESIAN_POINT('',(5.544343572791,26.881842034578,
    10.879804246324));
#4166 = CARTESIAN_POINT('',(5.238788114893,26.70367965036,
    10.702482169863));
#4167 = CARTESIAN_POINT('',(4.949907114719,26.521035929098,
    10.504571853066));
#4168 = CARTESIAN_POINT('',(4.390823489018,26.141643372166,
    10.05463250396));
#4169 = CARTESIAN_POINT('',(4.122995686136,25.944730877827,
    9.799830523407));
#4170 = CARTESIAN_POINT('',(3.877090034412,25.750596777251,
    9.524546319374));
#4171 = CARTESIAN_POINT('',(3.653434216651,25.561170376812,
    9.218058934808));
#4172 = CARTESIAN_POINT('',(3.459943931082,25.39000013567,8.927634262962
    ));
#4173 = CARTESIAN_POINT('',(3.273039780828,25.214166476153,
    8.536669181546));
#4174 = CARTESIAN_POINT('',(3.148373760353,25.090314307263,
    8.281774858329));
#4175 = CARTESIAN_POINT('',(2.987951089543,24.934396002689,
    7.815262446329));
#4176 = CARTESIAN_POINT('',(2.914436008316,24.852046434771,
    7.533480535973));
#4177 = CARTESIAN_POINT('',(2.814853925302,24.751531534796,
    7.115560574893));
#4178 = CARTESIAN_POINT('',(2.760226165579,24.69146384644,6.752489571989
    ));
#4179 = CARTESIAN_POINT('',(2.718009524813,24.646635490497,
    6.366764775946));
#4180 = CARTESIAN_POINT('',(2.69789409779,24.625000000005,5.983389557193
    ));
#4181 = CARTESIAN_POINT('',(2.697894097789,24.624999999999,
    5.534436247713));
#4182 = CARTESIAN_POINT('',(2.697894097789,24.624999999998,
    5.468872495425));
#4183 = CARTESIAN_POINT('',(2.697894097789,24.624999999997,
    5.403308743138));
#4184 = CARTESIAN_POINT('',(2.697894097789,24.624999999997,5.33774499085
    ));
#4185 = CARTESIAN_POINT('',(2.697894097789,24.624999999996,
    5.272181238563));
#4186 = CARTESIAN_POINT('',(2.697894097789,24.624999999995,
    5.206617486275));
#4187 = CARTESIAN_POINT('',(2.697894097789,24.624999999994,
    5.141053733988));
#4188 = CARTESIAN_POINT('',(2.697894097788,24.624999999993,5.0754899817)
  );
#4189 = CARTESIAN_POINT('',(2.697894097788,24.624999999992,
    5.009926229413));
#4190 = CARTESIAN_POINT('',(2.697894097788,24.624999999991,
    4.944362477125));
#4191 = CARTESIAN_POINT('',(2.697894097788,24.62499999999,4.878798724838
    ));
#4192 = CARTESIAN_POINT('',(2.697894097788,24.62499999999,4.81323497255)
  );
#4193 = CARTESIAN_POINT('',(2.697894097788,24.624999999989,
    4.747671220263));
#4194 = CARTESIAN_POINT('',(2.697894097788,24.624999999988,
    4.682107467976));
#4195 = CARTESIAN_POINT('',(15.656349886702,24.625,4.682107467976));
#4196 = CARTESIAN_POINT('',(15.656349886701,24.625,4.753818897477));
#4197 = CARTESIAN_POINT('',(15.656349886701,24.625,4.824584530484));
#4198 = CARTESIAN_POINT('',(15.656349886701,24.625,4.894404366996));
#4199 = CARTESIAN_POINT('',(15.656349886701,24.625,4.963278407014));
#4200 = CARTESIAN_POINT('',(15.656349886701,24.625,5.031206650537));
#4201 = CARTESIAN_POINT('',(15.6563498867,24.625,5.098189097567));
#4202 = CARTESIAN_POINT('',(15.6563498867,24.625,5.164225748101));
#4203 = CARTESIAN_POINT('',(15.6563498867,24.625,5.229316602141));
#4204 = CARTESIAN_POINT('',(15.6563498867,24.625,5.293461659687));
#4205 = CARTESIAN_POINT('',(15.6563498867,24.625,5.356660920739));
#4206 = CARTESIAN_POINT('',(15.656349886699,24.625,5.418914385296));
#4207 = CARTESIAN_POINT('',(15.656349886699,24.625,5.480222053358));
#4208 = CARTESIAN_POINT('',(15.656349886699,24.625,5.540583924926));
#4209 = CARTESIAN_POINT('',(15.656349886698,24.625,5.947550107285));
#4210 = CARTESIAN_POINT('',(15.636975068475,24.642666304605,
    6.295495791951));
#4211 = CARTESIAN_POINT('',(15.597924869717,24.678260734832,
    6.64224868821));
#4212 = CARTESIAN_POINT('',(15.539328093628,24.731249779465,
    6.985140747518));
#4213 = CARTESIAN_POINT('',(15.460782984612,24.801159489585,
    7.322710498088));
#4214 = CARTESIAN_POINT('',(15.361477980616,24.887458266255,
    7.653882368941));
#4215 = CARTESIAN_POINT('',(15.240564524717,24.989204231847,
    7.976896822852));
#4216 = CARTESIAN_POINT('',(15.09742473134,25.104814508778,
    8.289110017373));
#4217 = CARTESIAN_POINT('',(14.931790571103,25.232046631395,
    8.587618389257));
#4218 = CARTESIAN_POINT('',(14.74382711545,25.368127943035,
    8.870059559785));
#4219 = CARTESIAN_POINT('',(14.534291993699,25.509924380112,
    9.134881132534));
#4220 = CARTESIAN_POINT('',(14.304730719755,25.654099999591,
    9.380845271502));
#4221 = CARTESIAN_POINT('',(14.057367689401,25.797378202771,
    9.606560670127));
#4222 = CARTESIAN_POINT('',(13.544105557604,26.06992082958,
    10.007648076183));
#4223 = CARTESIAN_POINT('',(13.279585017523,26.199643953263,
    10.185157812913));
#4224 = CARTESIAN_POINT('',(13.002069462922,26.324107691534,
    10.344780570132));
#4225 = CARTESIAN_POINT('',(12.713198786159,26.441303399114,
    10.486757980387));
#4226 = CARTESIAN_POINT('',(12.415219596091,26.549468553322,
    10.611527649683));
#4227 = CARTESIAN_POINT('',(12.109850171518,26.6473572209,
    10.719889035545));
#4228 = CARTESIAN_POINT('',(11.798184282294,26.734194992554,
    10.812830979567));
#4229 = CARTESIAN_POINT('',(11.481327555095,26.809428824468,
    10.891197939962));
#4230 = CARTESIAN_POINT('',(11.160656078015,26.872578170227,
    10.955562731532));
#4231 = CARTESIAN_POINT('',(10.837280761038,26.923306221,11.006402963028
    ));
#4232 = CARTESIAN_POINT('',(10.511482281713,26.961521199433,
    11.044286367855));
#4233 = CARTESIAN_POINT('',(10.18336836905,26.987197424088,
    11.069646575441));
#4234 = CARTESIAN_POINT('',(9.854469075109,26.999999589164,
    11.082278995958));
#4235 = CARTESIAN_POINT('',(9.19545333914,27.000000411146,
    11.082281067655));
#4236 = CARTESIAN_POINT('',(8.866378221118,26.987168824438,
    11.069604614449));
#4237 = CARTESIAN_POINT('',(8.538424038526,26.961554320327,
    11.044339044505));
#4238 = CARTESIAN_POINT('',(8.212248420266,26.923255288939,
    11.006355629939));
#4239 = CARTESIAN_POINT('',(7.888519448868,26.872426877953,
    10.955386939133));
#4240 = CARTESIAN_POINT('',(7.567938962383,26.809275127962,
    10.891027632627));
#4241 = CARTESIAN_POINT('',(7.251298169064,26.734068771503,
    10.812714310481));
#4242 = CARTESIAN_POINT('',(6.939551267661,26.647185056205,
    10.719724640108));
#4243 = CARTESIAN_POINT('',(6.633886176025,26.549190785535,
    10.611218500774));
#4244 = CARTESIAN_POINT('',(6.335767971574,26.4409450702,10.486326541114
    ));
#4245 = CARTESIAN_POINT('',(6.046929840389,26.32369677581,
    10.344275469559));
#4246 = CARTESIAN_POINT('',(5.769287504032,26.199137625611,
    10.184525333883));
#4247 = CARTESIAN_POINT('',(5.504755357719,26.069361154912,
    10.006882406228));
#4248 = CARTESIAN_POINT('',(4.99164724358,25.796809724684,9.605655262205
    ));
#4249 = CARTESIAN_POINT('',(4.744421277772,25.653553416301,
    9.379709627391));
#4250 = CARTESIAN_POINT('',(4.514990602922,25.509499443329,
    9.135568456556));
#4251 = CARTESIAN_POINT('',(4.305555397483,25.367328145784,
    8.862547489818));
#4252 = CARTESIAN_POINT('',(4.120116125495,25.234569012305,
    8.608205577066));
#4253 = CARTESIAN_POINT('',(3.944483756819,25.09627374468,8.242603979809
    ));
#4254 = CARTESIAN_POINT('',(3.82531497411,25.004707993964,8.045498929532
    ));
#4255 = CARTESIAN_POINT('',(3.669445317162,24.869695279024,
    7.585844011047));
#4256 = CARTESIAN_POINT('',(3.602352146217,24.813102889369,
    7.364061473883));
#4257 = CARTESIAN_POINT('',(3.50482157412,24.726015357671,6.967927872963
    ));
#4258 = CARTESIAN_POINT('',(3.453492508305,24.679516233896,
    6.646023682402));
#4259 = CARTESIAN_POINT('',(3.412856178594,24.642514914487,
    6.294797956906));
#4260 = CARTESIAN_POINT('',(3.393650113301,24.625,5.947440500382));
#4261 = CARTESIAN_POINT('',(3.393650113301,24.625,5.540583924433));
#4262 = CARTESIAN_POINT('',(3.393650113301,24.625,5.480222052448));
#4263 = CARTESIAN_POINT('',(3.393650113302,24.625,5.418914384044));
#4264 = CARTESIAN_POINT('',(3.393650113302,24.625,5.356660919222));
#4265 = CARTESIAN_POINT('',(3.393650113302,24.625,5.293461657981));
#4266 = CARTESIAN_POINT('',(3.393650113302,24.625,5.229316600321));
#4267 = CARTESIAN_POINT('',(3.393650113302,24.625,5.164225746243));
#4268 = CARTESIAN_POINT('',(3.393650113302,24.625,5.098189095746));
#4269 = CARTESIAN_POINT('',(3.393650113302,24.625,5.031206648831));
#4270 = CARTESIAN_POINT('',(3.393650113302,24.625,4.963278405497));
#4271 = CARTESIAN_POINT('',(3.393650113302,24.625,4.894404365744));
#4272 = CARTESIAN_POINT('',(3.393650113302,24.625,4.824584529573));
#4273 = CARTESIAN_POINT('',(3.393650113302,24.625,4.753818896984));
#4274 = CARTESIAN_POINT('',(3.393650113303,24.625,4.682107467976));
#4275 = CARTESIAN_POINT('',(15.110813919989,25.056818181818,
    4.682107467976));
#4276 = CARTESIAN_POINT('',(15.11081391999,25.056818181819,
    4.762147606099));
#4277 = CARTESIAN_POINT('',(15.11081391999,25.056818181819,4.83996060794
    ));
#4278 = CARTESIAN_POINT('',(15.11081391999,25.056818181819,
    4.915546473498));
#4279 = CARTESIAN_POINT('',(15.11081391999,25.056818181819,
    4.988905202774));
#4280 = CARTESIAN_POINT('',(15.11081391999,25.056818181819,
    5.060036795768));
#4281 = CARTESIAN_POINT('',(15.11081391999,25.056818181819,
    5.128941252479));
#4282 = CARTESIAN_POINT('',(15.110813919991,25.056818181819,
    5.195618572908));
#4283 = CARTESIAN_POINT('',(15.110813919991,25.056818181819,
    5.260068757054));
#4284 = CARTESIAN_POINT('',(15.110813919991,25.056818181819,
    5.322291804918));
#4285 = CARTESIAN_POINT('',(15.110813919991,25.056818181819,
    5.382287716499));
#4286 = CARTESIAN_POINT('',(15.110813919991,25.056818181819,
    5.440056491798));
#4287 = CARTESIAN_POINT('',(15.110813919991,25.056818181819,
    5.495598130814));
#4288 = CARTESIAN_POINT('',(15.110813919991,25.056818181818,
    5.548912633548));
#4289 = CARTESIAN_POINT('',(15.11081391999,25.056818181817,
    5.898831918284));
#4290 = CARTESIAN_POINT('',(15.092310086226,25.071468475886,
    6.197982323304));
#4291 = CARTESIAN_POINT('',(15.055034648452,25.100963884684,
    6.495576421056));
#4292 = CARTESIAN_POINT('',(14.999198130072,25.14483630228,
    6.789084398284));
#4293 = CARTESIAN_POINT('',(14.924425673453,25.202716856812,
    7.077075629162));
#4294 = CARTESIAN_POINT('',(14.830000340765,25.274173574232,
    7.358289429354));
#4295 = CARTESIAN_POINT('',(14.715298908686,25.358381884875,7.630709543)
  );
#4296 = CARTESIAN_POINT('',(14.579995801009,25.453959765365,
    7.891586444563));
#4297 = CARTESIAN_POINT('',(14.424058552149,25.559009125556,
    8.138204655514));
#4298 = CARTESIAN_POINT('',(14.247763606297,25.671250333861,
    8.368641636045));
#4299 = CARTESIAN_POINT('',(14.051924282255,25.788117396873,
    8.581810388179));
#4300 = CARTESIAN_POINT('',(13.838243426015,25.906797409252,
    8.776719727767));
#4301 = CARTESIAN_POINT('',(13.609181581943,26.024449336226,
    8.952124221087));
#4302 = CARTESIAN_POINT('',(13.137276594457,26.247145221006,
    9.257614224209));
#4303 = CARTESIAN_POINT('',(12.896235646906,26.352444753226,9.3895186648
    ));
#4304 = CARTESIAN_POINT('',(12.644568645607,26.453167603862,
    9.505304593752));
#4305 = CARTESIAN_POINT('',(12.383571480694,26.547969536985,
    9.606260956194));
#4306 = CARTESIAN_POINT('',(12.114887379474,26.635488583577,
    9.693258685637));
#4307 = CARTESIAN_POINT('',(11.839947557714,26.714683383942,
    9.767232209121));
#4308 = CARTESIAN_POINT('',(11.559849241632,26.78492653264,
    9.829396311593));
#4309 = CARTESIAN_POINT('',(11.275587567353,26.845805707982,
    9.880950671762));
#4310 = CARTESIAN_POINT('',(10.988129788688,26.896946498385,
    9.922775217526));
#4311 = CARTESIAN_POINT('',(10.698194236814,26.938041802991,
    9.955473063868));
#4312 = CARTESIAN_POINT('',(10.406147312083,26.968967461635,
    9.979610528656));
#4313 = CARTESIAN_POINT('',(10.112533908445,26.989695683517,
    9.995671690295));
#4314 = CARTESIAN_POINT('',(9.81878481142,27.000000872733,
    10.003624493797));
#4315 = CARTESIAN_POINT('',(9.231064469277,26.9999991269,10.00362085731)
  );
#4316 = CARTESIAN_POINT('',(8.937255569722,26.989678344954,
    9.995655067891));
#4317 = CARTESIAN_POINT('',(8.643779780083,26.968988173484,
    9.979643809824));
#4318 = CARTESIAN_POINT('',(8.351492804737,26.9379967855,9.955427678903)
  );
#4319 = CARTESIAN_POINT('',(8.061246070768,26.896841043633,
    9.922685577193));
#4320 = CARTESIAN_POINT('',(7.773728848721,26.845703512623,
    9.880893982059));
#4321 = CARTESIAN_POINT('',(7.489559425632,26.784819227273,
    9.829320363037));
#4322 = CARTESIAN_POINT('',(7.209457728781,26.714511060688,
    9.767044074386));
#4323 = CARTESIAN_POINT('',(6.934384018916,26.635247560073,
    9.693000269666));
#4324 = CARTESIAN_POINT('',(6.665580514005,26.547712204703,
    9.606044629414));
#4325 = CARTESIAN_POINT('',(6.404505018929,26.452868044342,
    9.505038904362));
#4326 = CARTESIAN_POINT('',(6.152697881632,26.35199677332,9.388959524745
    ));
#4327 = CARTESIAN_POINT('',(5.911675812048,26.246686302535,
    9.257033739336));
#4328 = CARTESIAN_POINT('',(5.439951751957,26.024002506461,
    8.951478776105));
#4329 = CARTESIAN_POINT('',(5.210886161195,25.906310712258,
    8.775624274672));
#4330 = CARTESIAN_POINT('',(4.997228133823,25.787683655379,
    8.582532094951));
#4331 = CARTESIAN_POINT('',(4.802382048435,25.670886472988,
    8.361421306704));
#4332 = CARTESIAN_POINT('',(4.627208715101,25.561134884599,
    8.161702938903));
#4333 = CARTESIAN_POINT('',(4.460807150791,25.44538372083,7.834960019967
    ));
#4334 = CARTESIAN_POINT('',(4.354183095084,25.374518102127,
    7.716319473469));
#4335 = CARTESIAN_POINT('',(4.196534956964,25.255761739203,
    7.273605366335));
#4336 = CARTESIAN_POINT('',(4.14185340039,25.215151965806,7.129342575987
    ));
#4337 = CARTESIAN_POINT('',(4.043576391947,25.139402684253,
    6.767386756361));
#4338 = CARTESIAN_POINT('',(3.996755930172,25.102296122475,
    6.500609992638));
#4339 = CARTESIAN_POINT('',(3.957462209117,25.071298261756,
    6.197066306542));
#4340 = CARTESIAN_POINT('',(3.939186080011,25.056818181823,
    5.898737677184));
#4341 = CARTESIAN_POINT('',(3.939186080009,25.056818181817,5.54891263286
    ));
#4342 = CARTESIAN_POINT('',(3.939186080009,25.056818181816,
    5.495598129544));
#4343 = CARTESIAN_POINT('',(3.939186080009,25.056818181816,
    5.440056490052));
#4344 = CARTESIAN_POINT('',(3.939186080008,25.056818181815,
    5.382287714382));
#4345 = CARTESIAN_POINT('',(3.939186080008,25.056818181814,
    5.322291802536));
#4346 = CARTESIAN_POINT('',(3.939186080008,25.056818181813,
    5.260068754514));
#4347 = CARTESIAN_POINT('',(3.939186080008,25.056818181812,
    5.195618570314));
#4348 = CARTESIAN_POINT('',(3.939186080007,25.05681818181,5.128941249939
    ));
#4349 = CARTESIAN_POINT('',(3.939186080007,25.056818181809,
    5.060036793386));
#4350 = CARTESIAN_POINT('',(3.939186080007,25.056818181808,
    4.988905200657));
#4351 = CARTESIAN_POINT('',(3.939186080006,25.056818181807,
    4.915546471752));
#4352 = CARTESIAN_POINT('',(3.939186080006,25.056818181806,4.83996060667
    ));
#4353 = CARTESIAN_POINT('',(3.939186080006,25.056818181804,
    4.762147605411));
#4354 = CARTESIAN_POINT('',(3.939186080005,25.056818181803,
    4.682107467976));
#4355 = ADVANCED_FACE('',(#4356),#4444,.F.);
#4356 = FACE_BOUND('',#4357,.F.);
#4357 = EDGE_LOOP('',(#4358,#4359,#4442,#4443));
#4358 = ORIENTED_EDGE('',*,*,#978,.T.);
#4359 = ORIENTED_EDGE('',*,*,#4360,.T.);
#4360 = EDGE_CURVE('',#979,#996,#4361,.T.);
#4361 = B_SPLINE_CURVE_WITH_KNOTS('',14,(#4362,#4363,#4364,#4365,#4366,
    #4367,#4368,#4369,#4370,#4371,#4372,#4373,#4374,#4375,#4376,#4377,
    #4378,#4379,#4380,#4381,#4382,#4383,#4384,#4385,#4386,#4387,#4388,
    #4389,#4390,#4391,#4392,#4393,#4394,#4395,#4396,#4397,#4398,#4399,
    #4400,#4401,#4402,#4403,#4404,#4405,#4406,#4407,#4408,#4409,#4410,
    #4411,#4412,#4413,#4414,#4415,#4416,#4417,#4418,#4419,#4420,#4421,
    #4422,#4423,#4424,#4425,#4426,#4427,#4428,#4429,#4430,#4431,#4432,
    #4433,#4434,#4435,#4436,#4437,#4438,#4439,#4440,#4441),
  .UNSPECIFIED.,.F.,.F.,(15,13,13,13,13,13,15),(-0.845096806272,
    -3.176506642964E-15,4.94333366861,9.591482091089,14.241168726652,
    19.183021819211,20.028132040644),.UNSPECIFIED.);
#4362 = CARTESIAN_POINT('',(34.160813919995,25.056818181818,
    4.682107463856));
#4363 = CARTESIAN_POINT('',(34.160813919995,25.056818181818,
    4.762147602339));
#4364 = CARTESIAN_POINT('',(34.160813919995,25.056818181819,
    4.839960604529));
#4365 = CARTESIAN_POINT('',(34.160813919996,25.056818181819,
    4.915546470427));
#4366 = CARTESIAN_POINT('',(34.160813919996,25.05681818182,
    4.988905200032));
#4367 = CARTESIAN_POINT('',(34.160813919996,25.05681818182,
    5.060036793345));
#4368 = CARTESIAN_POINT('',(34.160813919996,25.05681818182,
    5.128941250365));
#4369 = CARTESIAN_POINT('',(34.160813919995,25.05681818182,
    5.195618571093));
#4370 = CARTESIAN_POINT('',(34.160813919995,25.05681818182,
    5.260068755528));
#4371 = CARTESIAN_POINT('',(34.160813919995,25.05681818182,
    5.322291803671));
#4372 = CARTESIAN_POINT('',(34.160813919994,25.05681818182,
    5.382287715522));
#4373 = CARTESIAN_POINT('',(34.160813919993,25.05681818182,5.44005649108
    ));
#4374 = CARTESIAN_POINT('',(34.160813919992,25.056818181819,
    5.495598130346));
#4375 = CARTESIAN_POINT('',(34.160813919992,25.056818181819,
    5.548912633319));
#4376 = CARTESIAN_POINT('',(34.160813919985,25.056818181815,
    5.898831918284));
#4377 = CARTESIAN_POINT('',(34.142310086258,25.071468475888,6.1979823233
    ));
#4378 = CARTESIAN_POINT('',(34.105034648372,25.100963884671,
    6.495576421058));
#4379 = CARTESIAN_POINT('',(34.049198130217,25.144836302322,
    6.789084398309));
#4380 = CARTESIAN_POINT('',(33.974425673203,25.202716856752,
    7.077075629137));
#4381 = CARTESIAN_POINT('',(33.880000341121,25.274173574286,
    7.35828942936));
#4382 = CARTESIAN_POINT('',(33.76529890832,25.358381884823,7.63070954298
    ));
#4383 = CARTESIAN_POINT('',(33.629995801305,25.45395976541,7.8915864446)
  );
#4384 = CARTESIAN_POINT('',(33.474058551909,25.559009125561,
    8.138204655545));
#4385 = CARTESIAN_POINT('',(33.297763606427,25.671250333838,
    8.368641636027));
#4386 = CARTESIAN_POINT('',(33.101924282261,25.788117396858,
    8.581810388113));
#4387 = CARTESIAN_POINT('',(32.888243426041,25.906797409243,
    8.77671972772));
#4388 = CARTESIAN_POINT('',(32.659181581822,26.024449336293,
    8.952124221202));
#4389 = CARTESIAN_POINT('',(32.187276616349,26.247145210659,
    9.257614210022));
#4390 = CARTESIAN_POINT('',(31.946235720797,26.352444728251,
    9.389518634072));
#4391 = CARTESIAN_POINT('',(31.694568625272,26.453167595725,
    9.505304585803));
#4392 = CARTESIAN_POINT('',(31.433571643061,26.547969481038,
    9.606260892348));
#4393 = CARTESIAN_POINT('',(31.164887635683,26.635488511473,
    9.693258609545));
#4394 = CARTESIAN_POINT('',(30.889947656677,26.714683362775,
    9.767232198334));
#4395 = CARTESIAN_POINT('',(30.609849210197,26.784926540936,
    9.829396334646));
#4396 = CARTESIAN_POINT('',(30.325587669609,26.845805681523,
    9.880950642329));
#4397 = CARTESIAN_POINT('',(30.038130101562,26.896946428797,
    9.922775134796));
#4398 = CARTESIAN_POINT('',(29.748194523783,26.938041766054,
    9.955473027171));
#4399 = CARTESIAN_POINT('',(29.456147403498,26.968967478918,
    9.979610561424));
#4400 = CARTESIAN_POINT('',(29.162533994651,26.989695672956,
    9.995671677825));
#4401 = CARTESIAN_POINT('',(28.86878483679,27.000000872458,
    10.003624494043));
#4402 = CARTESIAN_POINT('',(28.281064479338,26.999999127169,
    10.003620857066));
#4403 = CARTESIAN_POINT('',(27.987255629654,26.989678349124,
    9.995655075954));
#4404 = CARTESIAN_POINT('',(27.693779827703,26.968988178073,
    9.979643815415));
#4405 = CARTESIAN_POINT('',(27.401492809256,26.93799678743,
    9.955427676778));
#4406 = CARTESIAN_POINT('',(27.111246046195,26.896841042069,
    9.922685570146));
#4407 = CARTESIAN_POINT('',(26.823728825842,26.845703509812,
    9.880893976021));
#4408 = CARTESIAN_POINT('',(26.539559421176,26.784819225323,
    9.829320361418));
#4409 = CARTESIAN_POINT('',(26.259457739833,26.714511061013,
    9.767044076525));
#4410 = CARTESIAN_POINT('',(25.984384030034,26.635247562097,
    9.693000272389));
#4411 = CARTESIAN_POINT('',(25.715580515438,26.547712206194,
    9.606044629942));
#4412 = CARTESIAN_POINT('',(25.454505013787,26.452868044061,
    9.505038902874));
#4413 = CARTESIAN_POINT('',(25.202697879208,26.351996771846,
    9.388959523376));
#4414 = CARTESIAN_POINT('',(24.961675812144,26.246686302586,
    9.257033739398));
#4415 = CARTESIAN_POINT('',(24.489951751927,26.02400250644,
    8.951478776087));
#4416 = CARTESIAN_POINT('',(24.260886161179,25.906310712289,
    8.775624274675));
#4417 = CARTESIAN_POINT('',(24.047228133508,25.787683655103,
    8.58253209464));
#4418 = CARTESIAN_POINT('',(23.85238204898,25.670886473457,
    8.361421306981));
#4419 = CARTESIAN_POINT('',(23.677208714194,25.561134883938,
    8.161702939455));
#4420 = CARTESIAN_POINT('',(23.510807150677,25.4453837207,7.834960015554
    ));
#4421 = CARTESIAN_POINT('',(23.404183096621,25.374518103322,
    7.716319482134));
#4422 = CARTESIAN_POINT('',(23.246534954057,25.255761737057,
    7.273605355516));
#4423 = CARTESIAN_POINT('',(23.191853402576,25.21515196736,
    7.129342583013));
#4424 = CARTESIAN_POINT('',(23.093576390869,25.139402683515,
    6.767386753015));
#4425 = CARTESIAN_POINT('',(23.046755930463,25.102296122655,
    6.500609993448));
#4426 = CARTESIAN_POINT('',(23.007462209058,25.071298261724,
    6.197066306324));
#4427 = CARTESIAN_POINT('',(22.989186080012,25.056818181821,
    5.898737677072));
#4428 = CARTESIAN_POINT('',(22.989186080009,25.056818181818,
    5.548912632631));
#4429 = CARTESIAN_POINT('',(22.989186080009,25.056818181817,
    5.495598129076));
#4430 = CARTESIAN_POINT('',(22.989186080008,25.056818181817,
    5.440056489334));
#4431 = CARTESIAN_POINT('',(22.989186080008,25.056818181816,
    5.382287713406));
#4432 = CARTESIAN_POINT('',(22.989186080007,25.056818181815,
    5.322291801291));
#4433 = CARTESIAN_POINT('',(22.989186080007,25.056818181815,
    5.260068752989));
#4434 = CARTESIAN_POINT('',(22.989186080006,25.056818181814,
    5.195618568501));
#4435 = CARTESIAN_POINT('',(22.989186080006,25.056818181813,
    5.128941247826));
#4436 = CARTESIAN_POINT('',(22.989186080005,25.056818181813,
    5.060036790964));
#4437 = CARTESIAN_POINT('',(22.989186080004,25.056818181812,
    4.988905197916));
#4438 = CARTESIAN_POINT('',(22.989186080004,25.056818181811,
    4.915546468681));
#4439 = CARTESIAN_POINT('',(22.989186080003,25.05681818181,
    4.839960603259));
#4440 = CARTESIAN_POINT('',(22.989186080003,25.05681818181,
    4.762147601651));
#4441 = CARTESIAN_POINT('',(22.989186080002,25.056818181809,
    4.682107463856));
#4442 = ORIENTED_EDGE('',*,*,#1004,.F.);
#4443 = ORIENTED_EDGE('',*,*,#3071,.F.);
#4444 = ( BOUNDED_SURFACE() B_SPLINE_SURFACE(2,14,(
    (#4445,#4446,#4447,#4448,#4449,#4450,#4451,#4452,#4453,#4454,#4455
      ,#4456,#4457,#4458,#4459,#4460,#4461,#4462,#4463,#4464,#4465,#4466
      ,#4467,#4468,#4469,#4470,#4471,#4472,#4473,#4474,#4475,#4476,#4477
      ,#4478,#4479,#4480,#4481,#4482,#4483,#4484,#4485,#4486,#4487,#4488
      ,#4489,#4490,#4491,#4492,#4493,#4494,#4495,#4496,#4497,#4498,#4499
      ,#4500,#4501,#4502,#4503,#4504,#4505,#4506,#4507,#4508,#4509,#4510
      ,#4511,#4512,#4513,#4514,#4515,#4516,#4517,#4518,#4519,#4520,#4521
      ,#4522,#4523,#4524)
    ,(#4525,#4526,#4527,#4528,#4529,#4530,#4531,#4532,#4533,#4534,#4535
      ,#4536,#4537,#4538,#4539,#4540,#4541,#4542,#4543,#4544,#4545,#4546
      ,#4547,#4548,#4549,#4550,#4551,#4552,#4553,#4554,#4555,#4556,#4557
      ,#4558,#4559,#4560,#4561,#4562,#4563,#4564,#4565,#4566,#4567,#4568
      ,#4569,#4570,#4571,#4572,#4573,#4574,#4575,#4576,#4577,#4578,#4579
      ,#4580,#4581,#4582,#4583,#4584,#4585,#4586,#4587,#4588,#4589,#4590
      ,#4591,#4592,#4593,#4594,#4595,#4596,#4597,#4598,#4599,#4600,#4601
      ,#4602,#4603,#4604)
    ,(#4605,#4606,#4607,#4608,#4609,#4610,#4611,#4612,#4613,#4614,#4615
      ,#4616,#4617,#4618,#4619,#4620,#4621,#4622,#4623,#4624,#4625,#4626
      ,#4627,#4628,#4629,#4630,#4631,#4632,#4633,#4634,#4635,#4636,#4637
      ,#4638,#4639,#4640,#4641,#4642,#4643,#4644,#4645,#4646,#4647,#4648
      ,#4649,#4650,#4651,#4652,#4653,#4654,#4655,#4656,#4657,#4658,#4659
      ,#4660,#4661,#4662,#4663,#4664,#4665,#4666,#4667,#4668,#4669,#4670
      ,#4671,#4672,#4673,#4674,#4675,#4676,#4677,#4678,#4679,#4680,#4681
      ,#4682,#4683,#4684
)),.UNSPECIFIED.,.F.,.F.,.F.) B_SPLINE_SURFACE_WITH_KNOTS((3,3),(15,13,
    13,13,13,13,15),(0.,19.183021819211),(-0.845096806272,
    -3.176506642964E-15,4.94333366861,9.591482091089,14.241168726652,
    19.183021819211,20.028132040644),.UNSPECIFIED.) 
GEOMETRIC_REPRESENTATION_ITEM() RATIONAL_B_SPLINE_SURFACE((
    (1.,1.,1.,1.,1.,1.,1.,1.,1.,1.,1.,1.,1.,1.,1.,1.,1.,1.,1.,1.,1.,1.
      ,1.,1.,1.,1.,1.,1.,1.,1.,1.,1.,1.,1.,1.,1.,1.,1.,1.,1.,1.,1.,1.,1.
      ,1.,1.,1.,1.,1.,1.,1.,1.,1.,1.,1.,1.,1.,1.,1.,1.,1.,1.,1.,1.,1.,1.
      ,1.,1.,1.,1.,1.,1.,1.,1.,1.,1.,1.,1.,1.,1.)
    ,(0.944481579781,0.944481579781,0.944481579781,0.944481579781
      ,0.944481579781,0.944481579781,0.944481579781,0.944481579781
      ,0.944481579781,0.944481579781,0.944481579781,0.944481579781
      ,0.944481579781,0.944481579781,0.94448157978,0.944320571087
      ,0.943992700313,0.943488268474,0.942786480123,0.941848896014
      ,0.940621001626,0.939041849216,0.937057406569,0.934632070426
      ,0.931754753454,0.928441055212,0.924741257019,0.917046080862
      ,0.913073362952,0.908916392734,0.904686012351,0.900504313116
      ,0.896477198085,0.892701891052,0.889281367234,0.886318891559
      ,0.88389297136,0.882040636422,0.880779647291,0.880152577549
      ,0.880152045,0.880783148595,0.88203605856,0.883895921567
      ,0.886331469426,0.889291069287,0.892703182741,0.896479194733
      ,0.900517302924,0.904706884423,0.908933487358,0.913085320689
      ,0.917062845942,0.924759193926,0.928447076024,0.931745324689
      ,0.934703780946,0.937005420145,0.938926181606,0.94097203651
      ,0.941437807419,0.943074138004,0.943363645225,0.944028272328
      ,0.944314167495,0.944481579781,0.944481579781,0.944481579781
      ,0.944481579781,0.944481579781,0.944481579781,0.944481579781
      ,0.944481579781,0.944481579781,0.944481579781,0.944481579781
      ,0.944481579781,0.944481579781,0.944481579781,0.944481579781)
    ,(1.,1.,1.,1.,1.,1.,1.,1.,1.,1.,1.,1.,1.,1.,1.,1.,1.,1.,1.,1.,1.,1.
      ,1.,1.,1.,1.,1.,1.,1.,1.,1.,1.,1.,1.,1.,1.,1.,1.,1.,1.,1.,1.,1.,1.
      ,1.,1.,1.,1.,1.,1.,1.,1.,1.,1.,1.,1.,1.,1.,1.,1.,1.,1.,1.,1.,1.,1.
,1.,1.,1.,1.,1.,1.,1.,1.,1.,1.,1.,1.,1.,1.
))) REPRESENTATION_ITEM('') SURFACE() );
#4445 = CARTESIAN_POINT('',(35.402105902213,24.625,4.682107463856));
#4446 = CARTESIAN_POINT('',(35.402105902214,24.625,4.747671216438));
#4447 = CARTESIAN_POINT('',(35.402105902214,24.625000000001,
    4.81323496902));
#4448 = CARTESIAN_POINT('',(35.402105902215,24.625000000001,
    4.878798721602));
#4449 = CARTESIAN_POINT('',(35.402105902215,24.625000000002,
    4.944362474183));
#4450 = CARTESIAN_POINT('',(35.402105902215,24.625000000002,
    5.009926226765));
#4451 = CARTESIAN_POINT('',(35.402105902215,24.625000000002,
    5.075489979347));
#4452 = CARTESIAN_POINT('',(35.402105902215,24.625000000002,
    5.141053731929));
#4453 = CARTESIAN_POINT('',(35.402105902215,24.625000000002,
    5.20661748451));
#4454 = CARTESIAN_POINT('',(35.402105902214,24.625000000002,
    5.272181237092));
#4455 = CARTESIAN_POINT('',(35.402105902214,24.625000000002,
    5.337744989674));
#4456 = CARTESIAN_POINT('',(35.402105902213,24.625000000001,
    5.403308742255));
#4457 = CARTESIAN_POINT('',(35.402105902213,24.625000000001,
    5.468872494837));
#4458 = CARTESIAN_POINT('',(35.402105902212,24.625000000001,
    5.534436247418));
#4459 = CARTESIAN_POINT('',(35.402105902205,24.624999999997,
    5.983510508112));
#4460 = CARTESIAN_POINT('',(35.381856888126,24.646720138344,
    6.367247029073));
#4461 = CARTESIAN_POINT('',(35.341027938552,24.690518363487,
    6.749905661251));
#4462 = CARTESIAN_POINT('',(35.279787783195,24.755818319458,
    7.128630602153));
#4463 = CARTESIAN_POINT('',(35.1977265145,24.84221342757,7.501883833441)
  );
#4464 = CARTESIAN_POINT('',(35.093959629014,24.949398564162,
    7.868685484507));
#4465 = CARTESIAN_POINT('',(34.967507649387,25.076750653713,
    8.227375948359));
#4466 = CARTESIAN_POINT('',(34.817551676056,25.222987054861,
    8.57523507116));
#4467 = CARTESIAN_POINT('',(34.643511438844,25.386043773915,
    8.909036313434));
#4468 = CARTESIAN_POINT('',(34.445078033643,25.563134446236,
    9.225914732462));
#4469 = CARTESIAN_POINT('',(34.222358211173,25.750875501688,
    9.523786907568));
#4470 = CARTESIAN_POINT('',(33.976151175727,25.945393160114,
    9.800978578184));
#4471 = CARTESIAN_POINT('',(33.708082041182,26.142463723328,
    10.055691740072));
#4472 = CARTESIAN_POINT('',(33.148846121317,26.521821578034,
    10.505422033105));
#4473 = CARTESIAN_POINT('',(32.859940024509,26.704351574359,
    10.703129525138));
#4474 = CARTESIAN_POINT('',(32.554692234586,26.882453862688,
    10.88041042833));
#4475 = CARTESIAN_POINT('',(32.233969540096,27.052905147922,
    11.037131695588));
#4476 = CARTESIAN_POINT('',(31.900516274164,27.212567424062,
    11.173770571152));
#4477 = CARTESIAN_POINT('',(31.556277148493,27.359093441757,
    11.291440144718));
#4478 = CARTESIAN_POINT('',(31.202080310164,27.490795497361,
    11.391469978772));
#4479 = CARTESIAN_POINT('',(30.839133017746,27.606144940387,
    11.475003168239));
#4480 = CARTESIAN_POINT('',(30.469730469369,27.703639373146,
    11.542930735152));
#4481 = CARTESIAN_POINT('',(30.096108591485,27.782194171802,
    11.596109731512));
#4482 = CARTESIAN_POINT('',(29.718969356783,27.841481545568,
    11.635486727114));
#4483 = CARTESIAN_POINT('',(29.338358927106,27.881451738766,
    11.661757754106));
#4484 = CARTESIAN_POINT('',(28.956769965112,27.901324030225,
    11.674823174459));
#4485 = CARTESIAN_POINT('',(28.193216045076,27.901331242001,
    11.674827915581));
#4486 = CARTESIAN_POINT('',(27.81129617036,27.881376022563,
    11.661701941366));
#4487 = CARTESIAN_POINT('',(27.43094799227,27.841578930286,
    11.635550063621));
#4488 = CARTESIAN_POINT('',(27.053210554359,27.782106322478,
    11.596069465074));
#4489 = CARTESIAN_POINT('',(26.679161150873,27.703330201696,
    11.542725943277));
#4490 = CARTESIAN_POINT('',(26.310106872811,27.605881913849,
    11.47479411438));
#4491 = CARTESIAN_POINT('',(25.947545723686,27.490668901846,
    11.391354056316));
#4492 = CARTESIAN_POINT('',(25.593062735938,27.358896818997,
    11.291307440496));
#4493 = CARTESIAN_POINT('',(25.248263194156,27.212115927776,
    11.173449109126));
#4494 = CARTESIAN_POINT('',(24.914781838123,27.052287436338,
    11.03660300305));
#4495 = CARTESIAN_POINT('',(24.594343588926,26.881842039546,
    10.879804250116));
#4496 = CARTESIAN_POINT('',(24.288788098727,26.703679648544,
    10.702482168575));
#4497 = CARTESIAN_POINT('',(23.999907114835,26.521035929182,
    10.50457185316));
#4498 = CARTESIAN_POINT('',(23.440823488979,26.141643372131,
    10.054632503925));
#4499 = CARTESIAN_POINT('',(23.172995686084,25.944730877817,
    9.799830523301));
#4500 = CARTESIAN_POINT('',(22.927090034333,25.750596777186,
    9.524546319782));
#4501 = CARTESIAN_POINT('',(22.703434216284,25.561170376339,
    9.218058932405));
#4502 = CARTESIAN_POINT('',(22.509943932039,25.390000136962,
    8.927634268871));
#4503 = CARTESIAN_POINT('',(22.323039778254,25.214166473214,
    8.536669170201));
#4504 = CARTESIAN_POINT('',(22.198373763966,25.090314311044,
    8.28177487242));
#4505 = CARTESIAN_POINT('',(22.037951085435,24.934395998711,
    7.81526243289));
#4506 = CARTESIAN_POINT('',(21.964436010902,24.85204643708,
    7.533480543006));
#4507 = CARTESIAN_POINT('',(21.864853924163,24.751531533868,
    7.115560572058));
#4508 = CARTESIAN_POINT('',(21.810226165865,24.69146384663,
    6.752489572526));
#4509 = CARTESIAN_POINT('',(21.768009524751,24.646635490462,
    6.366764775741));
#4510 = CARTESIAN_POINT('',(21.747894097792,24.625000000003,
    5.983389557052));
#4511 = CARTESIAN_POINT('',(21.747894097789,24.625,5.534436247418));
#4512 = CARTESIAN_POINT('',(21.747894097788,24.624999999999,
    5.468872494837));
#4513 = CARTESIAN_POINT('',(21.747894097788,24.624999999999,
    5.403308742255));
#4514 = CARTESIAN_POINT('',(21.747894097787,24.624999999998,
    5.337744989673));
#4515 = CARTESIAN_POINT('',(21.747894097787,24.624999999998,
    5.272181237091));
#4516 = CARTESIAN_POINT('',(21.747894097786,24.624999999997,
    5.20661748451));
#4517 = CARTESIAN_POINT('',(21.747894097786,24.624999999997,
    5.141053731928));
#4518 = CARTESIAN_POINT('',(21.747894097785,24.624999999996,
    5.075489979346));
#4519 = CARTESIAN_POINT('',(21.747894097785,24.624999999996,
    5.009926226765));
#4520 = CARTESIAN_POINT('',(21.747894097784,24.624999999995,
    4.944362474183));
#4521 = CARTESIAN_POINT('',(21.747894097784,24.624999999995,
    4.878798721601));
#4522 = CARTESIAN_POINT('',(21.747894097783,24.624999999994,
    4.81323496902));
#4523 = CARTESIAN_POINT('',(21.747894097783,24.624999999994,
    4.747671216438));
#4524 = CARTESIAN_POINT('',(21.747894097782,24.624999999993,
    4.682107463856));
#4525 = CARTESIAN_POINT('',(34.706349886698,24.625000000001,
    4.682107463856));
#4526 = CARTESIAN_POINT('',(34.706349886698,24.625000000001,
    4.753818893679));
#4527 = CARTESIAN_POINT('',(34.706349886698,24.625000000001,
    4.824584527004));
#4528 = CARTESIAN_POINT('',(34.706349886698,24.625000000001,
    4.89440436383));
#4529 = CARTESIAN_POINT('',(34.706349886698,24.625000000001,
    4.963278404157));
#4530 = CARTESIAN_POINT('',(34.706349886698,24.625000000001,
    5.031206647985));
#4531 = CARTESIAN_POINT('',(34.706349886698,24.625,5.098189095315));
#4532 = CARTESIAN_POINT('',(34.706349886699,24.625,5.164225746146));
#4533 = CARTESIAN_POINT('',(34.706349886699,24.625,5.229316600478));
#4534 = CARTESIAN_POINT('',(34.706349886699,24.625,5.293461658312));
#4535 = CARTESIAN_POINT('',(34.706349886699,24.625,5.356660919647));
#4536 = CARTESIAN_POINT('',(34.706349886699,24.625,5.418914384483));
#4537 = CARTESIAN_POINT('',(34.706349886699,24.625,5.480222052821));
#4538 = CARTESIAN_POINT('',(34.706349886699,24.625,5.54058392466));
#4539 = CARTESIAN_POINT('',(34.706349886699,24.625,5.947550107285));
#4540 = CARTESIAN_POINT('',(34.686975068483,24.642666304599,
    6.295495791944));
#4541 = CARTESIAN_POINT('',(34.647924869715,24.678260734838,
    6.642248688221));
#4542 = CARTESIAN_POINT('',(34.589328093578,24.731249779482,
    6.985140747544));
#4543 = CARTESIAN_POINT('',(34.510782984699,24.801159489556,
    7.322710498046));
#4544 = CARTESIAN_POINT('',(34.411477980553,24.887458266264,
    7.653882368942));
#4545 = CARTESIAN_POINT('',(34.290564524786,24.98920423184,7.97689682287
    ));
#4546 = CARTESIAN_POINT('',(34.147424731227,25.104814508814,
    8.289110017409));
#4547 = CARTESIAN_POINT('',(33.981790571154,25.232046631388,
    8.587618389254));
#4548 = CARTESIAN_POINT('',(33.793827115478,25.368127943005,
    8.870059559711));
#4549 = CARTESIAN_POINT('',(33.584291993735,25.509924380098,
    9.134881132532));
#4550 = CARTESIAN_POINT('',(33.354730719664,25.654099999642,
    9.380845271619));
#4551 = CARTESIAN_POINT('',(33.107367689311,25.797378202824,
    9.606560670199));
#4552 = CARTESIAN_POINT('',(32.594105581628,26.06992081682,
    10.007648057402));
#4553 = CARTESIAN_POINT('',(32.329585085353,26.199643924773,
    10.18515777726));
#4554 = CARTESIAN_POINT('',(32.052069483118,26.324107672537,
    10.344780536058));
#4555 = CARTESIAN_POINT('',(31.763198941262,26.441303335781,
    10.486757908364));
#4556 = CARTESIAN_POINT('',(31.465219831565,26.549468474947,
    10.611527567829));
#4557 = CARTESIAN_POINT('',(31.159850312081,26.647357184702,
    10.719888992411));
#4558 = CARTESIAN_POINT('',(30.848184325121,26.734194988742,
    10.812830968342));
#4559 = CARTESIAN_POINT('',(30.531327657544,26.809428797683,
    10.891197915449));
#4560 = CARTESIAN_POINT('',(30.210656310337,26.872578110703,
    10.955562682518));
#4561 = CARTESIAN_POINT('',(29.887281002089,26.923306182569,
    11.006402928814));
#4562 = CARTESIAN_POINT('',(29.561482424078,26.961521204286,
    11.044286366709));
#4563 = CARTESIAN_POINT('',(29.233368491285,26.987197413436,
    11.069646564879));
#4564 = CARTESIAN_POINT('',(28.904469137171,26.9999995883,
    11.082278994812));
#4565 = CARTESIAN_POINT('',(28.245453349214,27.00000041201,
    11.082281068801));
#4566 = CARTESIAN_POINT('',(27.916378232496,26.987168824183,
    11.069604611039));
#4567 = CARTESIAN_POINT('',(27.588424070669,26.961554323892,
    11.04433904681));
#4568 = CARTESIAN_POINT('',(27.262248459903,26.923255295271,
    11.006355638711));
#4569 = CARTESIAN_POINT('',(26.938519472765,26.872426882618,
    10.955386947637));
#4570 = CARTESIAN_POINT('',(26.617938961802,26.809275128491,
    10.89102763568));
#4571 = CARTESIAN_POINT('',(26.301298155167,26.734068769328,
    10.812714308369));
#4572 = CARTESIAN_POINT('',(25.989551259012,26.64718505479,
    10.71972463762));
#4573 = CARTESIAN_POINT('',(25.683886181813,26.549190786774,
    10.611218501371));
#4574 = CARTESIAN_POINT('',(25.385767983835,26.440945072696,
    10.486326544144));
#4575 = CARTESIAN_POINT('',(25.096929843719,26.323696776527,
    10.34427547105));
#4576 = CARTESIAN_POINT('',(24.819287496097,26.199137624092,
    10.184525332471));
#4577 = CARTESIAN_POINT('',(24.554755357823,26.069361154968,
    10.006882406309));
#4578 = CARTESIAN_POINT('',(24.04164724355,25.796809724667,
    9.605655262181));
#4579 = CARTESIAN_POINT('',(23.794421277712,25.653553416269,
    9.379709627312));
#4580 = CARTESIAN_POINT('',(23.56499060282,25.509499443259,9.13556845671
    ));
#4581 = CARTESIAN_POINT('',(23.355555397349,25.367328145676,
    8.862547488451));
#4582 = CARTESIAN_POINT('',(23.170116125885,25.234569012682,
    8.608205580867));
#4583 = CARTESIAN_POINT('',(22.994483755066,25.096273743141,
    8.242603971166));
#4584 = CARTESIAN_POINT('',(22.875314976998,25.004707996504,
    8.045498941639));
#4585 = CARTESIAN_POINT('',(22.719445313506,24.869695275862,
    7.585843998419));
#4586 = CARTESIAN_POINT('',(22.652352148631,24.813102891426,
    7.364061481114));
#4587 = CARTESIAN_POINT('',(22.554821573021,24.726015356747,
    6.967927869814));
#4588 = CARTESIAN_POINT('',(22.503492508585,24.679516234123,
    6.646023683085));
#4589 = CARTESIAN_POINT('',(22.462856178536,24.642514914441,
    6.294797956691));
#4590 = CARTESIAN_POINT('',(22.443650113302,24.625,5.947440500253));
#4591 = CARTESIAN_POINT('',(22.443650113301,24.625,5.540583924167));
#4592 = CARTESIAN_POINT('',(22.443650113301,24.625,5.480222051911));
#4593 = CARTESIAN_POINT('',(22.443650113301,24.625,5.418914383232));
#4594 = CARTESIAN_POINT('',(22.443650113301,24.625,5.35666091813));
#4595 = CARTESIAN_POINT('',(22.4436501133,24.625,5.293461656605));
#4596 = CARTESIAN_POINT('',(22.4436501133,24.625,5.229316598658));
#4597 = CARTESIAN_POINT('',(22.4436501133,24.625,5.164225744288));
#4598 = CARTESIAN_POINT('',(22.4436501133,24.625,5.098189093494));
#4599 = CARTESIAN_POINT('',(22.4436501133,24.625,5.031206646279));
#4600 = CARTESIAN_POINT('',(22.4436501133,24.625,4.96327840264));
#4601 = CARTESIAN_POINT('',(22.443650113299,24.625,4.894404362578));
#4602 = CARTESIAN_POINT('',(22.443650113299,24.625,4.824584526094));
#4603 = CARTESIAN_POINT('',(22.443650113299,24.625,4.753818893186));
#4604 = CARTESIAN_POINT('',(22.443650113299,24.625,4.682107463856));
#4605 = CARTESIAN_POINT('',(34.160813919995,25.056818181818,
    4.682107463856));
#4606 = CARTESIAN_POINT('',(34.160813919995,25.056818181818,
    4.762147602339));
#4607 = CARTESIAN_POINT('',(34.160813919995,25.056818181819,
    4.839960604529));
#4608 = CARTESIAN_POINT('',(34.160813919996,25.056818181819,
    4.915546470427));
#4609 = CARTESIAN_POINT('',(34.160813919996,25.05681818182,
    4.988905200032));
#4610 = CARTESIAN_POINT('',(34.160813919996,25.05681818182,
    5.060036793345));
#4611 = CARTESIAN_POINT('',(34.160813919996,25.05681818182,
    5.128941250365));
#4612 = CARTESIAN_POINT('',(34.160813919995,25.05681818182,
    5.195618571093));
#4613 = CARTESIAN_POINT('',(34.160813919995,25.05681818182,
    5.260068755528));
#4614 = CARTESIAN_POINT('',(34.160813919995,25.05681818182,
    5.322291803671));
#4615 = CARTESIAN_POINT('',(34.160813919994,25.05681818182,
    5.382287715522));
#4616 = CARTESIAN_POINT('',(34.160813919993,25.05681818182,5.44005649108
    ));
#4617 = CARTESIAN_POINT('',(34.160813919992,25.056818181819,
    5.495598130346));
#4618 = CARTESIAN_POINT('',(34.160813919992,25.056818181819,
    5.548912633319));
#4619 = CARTESIAN_POINT('',(34.160813919985,25.056818181815,
    5.898831918284));
#4620 = CARTESIAN_POINT('',(34.142310086258,25.071468475888,6.1979823233
    ));
#4621 = CARTESIAN_POINT('',(34.105034648372,25.100963884671,
    6.495576421058));
#4622 = CARTESIAN_POINT('',(34.049198130217,25.144836302322,
    6.789084398309));
#4623 = CARTESIAN_POINT('',(33.974425673203,25.202716856752,
    7.077075629137));
#4624 = CARTESIAN_POINT('',(33.880000341121,25.274173574286,
    7.35828942936));
#4625 = CARTESIAN_POINT('',(33.76529890832,25.358381884823,7.63070954298
    ));
#4626 = CARTESIAN_POINT('',(33.629995801305,25.45395976541,7.8915864446)
  );
#4627 = CARTESIAN_POINT('',(33.474058551909,25.559009125561,
    8.138204655545));
#4628 = CARTESIAN_POINT('',(33.297763606427,25.671250333838,
    8.368641636027));
#4629 = CARTESIAN_POINT('',(33.101924282261,25.788117396858,
    8.581810388113));
#4630 = CARTESIAN_POINT('',(32.888243426041,25.906797409243,
    8.77671972772));
#4631 = CARTESIAN_POINT('',(32.659181581822,26.024449336293,
    8.952124221202));
#4632 = CARTESIAN_POINT('',(32.187276616349,26.247145210659,
    9.257614210022));
#4633 = CARTESIAN_POINT('',(31.946235720797,26.352444728251,
    9.389518634072));
#4634 = CARTESIAN_POINT('',(31.694568625272,26.453167595725,
    9.505304585803));
#4635 = CARTESIAN_POINT('',(31.433571643061,26.547969481038,
    9.606260892348));
#4636 = CARTESIAN_POINT('',(31.164887635683,26.635488511473,
    9.693258609545));
#4637 = CARTESIAN_POINT('',(30.889947656677,26.714683362775,
    9.767232198334));
#4638 = CARTESIAN_POINT('',(30.609849210197,26.784926540936,
    9.829396334646));
#4639 = CARTESIAN_POINT('',(30.325587669609,26.845805681523,
    9.880950642329));
#4640 = CARTESIAN_POINT('',(30.038130101562,26.896946428797,
    9.922775134796));
#4641 = CARTESIAN_POINT('',(29.748194523783,26.938041766054,
    9.955473027171));
#4642 = CARTESIAN_POINT('',(29.456147403498,26.968967478918,
    9.979610561424));
#4643 = CARTESIAN_POINT('',(29.162533994651,26.989695672956,
    9.995671677825));
#4644 = CARTESIAN_POINT('',(28.86878483679,27.000000872458,
    10.003624494043));
#4645 = CARTESIAN_POINT('',(28.281064479338,26.999999127169,
    10.003620857066));
#4646 = CARTESIAN_POINT('',(27.987255629654,26.989678349124,
    9.995655075954));
#4647 = CARTESIAN_POINT('',(27.693779827703,26.968988178073,
    9.979643815415));
#4648 = CARTESIAN_POINT('',(27.401492809256,26.93799678743,
    9.955427676778));
#4649 = CARTESIAN_POINT('',(27.111246046195,26.896841042069,
    9.922685570146));
#4650 = CARTESIAN_POINT('',(26.823728825842,26.845703509812,
    9.880893976021));
#4651 = CARTESIAN_POINT('',(26.539559421176,26.784819225323,
    9.829320361418));
#4652 = CARTESIAN_POINT('',(26.259457739833,26.714511061013,
    9.767044076525));
#4653 = CARTESIAN_POINT('',(25.984384030034,26.635247562097,
    9.693000272389));
#4654 = CARTESIAN_POINT('',(25.715580515438,26.547712206194,
    9.606044629942));
#4655 = CARTESIAN_POINT('',(25.454505013787,26.452868044061,
    9.505038902874));
#4656 = CARTESIAN_POINT('',(25.202697879208,26.351996771846,
    9.388959523376));
#4657 = CARTESIAN_POINT('',(24.961675812144,26.246686302586,
    9.257033739398));
#4658 = CARTESIAN_POINT('',(24.489951751927,26.02400250644,
    8.951478776087));
#4659 = CARTESIAN_POINT('',(24.260886161179,25.906310712289,
    8.775624274675));
#4660 = CARTESIAN_POINT('',(24.047228133508,25.787683655103,
    8.58253209464));
#4661 = CARTESIAN_POINT('',(23.85238204898,25.670886473457,
    8.361421306981));
#4662 = CARTESIAN_POINT('',(23.677208714194,25.561134883938,
    8.161702939455));
#4663 = CARTESIAN_POINT('',(23.510807150677,25.4453837207,7.834960015554
    ));
#4664 = CARTESIAN_POINT('',(23.404183096621,25.374518103322,
    7.716319482134));
#4665 = CARTESIAN_POINT('',(23.246534954057,25.255761737057,
    7.273605355516));
#4666 = CARTESIAN_POINT('',(23.191853402576,25.21515196736,
    7.129342583013));
#4667 = CARTESIAN_POINT('',(23.093576390869,25.139402683515,
    6.767386753015));
#4668 = CARTESIAN_POINT('',(23.046755930463,25.102296122655,
    6.500609993448));
#4669 = CARTESIAN_POINT('',(23.007462209058,25.071298261724,
    6.197066306324));
#4670 = CARTESIAN_POINT('',(22.989186080012,25.056818181821,
    5.898737677072));
#4671 = CARTESIAN_POINT('',(22.989186080009,25.056818181818,
    5.548912632631));
#4672 = CARTESIAN_POINT('',(22.989186080009,25.056818181817,
    5.495598129076));
#4673 = CARTESIAN_POINT('',(22.989186080008,25.056818181817,
    5.440056489334));
#4674 = CARTESIAN_POINT('',(22.989186080008,25.056818181816,
    5.382287713406));
#4675 = CARTESIAN_POINT('',(22.989186080007,25.056818181815,
    5.322291801291));
#4676 = CARTESIAN_POINT('',(22.989186080007,25.056818181815,
    5.260068752989));
#4677 = CARTESIAN_POINT('',(22.989186080006,25.056818181814,
    5.195618568501));
#4678 = CARTESIAN_POINT('',(22.989186080006,25.056818181813,
    5.128941247826));
#4679 = CARTESIAN_POINT('',(22.989186080005,25.056818181813,
    5.060036790964));
#4680 = CARTESIAN_POINT('',(22.989186080004,25.056818181812,
    4.988905197916));
#4681 = CARTESIAN_POINT('',(22.989186080004,25.056818181811,
    4.915546468681));
#4682 = CARTESIAN_POINT('',(22.989186080003,25.05681818181,
    4.839960603259));
#4683 = CARTESIAN_POINT('',(22.989186080003,25.05681818181,
    4.762147601651));
#4684 = CARTESIAN_POINT('',(22.989186080002,25.056818181809,
    4.682107463856));
#4685 = ADVANCED_FACE('',(#4686),#4690,.F.);
#4686 = FACE_BOUND('',#4687,.T.);
#4687 = EDGE_LOOP('',(#4688,#4689));
#4688 = ORIENTED_EDGE('',*,*,#1046,.F.);
#4689 = ORIENTED_EDGE('',*,*,#4030,.T.);
#4690 = CYLINDRICAL_SURFACE('',#4691,9.);
#4691 = AXIS2_PLACEMENT_3D('',#4692,#4693,#4694);
#4692 = CARTESIAN_POINT('',(9.525,18.,5.6));
#4693 = DIRECTION('',(-0.,-0.,-1.));
#4694 = DIRECTION('',(1.,0.,0.));
#4695 = ADVANCED_FACE('',(#4696),#4700,.F.);
#4696 = FACE_BOUND('',#4697,.T.);
#4697 = EDGE_LOOP('',(#4698,#4699));
#4698 = ORIENTED_EDGE('',*,*,#995,.F.);
#4699 = ORIENTED_EDGE('',*,*,#4360,.T.);
#4700 = CYLINDRICAL_SURFACE('',#4701,9.);
#4701 = AXIS2_PLACEMENT_3D('',#4702,#4703,#4704);
#4702 = CARTESIAN_POINT('',(28.575,18.,5.6));
#4703 = DIRECTION('',(-0.,-0.,-1.));
#4704 = DIRECTION('',(1.,0.,0.));
#4705 = ADVANCED_FACE('',(#4706),#4732,.T.);
#4706 = FACE_BOUND('',#4707,.T.);
#4707 = EDGE_LOOP('',(#4708,#4716,#4724,#4730,#4731));
#4708 = ORIENTED_EDGE('',*,*,#4709,.T.);
#4709 = EDGE_CURVE('',#1547,#4710,#4712,.T.);
#4710 = VERTEX_POINT('',#4711);
#4711 = CARTESIAN_POINT('',(34.175,47.,8.6));
#4712 = LINE('',#4713,#4714);
#4713 = CARTESIAN_POINT('',(34.175,47.,5.6));
#4714 = VECTOR('',#4715,1.);
#4715 = DIRECTION('',(0.,0.,1.));
#4716 = ORIENTED_EDGE('',*,*,#4717,.T.);
#4717 = EDGE_CURVE('',#4710,#4718,#4720,.T.);
#4718 = VERTEX_POINT('',#4719);
#4719 = CARTESIAN_POINT('',(34.175,49.500869000375,8.6));
#4720 = LINE('',#4721,#4722);
#4721 = CARTESIAN_POINT('',(34.175,47.,8.6));
#4722 = VECTOR('',#4723,1.);
#4723 = DIRECTION('',(0.,1.,0.));
#4724 = ORIENTED_EDGE('',*,*,#4725,.T.);
#4725 = EDGE_CURVE('',#4718,#2456,#4726,.T.);
#4726 = LINE('',#4727,#4728);
#4727 = CARTESIAN_POINT('',(34.175,47.,8.6));
#4728 = VECTOR('',#4729,1.);
#4729 = DIRECTION('',(0.,1.,0.));
#4730 = ORIENTED_EDGE('',*,*,#2455,.F.);
#4731 = ORIENTED_EDGE('',*,*,#1555,.F.);
#4732 = PLANE('',#4733);
#4733 = AXIS2_PLACEMENT_3D('',#4734,#4735,#4736);
#4734 = CARTESIAN_POINT('',(34.175,47.,5.6));
#4735 = DIRECTION('',(-1.,0.,0.));
#4736 = DIRECTION('',(0.,1.,0.));
#4737 = ADVANCED_FACE('',(#4738),#4766,.T.);
#4738 = FACE_BOUND('',#4739,.T.);
#4739 = EDGE_LOOP('',(#4740,#4748,#4757,#4764,#4765));
#4740 = ORIENTED_EDGE('',*,*,#4741,.T.);
#4741 = EDGE_CURVE('',#1539,#4742,#4744,.T.);
#4742 = VERTEX_POINT('',#4743);
#4743 = CARTESIAN_POINT('',(34.975,46.2,8.6));
#4744 = LINE('',#4745,#4746);
#4745 = CARTESIAN_POINT('',(34.975,46.2,5.6));
#4746 = VECTOR('',#4747,1.);
#4747 = DIRECTION('',(0.,0.,1.));
#4748 = ORIENTED_EDGE('',*,*,#4749,.T.);
#4749 = EDGE_CURVE('',#4742,#4750,#4752,.T.);
#4750 = VERTEX_POINT('',#4751);
#4751 = CARTESIAN_POINT('',(34.208093855546,46.772283145993,8.6));
#4752 = CIRCLE('',#4753,0.8);
#4753 = AXIS2_PLACEMENT_3D('',#4754,#4755,#4756);
#4754 = CARTESIAN_POINT('',(34.975,47.,8.6));
#4755 = DIRECTION('',(0.,0.,-1.));
#4756 = DIRECTION('',(1.,0.,0.));
#4757 = ORIENTED_EDGE('',*,*,#4758,.T.);
#4758 = EDGE_CURVE('',#4750,#4710,#4759,.T.);
#4759 = CIRCLE('',#4760,0.8);
#4760 = AXIS2_PLACEMENT_3D('',#4761,#4762,#4763);
#4761 = CARTESIAN_POINT('',(34.975,47.,8.6));
#4762 = DIRECTION('',(0.,0.,-1.));
#4763 = DIRECTION('',(1.,0.,0.));
#4764 = ORIENTED_EDGE('',*,*,#4709,.F.);
#4765 = ORIENTED_EDGE('',*,*,#1546,.F.);
#4766 = CYLINDRICAL_SURFACE('',#4767,0.8);
#4767 = AXIS2_PLACEMENT_3D('',#4768,#4769,#4770);
#4768 = CARTESIAN_POINT('',(34.975,47.,5.6));
#4769 = DIRECTION('',(0.,0.,-1.));
#4770 = DIRECTION('',(1.,0.,0.));
#4771 = ADVANCED_FACE('',(#4772),#4790,.T.);
#4772 = FACE_BOUND('',#4773,.T.);
#4773 = EDGE_LOOP('',(#4774,#4782,#4788,#4789));
#4774 = ORIENTED_EDGE('',*,*,#4775,.T.);
#4775 = EDGE_CURVE('',#1531,#4776,#4778,.T.);
#4776 = VERTEX_POINT('',#4777);
#4777 = CARTESIAN_POINT('',(38.198280458907,46.2,8.6));
#4778 = LINE('',#4779,#4780);
#4779 = CARTESIAN_POINT('',(38.198280458907,46.2,5.6));
#4780 = VECTOR('',#4781,1.);
#4781 = DIRECTION('',(0.,0.,1.));
#4782 = ORIENTED_EDGE('',*,*,#4783,.T.);
#4783 = EDGE_CURVE('',#4776,#4742,#4784,.T.);
#4784 = LINE('',#4785,#4786);
#4785 = CARTESIAN_POINT('',(38.198280458907,46.2,8.6));
#4786 = VECTOR('',#4787,1.);
#4787 = DIRECTION('',(-1.,0.,0.));
#4788 = ORIENTED_EDGE('',*,*,#4741,.F.);
#4789 = ORIENTED_EDGE('',*,*,#1538,.F.);
#4790 = PLANE('',#4791);
#4791 = AXIS2_PLACEMENT_3D('',#4792,#4793,#4794);
#4792 = CARTESIAN_POINT('',(38.198280458907,46.2,5.6));
#4793 = DIRECTION('',(-0.,-1.,-0.));
#4794 = DIRECTION('',(-1.,0.,0.));
#4795 = ADVANCED_FACE('',(#4796),#4822,.T.);
#4796 = FACE_BOUND('',#4797,.T.);
#4797 = EDGE_LOOP('',(#4798,#4799,#4807,#4815,#4821));
#4798 = ORIENTED_EDGE('',*,*,#1530,.F.);
#4799 = ORIENTED_EDGE('',*,*,#4800,.F.);
#4800 = EDGE_CURVE('',#4801,#1522,#4803,.T.);
#4801 = VERTEX_POINT('',#4802);
#4802 = CARTESIAN_POINT('',(38.198280458907,48.268393636459,8.6));
#4803 = LINE('',#4804,#4805);
#4804 = CARTESIAN_POINT('',(38.198280458907,48.268393636459,5.6));
#4805 = VECTOR('',#4806,1.);
#4806 = DIRECTION('',(0.,0.,-1.));
#4807 = ORIENTED_EDGE('',*,*,#4808,.T.);
#4808 = EDGE_CURVE('',#4801,#4809,#4811,.T.);
#4809 = VERTEX_POINT('',#4810);
#4810 = CARTESIAN_POINT('',(38.198280458907,46.730676945622,8.6));
#4811 = LINE('',#4812,#4813);
#4812 = CARTESIAN_POINT('',(38.198280458907,50.080907696705,8.6));
#4813 = VECTOR('',#4814,1.);
#4814 = DIRECTION('',(0.,-1.,0.));
#4815 = ORIENTED_EDGE('',*,*,#4816,.T.);
#4816 = EDGE_CURVE('',#4809,#4776,#4817,.T.);
#4817 = LINE('',#4818,#4819);
#4818 = CARTESIAN_POINT('',(38.198280458907,50.080907696705,8.6));
#4819 = VECTOR('',#4820,1.);
#4820 = DIRECTION('',(0.,-1.,0.));
#4821 = ORIENTED_EDGE('',*,*,#4775,.F.);
#4822 = PLANE('',#4823);
#4823 = AXIS2_PLACEMENT_3D('',#4824,#4825,#4826);
#4824 = CARTESIAN_POINT('',(38.198280458907,50.080907696705,5.6));
#4825 = DIRECTION('',(1.,0.,0.));
#4826 = DIRECTION('',(0.,-1.,0.));
#4827 = ADVANCED_FACE('',(#4828),#4873,.F.);
#4828 = FACE_BOUND('',#4829,.F.);
#4829 = EDGE_LOOP('',(#4830,#4831,#4832,#4843,#4852,#4867));
#4830 = ORIENTED_EDGE('',*,*,#1521,.F.);
#4831 = ORIENTED_EDGE('',*,*,#4800,.F.);
#4832 = ORIENTED_EDGE('',*,*,#4833,.T.);
#4833 = EDGE_CURVE('',#4801,#4834,#4836,.T.);
#4834 = VERTEX_POINT('',#4835);
#4835 = CARTESIAN_POINT('',(38.219972187804,48.340661316643,9.));
#4836 = B_SPLINE_CURVE_WITH_KNOTS('',5,(#4837,#4838,#4839,#4840,#4841,
    #4842),.UNSPECIFIED.,.F.,.F.,(6,6),(0.,1.),
  .PIECEWISE_BEZIER_KNOTS.);
#4837 = CARTESIAN_POINT('',(38.198280458907,48.268393636459,8.6));
#4838 = CARTESIAN_POINT('',(38.20263636252,48.281718767021,
    8.680323770108));
#4839 = CARTESIAN_POINT('',(38.20698488296,48.295531172817,
    8.760511392977));
#4840 = CARTESIAN_POINT('',(38.211325559974,48.309898004532,
    8.840554381419));
#4841 = CARTESIAN_POINT('',(38.215657866575,48.324903296955,
    8.920443017707));
#4842 = CARTESIAN_POINT('',(38.219981502782,48.340695337996,
    9.000171770142));
#4843 = ORIENTED_EDGE('',*,*,#4844,.T.);
#4844 = EDGE_CURVE('',#4834,#4845,#4847,.T.);
#4845 = VERTEX_POINT('',#4846);
#4846 = CARTESIAN_POINT('',(38.219972187804,49.159338683357,9.));
#4847 = CIRCLE('',#4848,1.55);
#4848 = AXIS2_PLACEMENT_3D('',#4849,#4850,#4851);
#4849 = CARTESIAN_POINT('',(36.725,48.75,9.));
#4850 = DIRECTION('',(0.,0.,-1.));
#4851 = DIRECTION('',(1.,0.,0.));
#4852 = ORIENTED_EDGE('',*,*,#4853,.T.);
#4853 = EDGE_CURVE('',#4845,#4854,#4856,.T.);
#4854 = VERTEX_POINT('',#4855);
#4855 = CARTESIAN_POINT('',(38.198280458907,49.231606363541,8.6));
#4856 = B_SPLINE_CURVE_WITH_KNOTS('',5,(#4857,#4858,#4859,#4860,#4861,
    #4862,#4863,#4864,#4865,#4866),.UNSPECIFIED.,.F.,.F.,(6,4,6),(0.,
    2.456689107763E-02,1.),.UNSPECIFIED.);
#4857 = CARTESIAN_POINT('',(38.219981502782,49.159304662004,
    9.000171770142));
#4858 = CARTESIAN_POINT('',(38.21987656509,49.159687946002,
    8.998236697238));
#4859 = CARTESIAN_POINT('',(38.21977160435,49.16007083182,8.996301199322
    ));
#4860 = CARTESIAN_POINT('',(38.219666617642,49.160453332034,
    8.994365222558));
#4861 = CARTESIAN_POINT('',(38.219561604824,49.160835448972,
    8.992428764313));
#4862 = CARTESIAN_POINT('',(38.215286082366,49.176373668228,
    8.913587239436));
#4863 = CARTESIAN_POINT('',(38.211077072769,49.190919121488,
    8.835972225595));
#4864 = CARTESIAN_POINT('',(38.206836603592,49.204937748447,
    8.757777090538));
#4865 = CARTESIAN_POINT('',(38.202569841796,49.218484726308,
    8.679097114106));
#4866 = CARTESIAN_POINT('',(38.198280458907,49.231606363541,8.6));
#4867 = ORIENTED_EDGE('',*,*,#4868,.T.);
#4868 = EDGE_CURVE('',#4854,#1514,#4869,.T.);
#4869 = LINE('',#4870,#4871);
#4870 = CARTESIAN_POINT('',(38.198280458907,49.231606363541,5.6));
#4871 = VECTOR('',#4872,1.);
#4872 = DIRECTION('',(0.,0.,-1.));
#4873 = CYLINDRICAL_SURFACE('',#4874,1.55);
#4874 = AXIS2_PLACEMENT_3D('',#4875,#4876,#4877);
#4875 = CARTESIAN_POINT('',(36.725,48.75,5.6));
#4876 = DIRECTION('',(0.,0.,-1.));
#4877 = DIRECTION('',(1.,0.,0.));
#4878 = ADVANCED_FACE('',(#4879),#4899,.T.);
#4879 = FACE_BOUND('',#4880,.T.);
#4880 = EDGE_LOOP('',(#4881,#4882,#4892,#4898));
#4881 = ORIENTED_EDGE('',*,*,#1513,.F.);
#4882 = ORIENTED_EDGE('',*,*,#4883,.T.);
#4883 = EDGE_CURVE('',#1396,#4884,#4886,.T.);
#4884 = VERTEX_POINT('',#4885);
#4885 = CARTESIAN_POINT('',(38.198280458907,49.348681612799,8.6));
#4886 = B_SPLINE_CURVE_WITH_KNOTS('',4,(#4887,#4888,#4889,#4890,#4891),
  .UNSPECIFIED.,.F.,.F.,(5,5),(0.,1.),.PIECEWISE_BEZIER_KNOTS.);
#4887 = CARTESIAN_POINT('',(38.198280458907,49.348681612799,5.6));
#4888 = CARTESIAN_POINT('',(38.198280458907,49.348681612799,6.35));
#4889 = CARTESIAN_POINT('',(38.198280458907,49.348681612799,7.1));
#4890 = CARTESIAN_POINT('',(38.198280458907,49.348681612799,7.85));
#4891 = CARTESIAN_POINT('',(38.198280458907,49.348681612799,8.6));
#4892 = ORIENTED_EDGE('',*,*,#4893,.T.);
#4893 = EDGE_CURVE('',#4884,#4854,#4894,.T.);
#4894 = LINE('',#4895,#4896);
#4895 = CARTESIAN_POINT('',(38.198280458907,50.080907696705,8.6));
#4896 = VECTOR('',#4897,1.);
#4897 = DIRECTION('',(0.,-1.,0.));
#4898 = ORIENTED_EDGE('',*,*,#4868,.T.);
#4899 = PLANE('',#4900);
#4900 = AXIS2_PLACEMENT_3D('',#4901,#4902,#4903);
#4901 = CARTESIAN_POINT('',(38.198280458907,50.080907696705,5.6));
#4902 = DIRECTION('',(1.,0.,0.));
#4903 = DIRECTION('',(0.,-1.,0.));
#4904 = ADVANCED_FACE('',(#4905),#4951,.F.);
#4905 = FACE_BOUND('',#4906,.F.);
#4906 = EDGE_LOOP('',(#4907,#4948,#4949,#4950));
#4907 = ORIENTED_EDGE('',*,*,#4908,.T.);
#4908 = EDGE_CURVE('',#4884,#1625,#4909,.T.);
#4909 = B_SPLINE_CURVE_WITH_KNOTS('',7,(#4910,#4911,#4912,#4913,#4914,
    #4915,#4916,#4917,#4918,#4919,#4920,#4921,#4922,#4923,#4924,#4925,
    #4926,#4927,#4928,#4929,#4930,#4931,#4932,#4933,#4934,#4935,#4936,
    #4937,#4938,#4939,#4940,#4941,#4942,#4943,#4944,#4945,#4946,#4947),
  .UNSPECIFIED.,.F.,.F.,(8,6,6,6,6,6,8),(0.,0.324668234886,
    0.637006342479,0.780737535781,0.900972360889,0.971538325426,1.),
  .UNSPECIFIED.);
#4910 = CARTESIAN_POINT('',(38.198280458907,49.348681612799,8.6));
#4911 = CARTESIAN_POINT('',(38.203816793655,49.3359889948,8.702091166161
    ));
#4912 = CARTESIAN_POINT('',(38.209328553159,49.322890287176,
    8.803729159714));
#4913 = CARTESIAN_POINT('',(38.214812301302,49.309349969732,
    8.904850617922));
#4914 = CARTESIAN_POINT('',(38.220263041951,49.295326735651,
    9.005363411071));
#4915 = CARTESIAN_POINT('',(38.225674189506,49.280773291823,
    9.105146099314));
#4916 = CARTESIAN_POINT('',(38.231037435873,49.265630683236,
    9.204045479665));
#4917 = CARTESIAN_POINT('',(38.24144611762,49.234604160322,
    9.395983739574));
#4918 = CARTESIAN_POINT('',(38.246494422907,49.218774723102,
    9.489075540793));
#4919 = CARTESIAN_POINT('',(38.251479392238,49.202251881585,
    9.580999413801));
#4920 = CARTESIAN_POINT('',(38.256389017259,49.184949616606,
    9.671533922029));
#4921 = CARTESIAN_POINT('',(38.261206539976,49.166745109502,
    9.760370044587));
#4922 = CARTESIAN_POINT('',(38.265911593458,49.147495521817,
    9.847132211011));
#4923 = CARTESIAN_POINT('',(38.272576530559,49.1174084313,9.970035039693
    ));
#4924 = CARTESIAN_POINT('',(38.274646826255,49.107640986636,
    10.008211723637));
#4925 = CARTESIAN_POINT('',(38.276684310444,49.097558246133,
    10.045783356559));
#4926 = CARTESIAN_POINT('',(38.278685506086,49.087122112299,
    10.082685821127));
#4927 = CARTESIAN_POINT('',(38.280646222987,49.076287556782,
    10.118841849267));
#4928 = CARTESIAN_POINT('',(38.282561202854,49.064992629983,
    10.154154476972));
#4929 = CARTESIAN_POINT('',(38.285980962354,49.043219781907,
    10.2172155546));
#4930 = CARTESIAN_POINT('',(38.28750054757,49.03291723243,10.24523702257
    ));
#4931 = CARTESIAN_POINT('',(38.288978923248,49.022162191064,
    10.272498578067));
#4932 = CARTESIAN_POINT('',(38.290411082088,49.010881941969,
    10.298907885436));
#4933 = CARTESIAN_POINT('',(38.291788025891,48.998958095239,
    10.324299016031));
#4934 = CARTESIAN_POINT('',(38.293099204711,48.986265968333,
    10.348477426639));
#4935 = CARTESIAN_POINT('',(38.295039560762,48.964374756688,
    10.384257996463));
#4936 = CARTESIAN_POINT('',(38.295724797713,48.955920923359,
    10.396893908601));
#4937 = CARTESIAN_POINT('',(38.296375004576,48.947019786802,
    10.408883858605));
#4938 = CARTESIAN_POINT('',(38.296984622768,48.937587395919,
    10.420125345083));
#4939 = CARTESIAN_POINT('',(38.297540726183,48.927487463228,
    10.43038000791));
#4940 = CARTESIAN_POINT('',(38.29802924024,48.916607111449,
    10.439388308888));
#4941 = CARTESIAN_POINT('',(38.29856984142,48.899713948062,
    10.449357107275));
#4942 = CARTESIAN_POINT('',(38.298708124751,48.894678992947,
    10.451907080712));
#4943 = CARTESIAN_POINT('',(38.298827112861,48.889438488382,
    10.454101246249));
#4944 = CARTESIAN_POINT('',(38.29892361359,48.883969314014,
    10.455880739784));
#4945 = CARTESIAN_POINT('',(38.298993446214,48.878251111588,
    10.457168467921));
#4946 = CARTESIAN_POINT('',(38.299031441449,48.872266284939,
    10.457869107977));
#4947 = CARTESIAN_POINT('',(38.299031441449,48.866,10.457869107977));
#4948 = ORIENTED_EDGE('',*,*,#1631,.T.);
#4949 = ORIENTED_EDGE('',*,*,#1395,.F.);
#4950 = ORIENTED_EDGE('',*,*,#4883,.T.);
#4951 = SURFACE_OF_LINEAR_EXTRUSION('',#4952,#4957);
#4952 = CIRCLE('',#4953,1.224031441449);
#4953 = AXIS2_PLACEMENT_3D('',#4954,#4955,#4956);
#4954 = CARTESIAN_POINT('',(37.075,48.866,12.607089405269));
#4955 = DIRECTION('',(0.,-0.121869343357,0.992546151647));
#4956 = DIRECTION('',(1.,0.,0.));
#4957 = VECTOR('',#4958,1.);
#4958 = DIRECTION('',(0.,0.,1.));
#4959 = ADVANCED_FACE('',(#4960),#5021,.F.);
#4960 = FACE_BOUND('',#4961,.F.);
#4961 = EDGE_LOOP('',(#4962,#4963,#5012,#5020));
#4962 = ORIENTED_EDGE('',*,*,#1779,.F.);
#4963 = ORIENTED_EDGE('',*,*,#4964,.T.);
#4964 = EDGE_CURVE('',#1780,#4965,#4967,.T.);
#4965 = VERTEX_POINT('',#4966);
#4966 = CARTESIAN_POINT('',(-38.1982804589,49.348681612799,8.6));
#4967 = B_SPLINE_CURVE_WITH_KNOTS('',7,(#4968,#4969,#4970,#4971,#4972,
    #4973,#4974,#4975,#4976,#4977,#4978,#4979,#4980,#4981,#4982,#4983,
    #4984,#4985,#4986,#4987,#4988,#4989,#4990,#4991,#4992,#4993,#4994,
    #4995,#4996,#4997,#4998,#4999,#5000,#5001,#5002,#5003,#5004,#5005,
    #5006,#5007,#5008,#5009,#5010,#5011),.UNSPECIFIED.,.F.,.F.,(8,6,6,6,
    6,6,6,8),(0.,2.525927932518E-02,5.782966494063E-02,0.109997700222,
    0.208593274055,0.438619461326,0.738030723415,1.),.UNSPECIFIED.);
#4968 = CARTESIAN_POINT('',(-38.29903144144,48.866,10.457869107977));
#4969 = CARTESIAN_POINT('',(-38.29903144144,48.871563754347,
    10.457869107977));
#4970 = CARTESIAN_POINT('',(-38.29900148898,48.876906942164,
    10.457316778231));
#4971 = CARTESIAN_POINT('',(-38.29894587038,48.882038417647,
    10.456291159706));
#4972 = CARTESIAN_POINT('',(-38.2988682991,48.886969701805,
    10.454860729105));
#4973 = CARTESIAN_POINT('',(-38.29877187998,48.891714821016,
    10.453082740528));
#4974 = CARTESIAN_POINT('',(-38.29865907359,48.896290145582,
    10.451002567137));
#4975 = CARTESIAN_POINT('',(-38.29836736861,48.906418828101,
    10.445623466548));
#4976 = CARTESIAN_POINT('',(-38.29817899442,48.911865989881,
    10.442149807258));
#4977 = CARTESIAN_POINT('',(-38.29797055115,48.917089838933,
    10.4383060699));
#4978 = CARTESIAN_POINT('',(-38.29774506342,48.922116277755,
    10.434148029176));
#4979 = CARTESIAN_POINT('',(-38.29750477273,48.926965748828,
    10.429717018913));
#4980 = CARTESIAN_POINT('',(-38.29725134298,48.931655997412,
    10.425043721445));
#4981 = CARTESIAN_POINT('',(-38.29656117123,48.943490713233,
    10.412316810572));
#4982 = CARTESIAN_POINT('',(-38.29610616982,48.950407968344,
    10.403926489741));
#4983 = CARTESIAN_POINT('',(-38.29562649118,48.957022109143,
    10.395081115727));
#4984 = CARTESIAN_POINT('',(-38.2951257521,48.963374699574,
    10.385847382686));
#4985 = CARTESIAN_POINT('',(-38.29460659476,48.969497024995,
    10.376274013335));
#4986 = CARTESIAN_POINT('',(-38.29407106049,48.975416487598,
    10.366398649838));
#4987 = CARTESIAN_POINT('',(-38.29247995883,48.992002677614,
    10.337058403591));
#4988 = CARTESIAN_POINT('',(-38.29138649846,49.002199129307,
    10.316894766721));
#4989 = CARTESIAN_POINT('',(-38.29025019982,49.011891605011,
    10.295941183073));
#4990 = CARTESIAN_POINT('',(-38.28907726462,49.02116111225,
    10.274312013557));
#4991 = CARTESIAN_POINT('',(-38.28787210001,49.030064164573,
    10.252088527022));
#4992 = CARTESIAN_POINT('',(-38.28663816131,49.03865044575,
    10.22933444042));
#4993 = CARTESIAN_POINT('',(-38.28243651512,49.066336819908,
    10.151855209208));
#4994 = CARTESIAN_POINT('',(-38.27935318394,49.084178672795,
    10.094997939956));
#4995 = CARTESIAN_POINT('',(-38.27615899276,49.10095107054,
    10.036096389205));
#4996 = CARTESIAN_POINT('',(-38.27287132369,49.116817418807,
    9.975471086486));
#4997 = CARTESIAN_POINT('',(-38.26950552178,49.131936468477,
    9.913404998098));
#4998 = CARTESIAN_POINT('',(-38.26607151004,49.146400586974,
    9.850081106202));
#4999 = CARTESIAN_POINT('',(-38.25802648891,49.178382604978,
    9.701729240415));
#5000 = CARTESIAN_POINT('',(-38.25337594312,49.195493042681,
    9.61597220731));
#5001 = CARTESIAN_POINT('',(-38.24864266166,49.211798303772,
    9.52868951102));
#5002 = CARTESIAN_POINT('',(-38.24384094688,49.227400797735,
    9.440144890127));
#5003 = CARTESIAN_POINT('',(-38.23898218653,49.242375630349,
    9.35054833711));
#5004 = CARTESIAN_POINT('',(-38.23407518833,49.256789046084,
    9.260062268008));
#5005 = CARTESIAN_POINT('',(-38.22479559398,49.282859999286,
    9.08894461491));
#5006 = CARTESIAN_POINT('',(-38.22043350077,49.294635424786,
    9.008506707258));
#5007 = CARTESIAN_POINT('',(-38.21604415274,49.306055066913,
    8.927566215209));
#5008 = CARTESIAN_POINT('',(-38.21163134565,49.317147338402,
    8.84619313313));
#5009 = CARTESIAN_POINT('',(-38.20719821409,49.327935839228,
    8.764445263496));
#5010 = CARTESIAN_POINT('',(-38.20274727295,49.338440981242,
    8.682368981557));
#5011 = CARTESIAN_POINT('',(-38.1982804589,49.348681612799,8.6));
#5012 = ORIENTED_EDGE('',*,*,#5013,.F.);
#5013 = EDGE_CURVE('',#1236,#4965,#5014,.T.);
#5014 = B_SPLINE_CURVE_WITH_KNOTS('',4,(#5015,#5016,#5017,#5018,#5019),
  .UNSPECIFIED.,.F.,.F.,(5,5),(0.,1.),.PIECEWISE_BEZIER_KNOTS.);
#5015 = CARTESIAN_POINT('',(-38.1982804589,49.348681612799,5.6));
#5016 = CARTESIAN_POINT('',(-38.1982804589,49.348681612799,6.35));
#5017 = CARTESIAN_POINT('',(-38.1982804589,49.348681612799,7.1));
#5018 = CARTESIAN_POINT('',(-38.1982804589,49.348681612799,7.85));
#5019 = CARTESIAN_POINT('',(-38.1982804589,49.348681612799,8.6));
#5020 = ORIENTED_EDGE('',*,*,#1243,.F.);
#5021 = SURFACE_OF_LINEAR_EXTRUSION('',#5022,#5027);
#5022 = CIRCLE('',#5023,1.224031441449);
#5023 = AXIS2_PLACEMENT_3D('',#5024,#5025,#5026);
#5024 = CARTESIAN_POINT('',(-37.075,48.866,12.607089405269));
#5025 = DIRECTION('',(0.,-0.121869343357,0.992546151647));
#5026 = DIRECTION('',(1.,0.,0.));
#5027 = VECTOR('',#5028,1.);
#5028 = DIRECTION('',(0.,0.,1.));
#5029 = ADVANCED_FACE('',(#5030),#5048,.F.);
#5030 = FACE_BOUND('',#5031,.F.);
#5031 = EDGE_LOOP('',(#5032,#5033,#5034,#5042));
#5032 = ORIENTED_EDGE('',*,*,#1235,.F.);
#5033 = ORIENTED_EDGE('',*,*,#5013,.T.);
#5034 = ORIENTED_EDGE('',*,*,#5035,.T.);
#5035 = EDGE_CURVE('',#4965,#5036,#5038,.T.);
#5036 = VERTEX_POINT('',#5037);
#5037 = CARTESIAN_POINT('',(-38.1982804589,49.181606363541,8.6));
#5038 = LINE('',#5039,#5040);
#5039 = CARTESIAN_POINT('',(-38.1982804589,50.080907696705,8.6));
#5040 = VECTOR('',#5041,1.);
#5041 = DIRECTION('',(0.,-1.,0.));
#5042 = ORIENTED_EDGE('',*,*,#5043,.T.);
#5043 = EDGE_CURVE('',#5036,#1227,#5044,.T.);
#5044 = LINE('',#5045,#5046);
#5045 = CARTESIAN_POINT('',(-38.1982804589,49.181606363541,5.6));
#5046 = VECTOR('',#5047,1.);
#5047 = DIRECTION('',(0.,0.,-1.));
#5048 = PLANE('',#5049);
#5049 = AXIS2_PLACEMENT_3D('',#5050,#5051,#5052);
#5050 = CARTESIAN_POINT('',(-38.1982804589,50.080907696705,5.6));
#5051 = DIRECTION('',(1.,0.,0.));
#5052 = DIRECTION('',(0.,-1.,0.));
#5053 = ADVANCED_FACE('',(#5054),#5119,.F.);
#5054 = FACE_BOUND('',#5055,.F.);
#5055 = EDGE_LOOP('',(#5056,#5069,#5075,#5076,#5077,#5078,#5103,#5112));
#5056 = ORIENTED_EDGE('',*,*,#5057,.T.);
#5057 = EDGE_CURVE('',#5058,#5060,#5062,.T.);
#5058 = VERTEX_POINT('',#5059);
#5059 = CARTESIAN_POINT('',(-38.2199721878,48.290661316643,9.));
#5060 = VERTEX_POINT('',#5061);
#5061 = CARTESIAN_POINT('',(-38.1982804589,48.218393636459,8.6));
#5062 = B_SPLINE_CURVE_WITH_KNOTS('',5,(#5063,#5064,#5065,#5066,#5067,
    #5068),.UNSPECIFIED.,.F.,.F.,(6,6),(0.,1.),
  .PIECEWISE_BEZIER_KNOTS.);
#5063 = CARTESIAN_POINT('',(-38.21998150278,48.290695337996,
    9.000171770142));
#5064 = CARTESIAN_POINT('',(-38.21565887025,48.274906962953,
    8.920461525786));
#5065 = CARTESIAN_POINT('',(-38.21132705,48.259903067757,8.840581857805)
  );
#5066 = CARTESIAN_POINT('',(-38.20698634732,48.245535877317,
    8.760538396151));
#5067 = CARTESIAN_POINT('',(-38.20263731882,48.231721692461,
    8.680341404635));
#5068 = CARTESIAN_POINT('',(-38.1982804589,48.218393636459,8.6));
#5069 = ORIENTED_EDGE('',*,*,#5070,.T.);
#5070 = EDGE_CURVE('',#5060,#1210,#5071,.T.);
#5071 = LINE('',#5072,#5073);
#5072 = CARTESIAN_POINT('',(-38.1982804589,48.218393636459,5.6));
#5073 = VECTOR('',#5074,1.);
#5074 = DIRECTION('',(0.,0.,-1.));
#5075 = ORIENTED_EDGE('',*,*,#1217,.F.);
#5076 = ORIENTED_EDGE('',*,*,#1226,.F.);
#5077 = ORIENTED_EDGE('',*,*,#5043,.F.);
#5078 = ORIENTED_EDGE('',*,*,#5079,.T.);
#5079 = EDGE_CURVE('',#5036,#5080,#5082,.T.);
#5080 = VERTEX_POINT('',#5081);
#5081 = CARTESIAN_POINT('',(-38.2199721878,49.109338683357,9.));
#5082 = B_SPLINE_CURVE_WITH_KNOTS('',4,(#5083,#5084,#5085,#5086,#5087,
    #5088,#5089,#5090,#5091,#5092,#5093,#5094,#5095,#5096,#5097,#5098,
    #5099,#5100,#5101,#5102),.UNSPECIFIED.,.F.,.F.,(5,3,3,3,3,3,5),(0.,
    0.497686477946,0.749168213657,0.875700996581,0.936831470072,
    0.969785709364,1.),.UNSPECIFIED.);
#5083 = CARTESIAN_POINT('',(-38.1982804589,49.181606363541,8.6));
#5084 = CARTESIAN_POINT('',(-38.20101718723,49.173234446837,
    8.650465840432));
#5085 = CARTESIAN_POINT('',(-38.20374376287,49.164678767744,
    8.700744463335));
#5086 = CARTESIAN_POINT('',(-38.20645889511,49.155924709128,
    8.750812067502));
#5087 = CARTESIAN_POINT('',(-38.21052610309,49.142419048567,8.82581223)
  );
#5088 = CARTESIAN_POINT('',(-38.21188801462,49.137829777727,
    8.850926162299));
#5089 = CARTESIAN_POINT('',(-38.21324632267,49.133182282254,
    8.87597364586));
#5090 = CARTESIAN_POINT('',(-38.21528223896,49.126104360135,
    8.91351636627));
#5091 = CARTESIAN_POINT('',(-38.21596274035,49.12371966511,
    8.926064953699));
#5092 = CARTESIAN_POINT('',(-38.21664222644,49.121319083261,
    8.938594818715));
#5093 = CARTESIAN_POINT('',(-38.21764842405,49.117734548498,
    8.957149312251));
#5094 = CARTESIAN_POINT('',(-38.2179759427,49.116563096139,
    8.963188824539));
#5095 = CARTESIAN_POINT('',(-38.21830321137,49.115387790348,
    8.969223726934));
#5096 = CARTESIAN_POINT('',(-38.2188065126,49.113572893322,
    8.978504706384));
#5097 = CARTESIAN_POINT('',(-38.21898279929,49.112935805186,
    8.981755469785));
#5098 = CARTESIAN_POINT('',(-38.21915908571,49.11229730433,
    8.985006228083));
#5099 = CARTESIAN_POINT('',(-38.21949700085,49.111070656707,
    8.991237453633));
#5100 = CARTESIAN_POINT('',(-38.21965856896,49.110482957255,
    8.994216803205));
#5101 = CARTESIAN_POINT('',(-38.21982006587,49.109894308927,
    8.997194839927));
#5102 = CARTESIAN_POINT('',(-38.21998150278,49.109304662004,
    9.000171770142));
#5103 = ORIENTED_EDGE('',*,*,#5104,.T.);
#5104 = EDGE_CURVE('',#5080,#5105,#5107,.T.);
#5105 = VERTEX_POINT('',#5106);
#5106 = CARTESIAN_POINT('',(-35.175,48.7,9.));
#5107 = CIRCLE('',#5108,1.55);
#5108 = AXIS2_PLACEMENT_3D('',#5109,#5110,#5111);
#5109 = CARTESIAN_POINT('',(-36.725,48.7,9.));
#5110 = DIRECTION('',(0.,0.,-1.));
#5111 = DIRECTION('',(1.,0.,0.));
#5112 = ORIENTED_EDGE('',*,*,#5113,.T.);
#5113 = EDGE_CURVE('',#5105,#5058,#5114,.T.);
#5114 = CIRCLE('',#5115,1.55);
#5115 = AXIS2_PLACEMENT_3D('',#5116,#5117,#5118);
#5116 = CARTESIAN_POINT('',(-36.725,48.7,9.));
#5117 = DIRECTION('',(0.,0.,-1.));
#5118 = DIRECTION('',(1.,0.,0.));
#5119 = CYLINDRICAL_SURFACE('',#5120,1.55);
#5120 = AXIS2_PLACEMENT_3D('',#5121,#5122,#5123);
#5121 = CARTESIAN_POINT('',(-36.725,48.7,5.6));
#5122 = DIRECTION('',(0.,0.,-1.));
#5123 = DIRECTION('',(1.,0.,0.));
#5124 = ADVANCED_FACE('',(#5125),#5151,.F.);
#5125 = FACE_BOUND('',#5126,.F.);
#5126 = EDGE_LOOP('',(#5127,#5128,#5129,#5137,#5145));
#5127 = ORIENTED_EDGE('',*,*,#1209,.F.);
#5128 = ORIENTED_EDGE('',*,*,#5070,.F.);
#5129 = ORIENTED_EDGE('',*,*,#5130,.T.);
#5130 = EDGE_CURVE('',#5060,#5131,#5133,.T.);
#5131 = VERTEX_POINT('',#5132);
#5132 = CARTESIAN_POINT('',(-38.1982804589,46.730676945621,8.6));
#5133 = LINE('',#5134,#5135);
#5134 = CARTESIAN_POINT('',(-38.1982804589,50.080907696705,8.6));
#5135 = VECTOR('',#5136,1.);
#5136 = DIRECTION('',(0.,-1.,0.));
#5137 = ORIENTED_EDGE('',*,*,#5138,.T.);
#5138 = EDGE_CURVE('',#5131,#5139,#5141,.T.);
#5139 = VERTEX_POINT('',#5140);
#5140 = CARTESIAN_POINT('',(-38.1982804589,46.2,8.6));
#5141 = LINE('',#5142,#5143);
#5142 = CARTESIAN_POINT('',(-38.1982804589,50.080907696705,8.6));
#5143 = VECTOR('',#5144,1.);
#5144 = DIRECTION('',(0.,-1.,0.));
#5145 = ORIENTED_EDGE('',*,*,#5146,.F.);
#5146 = EDGE_CURVE('',#1202,#5139,#5147,.T.);
#5147 = LINE('',#5148,#5149);
#5148 = CARTESIAN_POINT('',(-38.1982804589,46.2,5.6));
#5149 = VECTOR('',#5150,1.);
#5150 = DIRECTION('',(0.,0.,1.));
#5151 = PLANE('',#5152);
#5152 = AXIS2_PLACEMENT_3D('',#5153,#5154,#5155);
#5153 = CARTESIAN_POINT('',(-38.1982804589,50.080907696705,5.6));
#5154 = DIRECTION('',(1.,0.,0.));
#5155 = DIRECTION('',(0.,-1.,0.));
#5156 = ADVANCED_FACE('',(#5157),#5175,.T.);
#5157 = FACE_BOUND('',#5158,.T.);
#5158 = EDGE_LOOP('',(#5159,#5167,#5173,#5174));
#5159 = ORIENTED_EDGE('',*,*,#5160,.T.);
#5160 = EDGE_CURVE('',#1193,#5161,#5163,.T.);
#5161 = VERTEX_POINT('',#5162);
#5162 = CARTESIAN_POINT('',(-34.975,46.2,8.6));
#5163 = LINE('',#5164,#5165);
#5164 = CARTESIAN_POINT('',(-34.975,46.2,5.6));
#5165 = VECTOR('',#5166,1.);
#5166 = DIRECTION('',(0.,0.,1.));
#5167 = ORIENTED_EDGE('',*,*,#5168,.T.);
#5168 = EDGE_CURVE('',#5161,#5139,#5169,.T.);
#5169 = LINE('',#5170,#5171);
#5170 = CARTESIAN_POINT('',(-34.975,46.2,8.6));
#5171 = VECTOR('',#5172,1.);
#5172 = DIRECTION('',(-1.,0.,0.));
#5173 = ORIENTED_EDGE('',*,*,#5146,.F.);
#5174 = ORIENTED_EDGE('',*,*,#1201,.F.);
#5175 = PLANE('',#5176);
#5176 = AXIS2_PLACEMENT_3D('',#5177,#5178,#5179);
#5177 = CARTESIAN_POINT('',(-34.975,46.2,5.6));
#5178 = DIRECTION('',(-0.,-1.,-0.));
#5179 = DIRECTION('',(-1.,0.,0.));
#5180 = ADVANCED_FACE('',(#5181),#5209,.T.);
#5181 = FACE_BOUND('',#5182,.T.);
#5182 = EDGE_LOOP('',(#5183,#5191,#5200,#5207,#5208));
#5183 = ORIENTED_EDGE('',*,*,#5184,.T.);
#5184 = EDGE_CURVE('',#1185,#5185,#5187,.T.);
#5185 = VERTEX_POINT('',#5186);
#5186 = CARTESIAN_POINT('',(-34.175,47.,8.6));
#5187 = LINE('',#5188,#5189);
#5188 = CARTESIAN_POINT('',(-34.175,47.,5.6));
#5189 = VECTOR('',#5190,1.);
#5190 = DIRECTION('',(0.,0.,1.));
#5191 = ORIENTED_EDGE('',*,*,#5192,.T.);
#5192 = EDGE_CURVE('',#5185,#5193,#5195,.T.);
#5193 = VERTEX_POINT('',#5194);
#5194 = CARTESIAN_POINT('',(-34.20809385554,46.772283145993,8.6));
#5195 = CIRCLE('',#5196,0.8);
#5196 = AXIS2_PLACEMENT_3D('',#5197,#5198,#5199);
#5197 = CARTESIAN_POINT('',(-34.975,47.,8.6));
#5198 = DIRECTION('',(0.,0.,-1.));
#5199 = DIRECTION('',(1.,0.,0.));
#5200 = ORIENTED_EDGE('',*,*,#5201,.T.);
#5201 = EDGE_CURVE('',#5193,#5161,#5202,.T.);
#5202 = CIRCLE('',#5203,0.8);
#5203 = AXIS2_PLACEMENT_3D('',#5204,#5205,#5206);
#5204 = CARTESIAN_POINT('',(-34.975,47.,8.6));
#5205 = DIRECTION('',(0.,0.,-1.));
#5206 = DIRECTION('',(1.,0.,0.));
#5207 = ORIENTED_EDGE('',*,*,#5160,.F.);
#5208 = ORIENTED_EDGE('',*,*,#1192,.F.);
#5209 = CYLINDRICAL_SURFACE('',#5210,0.8);
#5210 = AXIS2_PLACEMENT_3D('',#5211,#5212,#5213);
#5211 = CARTESIAN_POINT('',(-34.975,47.,5.6));
#5212 = DIRECTION('',(0.,0.,-1.));
#5213 = DIRECTION('',(1.,0.,0.));
#5214 = ADVANCED_FACE('',(#5215),#5234,.F.);
#5215 = FACE_BOUND('',#5216,.F.);
#5216 = EDGE_LOOP('',(#5217,#5218,#5226,#5232,#5233));
#5217 = ORIENTED_EDGE('',*,*,#5184,.T.);
#5218 = ORIENTED_EDGE('',*,*,#5219,.T.);
#5219 = EDGE_CURVE('',#5185,#5220,#5222,.T.);
#5220 = VERTEX_POINT('',#5221);
#5221 = CARTESIAN_POINT('',(-34.175,49.500869000374,8.6));
#5222 = LINE('',#5223,#5224);
#5223 = CARTESIAN_POINT('',(-34.175,47.,8.6));
#5224 = VECTOR('',#5225,1.);
#5225 = DIRECTION('',(0.,1.,0.));
#5226 = ORIENTED_EDGE('',*,*,#5227,.T.);
#5227 = EDGE_CURVE('',#5220,#2418,#5228,.T.);
#5228 = LINE('',#5229,#5230);
#5229 = CARTESIAN_POINT('',(-34.175,47.,8.6));
#5230 = VECTOR('',#5231,1.);
#5231 = DIRECTION('',(0.,1.,0.));
#5232 = ORIENTED_EDGE('',*,*,#2448,.F.);
#5233 = ORIENTED_EDGE('',*,*,#1184,.F.);
#5234 = PLANE('',#5235);
#5235 = AXIS2_PLACEMENT_3D('',#5236,#5237,#5238);
#5236 = CARTESIAN_POINT('',(-34.175,47.,5.6));
#5237 = DIRECTION('',(-1.,0.,0.));
#5238 = DIRECTION('',(0.,1.,0.));
#5239 = ADVANCED_FACE('',(#5240),#5258,.T.);
#5240 = FACE_BOUND('',#5241,.T.);
#5241 = EDGE_LOOP('',(#5242,#5243,#5244,#5245,#5250,#5251,#5252,#5257));
#5242 = ORIENTED_EDGE('',*,*,#4893,.F.);
#5243 = ORIENTED_EDGE('',*,*,#4908,.T.);
#5244 = ORIENTED_EDGE('',*,*,#1624,.T.);
#5245 = ORIENTED_EDGE('',*,*,#5246,.F.);
#5246 = EDGE_CURVE('',#4809,#1602,#5247,.T.);
#5247 = B_SPLINE_CURVE_WITH_KNOTS('',1,(#5248,#5249),.UNSPECIFIED.,.F.,
  .F.,(2,2),(0.,1.),.PIECEWISE_BEZIER_KNOTS.);
#5248 = CARTESIAN_POINT('',(38.198280458907,46.730676945622,8.6));
#5249 = CARTESIAN_POINT('',(38.41519774788,49.983082711027,12.6));
#5250 = ORIENTED_EDGE('',*,*,#4808,.F.);
#5251 = ORIENTED_EDGE('',*,*,#4833,.T.);
#5252 = ORIENTED_EDGE('',*,*,#5253,.F.);
#5253 = EDGE_CURVE('',#4845,#4834,#5254,.T.);
#5254 = B_SPLINE_CURVE_WITH_KNOTS('',1,(#5255,#5256),.UNSPECIFIED.,.F.,
  .F.,(2,2),(0.,1.),.PIECEWISE_BEZIER_KNOTS.);
#5255 = CARTESIAN_POINT('',(38.219972187804,49.441666120629,9.));
#5256 = CARTESIAN_POINT('',(38.219972187804,47.2,9.));
#5257 = ORIENTED_EDGE('',*,*,#4853,.T.);
#5258 = B_SPLINE_SURFACE_WITH_KNOTS('',1,1,(
    (#5259,#5260)
    ,(#5261,#5262
    )),.UNSPECIFIED.,.F.,.F.,.F.,(2,2),(2,2),(-3.350230751084,
    -0.732226083906),(0.,1.),.PIECEWISE_BEZIER_KNOTS.);
#5259 = CARTESIAN_POINT('',(38.198280458907,46.730676945622,8.6));
#5260 = CARTESIAN_POINT('',(38.41519774788,49.983082711027,12.6));
#5261 = CARTESIAN_POINT('',(38.198280458907,49.348681612799,8.6));
#5262 = CARTESIAN_POINT('',(38.41519774788,50.278526691093,12.6));
#5263 = ADVANCED_FACE('',(#5264),#5274,.T.);
#5264 = FACE_BOUND('',#5265,.T.);
#5265 = EDGE_LOOP('',(#5266,#5267,#5268,#5269));
#5266 = ORIENTED_EDGE('',*,*,#4816,.F.);
#5267 = ORIENTED_EDGE('',*,*,#5246,.T.);
#5268 = ORIENTED_EDGE('',*,*,#1601,.T.);
#5269 = ORIENTED_EDGE('',*,*,#5270,.F.);
#5270 = EDGE_CURVE('',#4776,#1579,#5271,.T.);
#5271 = B_SPLINE_CURVE_WITH_KNOTS('',1,(#5272,#5273),.UNSPECIFIED.,.F.,
  .F.,(2,2),(0.,1.),.PIECEWISE_BEZIER_KNOTS.);
#5272 = CARTESIAN_POINT('',(38.198280458907,46.2,8.6));
#5273 = CARTESIAN_POINT('',(38.352195832848,49.983082711027,12.6));
#5274 = B_SPLINE_SURFACE_WITH_KNOTS('',1,1,(
    (#5275,#5276)
    ,(#5277,#5278
    )),.UNSPECIFIED.,.F.,.F.,.F.,(2,2),(2,2),(-3.880907696706,
    -3.350230751084),(0.,1.),.PIECEWISE_BEZIER_KNOTS.);
#5275 = CARTESIAN_POINT('',(38.198280458907,46.2,8.6));
#5276 = CARTESIAN_POINT('',(38.352195832848,49.983082711027,12.6));
#5277 = CARTESIAN_POINT('',(38.198280458907,46.730676945622,8.6));
#5278 = CARTESIAN_POINT('',(38.41519774788,49.983082711027,12.6));
#5279 = ADVANCED_FACE('',(#5280),#5291,.T.);
#5280 = FACE_BOUND('',#5281,.T.);
#5281 = EDGE_LOOP('',(#5282,#5283,#5284,#5285,#5286));
#5282 = ORIENTED_EDGE('',*,*,#4783,.F.);
#5283 = ORIENTED_EDGE('',*,*,#5270,.T.);
#5284 = ORIENTED_EDGE('',*,*,#1578,.T.);
#5285 = ORIENTED_EDGE('',*,*,#2035,.T.);
#5286 = ORIENTED_EDGE('',*,*,#5287,.F.);
#5287 = EDGE_CURVE('',#4742,#2036,#5288,.T.);
#5288 = B_SPLINE_CURVE_WITH_KNOTS('',1,(#5289,#5290),.UNSPECIFIED.,.F.,
  .F.,(2,2),(0.,1.),.PIECEWISE_BEZIER_KNOTS.);
#5289 = CARTESIAN_POINT('',(34.975,46.2,8.6));
#5290 = CARTESIAN_POINT('',(38.088713684089,49.983082711027,12.6));
#5291 = B_SPLINE_SURFACE_WITH_KNOTS('',1,1,(
    (#5292,#5293)
    ,(#5294,#5295
    )),.UNSPECIFIED.,.F.,.F.,.F.,(2,2),(2,2),(-3.223280458907,0.),(0.,1.
    ),.PIECEWISE_BEZIER_KNOTS.);
#5292 = CARTESIAN_POINT('',(34.975,46.2,8.6));
#5293 = CARTESIAN_POINT('',(38.088713684089,49.983082711027,12.6));
#5294 = CARTESIAN_POINT('',(38.198280458907,46.2,8.6));
#5295 = CARTESIAN_POINT('',(38.352195832848,49.983082711027,12.6));
#5296 = ADVANCED_FACE('',(#5297),#5315,.F.);
#5297 = FACE_BOUND('',#5298,.F.);
#5298 = EDGE_LOOP('',(#5299,#5307,#5308,#5309));
#5299 = ORIENTED_EDGE('',*,*,#5300,.T.);
#5300 = EDGE_CURVE('',#5301,#1720,#5303,.T.);
#5301 = VERTEX_POINT('',#5302);
#5302 = CARTESIAN_POINT('',(-20.69,31.675549268116,7.675339950014));
#5303 = LINE('',#5304,#5305);
#5304 = CARTESIAN_POINT('',(-20.69,31.675549268116,7.675339950014));
#5305 = VECTOR('',#5306,1.);
#5306 = DIRECTION('',(0.,0.121869343357,-0.992546151647));
#5307 = ORIENTED_EDGE('',*,*,#1719,.T.);
#5308 = ORIENTED_EDGE('',*,*,#1696,.F.);
#5309 = ORIENTED_EDGE('',*,*,#5310,.F.);
#5310 = EDGE_CURVE('',#5301,#1672,#5311,.T.);
#5311 = LINE('',#5312,#5313);
#5312 = CARTESIAN_POINT('',(-20.69,31.675549268116,7.675339950014));
#5313 = VECTOR('',#5314,1.);
#5314 = DIRECTION('',(0.707106781187,-0.70183611447,-8.617463910633E-02)
  );
#5315 = PLANE('',#5316);
#5316 = AXIS2_PLACEMENT_3D('',#5317,#5318,#5319);
#5317 = CARTESIAN_POINT('',(-20.69,31.675549268116,7.675339950014));
#5318 = DIRECTION('',(-0.707106781187,-0.70183611447,-8.617463910633E-02
    ));
#5319 = DIRECTION('',(0.707106781187,-0.70183611447,-8.617463910633E-02)
  );
#5320 = ADVANCED_FACE('',(#5321),#5332,.F.);
#5321 = FACE_BOUND('',#5322,.F.);
#5322 = EDGE_LOOP('',(#5323,#5324,#5325,#5326));
#5323 = ORIENTED_EDGE('',*,*,#2233,.T.);
#5324 = ORIENTED_EDGE('',*,*,#1727,.T.);
#5325 = ORIENTED_EDGE('',*,*,#5300,.F.);
#5326 = ORIENTED_EDGE('',*,*,#5327,.F.);
#5327 = EDGE_CURVE('',#2226,#5301,#5328,.T.);
#5328 = LINE('',#5329,#5330);
#5329 = CARTESIAN_POINT('',(-20.69,34.057660032069,7.96782637407));
#5330 = VECTOR('',#5331,1.);
#5331 = DIRECTION('',(0.,-0.992546151647,-0.121869343357));
#5332 = PLANE('',#5333);
#5333 = AXIS2_PLACEMENT_3D('',#5334,#5335,#5336);
#5334 = CARTESIAN_POINT('',(-20.69,34.057660032069,7.96782637407));
#5335 = DIRECTION('',(-1.,0.,0.));
#5336 = DIRECTION('',(0.,-0.992546151647,-0.121869343357));
#5337 = ADVANCED_FACE('',(#5338),#5353,.T.);
#5338 = FACE_BOUND('',#5339,.T.);
#5339 = EDGE_LOOP('',(#5340,#5341,#5346,#5347,#5348));
#5340 = ORIENTED_EDGE('',*,*,#5168,.F.);
#5341 = ORIENTED_EDGE('',*,*,#5342,.T.);
#5342 = EDGE_CURVE('',#5161,#2305,#5343,.T.);
#5343 = B_SPLINE_CURVE_WITH_KNOTS('',1,(#5344,#5345),.UNSPECIFIED.,.F.,
  .F.,(2,2),(0.,1.),.PIECEWISE_BEZIER_KNOTS.);
#5344 = CARTESIAN_POINT('',(-34.975,46.2,8.6));
#5345 = CARTESIAN_POINT('',(-38.08871368408,49.983082711027,12.6));
#5346 = ORIENTED_EDGE('',*,*,#2316,.T.);
#5347 = ORIENTED_EDGE('',*,*,#1817,.T.);
#5348 = ORIENTED_EDGE('',*,*,#5349,.F.);
#5349 = EDGE_CURVE('',#5139,#1795,#5350,.T.);
#5350 = B_SPLINE_CURVE_WITH_KNOTS('',1,(#5351,#5352),.UNSPECIFIED.,.F.,
  .F.,(2,2),(0.,1.),.PIECEWISE_BEZIER_KNOTS.);
#5351 = CARTESIAN_POINT('',(-38.1982804589,46.2,8.6));
#5352 = CARTESIAN_POINT('',(-38.35219583284,49.983082711027,12.6));
#5353 = B_SPLINE_SURFACE_WITH_KNOTS('',1,1,(
    (#5354,#5355)
    ,(#5356,#5357
    )),.UNSPECIFIED.,.F.,.F.,.F.,(2,2),(2,2),(-3.223280458907,0.),(0.,1.
    ),.PIECEWISE_BEZIER_KNOTS.);
#5354 = CARTESIAN_POINT('',(-38.1982804589,46.2,8.6));
#5355 = CARTESIAN_POINT('',(-38.35219583284,49.983082711027,12.6));
#5356 = CARTESIAN_POINT('',(-34.975,46.2,8.6));
#5357 = CARTESIAN_POINT('',(-38.08871368408,49.983082711027,12.6));
#5358 = ADVANCED_FACE('',(#5359),#5369,.T.);
#5359 = FACE_BOUND('',#5360,.T.);
#5360 = EDGE_LOOP('',(#5361,#5366,#5367,#5368));
#5361 = ORIENTED_EDGE('',*,*,#5362,.F.);
#5362 = EDGE_CURVE('',#5131,#1788,#5363,.T.);
#5363 = B_SPLINE_CURVE_WITH_KNOTS('',1,(#5364,#5365),.UNSPECIFIED.,.F.,
  .F.,(2,2),(0.,1.),.PIECEWISE_BEZIER_KNOTS.);
#5364 = CARTESIAN_POINT('',(-38.1982804589,46.730676945621,8.6));
#5365 = CARTESIAN_POINT('',(-38.41519774788,49.983082711027,12.6));
#5366 = ORIENTED_EDGE('',*,*,#5138,.T.);
#5367 = ORIENTED_EDGE('',*,*,#5349,.T.);
#5368 = ORIENTED_EDGE('',*,*,#1794,.T.);
#5369 = B_SPLINE_SURFACE_WITH_KNOTS('',1,1,(
    (#5370,#5371)
    ,(#5372,#5373
    )),.UNSPECIFIED.,.F.,.F.,.F.,(2,2),(2,2),(3.350230751084,
    3.880907696706),(0.,1.),.PIECEWISE_BEZIER_KNOTS.);
#5370 = CARTESIAN_POINT('',(-38.1982804589,46.730676945621,8.6));
#5371 = CARTESIAN_POINT('',(-38.41519774788,49.983082711027,12.6));
#5372 = CARTESIAN_POINT('',(-38.1982804589,46.2,8.6));
#5373 = CARTESIAN_POINT('',(-38.35219583284,49.983082711027,12.6));
#5374 = ADVANCED_FACE('',(#5375),#5389,.T.);
#5375 = FACE_BOUND('',#5376,.T.);
#5376 = EDGE_LOOP('',(#5377,#5378,#5379,#5380,#5381,#5386,#5387,#5388));
#5377 = ORIENTED_EDGE('',*,*,#1787,.T.);
#5378 = ORIENTED_EDGE('',*,*,#4964,.T.);
#5379 = ORIENTED_EDGE('',*,*,#5035,.T.);
#5380 = ORIENTED_EDGE('',*,*,#5079,.T.);
#5381 = ORIENTED_EDGE('',*,*,#5382,.F.);
#5382 = EDGE_CURVE('',#5058,#5080,#5383,.T.);
#5383 = B_SPLINE_CURVE_WITH_KNOTS('',1,(#5384,#5385),.UNSPECIFIED.,.F.,
  .F.,(2,2),(0.,1.),.PIECEWISE_BEZIER_KNOTS.);
#5384 = CARTESIAN_POINT('',(-38.2199721878,47.15,9.));
#5385 = CARTESIAN_POINT('',(-38.2199721878,49.441666120629,9.));
#5386 = ORIENTED_EDGE('',*,*,#5057,.T.);
#5387 = ORIENTED_EDGE('',*,*,#5130,.T.);
#5388 = ORIENTED_EDGE('',*,*,#5362,.T.);
#5389 = B_SPLINE_SURFACE_WITH_KNOTS('',1,1,(
    (#5390,#5391)
    ,(#5392,#5393
    )),.UNSPECIFIED.,.F.,.F.,.F.,(2,2),(2,2),(0.732226083906,
    3.350230751084),(0.,1.),.PIECEWISE_BEZIER_KNOTS.);
#5390 = CARTESIAN_POINT('',(-38.1982804589,49.348681612799,8.6));
#5391 = CARTESIAN_POINT('',(-38.41519774788,50.278526691093,12.6));
#5392 = CARTESIAN_POINT('',(-38.1982804589,46.730676945621,8.6));
#5393 = CARTESIAN_POINT('',(-38.41519774788,49.983082711027,12.6));
#5394 = ADVANCED_FACE('',(#5395),#5406,.T.);
#5395 = FACE_BOUND('',#5396,.T.);
#5396 = EDGE_LOOP('',(#5397,#5398,#5404,#5405));
#5397 = ORIENTED_EDGE('',*,*,#1912,.F.);
#5398 = ORIENTED_EDGE('',*,*,#5399,.F.);
#5399 = EDGE_CURVE('',#1858,#1913,#5400,.T.);
#5400 = LINE('',#5401,#5402);
#5401 = CARTESIAN_POINT('',(-36.975,27.625,-5.628611278285E-14));
#5402 = VECTOR('',#5403,1.);
#5403 = DIRECTION('',(1.,-1.398881011028E-14,1.554312234475E-15));
#5404 = ORIENTED_EDGE('',*,*,#1857,.F.);
#5405 = ORIENTED_EDGE('',*,*,#1898,.F.);
#5406 = PLANE('',#5407);
#5407 = AXIS2_PLACEMENT_3D('',#5408,#5409,#5410);
#5408 = CARTESIAN_POINT('',(-3.048337874497,28.476684436777,
    2.878076575445E-15));
#5409 = DIRECTION('',(1.233184076366E-15,-6.164413689822E-16,-1.));
#5410 = DIRECTION('',(-1.,0.,-1.233184076366E-15));
#5411 = ADVANCED_FACE('',(#5412),#5418,.F.);
#5412 = FACE_BOUND('',#5413,.F.);
#5413 = EDGE_LOOP('',(#5414,#5415,#5416,#5417));
#5414 = ORIENTED_EDGE('',*,*,#1865,.F.);
#5415 = ORIENTED_EDGE('',*,*,#2756,.T.);
#5416 = ORIENTED_EDGE('',*,*,#1938,.T.);
#5417 = ORIENTED_EDGE('',*,*,#5399,.F.);
#5418 = PLANE('',#5419);
#5419 = AXIS2_PLACEMENT_3D('',#5420,#5421,#5422);
#5420 = CARTESIAN_POINT('',(-36.975,28.625,1.000000000003));
#5421 = DIRECTION('',(1.09906472108E-14,0.707106781188,-0.707106781185)
  );
#5422 = DIRECTION('',(-8.792517768611E-15,-0.707106781185,
    -0.707106781188));
#5423 = ADVANCED_FACE('',(#5424),#5439,.T.);
#5424 = FACE_BOUND('',#5425,.T.);
#5425 = EDGE_LOOP('',(#5426,#5427,#5432,#5433,#5434));
#5426 = ORIENTED_EDGE('',*,*,#4717,.F.);
#5427 = ORIENTED_EDGE('',*,*,#5428,.T.);
#5428 = EDGE_CURVE('',#4710,#2105,#5429,.T.);
#5429 = B_SPLINE_CURVE_WITH_KNOTS('',1,(#5430,#5431),.UNSPECIFIED.,.F.,
  .F.,(2,2),(0.,1.),.PIECEWISE_BEZIER_KNOTS.);
#5430 = CARTESIAN_POINT('',(34.175,47.,8.6));
#5431 = CARTESIAN_POINT('',(37.958082711027,50.011738950539,12.6));
#5432 = ORIENTED_EDGE('',*,*,#2114,.T.);
#5433 = ORIENTED_EDGE('',*,*,#2494,.T.);
#5434 = ORIENTED_EDGE('',*,*,#5435,.F.);
#5435 = EDGE_CURVE('',#4718,#2464,#5436,.T.);
#5436 = B_SPLINE_CURVE_WITH_KNOTS('',1,(#5437,#5438),.UNSPECIFIED.,.F.,
  .F.,(2,2),(0.,1.),.PIECEWISE_BEZIER_KNOTS.);
#5437 = CARTESIAN_POINT('',(34.175,49.500869000375,8.6));
#5438 = CARTESIAN_POINT('',(37.958082711027,50.297824985679,12.6));
#5439 = B_SPLINE_SURFACE_WITH_KNOTS('',1,1,(
    (#5440,#5441)
    ,(#5442,#5443
    )),.UNSPECIFIED.,.F.,.F.,.F.,(2,2),(2,2),(-2.500869000375,0.),(0.,1.
    ),.PIECEWISE_BEZIER_KNOTS.);
#5440 = CARTESIAN_POINT('',(34.175,49.500869000375,8.6));
#5441 = CARTESIAN_POINT('',(37.958082711027,50.297824985679,12.6));
#5442 = CARTESIAN_POINT('',(34.175,47.,8.6));
#5443 = CARTESIAN_POINT('',(37.958082711027,50.011738950539,12.6));
#5444 = ADVANCED_FACE('',(#5445),#5455,.T.);
#5445 = FACE_BOUND('',#5446,.T.);
#5446 = EDGE_LOOP('',(#5447,#5448,#5453,#5454));
#5447 = ORIENTED_EDGE('',*,*,#4758,.F.);
#5448 = ORIENTED_EDGE('',*,*,#5449,.T.);
#5449 = EDGE_CURVE('',#4750,#2093,#5450,.T.);
#5450 = B_SPLINE_CURVE_WITH_KNOTS('',1,(#5451,#5452),.UNSPECIFIED.,.F.,
  .F.,(2,2),(0.,1.),.PIECEWISE_BEZIER_KNOTS.);
#5451 = CARTESIAN_POINT('',(34.208093855546,46.772283145993,8.6));
#5452 = CARTESIAN_POINT('',(37.958082711027,49.983082711027,12.6));
#5453 = ORIENTED_EDGE('',*,*,#2104,.T.);
#5454 = ORIENTED_EDGE('',*,*,#5428,.F.);
#5455 = B_SPLINE_SURFACE_WITH_KNOTS('',5,1,(
    (#5456,#5457)
    ,(#5458,#5459)
    ,(#5460,#5461)
    ,(#5462,#5463)
    ,(#5464,#5465)
    ,(#5466,#5467
    )),.UNSPECIFIED.,.F.,.F.,.F.,(6,6),(2,2),(3.14159265359,
    3.43022985598),(0.,1.),.PIECEWISE_BEZIER_KNOTS.);
#5456 = CARTESIAN_POINT('',(34.175,47.,8.6));
#5457 = CARTESIAN_POINT('',(37.958082711027,50.011738950539,12.6));
#5458 = CARTESIAN_POINT('',(34.175,46.953818047617,8.6));
#5459 = CARTESIAN_POINT('',(37.958082711027,50.006007702637,12.6));
#5460 = CARTESIAN_POINT('',(34.178332442914,46.907636093389,8.6));
#5461 = CARTESIAN_POINT('',(37.958082711027,50.000276454734,12.6));
#5462 = CARTESIAN_POINT('',(34.184997421433,46.861774772146,8.6));
#5463 = CARTESIAN_POINT('',(37.958082711027,49.994545206832,12.6));
#5464 = CARTESIAN_POINT('',(34.19494834441,46.816554674799,8.6));
#5465 = CARTESIAN_POINT('',(37.958082711027,49.988813958929,12.6));
#5466 = CARTESIAN_POINT('',(34.208093855546,46.772283145993,8.6));
#5467 = CARTESIAN_POINT('',(37.958082711027,49.983082711027,12.6));
#5468 = ADVANCED_FACE('',(#5469),#5475,.T.);
#5469 = FACE_BOUND('',#5470,.T.);
#5470 = EDGE_LOOP('',(#5471,#5472,#5473,#5474));
#5471 = ORIENTED_EDGE('',*,*,#4749,.F.);
#5472 = ORIENTED_EDGE('',*,*,#5287,.T.);
#5473 = ORIENTED_EDGE('',*,*,#2092,.T.);
#5474 = ORIENTED_EDGE('',*,*,#5449,.F.);
#5475 = B_SPLINE_SURFACE_WITH_KNOTS('',7,1,(
    (#5476,#5477)
    ,(#5478,#5479)
    ,(#5480,#5481)
    ,(#5482,#5483)
    ,(#5484,#5485)
    ,(#5486,#5487)
    ,(#5488,#5489)
    ,(#5490,#5491
    )),.UNSPECIFIED.,.F.,.F.,.F.,(8,8),(2,2),(3.43022985598,
    4.712388980385),(0.,1.),.PIECEWISE_BEZIER_KNOTS.);
#5476 = CARTESIAN_POINT('',(34.208093855546,46.772283145993,8.6));
#5477 = CARTESIAN_POINT('',(37.958082711027,49.983082711027,12.6));
#5478 = CARTESIAN_POINT('',(34.249803747281,46.631812330183,8.6));
#5479 = CARTESIAN_POINT('',(37.976744278607,49.983082711027,12.6));
#5480 = CARTESIAN_POINT('',(34.321531463133,46.500254835025,8.6));
#5481 = CARTESIAN_POINT('',(37.995405846187,49.983082711027,12.6));
#5482 = CARTESIAN_POINT('',(34.420990124742,46.38530666872,8.6));
#5483 = CARTESIAN_POINT('',(38.014067413768,49.983082711027,12.6));
#5484 = CARTESIAN_POINT('',(34.54343161646,46.293937988747,8.6));
#5485 = CARTESIAN_POINT('',(38.032728981348,49.983082711027,12.6));
#5486 = CARTESIAN_POINT('',(34.68193520216,46.231313208871,8.6));
#5487 = CARTESIAN_POINT('',(38.051390548928,49.983082711027,12.6));
#5488 = CARTESIAN_POINT('',(34.828467528639,46.2,8.6));
#5489 = CARTESIAN_POINT('',(38.070052116509,49.983082711027,12.6));
#5490 = CARTESIAN_POINT('',(34.975,46.2,8.6));
#5491 = CARTESIAN_POINT('',(38.088713684089,49.983082711027,12.6));
#5492 = ADVANCED_FACE('',(#5493),#5500,.T.);
#5493 = FACE_BOUND('',#5494,.T.);
#5494 = EDGE_LOOP('',(#5495,#5496,#5497,#5498,#5499));
#5495 = ORIENTED_EDGE('',*,*,#5310,.F.);
#5496 = ORIENTED_EDGE('',*,*,#5327,.F.);
#5497 = ORIENTED_EDGE('',*,*,#2225,.F.);
#5498 = ORIENTED_EDGE('',*,*,#2206,.T.);
#5499 = ORIENTED_EDGE('',*,*,#2181,.T.);
#5500 = PLANE('',#5501);
#5501 = AXIS2_PLACEMENT_3D('',#5502,#5503,#5504);
#5502 = CARTESIAN_POINT('',(-22.2280162919,31.881590533915,
    7.700638636353));
#5503 = DIRECTION('',(0.,-0.121869343357,0.992546151647));
#5504 = DIRECTION('',(0.,0.992546151647,0.121869343357));
#5505 = ADVANCED_FACE('',(#5506),#5516,.T.);
#5506 = FACE_BOUND('',#5507,.T.);
#5507 = EDGE_LOOP('',(#5508,#5509,#5514,#5515));
#5508 = ORIENTED_EDGE('',*,*,#5201,.F.);
#5509 = ORIENTED_EDGE('',*,*,#5510,.T.);
#5510 = EDGE_CURVE('',#5193,#2295,#5511,.T.);
#5511 = B_SPLINE_CURVE_WITH_KNOTS('',1,(#5512,#5513),.UNSPECIFIED.,.F.,
  .F.,(2,2),(0.,1.),.PIECEWISE_BEZIER_KNOTS.);
#5512 = CARTESIAN_POINT('',(-34.20809385554,46.772283145993,8.6));
#5513 = CARTESIAN_POINT('',(-37.95808271102,49.983082711027,12.6));
#5514 = ORIENTED_EDGE('',*,*,#2304,.T.);
#5515 = ORIENTED_EDGE('',*,*,#5342,.F.);
#5516 = B_SPLINE_SURFACE_WITH_KNOTS('',7,1,(
    (#5517,#5518)
    ,(#5519,#5520)
    ,(#5521,#5522)
    ,(#5523,#5524)
    ,(#5525,#5526)
    ,(#5527,#5528)
    ,(#5529,#5530)
    ,(#5531,#5532
    )),.UNSPECIFIED.,.F.,.F.,.F.,(8,8),(2,2),(4.712388980385,
    5.994548104789),(0.,1.),.PIECEWISE_BEZIER_KNOTS.);
#5517 = CARTESIAN_POINT('',(-34.975,46.2,8.6));
#5518 = CARTESIAN_POINT('',(-38.08871368408,49.983082711027,12.6));
#5519 = CARTESIAN_POINT('',(-34.82846752864,46.2,8.6));
#5520 = CARTESIAN_POINT('',(-38.0700521165,49.983082711027,12.6));
#5521 = CARTESIAN_POINT('',(-34.68193520215,46.23131320887,8.6));
#5522 = CARTESIAN_POINT('',(-38.05139054892,49.983082711027,12.6));
#5523 = CARTESIAN_POINT('',(-34.54343161646,46.293937988748,8.6));
#5524 = CARTESIAN_POINT('',(-38.03272898134,49.983082711027,12.6));
#5525 = CARTESIAN_POINT('',(-34.42099012474,46.385306668719,8.6));
#5526 = CARTESIAN_POINT('',(-38.01406741376,49.983082711027,12.6));
#5527 = CARTESIAN_POINT('',(-34.32153146313,46.500254835026,8.6));
#5528 = CARTESIAN_POINT('',(-37.99540584618,49.983082711027,12.6));
#5529 = CARTESIAN_POINT('',(-34.24980374728,46.631812330183,8.6));
#5530 = CARTESIAN_POINT('',(-37.9767442786,49.983082711027,12.6));
#5531 = CARTESIAN_POINT('',(-34.20809385554,46.772283145993,8.6));
#5532 = CARTESIAN_POINT('',(-37.95808271102,49.983082711027,12.6));
#5533 = ADVANCED_FACE('',(#5534),#5544,.T.);
#5534 = FACE_BOUND('',#5535,.T.);
#5535 = EDGE_LOOP('',(#5536,#5537,#5542,#5543));
#5536 = ORIENTED_EDGE('',*,*,#5192,.F.);
#5537 = ORIENTED_EDGE('',*,*,#5538,.T.);
#5538 = EDGE_CURVE('',#5185,#2258,#5539,.T.);
#5539 = B_SPLINE_CURVE_WITH_KNOTS('',1,(#5540,#5541),.UNSPECIFIED.,.F.,
  .F.,(2,2),(0.,1.),.PIECEWISE_BEZIER_KNOTS.);
#5540 = CARTESIAN_POINT('',(-34.175,47.,8.6));
#5541 = CARTESIAN_POINT('',(-37.95808271102,50.011738950539,12.6));
#5542 = ORIENTED_EDGE('',*,*,#2294,.T.);
#5543 = ORIENTED_EDGE('',*,*,#5510,.F.);
#5544 = B_SPLINE_SURFACE_WITH_KNOTS('',5,1,(
    (#5545,#5546)
    ,(#5547,#5548)
    ,(#5549,#5550)
    ,(#5551,#5552)
    ,(#5553,#5554)
    ,(#5555,#5556
    )),.UNSPECIFIED.,.F.,.F.,.F.,(6,6),(2,2),(5.994548104789,
    6.28318530718),(0.,1.),.PIECEWISE_BEZIER_KNOTS.);
#5545 = CARTESIAN_POINT('',(-34.20809385554,46.772283145993,8.6));
#5546 = CARTESIAN_POINT('',(-37.95808271102,49.983082711027,12.6));
#5547 = CARTESIAN_POINT('',(-34.19494834441,46.816554674799,8.6));
#5548 = CARTESIAN_POINT('',(-37.95808271102,49.988813958929,12.6));
#5549 = CARTESIAN_POINT('',(-34.18499742143,46.861774772146,8.6));
#5550 = CARTESIAN_POINT('',(-37.95808271102,49.994545206832,12.6));
#5551 = CARTESIAN_POINT('',(-34.17833244291,46.907636093389,8.6));
#5552 = CARTESIAN_POINT('',(-37.95808271102,50.000276454734,12.6));
#5553 = CARTESIAN_POINT('',(-34.175,46.953818047617,8.6));
#5554 = CARTESIAN_POINT('',(-37.95808271102,50.006007702637,12.6));
#5555 = CARTESIAN_POINT('',(-34.175,47.,8.6));
#5556 = CARTESIAN_POINT('',(-37.95808271102,50.011738950539,12.6));
#5557 = ADVANCED_FACE('',(#5558),#5569,.T.);
#5558 = FACE_BOUND('',#5559,.T.);
#5559 = EDGE_LOOP('',(#5560,#5561,#5562,#5567,#5568));
#5560 = ORIENTED_EDGE('',*,*,#5538,.F.);
#5561 = ORIENTED_EDGE('',*,*,#5219,.T.);
#5562 = ORIENTED_EDGE('',*,*,#5563,.T.);
#5563 = EDGE_CURVE('',#5220,#2396,#5564,.T.);
#5564 = B_SPLINE_CURVE_WITH_KNOTS('',1,(#5565,#5566),.UNSPECIFIED.,.F.,
  .F.,(2,2),(0.,1.),.PIECEWISE_BEZIER_KNOTS.);
#5565 = CARTESIAN_POINT('',(-34.175,49.500869000374,8.6));
#5566 = CARTESIAN_POINT('',(-37.95808271102,50.297824985679,12.6));
#5567 = ORIENTED_EDGE('',*,*,#2395,.T.);
#5568 = ORIENTED_EDGE('',*,*,#2257,.T.);
#5569 = B_SPLINE_SURFACE_WITH_KNOTS('',1,1,(
    (#5570,#5571)
    ,(#5572,#5573
    )),.UNSPECIFIED.,.F.,.F.,.F.,(2,2),(2,2),(0.,2.500869000374),(0.,1.)
  ,.PIECEWISE_BEZIER_KNOTS.);
#5570 = CARTESIAN_POINT('',(-34.175,47.,8.6));
#5571 = CARTESIAN_POINT('',(-37.95808271102,50.011738950539,12.6));
#5572 = CARTESIAN_POINT('',(-34.175,49.500869000374,8.6));
#5573 = CARTESIAN_POINT('',(-37.95808271102,50.297824985679,12.6));
#5574 = ADVANCED_FACE('',(#5575),#5580,.T.);
#5575 = FACE_BOUND('',#5576,.T.);
#5576 = EDGE_LOOP('',(#5577,#5578,#5579));
#5577 = ORIENTED_EDGE('',*,*,#4725,.F.);
#5578 = ORIENTED_EDGE('',*,*,#5435,.T.);
#5579 = ORIENTED_EDGE('',*,*,#2463,.F.);
#5580 = B_SPLINE_SURFACE_WITH_KNOTS('',1,1,(
    (#5581,#5582)
    ,(#5583,#5584
    )),.UNSPECIFIED.,.F.,.F.,.F.,(2,2),(2,2),(-3.080907696705,
    -2.500869000375),(0.,1.),.PIECEWISE_BEZIER_KNOTS.);
#5581 = CARTESIAN_POINT('',(34.175,50.080907696705,8.6));
#5582 = CARTESIAN_POINT('',(38.025869447309,50.297824985679,12.6));
#5583 = CARTESIAN_POINT('',(34.175,49.500869000375,8.6));
#5584 = CARTESIAN_POINT('',(37.958082711027,50.297824985679,12.6));
#5585 = ADVANCED_FACE('',(#5586),#5591,.T.);
#5586 = FACE_BOUND('',#5587,.T.);
#5587 = EDGE_LOOP('',(#5588,#5589,#5590));
#5588 = ORIENTED_EDGE('',*,*,#5563,.F.);
#5589 = ORIENTED_EDGE('',*,*,#5227,.T.);
#5590 = ORIENTED_EDGE('',*,*,#2417,.T.);
#5591 = B_SPLINE_SURFACE_WITH_KNOTS('',1,1,(
    (#5592,#5593)
    ,(#5594,#5595
    )),.UNSPECIFIED.,.F.,.F.,.F.,(2,2),(2,2),(2.500869000374,
    3.080907696705),(0.,1.),.PIECEWISE_BEZIER_KNOTS.);
#5592 = CARTESIAN_POINT('',(-34.175,49.500869000374,8.6));
#5593 = CARTESIAN_POINT('',(-37.95808271102,50.297824985679,12.6));
#5594 = CARTESIAN_POINT('',(-34.175,50.080907696705,8.6));
#5595 = CARTESIAN_POINT('',(-38.0258694473,50.297824985679,12.6));
#5596 = ADVANCED_FACE('',(#5597),#5630,.F.);
#5597 = FACE_BOUND('',#5598,.F.);
#5598 = EDGE_LOOP('',(#5599,#5600,#5608,#5616,#5624));
#5599 = ORIENTED_EDGE('',*,*,#2512,.T.);
#5600 = ORIENTED_EDGE('',*,*,#5601,.T.);
#5601 = EDGE_CURVE('',#2515,#5602,#5604,.T.);
#5602 = VERTEX_POINT('',#5603);
#5603 = CARTESIAN_POINT('',(-20.,49.97111583157,10.061549699142));
#5604 = LINE('',#5605,#5606);
#5605 = CARTESIAN_POINT('',(-20.,50.214907696717,10.373589056934));
#5606 = VECTOR('',#5607,1.);
#5607 = DIRECTION('',(0.,-0.615661475326,-0.788010753607));
#5608 = ORIENTED_EDGE('',*,*,#5609,.T.);
#5609 = EDGE_CURVE('',#5602,#5610,#5612,.T.);
#5610 = VERTEX_POINT('',#5611);
#5611 = CARTESIAN_POINT('',(-20.,49.571798076546,9.760642187566));
#5612 = LINE('',#5613,#5614);
#5613 = CARTESIAN_POINT('',(-20.,49.97111583157,10.061549699142));
#5614 = VECTOR('',#5615,1.);
#5615 = DIRECTION('',(0.,-0.798635510047,-0.601815023152));
#5616 = ORIENTED_EDGE('',*,*,#5617,.T.);
#5617 = EDGE_CURVE('',#5610,#5618,#5620,.T.);
#5618 = VERTEX_POINT('',#5619);
#5619 = CARTESIAN_POINT('',(-20.,49.571798076546,7.373589056934));
#5620 = LINE('',#5621,#5622);
#5621 = CARTESIAN_POINT('',(-20.,49.571798076546,9.760642187566));
#5622 = VECTOR('',#5623,1.);
#5623 = DIRECTION('',(0.,0.,-1.));
#5624 = ORIENTED_EDGE('',*,*,#5625,.T.);
#5625 = EDGE_CURVE('',#5618,#2513,#5626,.T.);
#5626 = LINE('',#5627,#5628);
#5627 = CARTESIAN_POINT('',(-20.,49.571798076546,7.373589056934));
#5628 = VECTOR('',#5629,1.);
#5629 = DIRECTION('',(0.,1.,0.));
#5630 = PLANE('',#5631);
#5631 = AXIS2_PLACEMENT_3D('',#5632,#5633,#5634);
#5632 = CARTESIAN_POINT('',(-20.,49.92442495513,8.780422508217));
#5633 = DIRECTION('',(1.,0.,0.));
#5634 = DIRECTION('',(0.,0.,1.));
#5635 = ADVANCED_FACE('',(#5636),#5654,.F.);
#5636 = FACE_BOUND('',#5637,.F.);
#5637 = EDGE_LOOP('',(#5638,#5639,#5647,#5653));
#5638 = ORIENTED_EDGE('',*,*,#5625,.F.);
#5639 = ORIENTED_EDGE('',*,*,#5640,.T.);
#5640 = EDGE_CURVE('',#5618,#5641,#5643,.T.);
#5641 = VERTEX_POINT('',#5642);
#5642 = CARTESIAN_POINT('',(20.,49.571798076546,7.373589056934));
#5643 = LINE('',#5644,#5645);
#5644 = CARTESIAN_POINT('',(-20.,49.571798076546,7.373589056934));
#5645 = VECTOR('',#5646,1.);
#5646 = DIRECTION('',(1.,0.,0.));
#5647 = ORIENTED_EDGE('',*,*,#5648,.T.);
#5648 = EDGE_CURVE('',#5641,#2531,#5649,.T.);
#5649 = LINE('',#5650,#5651);
#5650 = CARTESIAN_POINT('',(20.,49.571798076546,7.373589056934));
#5651 = VECTOR('',#5652,1.);
#5652 = DIRECTION('',(0.,1.,0.));
#5653 = ORIENTED_EDGE('',*,*,#2538,.T.);
#5654 = PLANE('',#5655);
#5655 = AXIS2_PLACEMENT_3D('',#5656,#5657,#5658);
#5656 = CARTESIAN_POINT('',(-20.,49.571798076546,7.373589056934));
#5657 = DIRECTION('',(0.,0.,1.));
#5658 = DIRECTION('',(0.,1.,0.));
#5659 = ADVANCED_FACE('',(#5660),#5678,.F.);
#5660 = FACE_BOUND('',#5661,.F.);
#5661 = EDGE_LOOP('',(#5662,#5663,#5664,#5672));
#5662 = ORIENTED_EDGE('',*,*,#5601,.F.);
#5663 = ORIENTED_EDGE('',*,*,#2522,.T.);
#5664 = ORIENTED_EDGE('',*,*,#5665,.T.);
#5665 = EDGE_CURVE('',#2523,#5666,#5668,.T.);
#5666 = VERTEX_POINT('',#5667);
#5667 = CARTESIAN_POINT('',(20.,49.97111583157,10.061549699142));
#5668 = LINE('',#5669,#5670);
#5669 = CARTESIAN_POINT('',(20.,50.214907696717,10.373589056934));
#5670 = VECTOR('',#5671,1.);
#5671 = DIRECTION('',(0.,-0.615661475326,-0.788010753607));
#5672 = ORIENTED_EDGE('',*,*,#5673,.F.);
#5673 = EDGE_CURVE('',#5602,#5666,#5674,.T.);
#5674 = LINE('',#5675,#5676);
#5675 = CARTESIAN_POINT('',(-20.,49.97111583157,10.061549699142));
#5676 = VECTOR('',#5677,1.);
#5677 = DIRECTION('',(1.,0.,0.));
#5678 = PLANE('',#5679);
#5679 = AXIS2_PLACEMENT_3D('',#5680,#5681,#5682);
#5680 = CARTESIAN_POINT('',(-20.,50.214907696717,10.373589056934));
#5681 = DIRECTION('',(0.,0.788010753607,-0.615661475326));
#5682 = DIRECTION('',(0.,-0.615661475326,-0.788010753607));
#5683 = ADVANCED_FACE('',(#5684),#5703,.T.);
#5684 = FACE_BOUND('',#5685,.T.);
#5685 = EDGE_LOOP('',(#5686,#5687,#5688,#5696,#5702));
#5686 = ORIENTED_EDGE('',*,*,#2530,.T.);
#5687 = ORIENTED_EDGE('',*,*,#5665,.T.);
#5688 = ORIENTED_EDGE('',*,*,#5689,.T.);
#5689 = EDGE_CURVE('',#5666,#5690,#5692,.T.);
#5690 = VERTEX_POINT('',#5691);
#5691 = CARTESIAN_POINT('',(20.,49.571798076546,9.760642187566));
#5692 = LINE('',#5693,#5694);
#5693 = CARTESIAN_POINT('',(20.,49.97111583157,10.061549699142));
#5694 = VECTOR('',#5695,1.);
#5695 = DIRECTION('',(0.,-0.798635510047,-0.601815023152));
#5696 = ORIENTED_EDGE('',*,*,#5697,.T.);
#5697 = EDGE_CURVE('',#5690,#5641,#5698,.T.);
#5698 = LINE('',#5699,#5700);
#5699 = CARTESIAN_POINT('',(20.,49.571798076546,9.760642187566));
#5700 = VECTOR('',#5701,1.);
#5701 = DIRECTION('',(0.,0.,-1.));
#5702 = ORIENTED_EDGE('',*,*,#5648,.T.);
#5703 = PLANE('',#5704);
#5704 = AXIS2_PLACEMENT_3D('',#5705,#5706,#5707);
#5705 = CARTESIAN_POINT('',(20.,49.92442495513,8.780422508217));
#5706 = DIRECTION('',(1.,0.,0.));
#5707 = DIRECTION('',(0.,0.,1.));
#5708 = ADVANCED_FACE('',(#5709),#5715,.F.);
#5709 = FACE_BOUND('',#5710,.F.);
#5710 = EDGE_LOOP('',(#5711,#5712,#5713,#5714));
#5711 = ORIENTED_EDGE('',*,*,#2615,.F.);
#5712 = ORIENTED_EDGE('',*,*,#2638,.F.);
#5713 = ORIENTED_EDGE('',*,*,#2656,.F.);
#5714 = ORIENTED_EDGE('',*,*,#2584,.F.);
#5715 = PLANE('',#5716);
#5716 = AXIS2_PLACEMENT_3D('',#5717,#5718,#5719);
#5717 = CARTESIAN_POINT('',(-18.45,40.168855426627,11.94221825833));
#5718 = DIRECTION('',(0.,-0.121869343357,0.992546151647));
#5719 = DIRECTION('',(0.,0.992546151647,0.121869343357));
#5720 = ADVANCED_FACE('',(#5721,#5755),#5761,.T.);
#5721 = FACE_BOUND('',#5722,.T.);
#5722 = EDGE_LOOP('',(#5723,#5733,#5741,#5749));
#5723 = ORIENTED_EDGE('',*,*,#5724,.T.);
#5724 = EDGE_CURVE('',#5725,#5727,#5729,.T.);
#5725 = VERTEX_POINT('',#5726);
#5726 = CARTESIAN_POINT('',(-15.41,48.091022532372,13.475692724542));
#5727 = VERTEX_POINT('',#5728);
#5728 = CARTESIAN_POINT('',(-15.41,32.111029490851,11.513596296498));
#5729 = LINE('',#5730,#5731);
#5730 = CARTESIAN_POINT('',(-15.41,48.091022532372,13.475692724542));
#5731 = VECTOR('',#5732,1.);
#5732 = DIRECTION('',(0.,-0.992546151647,-0.121869343357));
#5733 = ORIENTED_EDGE('',*,*,#5734,.T.);
#5734 = EDGE_CURVE('',#5727,#5735,#5737,.T.);
#5735 = VERTEX_POINT('',#5736);
#5736 = CARTESIAN_POINT('',(15.41,32.111029490851,11.513596296498));
#5737 = LINE('',#5738,#5739);
#5738 = CARTESIAN_POINT('',(-15.41,32.111029490851,11.513596296498));
#5739 = VECTOR('',#5740,1.);
#5740 = DIRECTION('',(1.,0.,0.));
#5741 = ORIENTED_EDGE('',*,*,#5742,.T.);
#5742 = EDGE_CURVE('',#5735,#5743,#5745,.T.);
#5743 = VERTEX_POINT('',#5744);
#5744 = CARTESIAN_POINT('',(15.41,48.091022532372,13.475692724542));
#5745 = LINE('',#5746,#5747);
#5746 = CARTESIAN_POINT('',(15.41,32.111029490851,11.513596296498));
#5747 = VECTOR('',#5748,1.);
#5748 = DIRECTION('',(0.,0.992546151647,0.121869343357));
#5749 = ORIENTED_EDGE('',*,*,#5750,.T.);
#5750 = EDGE_CURVE('',#5743,#5725,#5751,.T.);
#5751 = LINE('',#5752,#5753);
#5752 = CARTESIAN_POINT('',(15.41,48.091022532372,13.475692724542));
#5753 = VECTOR('',#5754,1.);
#5754 = DIRECTION('',(-1.,0.,0.));
#5755 = FACE_BOUND('',#5756,.F.);
#5756 = EDGE_LOOP('',(#5757,#5758,#5759,#5760));
#5757 = ORIENTED_EDGE('',*,*,#2561,.T.);
#5758 = ORIENTED_EDGE('',*,*,#2673,.T.);
#5759 = ORIENTED_EDGE('',*,*,#2697,.T.);
#5760 = ORIENTED_EDGE('',*,*,#2721,.T.);
#5761 = PLANE('',#5762);
#5762 = AXIS2_PLACEMENT_3D('',#5763,#5764,#5765);
#5763 = CARTESIAN_POINT('',(5.084108907217E-15,40.101026011611,
    12.49464451052));
#5764 = DIRECTION('',(0.,-0.121869343357,0.992546151647));
#5765 = DIRECTION('',(0.,0.992546151647,0.121869343357));
#5766 = ADVANCED_FACE('',(#5767,#5830,#5934,#5968,#6021),#6074,.F.);
#5767 = FACE_BOUND('',#5768,.F.);
#5768 = EDGE_LOOP('',(#5769,#5770,#5778,#5797,#5805,#5824));
#5769 = ORIENTED_EDGE('',*,*,#2803,.F.);
#5770 = ORIENTED_EDGE('',*,*,#5771,.F.);
#5771 = EDGE_CURVE('',#5772,#2804,#5774,.T.);
#5772 = VERTEX_POINT('',#5773);
#5773 = CARTESIAN_POINT('',(-39.475,49.002504525315,14.595118466225));
#5774 = LINE('',#5775,#5776);
#5775 = CARTESIAN_POINT('',(-39.475,49.1,14.607089405269));
#5776 = VECTOR('',#5777,1.);
#5777 = DIRECTION('',(-0.,-0.992546151647,-0.121869343357));
#5778 = ORIENTED_EDGE('',*,*,#5779,.F.);
#5779 = EDGE_CURVE('',#5780,#5772,#5782,.T.);
#5780 = VERTEX_POINT('',#5781);
#5781 = CARTESIAN_POINT('',(-37.075,51.505963078682,14.902504525315));
#5782 = B_SPLINE_CURVE_WITH_KNOTS('',7,(#5783,#5784,#5785,#5786,#5787,
    #5788,#5789,#5790,#5791,#5792,#5793,#5794,#5795,#5796),
  .UNSPECIFIED.,.F.,.F.,(8,6,8),(99.824203823394,104.87000231671,
    104.96787161932),.UNSPECIFIED.);
#5783 = CARTESIAN_POINT('',(-37.07499999999,51.505963078682,
    14.902504525315));
#5784 = CARTESIAN_POINT('',(-37.61220812063,51.505963078681,
    14.902504525315));
#5785 = CARTESIAN_POINT('',(-38.1494792328,51.365274035325,
    14.885230082909));
#5786 = CARTESIAN_POINT('',(-38.64289471828,51.084178331846,
    14.8507158704));
#5787 = CARTESIAN_POINT('',(-39.05024270486,50.678597207466,
    14.800916770152));
#5788 = CARTESIAN_POINT('',(-39.33313908289,50.181835581412,
    14.739922112048));
#5789 = CARTESIAN_POINT('',(-39.47398409635,49.643116347515,
    14.673775707491));
#5790 = CARTESIAN_POINT('',(-39.47502110633,49.087964869439,
    14.605611677048));
#5791 = CARTESIAN_POINT('',(-39.47499346064,49.071537515227,
    14.603594651575));
#5792 = CARTESIAN_POINT('',(-39.47499918111,49.058487002049,
    14.601992250046));
#5793 = CARTESIAN_POINT('',(-39.47500206084,49.044180581453,
    14.600235642475));
#5794 = CARTESIAN_POINT('',(-39.47499922891,49.030384634529,
    14.598541713191));
#5795 = CARTESIAN_POINT('',(-39.475,49.01643245027,14.596828600374));
#5796 = CARTESIAN_POINT('',(-39.475,49.002504525315,14.595118466225));
#5797 = ORIENTED_EDGE('',*,*,#5798,.F.);
#5798 = EDGE_CURVE('',#5799,#5780,#5801,.T.);
#5799 = VERTEX_POINT('',#5800);
#5800 = CARTESIAN_POINT('',(37.074999999999,51.505963078682,
    14.902504525315));
#5801 = LINE('',#5802,#5803);
#5802 = CARTESIAN_POINT('',(37.075,51.505963078682,14.902504525315));
#5803 = VECTOR('',#5804,1.);
#5804 = DIRECTION('',(-1.,0.,0.));
#5805 = ORIENTED_EDGE('',*,*,#5806,.F.);
#5806 = EDGE_CURVE('',#5807,#5799,#5809,.T.);
#5807 = VERTEX_POINT('',#5808);
#5808 = CARTESIAN_POINT('',(39.475,49.002504525315,14.595118466225));
#5809 = B_SPLINE_CURVE_WITH_KNOTS('',7,(#5810,#5811,#5812,#5813,#5814,
    #5815,#5816,#5817,#5818,#5819,#5820,#5821,#5822,#5823),
  .UNSPECIFIED.,.F.,.F.,(8,6,8),(20.530536027464,20.628405330071,
    25.674203823406),.UNSPECIFIED.);
#5810 = CARTESIAN_POINT('',(39.475,49.002504525315,14.595118466225));
#5811 = CARTESIAN_POINT('',(39.475,49.016432450269,14.596828600374));
#5812 = CARTESIAN_POINT('',(39.474999228916,49.030384634531,
    14.598541713191));
#5813 = CARTESIAN_POINT('',(39.475002060846,49.04418058145,
    14.600235642475));
#5814 = CARTESIAN_POINT('',(39.474999181118,49.058487002051,
    14.601992250046));
#5815 = CARTESIAN_POINT('',(39.474993460642,49.071537515226,
    14.603594651575));
#5816 = CARTESIAN_POINT('',(39.475021106339,49.087964869439,
    14.605611677048));
#5817 = CARTESIAN_POINT('',(39.473984096357,49.643116347513,
    14.673775707491));
#5818 = CARTESIAN_POINT('',(39.333139082886,50.181835581418,
    14.739922112049));
#5819 = CARTESIAN_POINT('',(39.050242704868,50.678597207458,
    14.800916770151));
#5820 = CARTESIAN_POINT('',(38.642894718277,51.084178331851,
    14.8507158704));
#5821 = CARTESIAN_POINT('',(38.149479232819,51.365274035323,
    14.885230082909));
#5822 = CARTESIAN_POINT('',(37.61220812063,51.505963078682,
    14.902504525314));
#5823 = CARTESIAN_POINT('',(37.074999999999,51.505963078682,
    14.902504525315));
#5824 = ORIENTED_EDGE('',*,*,#5825,.F.);
#5825 = EDGE_CURVE('',#2795,#5807,#5826,.T.);
#5826 = LINE('',#5827,#5828);
#5827 = CARTESIAN_POINT('',(39.475,28.625,12.093075521795));
#5828 = VECTOR('',#5829,1.);
#5829 = DIRECTION('',(3.444427145102E-16,0.992546151647,0.121869343357)
  );
#5830 = FACE_BOUND('',#5831,.F.);
#5831 = EDGE_LOOP('',(#5832,#5843,#5851,#5860,#5868,#5877,#5885,#5894,
    #5902,#5911,#5919,#5928));
#5832 = ORIENTED_EDGE('',*,*,#5833,.T.);
#5833 = EDGE_CURVE('',#5834,#5836,#5838,.T.);
#5834 = VERTEX_POINT('',#5835);
#5835 = CARTESIAN_POINT('',(26.781541095734,49.846372516501,
    14.698732426941));
#5836 = VERTEX_POINT('',#5837);
#5837 = CARTESIAN_POINT('',(26.681541095734,49.747117901336,
    14.686545492605));
#5838 = CIRCLE('',#5839,0.1);
#5839 = AXIS2_PLACEMENT_3D('',#5840,#5841,#5842);
#5840 = CARTESIAN_POINT('',(26.781541095734,49.747117901336,
    14.686545492605));
#5841 = DIRECTION('',(0.,-0.121869343405,0.992546151641));
#5842 = DIRECTION('',(-1.,0.,0.));
#5843 = ORIENTED_EDGE('',*,*,#5844,.T.);
#5844 = EDGE_CURVE('',#5836,#5845,#5847,.T.);
#5845 = VERTEX_POINT('',#5846);
#5846 = CARTESIAN_POINT('',(26.681541095734,48.435053467684,
    14.525444237308));
#5847 = LINE('',#5848,#5849);
#5848 = CARTESIAN_POINT('',(26.681541095734,45.154436258274,
    14.122635093922));
#5849 = VECTOR('',#5850,1.);
#5850 = DIRECTION('',(0.,-0.992546151647,-0.121869343357));
#5851 = ORIENTED_EDGE('',*,*,#5852,.T.);
#5852 = EDGE_CURVE('',#5845,#5853,#5855,.T.);
#5853 = VERTEX_POINT('',#5854);
#5854 = CARTESIAN_POINT('',(26.781541095734,48.335798852519,
    14.513257302972));
#5855 = CIRCLE('',#5856,0.1);
#5856 = AXIS2_PLACEMENT_3D('',#5857,#5858,#5859);
#5857 = CARTESIAN_POINT('',(26.781541095734,48.435053467684,
    14.525444237308));
#5858 = DIRECTION('',(0.,-0.121869343405,0.992546151641));
#5859 = DIRECTION('',(-1.,0.,0.));
#5860 = ORIENTED_EDGE('',*,*,#5861,.T.);
#5861 = EDGE_CURVE('',#5853,#5862,#5864,.T.);
#5862 = VERTEX_POINT('',#5863);
#5863 = CARTESIAN_POINT('',(28.162037548029,48.335798852519,
    14.513257302972));
#5864 = LINE('',#5865,#5866);
#5865 = CARTESIAN_POINT('',(13.340770547867,48.335798852519,
    14.513257302972));
#5866 = VECTOR('',#5867,1.);
#5867 = DIRECTION('',(1.,0.,0.));
#5868 = ORIENTED_EDGE('',*,*,#5869,.F.);
#5869 = EDGE_CURVE('',#5870,#5862,#5872,.T.);
#5870 = VERTEX_POINT('',#5871);
#5871 = CARTESIAN_POINT('',(28.232748226147,48.306727848802,
    14.509687832547));
#5872 = CIRCLE('',#5873,0.1);
#5873 = AXIS2_PLACEMENT_3D('',#5874,#5875,#5876);
#5874 = CARTESIAN_POINT('',(28.162037548029,48.236544237355,
    14.501070368636));
#5875 = DIRECTION('',(0.,-0.121869343405,0.992546151641));
#5876 = DIRECTION('',(0.,0.992546151641,0.121869343405));
#5877 = ORIENTED_EDGE('',*,*,#5878,.T.);
#5878 = EDGE_CURVE('',#5870,#5879,#5881,.T.);
#5879 = VERTEX_POINT('',#5880);
#5880 = CARTESIAN_POINT('',(29.108906628969,47.437100197848,
    14.402910983318));
#5881 = LINE('',#5882,#5883);
#5882 = CARTESIAN_POINT('',(23.135700666348,53.365782789044,
    15.130861671718));
#5883 = VECTOR('',#5884,1.);
#5884 = DIRECTION('',(0.707106781187,-0.70183611447,-8.617463910633E-02)
  );
#5885 = ORIENTED_EDGE('',*,*,#5886,.T.);
#5886 = EDGE_CURVE('',#5879,#5887,#5889,.T.);
#5887 = VERTEX_POINT('',#5888);
#5888 = CARTESIAN_POINT('',(29.279617307087,47.507283809295,
    14.411528447229));
#5889 = CIRCLE('',#5890,0.1);
#5890 = AXIS2_PLACEMENT_3D('',#5891,#5892,#5893);
#5891 = CARTESIAN_POINT('',(29.179617307087,47.507283809295,
    14.411528447229));
#5892 = DIRECTION('',(-6.938893903907E-18,-0.121869343405,0.992546151641
    ));
#5893 = DIRECTION('',(-0.707106781187,-0.701836114466,
    -8.617463914053E-02));
#5894 = ORIENTED_EDGE('',*,*,#5895,.T.);
#5895 = EDGE_CURVE('',#5887,#5896,#5898,.T.);
#5896 = VERTEX_POINT('',#5897);
#5897 = CARTESIAN_POINT('',(29.279617307087,50.674887559726,
    14.800461282683));
#5898 = LINE('',#5899,#5900);
#5899 = CARTESIAN_POINT('',(29.279617307087,43.865080985642,
    13.964322172988));
#5900 = VECTOR('',#5901,1.);
#5901 = DIRECTION('',(0.,0.992546151647,0.121869343357));
#5902 = ORIENTED_EDGE('',*,*,#5903,.T.);
#5903 = EDGE_CURVE('',#5896,#5904,#5906,.T.);
#5904 = VERTEX_POINT('',#5905);
#5905 = CARTESIAN_POINT('',(29.108906628969,50.745071171173,
    14.809078746594));
#5906 = CIRCLE('',#5907,0.1);
#5907 = AXIS2_PLACEMENT_3D('',#5908,#5909,#5910);
#5908 = CARTESIAN_POINT('',(29.179617307087,50.674887559726,
    14.800461282683));
#5909 = DIRECTION('',(0.,-0.121869343405,0.992546151641));
#5910 = DIRECTION('',(1.,0.,0.));
#5911 = ORIENTED_EDGE('',*,*,#5912,.F.);
#5912 = EDGE_CURVE('',#5913,#5904,#5915,.T.);
#5913 = VERTEX_POINT('',#5914);
#5914 = CARTESIAN_POINT('',(28.232748226147,49.875443520219,
    14.702301897366));
#5915 = LINE('',#5916,#5917);
#5916 = CARTESIAN_POINT('',(18.789008237918,40.502095737745,
    13.551399506168));
#5917 = VECTOR('',#5918,1.);
#5918 = DIRECTION('',(0.707106781187,0.70183611447,8.617463910633E-02));
#5919 = ORIENTED_EDGE('',*,*,#5920,.F.);
#5920 = EDGE_CURVE('',#5921,#5913,#5923,.T.);
#5921 = VERTEX_POINT('',#5922);
#5922 = CARTESIAN_POINT('',(28.162037548029,49.846372516501,
    14.698732426941));
#5923 = CIRCLE('',#5924,0.1);
#5924 = AXIS2_PLACEMENT_3D('',#5925,#5926,#5927);
#5925 = CARTESIAN_POINT('',(28.162037548029,49.945627131666,
    14.710919361276));
#5926 = DIRECTION('',(0.,-0.121869343405,0.992546151641));
#5927 = DIRECTION('',(0.707106781187,-0.701836114466,-8.617463914053E-02
    ));
#5928 = ORIENTED_EDGE('',*,*,#5929,.T.);
#5929 = EDGE_CURVE('',#5921,#5834,#5930,.T.);
#5930 = LINE('',#5931,#5932);
#5931 = CARTESIAN_POINT('',(14.101729452133,49.846372516501,
    14.698732426941));
#5932 = VECTOR('',#5933,1.);
#5933 = DIRECTION('',(-1.,0.,0.));
#5934 = FACE_BOUND('',#5935,.F.);
#5935 = EDGE_LOOP('',(#5936,#5946,#5954,#5962));
#5936 = ORIENTED_EDGE('',*,*,#5937,.T.);
#5937 = EDGE_CURVE('',#5938,#5940,#5942,.T.);
#5938 = VERTEX_POINT('',#5939);
#5939 = CARTESIAN_POINT('',(15.41,47.969153189015,14.46823887619));
#5940 = VERTEX_POINT('',#5941);
#5941 = CARTESIAN_POINT('',(-15.41,47.969153189015,14.46823887619));
#5942 = LINE('',#5943,#5944);
#5943 = CARTESIAN_POINT('',(15.41,47.969153189015,14.46823887619));
#5944 = VECTOR('',#5945,1.);
#5945 = DIRECTION('',(-1.,0.,0.));
#5946 = ORIENTED_EDGE('',*,*,#5947,.T.);
#5947 = EDGE_CURVE('',#5940,#5948,#5950,.T.);
#5948 = VERTEX_POINT('',#5949);
#5949 = CARTESIAN_POINT('',(-15.41,31.989160147494,12.506142448145));
#5950 = LINE('',#5951,#5952);
#5951 = CARTESIAN_POINT('',(-15.41,47.969153189015,14.46823887619));
#5952 = VECTOR('',#5953,1.);
#5953 = DIRECTION('',(0.,-0.992546151647,-0.121869343357));
#5954 = ORIENTED_EDGE('',*,*,#5955,.T.);
#5955 = EDGE_CURVE('',#5948,#5956,#5958,.T.);
#5956 = VERTEX_POINT('',#5957);
#5957 = CARTESIAN_POINT('',(15.41,31.989160147494,12.506142448145));
#5958 = LINE('',#5959,#5960);
#5959 = CARTESIAN_POINT('',(-15.41,31.989160147494,12.506142448145));
#5960 = VECTOR('',#5961,1.);
#5961 = DIRECTION('',(1.,0.,0.));
#5962 = ORIENTED_EDGE('',*,*,#5963,.T.);
#5963 = EDGE_CURVE('',#5956,#5938,#5964,.T.);
#5964 = LINE('',#5965,#5966);
#5965 = CARTESIAN_POINT('',(15.41,31.989160147494,12.506142448145));
#5966 = VECTOR('',#5967,1.);
#5967 = DIRECTION('',(0.,0.992546151647,0.121869343357));
#5968 = FACE_BOUND('',#5969,.F.);
#5969 = EDGE_LOOP('',(#5970,#5981,#5989,#5998,#6006,#6015));
#5970 = ORIENTED_EDGE('',*,*,#5971,.T.);
#5971 = EDGE_CURVE('',#5972,#5974,#5976,.T.);
#5972 = VERTEX_POINT('',#5973);
#5973 = CARTESIAN_POINT('',(-26.35589745962,47.950612334625,
    14.465962345526));
#5974 = VERTEX_POINT('',#5975);
#5975 = CARTESIAN_POINT('',(-26.26929491924,47.801730411878,
    14.447681944022));
#5976 = CIRCLE('',#5977,0.1);
#5977 = AXIS2_PLACEMENT_3D('',#5978,#5979,#5980);
#5978 = CARTESIAN_POINT('',(-26.26929491924,47.900985027042,
    14.459868878358));
#5979 = DIRECTION('',(0.,-0.121869343405,0.992546151641));
#5980 = DIRECTION('',(0.,-0.992546151641,-0.121869343405));
#5981 = ORIENTED_EDGE('',*,*,#5982,.T.);
#5982 = EDGE_CURVE('',#5974,#5983,#5985,.T.);
#5983 = VERTEX_POINT('',#5984);
#5984 = CARTESIAN_POINT('',(-23.61570508075,47.801730411878,
    14.447681944022));
#5985 = LINE('',#5986,#5987);
#5986 = CARTESIAN_POINT('',(-13.22125,47.801730411878,14.447681944022));
#5987 = VECTOR('',#5988,1.);
#5988 = DIRECTION('',(1.,0.,0.));
#5989 = ORIENTED_EDGE('',*,*,#5990,.T.);
#5990 = EDGE_CURVE('',#5983,#5991,#5993,.T.);
#5991 = VERTEX_POINT('',#5992);
#5992 = CARTESIAN_POINT('',(-23.52910254037,47.950612334625,
    14.465962345526));
#5993 = CIRCLE('',#5994,0.1);
#5994 = AXIS2_PLACEMENT_3D('',#5995,#5996,#5997);
#5995 = CARTESIAN_POINT('',(-23.61570508075,47.900985027042,
    14.459868878358));
#5996 = DIRECTION('',(0.,-0.121869343405,0.992546151641));
#5997 = DIRECTION('',(0.,-0.992546151641,-0.121869343405));
#5998 = ORIENTED_EDGE('',*,*,#5999,.T.);
#5999 = EDGE_CURVE('',#5991,#6000,#6002,.T.);
#6000 = VERTEX_POINT('',#6001);
#6001 = CARTESIAN_POINT('',(-24.85589745962,50.231559034396,
    14.746027384387));
#6002 = LINE('',#6003,#6004);
#6003 = CARTESIAN_POINT('',(-18.91126446727,40.011900510993,
    13.491211100519));
#6004 = VECTOR('',#6005,1.);
#6005 = DIRECTION('',(-0.5,0.859570181755,0.10554194729));
#6006 = ORIENTED_EDGE('',*,*,#6007,.T.);
#6007 = EDGE_CURVE('',#6000,#6008,#6010,.T.);
#6008 = VERTEX_POINT('',#6009);
#6009 = CARTESIAN_POINT('',(-25.02910254037,50.231559034396,
    14.746027384387));
#6010 = CIRCLE('',#6011,0.1);
#6011 = AXIS2_PLACEMENT_3D('',#6012,#6013,#6014);
#6012 = CARTESIAN_POINT('',(-24.9425,50.181931726813,14.739933917219));
#6013 = DIRECTION('',(-6.938893903907E-18,-0.121869343405,0.992546151641
    ));
#6014 = DIRECTION('',(0.866025403784,0.496273075821,6.093467170257E-02)
  );
#6015 = ORIENTED_EDGE('',*,*,#6016,.T.);
#6016 = EDGE_CURVE('',#6008,#5972,#6017,.T.);
#6017 = LINE('',#6018,#6019);
#6018 = CARTESIAN_POINT('',(-23.98811053272,52.021170412838,
    14.965764031587));
#6019 = VECTOR('',#6020,1.);
#6020 = DIRECTION('',(-0.5,-0.859570181755,-0.10554194729));
#6021 = FACE_BOUND('',#6022,.F.);
#6022 = EDGE_LOOP('',(#6023,#6034,#6042,#6051,#6059,#6068));
#6023 = ORIENTED_EDGE('',*,*,#6024,.T.);
#6024 = EDGE_CURVE('',#6025,#6027,#6029,.T.);
#6025 = VERTEX_POINT('',#6026);
#6026 = CARTESIAN_POINT('',(-31.26929491924,50.380440957143,
    14.764307785891));
#6027 = VERTEX_POINT('',#6028);
#6028 = CARTESIAN_POINT('',(-31.35589745962,50.231559034396,
    14.746027384387));
#6029 = CIRCLE('',#6030,0.1);
#6030 = AXIS2_PLACEMENT_3D('',#6031,#6032,#6033);
#6031 = CARTESIAN_POINT('',(-31.26929491924,50.281186341978,
    14.752120851555));
#6032 = DIRECTION('',(0.,-0.121869343405,0.992546151641));
#6033 = DIRECTION('',(-0.866025403784,-0.496273075821,
    -6.093467170258E-02));
#6034 = ORIENTED_EDGE('',*,*,#6035,.T.);
#6035 = EDGE_CURVE('',#6027,#6036,#6038,.T.);
#6036 = VERTEX_POINT('',#6037);
#6037 = CARTESIAN_POINT('',(-30.02910254037,47.950612334625,
    14.465962345526));
#6038 = LINE('',#6039,#6040);
#6039 = CARTESIAN_POINT('',(-25.34876446727,39.904454238274,
    13.478018357108));
#6040 = VECTOR('',#6041,1.);
#6041 = DIRECTION('',(0.5,-0.859570181755,-0.10554194729));
#6042 = ORIENTED_EDGE('',*,*,#6043,.T.);
#6043 = EDGE_CURVE('',#6036,#6044,#6046,.T.);
#6044 = VERTEX_POINT('',#6045);
#6045 = CARTESIAN_POINT('',(-29.85589745962,47.950612334625,
    14.465962345526));
#6046 = CIRCLE('',#6047,0.1);
#6047 = AXIS2_PLACEMENT_3D('',#6048,#6049,#6050);
#6048 = CARTESIAN_POINT('',(-29.9425,48.000239642207,14.472055812693));
#6049 = DIRECTION('',(0.,-0.121869343405,0.992546151641));
#6050 = DIRECTION('',(-0.866025403784,-0.496273075821,
    -6.093467170258E-02));
#6051 = ORIENTED_EDGE('',*,*,#6052,.T.);
#6052 = EDGE_CURVE('',#6044,#6053,#6055,.T.);
#6053 = VERTEX_POINT('',#6054);
#6054 = CARTESIAN_POINT('',(-28.52910254037,50.231559034396,
    14.746027384387));
#6055 = LINE('',#6056,#6057);
#6056 = CARTESIAN_POINT('',(-27.80061053272,51.483939049241,
    14.899800314531));
#6057 = VECTOR('',#6058,1.);
#6058 = DIRECTION('',(0.5,0.859570181755,0.10554194729));
#6059 = ORIENTED_EDGE('',*,*,#6060,.T.);
#6060 = EDGE_CURVE('',#6053,#6061,#6063,.T.);
#6061 = VERTEX_POINT('',#6062);
#6062 = CARTESIAN_POINT('',(-28.61570508075,50.380440957143,
    14.764307785891));
#6063 = CIRCLE('',#6064,0.1);
#6064 = AXIS2_PLACEMENT_3D('',#6065,#6066,#6067);
#6065 = CARTESIAN_POINT('',(-28.61570508075,50.281186341978,
    14.752120851555));
#6066 = DIRECTION('',(0.,-0.121869343405,0.992546151641));
#6067 = DIRECTION('',(0.866025403784,-0.496273075821,-6.093467170257E-02
    ));
#6068 = ORIENTED_EDGE('',*,*,#6069,.T.);
#6069 = EDGE_CURVE('',#6061,#6025,#6070,.T.);
#6070 = LINE('',#6071,#6072);
#6071 = CARTESIAN_POINT('',(-14.22125,50.380440957143,14.764307785891));
#6072 = VECTOR('',#6073,1.);
#6073 = DIRECTION('',(-1.,-1.410492915919E-14,-1.73186753268E-15));
#6074 = PLANE('',#6075);
#6075 = AXIS2_PLACEMENT_3D('',#6076,#6077,#6078);
#6076 = CARTESIAN_POINT('',(2.490680547327E-15,40.4625,13.546537760897)
  );
#6077 = DIRECTION('',(0.,0.121869343357,-0.992546151647));
#6078 = DIRECTION('',(0.,-0.992546151647,-0.121869343357));
#6079 = ADVANCED_FACE('',(#6080),#6090,.F.);
#6080 = FACE_BOUND('',#6081,.T.);
#6081 = EDGE_LOOP('',(#6082,#6083,#6084,#6085));
#6082 = ORIENTED_EDGE('',*,*,#3528,.T.);
#6083 = ORIENTED_EDGE('',*,*,#3492,.T.);
#6084 = ORIENTED_EDGE('',*,*,#5771,.F.);
#6085 = ORIENTED_EDGE('',*,*,#6086,.F.);
#6086 = EDGE_CURVE('',#3529,#5772,#6087,.T.);
#6087 = B_SPLINE_CURVE_WITH_KNOTS('',1,(#6088,#6089),.UNSPECIFIED.,.F.,
  .F.,(2,2),(0.,5.14366779593),.PIECEWISE_BEZIER_KNOTS.);
#6088 = CARTESIAN_POINT('',(-40.275,49.1,13.801081544907));
#6089 = CARTESIAN_POINT('',(-39.475,49.002504525315,14.595118466225));
#6090 = PLANE('',#6091);
#6091 = AXIS2_PLACEMENT_3D('',#6092,#6093,#6094);
#6092 = CARTESIAN_POINT('',(-39.875,49.148747737343,14.21007094461));
#6093 = DIRECTION('',(0.707106781187,8.617463910633E-02,-0.70183611447)
  );
#6094 = DIRECTION('',(-5.551115123126E-17,0.992546151647,0.121869343357)
  );
#6095 = ADVANCED_FACE('',(#6096),#6107,.F.);
#6096 = FACE_BOUND('',#6097,.F.);
#6097 = EDGE_LOOP('',(#6098,#6104,#6105,#6106));
#6098 = ORIENTED_EDGE('',*,*,#6099,.T.);
#6099 = EDGE_CURVE('',#3555,#5780,#6100,.T.);
#6100 = LINE('',#6101,#6102);
#6101 = CARTESIAN_POINT('',(-37.075,51.902981539341,14.551252262657));
#6102 = VECTOR('',#6103,1.);
#6103 = DIRECTION('',(-3.851859888774E-34,-0.748955720773,0.662620048234
    ));
#6104 = ORIENTED_EDGE('',*,*,#5779,.T.);
#6105 = ORIENTED_EDGE('',*,*,#6086,.F.);
#6106 = ORIENTED_EDGE('',*,*,#3562,.F.);
#6107 = B_SPLINE_SURFACE_WITH_KNOTS('',1,7,(
    (#6108,#6109,#6110,#6111,#6112,#6113,#6114,#6115,#6116,#6117,#6118
      ,#6119,#6120,#6121)
    ,(#6122,#6123,#6124,#6125,#6126,#6127,#6128,#6129,#6130,#6131,#6132
      ,#6133,#6134,#6135
    )),.UNSPECIFIED.,.F.,.F.,.F.,(2,2),(8,6,8),(0.,5.14366779593),(
    99.824203823394,104.87000231671,104.96787161932),.UNSPECIFIED.);
#6108 = CARTESIAN_POINT('',(-37.075,52.3,14.2));
#6109 = CARTESIAN_POINT('',(-37.77103290164,52.3,14.2));
#6110 = CARTESIAN_POINT('',(-38.46707169877,52.123259970845,
    14.177623131931));
#6111 = CARTESIAN_POINT('',(-39.11119177326,51.770537954715,
    14.132889491016));
#6112 = CARTESIAN_POINT('',(-39.65174853423,51.25708200423,
    14.068219730536));
#6113 = CARTESIAN_POINT('',(-40.04190460272,50.622280103964,
    13.988714990014));
#6114 = CARTESIAN_POINT('',(-40.25163829738,49.915203117719,
    13.901215708843));
#6115 = CARTESIAN_POINT('',(-40.27393884565,49.183571717741,
    13.811343505915));
#6116 = CARTESIAN_POINT('',(-40.27429284352,49.169636271402,
    13.809631947844));
#6117 = CARTESIAN_POINT('',(-40.27457553856,49.155713941767,
    13.807922440152));
#6118 = CARTESIAN_POINT('',(-40.27478788005,49.141782703706,
    13.806211793061));
#6119 = CARTESIAN_POINT('',(-40.27492926195,49.127856112078,
    13.804501851253));
#6120 = CARTESIAN_POINT('',(-40.275,49.113927924955,13.802791679056));
#6121 = CARTESIAN_POINT('',(-40.275,49.1,13.801081544907));
#6122 = CARTESIAN_POINT('',(-37.07499999999,51.505963078682,
    14.902504525315));
#6123 = CARTESIAN_POINT('',(-37.61220812063,51.505963078681,
    14.902504525315));
#6124 = CARTESIAN_POINT('',(-38.1494792328,51.365274035325,
    14.885230082909));
#6125 = CARTESIAN_POINT('',(-38.64289471828,51.084178331846,
    14.8507158704));
#6126 = CARTESIAN_POINT('',(-39.05024270486,50.678597207466,
    14.800916770152));
#6127 = CARTESIAN_POINT('',(-39.33313908289,50.181835581412,
    14.739922112048));
#6128 = CARTESIAN_POINT('',(-39.47398409635,49.643116347515,
    14.673775707491));
#6129 = CARTESIAN_POINT('',(-39.47502110633,49.087964869439,
    14.605611677048));
#6130 = CARTESIAN_POINT('',(-39.47499346064,49.071537515227,
    14.603594651575));
#6131 = CARTESIAN_POINT('',(-39.47499918111,49.058487002049,
    14.601992250046));
#6132 = CARTESIAN_POINT('',(-39.47500206084,49.044180581453,
    14.600235642475));
#6133 = CARTESIAN_POINT('',(-39.47499922891,49.030384634529,
    14.598541713191));
#6134 = CARTESIAN_POINT('',(-39.475,49.01643245027,14.596828600374));
#6135 = CARTESIAN_POINT('',(-39.475,49.002504525315,14.595118466225));
#6136 = ADVANCED_FACE('',(#6137),#6147,.T.);
#6137 = FACE_BOUND('',#6138,.T.);
#6138 = EDGE_LOOP('',(#6139,#6144,#6145,#6146));
#6139 = ORIENTED_EDGE('',*,*,#6140,.F.);
#6140 = EDGE_CURVE('',#3588,#5799,#6141,.T.);
#6141 = B_SPLINE_CURVE_WITH_KNOTS('',1,(#6142,#6143),.UNSPECIFIED.,.F.,
  .F.,(2,2),(0.,5.143667795942),.PIECEWISE_BEZIER_KNOTS.);
#6142 = CARTESIAN_POINT('',(37.075,52.3,14.2));
#6143 = CARTESIAN_POINT('',(37.074999999999,51.505963078682,
    14.902504525315));
#6144 = ORIENTED_EDGE('',*,*,#3595,.T.);
#6145 = ORIENTED_EDGE('',*,*,#6099,.T.);
#6146 = ORIENTED_EDGE('',*,*,#5798,.F.);
#6147 = PLANE('',#6148);
#6148 = AXIS2_PLACEMENT_3D('',#6149,#6150,#6151);
#6149 = CARTESIAN_POINT('',(37.075,51.902981539341,14.551252262657));
#6150 = DIRECTION('',(-6.977781768602E-18,0.662620048234,0.748955720773)
  );
#6151 = DIRECTION('',(-1.,-4.623618092077E-18,-5.226049573899E-18));
#6152 = ADVANCED_FACE('',(#6153),#6164,.F.);
#6153 = FACE_BOUND('',#6154,.F.);
#6154 = EDGE_LOOP('',(#6155,#6161,#6162,#6163));
#6155 = ORIENTED_EDGE('',*,*,#6156,.T.);
#6156 = EDGE_CURVE('',#3944,#5807,#6157,.T.);
#6157 = LINE('',#6158,#6159);
#6158 = CARTESIAN_POINT('',(39.875,49.051252262657,14.198100005566));
#6159 = VECTOR('',#6160,1.);
#6160 = DIRECTION('',(-0.707106781187,-8.617463910633E-02,0.70183611447)
  );
#6161 = ORIENTED_EDGE('',*,*,#5806,.T.);
#6162 = ORIENTED_EDGE('',*,*,#6140,.F.);
#6163 = ORIENTED_EDGE('',*,*,#3951,.F.);
#6164 = B_SPLINE_SURFACE_WITH_KNOTS('',1,7,(
    (#6165,#6166,#6167,#6168,#6169,#6170,#6171,#6172,#6173,#6174,#6175
      ,#6176,#6177,#6178)
    ,(#6179,#6180,#6181,#6182,#6183,#6184,#6185,#6186,#6187,#6188,#6189
      ,#6190,#6191,#6192
    )),.UNSPECIFIED.,.F.,.F.,.F.,(2,2),(8,6,8),(0.,5.143667795942),(
    20.530536027464,20.628405330071,25.674203823406),.UNSPECIFIED.);
#6165 = CARTESIAN_POINT('',(40.275,49.1,13.801081544907));
#6166 = CARTESIAN_POINT('',(40.275,49.113927924954,13.802791679056));
#6167 = CARTESIAN_POINT('',(40.274929261957,49.12785611208,
    13.804501851253));
#6168 = CARTESIAN_POINT('',(40.274787880058,49.141782703704,
    13.806211793061));
#6169 = CARTESIAN_POINT('',(40.274575538563,49.155713941769,
    13.807922440152));
#6170 = CARTESIAN_POINT('',(40.27429284352,49.1696362714,13.809631947843
    ));
#6171 = CARTESIAN_POINT('',(40.273938845656,49.183571717741,
    13.811343505915));
#6172 = CARTESIAN_POINT('',(40.251638297385,49.915203117719,
    13.901215708843));
#6173 = CARTESIAN_POINT('',(40.04190460272,50.622280103964,
    13.988714990014));
#6174 = CARTESIAN_POINT('',(39.651748534237,51.257082004231,
    14.068219730536));
#6175 = CARTESIAN_POINT('',(39.111191773261,51.770537954714,
    14.132889491016));
#6176 = CARTESIAN_POINT('',(38.467071698781,52.123259970846,
    14.177623131931));
#6177 = CARTESIAN_POINT('',(37.77103290164,52.3,14.2));
#6178 = CARTESIAN_POINT('',(37.075,52.3,14.2));
#6179 = CARTESIAN_POINT('',(39.475,49.002504525315,14.595118466225));
#6180 = CARTESIAN_POINT('',(39.475,49.016432450269,14.596828600374));
#6181 = CARTESIAN_POINT('',(39.474999228916,49.030384634531,
    14.598541713191));
#6182 = CARTESIAN_POINT('',(39.475002060846,49.04418058145,
    14.600235642475));
#6183 = CARTESIAN_POINT('',(39.474999181118,49.058487002051,
    14.601992250046));
#6184 = CARTESIAN_POINT('',(39.474993460642,49.071537515226,
    14.603594651575));
#6185 = CARTESIAN_POINT('',(39.475021106339,49.087964869439,
    14.605611677048));
#6186 = CARTESIAN_POINT('',(39.473984096357,49.643116347513,
    14.673775707491));
#6187 = CARTESIAN_POINT('',(39.333139082886,50.181835581418,
    14.739922112049));
#6188 = CARTESIAN_POINT('',(39.050242704868,50.678597207458,
    14.800916770151));
#6189 = CARTESIAN_POINT('',(38.642894718277,51.084178331851,
    14.8507158704));
#6190 = CARTESIAN_POINT('',(38.149479232819,51.365274035323,
    14.885230082909));
#6191 = CARTESIAN_POINT('',(37.61220812063,51.505963078682,
    14.902504525314));
#6192 = CARTESIAN_POINT('',(37.074999999999,51.505963078682,
    14.902504525315));
#6193 = ADVANCED_FACE('',(#6194),#6200,.F.);
#6194 = FACE_BOUND('',#6195,.T.);
#6195 = EDGE_LOOP('',(#6196,#6197,#6198,#6199));
#6196 = ORIENTED_EDGE('',*,*,#3986,.T.);
#6197 = ORIENTED_EDGE('',*,*,#6156,.T.);
#6198 = ORIENTED_EDGE('',*,*,#5825,.F.);
#6199 = ORIENTED_EDGE('',*,*,#4011,.T.);
#6200 = PLANE('',#6201);
#6201 = AXIS2_PLACEMENT_3D('',#6202,#6203,#6204);
#6202 = CARTESIAN_POINT('',(39.875,28.673747737343,11.696057061136));
#6203 = DIRECTION('',(-0.707106781187,8.617463910633E-02,-0.70183611447)
  );
#6204 = DIRECTION('',(-6.036837696399E-16,-0.992546151647,
    -0.121869343357));
#6205 = ADVANCED_FACE('',(#6206),#6210,.F.);
#6206 = FACE_BOUND('',#6207,.F.);
#6207 = EDGE_LOOP('',(#6208,#6209));
#6208 = ORIENTED_EDGE('',*,*,#4844,.F.);
#6209 = ORIENTED_EDGE('',*,*,#5253,.F.);
#6210 = PLANE('',#6211);
#6211 = AXIS2_PLACEMENT_3D('',#6212,#6213,#6214);
#6212 = CARTESIAN_POINT('',(-1.984993740783E-14,48.725,9.));
#6213 = DIRECTION('',(0.,0.,1.));
#6214 = DIRECTION('',(1.,0.,0.));
#6215 = ADVANCED_FACE('',(#6216),#6221,.F.);
#6216 = FACE_BOUND('',#6217,.F.);
#6217 = EDGE_LOOP('',(#6218,#6219,#6220));
#6218 = ORIENTED_EDGE('',*,*,#5113,.F.);
#6219 = ORIENTED_EDGE('',*,*,#5104,.F.);
#6220 = ORIENTED_EDGE('',*,*,#5382,.F.);
#6221 = PLANE('',#6222);
#6222 = AXIS2_PLACEMENT_3D('',#6223,#6224,#6225);
#6223 = CARTESIAN_POINT('',(-1.984993740783E-14,48.725,9.));
#6224 = DIRECTION('',(0.,0.,1.));
#6225 = DIRECTION('',(1.,0.,0.));
#6226 = ADVANCED_FACE('',(#6227),#6238,.F.);
#6227 = FACE_BOUND('',#6228,.F.);
#6228 = EDGE_LOOP('',(#6229,#6235,#6236,#6237));
#6229 = ORIENTED_EDGE('',*,*,#6230,.T.);
#6230 = EDGE_CURVE('',#5610,#5690,#6231,.T.);
#6231 = LINE('',#6232,#6233);
#6232 = CARTESIAN_POINT('',(-20.,49.571798076546,9.760642187566));
#6233 = VECTOR('',#6234,1.);
#6234 = DIRECTION('',(1.,0.,0.));
#6235 = ORIENTED_EDGE('',*,*,#5697,.T.);
#6236 = ORIENTED_EDGE('',*,*,#5640,.F.);
#6237 = ORIENTED_EDGE('',*,*,#5617,.F.);
#6238 = PLANE('',#6239);
#6239 = AXIS2_PLACEMENT_3D('',#6240,#6241,#6242);
#6240 = CARTESIAN_POINT('',(-20.,49.571798076546,9.760642187566));
#6241 = DIRECTION('',(0.,1.,0.));
#6242 = DIRECTION('',(0.,0.,-1.));
#6243 = ADVANCED_FACE('',(#6244),#6250,.F.);
#6244 = FACE_BOUND('',#6245,.F.);
#6245 = EDGE_LOOP('',(#6246,#6247,#6248,#6249));
#6246 = ORIENTED_EDGE('',*,*,#5673,.T.);
#6247 = ORIENTED_EDGE('',*,*,#5689,.T.);
#6248 = ORIENTED_EDGE('',*,*,#6230,.F.);
#6249 = ORIENTED_EDGE('',*,*,#5609,.F.);
#6250 = PLANE('',#6251);
#6251 = AXIS2_PLACEMENT_3D('',#6252,#6253,#6254);
#6252 = CARTESIAN_POINT('',(-20.,49.97111583157,10.061549699142));
#6253 = DIRECTION('',(0.,0.601815023152,-0.798635510047));
#6254 = DIRECTION('',(0.,-0.798635510047,-0.601815023152));
#6255 = ADVANCED_FACE('',(#6256),#6272,.F.);
#6256 = FACE_BOUND('',#6257,.F.);
#6257 = EDGE_LOOP('',(#6258,#6264,#6265,#6271));
#6258 = ORIENTED_EDGE('',*,*,#6259,.T.);
#6259 = EDGE_CURVE('',#5940,#5725,#6260,.T.);
#6260 = LINE('',#6261,#6262);
#6261 = CARTESIAN_POINT('',(-15.41,47.969153189015,14.46823887619));
#6262 = VECTOR('',#6263,1.);
#6263 = DIRECTION('',(0.,0.121869343357,-0.992546151647));
#6264 = ORIENTED_EDGE('',*,*,#5724,.T.);
#6265 = ORIENTED_EDGE('',*,*,#6266,.F.);
#6266 = EDGE_CURVE('',#5948,#5727,#6267,.T.);
#6267 = LINE('',#6268,#6269);
#6268 = CARTESIAN_POINT('',(-15.41,31.989160147494,12.506142448145));
#6269 = VECTOR('',#6270,1.);
#6270 = DIRECTION('',(0.,0.121869343357,-0.992546151647));
#6271 = ORIENTED_EDGE('',*,*,#5947,.F.);
#6272 = PLANE('',#6273);
#6273 = AXIS2_PLACEMENT_3D('',#6274,#6275,#6276);
#6274 = CARTESIAN_POINT('',(-15.41,47.969153189015,14.46823887619));
#6275 = DIRECTION('',(-1.,0.,0.));
#6276 = DIRECTION('',(0.,-0.992546151647,-0.121869343357));
#6277 = ADVANCED_FACE('',(#6278),#6289,.F.);
#6278 = FACE_BOUND('',#6279,.F.);
#6279 = EDGE_LOOP('',(#6280,#6281,#6282,#6288));
#6280 = ORIENTED_EDGE('',*,*,#6266,.T.);
#6281 = ORIENTED_EDGE('',*,*,#5734,.T.);
#6282 = ORIENTED_EDGE('',*,*,#6283,.F.);
#6283 = EDGE_CURVE('',#5956,#5735,#6284,.T.);
#6284 = LINE('',#6285,#6286);
#6285 = CARTESIAN_POINT('',(15.41,31.989160147494,12.506142448145));
#6286 = VECTOR('',#6287,1.);
#6287 = DIRECTION('',(0.,0.121869343357,-0.992546151647));
#6288 = ORIENTED_EDGE('',*,*,#5955,.F.);
#6289 = PLANE('',#6290);
#6290 = AXIS2_PLACEMENT_3D('',#6291,#6292,#6293);
#6291 = CARTESIAN_POINT('',(-15.41,31.989160147494,12.506142448145));
#6292 = DIRECTION('',(0.,-0.992546151647,-0.121869343357));
#6293 = DIRECTION('',(1.,0.,0.));
#6294 = ADVANCED_FACE('',(#6295),#6306,.F.);
#6295 = FACE_BOUND('',#6296,.F.);
#6296 = EDGE_LOOP('',(#6297,#6298,#6299,#6305));
#6297 = ORIENTED_EDGE('',*,*,#6283,.T.);
#6298 = ORIENTED_EDGE('',*,*,#5742,.T.);
#6299 = ORIENTED_EDGE('',*,*,#6300,.F.);
#6300 = EDGE_CURVE('',#5938,#5743,#6301,.T.);
#6301 = LINE('',#6302,#6303);
#6302 = CARTESIAN_POINT('',(15.41,47.969153189015,14.46823887619));
#6303 = VECTOR('',#6304,1.);
#6304 = DIRECTION('',(0.,0.121869343357,-0.992546151647));
#6305 = ORIENTED_EDGE('',*,*,#5963,.F.);
#6306 = PLANE('',#6307);
#6307 = AXIS2_PLACEMENT_3D('',#6308,#6309,#6310);
#6308 = CARTESIAN_POINT('',(15.41,31.989160147494,12.506142448145));
#6309 = DIRECTION('',(1.,0.,0.));
#6310 = DIRECTION('',(0.,0.992546151647,0.121869343357));
#6311 = ADVANCED_FACE('',(#6312),#6318,.F.);
#6312 = FACE_BOUND('',#6313,.F.);
#6313 = EDGE_LOOP('',(#6314,#6315,#6316,#6317));
#6314 = ORIENTED_EDGE('',*,*,#6300,.T.);
#6315 = ORIENTED_EDGE('',*,*,#5750,.T.);
#6316 = ORIENTED_EDGE('',*,*,#6259,.F.);
#6317 = ORIENTED_EDGE('',*,*,#5937,.F.);
#6318 = PLANE('',#6319);
#6319 = AXIS2_PLACEMENT_3D('',#6320,#6321,#6322);
#6320 = CARTESIAN_POINT('',(15.41,47.969153189015,14.46823887619));
#6321 = DIRECTION('',(0.,0.992546151647,0.121869343357));
#6322 = DIRECTION('',(-1.,0.,0.));
#6323 = ADVANCED_FACE('',(#6324),#6350,.F.);
#6324 = FACE_BOUND('',#6325,.T.);
#6325 = EDGE_LOOP('',(#6326,#6334,#6343,#6349));
#6326 = ORIENTED_EDGE('',*,*,#6327,.F.);
#6327 = EDGE_CURVE('',#6328,#5836,#6330,.T.);
#6328 = VERTEX_POINT('',#6329);
#6329 = CARTESIAN_POINT('',(26.681541095734,49.865462157188,
    13.722708875191));
#6330 = LINE('',#6331,#6332);
#6331 = CARTESIAN_POINT('',(26.681541095734,49.865462157188,
    13.722708875191));
#6332 = VECTOR('',#6333,1.);
#6333 = DIRECTION('',(0.,-0.121869343405,0.992546151641));
#6334 = ORIENTED_EDGE('',*,*,#6335,.T.);
#6335 = EDGE_CURVE('',#6328,#6336,#6338,.T.);
#6336 = VERTEX_POINT('',#6337);
#6337 = CARTESIAN_POINT('',(26.781541095734,49.964716772352,
    13.734895809531));
#6338 = CIRCLE('',#6339,0.1);
#6339 = AXIS2_PLACEMENT_3D('',#6340,#6341,#6342);
#6340 = CARTESIAN_POINT('',(26.781541095734,49.865462157188,
    13.722708875191));
#6341 = DIRECTION('',(0.,0.121869343405,-0.992546151641));
#6342 = DIRECTION('',(0.,-0.992546151641,-0.121869343405));
#6343 = ORIENTED_EDGE('',*,*,#6344,.T.);
#6344 = EDGE_CURVE('',#6336,#5834,#6345,.T.);
#6345 = LINE('',#6346,#6347);
#6346 = CARTESIAN_POINT('',(26.781541095734,49.964716772352,
    13.734895809531));
#6347 = VECTOR('',#6348,1.);
#6348 = DIRECTION('',(0.,-0.121869343405,0.992546151641));
#6349 = ORIENTED_EDGE('',*,*,#5833,.T.);
#6350 = CYLINDRICAL_SURFACE('',#6351,0.1);
#6351 = AXIS2_PLACEMENT_3D('',#6352,#6353,#6354);
#6352 = CARTESIAN_POINT('',(26.781541095734,49.865462157188,
    13.722708875191));
#6353 = DIRECTION('',(0.,-0.121869343405,0.992546151641));
#6354 = DIRECTION('',(-1.,0.,0.));
#6355 = ADVANCED_FACE('',(#6356),#6374,.T.);
#6356 = FACE_BOUND('',#6357,.T.);
#6357 = EDGE_LOOP('',(#6358,#6366,#6372,#6373));
#6358 = ORIENTED_EDGE('',*,*,#6359,.F.);
#6359 = EDGE_CURVE('',#6360,#6336,#6362,.T.);
#6360 = VERTEX_POINT('',#6361);
#6361 = CARTESIAN_POINT('',(28.162037548029,49.964716772352,
    13.734895809531));
#6362 = LINE('',#6363,#6364);
#6363 = CARTESIAN_POINT('',(28.203458904266,49.964716772352,
    13.734895809531));
#6364 = VECTOR('',#6365,1.);
#6365 = DIRECTION('',(-1.,0.,0.));
#6366 = ORIENTED_EDGE('',*,*,#6367,.T.);
#6367 = EDGE_CURVE('',#6360,#5921,#6368,.T.);
#6368 = LINE('',#6369,#6370);
#6369 = CARTESIAN_POINT('',(28.162037548029,49.964716772352,
    13.734895809531));
#6370 = VECTOR('',#6371,1.);
#6371 = DIRECTION('',(0.,-0.121869343405,0.992546151641));
#6372 = ORIENTED_EDGE('',*,*,#5929,.T.);
#6373 = ORIENTED_EDGE('',*,*,#6344,.F.);
#6374 = PLANE('',#6375);
#6375 = AXIS2_PLACEMENT_3D('',#6376,#6377,#6378);
#6376 = CARTESIAN_POINT('',(28.203458904266,49.964716772352,
    13.734895809531));
#6377 = DIRECTION('',(-0.,-0.992546151641,-0.121869343405));
#6378 = DIRECTION('',(-1.,0.,0.));
#6379 = ADVANCED_FACE('',(#6380),#6399,.T.);
#6380 = FACE_BOUND('',#6381,.F.);
#6381 = EDGE_LOOP('',(#6382,#6390,#6397,#6398));
#6382 = ORIENTED_EDGE('',*,*,#6383,.F.);
#6383 = EDGE_CURVE('',#6384,#5913,#6386,.T.);
#6384 = VERTEX_POINT('',#6385);
#6385 = CARTESIAN_POINT('',(28.232748226147,49.993787776069,
    13.738465279958));
#6386 = LINE('',#6387,#6388);
#6387 = CARTESIAN_POINT('',(28.232748226147,49.993787776069,
    13.738465279958));
#6388 = VECTOR('',#6389,1.);
#6389 = DIRECTION('',(0.,-0.121869343405,0.992546151641));
#6390 = ORIENTED_EDGE('',*,*,#6391,.T.);
#6391 = EDGE_CURVE('',#6384,#6360,#6392,.T.);
#6392 = CIRCLE('',#6393,0.1);
#6393 = AXIS2_PLACEMENT_3D('',#6394,#6395,#6396);
#6394 = CARTESIAN_POINT('',(28.162037548029,50.063971387516,
    13.747082743872));
#6395 = DIRECTION('',(0.,0.121869343405,-0.992546151641));
#6396 = DIRECTION('',(0.,-0.992546151641,-0.121869343405));
#6397 = ORIENTED_EDGE('',*,*,#6367,.T.);
#6398 = ORIENTED_EDGE('',*,*,#5920,.T.);
#6399 = CYLINDRICAL_SURFACE('',#6400,0.1);
#6400 = AXIS2_PLACEMENT_3D('',#6401,#6402,#6403);
#6401 = CARTESIAN_POINT('',(28.162037548029,50.063971387516,
    13.747082743872));
#6402 = DIRECTION('',(0.,-0.121869343405,0.992546151641));
#6403 = DIRECTION('',(0.707106781187,-0.701836114466,-8.617463914053E-02
    ));
#6404 = ADVANCED_FACE('',(#6405),#6423,.F.);
#6405 = FACE_BOUND('',#6406,.F.);
#6406 = EDGE_LOOP('',(#6407,#6415,#6416,#6417));
#6407 = ORIENTED_EDGE('',*,*,#6408,.F.);
#6408 = EDGE_CURVE('',#6384,#6409,#6411,.T.);
#6409 = VERTEX_POINT('',#6410);
#6410 = CARTESIAN_POINT('',(29.108906628969,50.863415427018,
    13.845242129228));
#6411 = LINE('',#6412,#6413);
#6412 = CARTESIAN_POINT('',(28.203458904266,49.964716772352,
    13.734895809531));
#6413 = VECTOR('',#6414,1.);
#6414 = DIRECTION('',(0.707106781187,0.701836114466,8.617463914053E-02)
  );
#6415 = ORIENTED_EDGE('',*,*,#6383,.T.);
#6416 = ORIENTED_EDGE('',*,*,#5912,.T.);
#6417 = ORIENTED_EDGE('',*,*,#6418,.F.);
#6418 = EDGE_CURVE('',#6409,#5904,#6419,.T.);
#6419 = LINE('',#6420,#6421);
#6420 = CARTESIAN_POINT('',(29.108906628969,50.863415427018,
    13.845242129228));
#6421 = VECTOR('',#6422,1.);
#6422 = DIRECTION('',(0.,-0.121869343405,0.992546151641));
#6423 = PLANE('',#6424);
#6424 = AXIS2_PLACEMENT_3D('',#6425,#6426,#6427);
#6425 = CARTESIAN_POINT('',(28.203458904266,49.964716772352,
    13.734895809531));
#6426 = DIRECTION('',(-0.707106781187,0.701836114466,8.617463914053E-02)
  );
#6427 = DIRECTION('',(0.707106781187,0.701836114466,8.617463914053E-02)
  );
#6428 = ADVANCED_FACE('',(#6429),#6448,.F.);
#6429 = FACE_BOUND('',#6430,.F.);
#6430 = EDGE_LOOP('',(#6431,#6439,#6446,#6447));
#6431 = ORIENTED_EDGE('',*,*,#6432,.F.);
#6432 = EDGE_CURVE('',#6433,#5896,#6435,.T.);
#6433 = VERTEX_POINT('',#6434);
#6434 = CARTESIAN_POINT('',(29.279617307087,50.793231815571,
    13.836624665314));
#6435 = LINE('',#6436,#6437);
#6436 = CARTESIAN_POINT('',(29.279617307087,50.793231815571,
    13.836624665314));
#6437 = VECTOR('',#6438,1.);
#6438 = DIRECTION('',(0.,-0.121869343405,0.992546151641));
#6439 = ORIENTED_EDGE('',*,*,#6440,.T.);
#6440 = EDGE_CURVE('',#6433,#6409,#6441,.T.);
#6441 = CIRCLE('',#6442,0.1);
#6442 = AXIS2_PLACEMENT_3D('',#6443,#6444,#6445);
#6443 = CARTESIAN_POINT('',(29.179617307087,50.793231815571,
    13.836624665314));
#6444 = DIRECTION('',(0.,-0.121869343405,0.992546151641));
#6445 = DIRECTION('',(0.,-0.992546151641,-0.121869343405));
#6446 = ORIENTED_EDGE('',*,*,#6418,.T.);
#6447 = ORIENTED_EDGE('',*,*,#5903,.F.);
#6448 = CYLINDRICAL_SURFACE('',#6449,0.1);
#6449 = AXIS2_PLACEMENT_3D('',#6450,#6451,#6452);
#6450 = CARTESIAN_POINT('',(29.179617307087,50.793231815571,
    13.836624665314));
#6451 = DIRECTION('',(0.,-0.121869343405,0.992546151641));
#6452 = DIRECTION('',(1.,0.,0.));
#6453 = ADVANCED_FACE('',(#6454),#6472,.T.);
#6454 = FACE_BOUND('',#6455,.T.);
#6455 = EDGE_LOOP('',(#6456,#6464,#6470,#6471));
#6456 = ORIENTED_EDGE('',*,*,#6457,.F.);
#6457 = EDGE_CURVE('',#6458,#6433,#6460,.T.);
#6458 = VERTEX_POINT('',#6459);
#6459 = CARTESIAN_POINT('',(29.279617307087,47.62562806516,
    13.447691829706));
#6460 = LINE('',#6461,#6462);
#6461 = CARTESIAN_POINT('',(29.279617307087,47.386006227102,
    13.418269967537));
#6462 = VECTOR('',#6463,1.);
#6463 = DIRECTION('',(0.,0.992546151641,0.121869343405));
#6464 = ORIENTED_EDGE('',*,*,#6465,.T.);
#6465 = EDGE_CURVE('',#6458,#5887,#6466,.T.);
#6466 = LINE('',#6467,#6468);
#6467 = CARTESIAN_POINT('',(29.279617307087,47.62562806516,
    13.447691829706));
#6468 = VECTOR('',#6469,1.);
#6469 = DIRECTION('',(0.,-0.121869343405,0.992546151641));
#6470 = ORIENTED_EDGE('',*,*,#5895,.T.);
#6471 = ORIENTED_EDGE('',*,*,#6432,.F.);
#6472 = PLANE('',#6473);
#6473 = AXIS2_PLACEMENT_3D('',#6474,#6475,#6476);
#6474 = CARTESIAN_POINT('',(29.279617307087,47.386006227102,
    13.418269967537));
#6475 = DIRECTION('',(-1.,0.,0.));
#6476 = DIRECTION('',(0.,0.992546151641,0.121869343405));
#6477 = ADVANCED_FACE('',(#6478),#6497,.F.);
#6478 = FACE_BOUND('',#6479,.F.);
#6479 = EDGE_LOOP('',(#6480,#6488,#6495,#6496));
#6480 = ORIENTED_EDGE('',*,*,#6481,.F.);
#6481 = EDGE_CURVE('',#6482,#5879,#6484,.T.);
#6482 = VERTEX_POINT('',#6483);
#6483 = CARTESIAN_POINT('',(29.108906628969,47.555444453713,
    13.439074365792));
#6484 = LINE('',#6485,#6486);
#6485 = CARTESIAN_POINT('',(29.108906628969,47.555444453713,
    13.439074365792));
#6486 = VECTOR('',#6487,1.);
#6487 = DIRECTION('',(0.,-0.121869343405,0.992546151641));
#6488 = ORIENTED_EDGE('',*,*,#6489,.T.);
#6489 = EDGE_CURVE('',#6482,#6458,#6490,.T.);
#6490 = CIRCLE('',#6491,0.1);
#6491 = AXIS2_PLACEMENT_3D('',#6492,#6493,#6494);
#6492 = CARTESIAN_POINT('',(29.179617307087,47.62562806516,
    13.447691829706));
#6493 = DIRECTION('',(0.,-0.121869343405,0.992546151641));
#6494 = DIRECTION('',(0.,-0.992546151641,-0.121869343405));
#6495 = ORIENTED_EDGE('',*,*,#6465,.T.);
#6496 = ORIENTED_EDGE('',*,*,#5886,.F.);
#6497 = CYLINDRICAL_SURFACE('',#6498,0.1);
#6498 = AXIS2_PLACEMENT_3D('',#6499,#6500,#6501);
#6499 = CARTESIAN_POINT('',(29.179617307087,47.62562806516,
    13.447691829706));
#6500 = DIRECTION('',(0.,-0.121869343405,0.992546151641));
#6501 = DIRECTION('',(-0.707106781187,-0.701836114466,
    -8.617463914053E-02));
#6502 = ADVANCED_FACE('',(#6503),#6521,.T.);
#6503 = FACE_BOUND('',#6504,.T.);
#6504 = EDGE_LOOP('',(#6505,#6513,#6519,#6520));
#6505 = ORIENTED_EDGE('',*,*,#6506,.F.);
#6506 = EDGE_CURVE('',#6507,#6482,#6509,.T.);
#6507 = VERTEX_POINT('',#6508);
#6508 = CARTESIAN_POINT('',(28.232748226147,48.425072104662,
    13.545851215062));
#6509 = LINE('',#6510,#6511);
#6510 = CARTESIAN_POINT('',(28.203458904266,48.454143108379,
    13.549420685489));
#6511 = VECTOR('',#6512,1.);
#6512 = DIRECTION('',(0.707106781187,-0.701836114466,-8.617463914053E-02
    ));
#6513 = ORIENTED_EDGE('',*,*,#6514,.T.);
#6514 = EDGE_CURVE('',#6507,#5870,#6515,.T.);
#6515 = LINE('',#6516,#6517);
#6516 = CARTESIAN_POINT('',(28.232748226147,48.425072104662,
    13.545851215062));
#6517 = VECTOR('',#6518,1.);
#6518 = DIRECTION('',(0.,-0.121869343405,0.992546151641));
#6519 = ORIENTED_EDGE('',*,*,#5878,.T.);
#6520 = ORIENTED_EDGE('',*,*,#6481,.F.);
#6521 = PLANE('',#6522);
#6522 = AXIS2_PLACEMENT_3D('',#6523,#6524,#6525);
#6523 = CARTESIAN_POINT('',(28.203458904266,48.454143108379,
    13.549420685489));
#6524 = DIRECTION('',(0.707106781187,0.701836114466,8.617463914053E-02)
  );
#6525 = DIRECTION('',(0.707106781187,-0.701836114466,-8.617463914053E-02
    ));
#6526 = ADVANCED_FACE('',(#6527),#6546,.T.);
#6527 = FACE_BOUND('',#6528,.F.);
#6528 = EDGE_LOOP('',(#6529,#6537,#6544,#6545));
#6529 = ORIENTED_EDGE('',*,*,#6530,.F.);
#6530 = EDGE_CURVE('',#6531,#5862,#6533,.T.);
#6531 = VERTEX_POINT('',#6532);
#6532 = CARTESIAN_POINT('',(28.162037548029,48.454143108379,
    13.549420685489));
#6533 = LINE('',#6534,#6535);
#6534 = CARTESIAN_POINT('',(28.162037548029,48.454143108379,
    13.549420685489));
#6535 = VECTOR('',#6536,1.);
#6536 = DIRECTION('',(0.,-0.121869343405,0.992546151641));
#6537 = ORIENTED_EDGE('',*,*,#6538,.T.);
#6538 = EDGE_CURVE('',#6531,#6507,#6539,.T.);
#6539 = CIRCLE('',#6540,0.1);
#6540 = AXIS2_PLACEMENT_3D('',#6541,#6542,#6543);
#6541 = CARTESIAN_POINT('',(28.162037548029,48.354888493215,
    13.537233751148));
#6542 = DIRECTION('',(0.,0.121869343405,-0.992546151641));
#6543 = DIRECTION('',(0.,-0.992546151641,-0.121869343405));
#6544 = ORIENTED_EDGE('',*,*,#6514,.T.);
#6545 = ORIENTED_EDGE('',*,*,#5869,.T.);
#6546 = CYLINDRICAL_SURFACE('',#6547,0.1);
#6547 = AXIS2_PLACEMENT_3D('',#6548,#6549,#6550);
#6548 = CARTESIAN_POINT('',(28.162037548029,48.354888493215,
    13.537233751148));
#6549 = DIRECTION('',(0.,-0.121869343405,0.992546151641));
#6550 = DIRECTION('',(0.,0.992546151641,0.121869343405));
#6551 = ADVANCED_FACE('',(#6552),#6570,.T.);
#6552 = FACE_BOUND('',#6553,.T.);
#6553 = EDGE_LOOP('',(#6554,#6562,#6568,#6569));
#6554 = ORIENTED_EDGE('',*,*,#6555,.F.);
#6555 = EDGE_CURVE('',#6556,#6531,#6558,.T.);
#6556 = VERTEX_POINT('',#6557);
#6557 = CARTESIAN_POINT('',(26.781541095734,48.454143108379,
    13.549420685489));
#6558 = LINE('',#6559,#6560);
#6559 = CARTESIAN_POINT('',(26.681541095734,48.454143108379,
    13.549420685489));
#6560 = VECTOR('',#6561,1.);
#6561 = DIRECTION('',(1.,0.,0.));
#6562 = ORIENTED_EDGE('',*,*,#6563,.T.);
#6563 = EDGE_CURVE('',#6556,#5853,#6564,.T.);
#6564 = LINE('',#6565,#6566);
#6565 = CARTESIAN_POINT('',(26.781541095734,48.454143108379,
    13.549420685489));
#6566 = VECTOR('',#6567,1.);
#6567 = DIRECTION('',(0.,-0.121869343405,0.992546151641));
#6568 = ORIENTED_EDGE('',*,*,#5861,.T.);
#6569 = ORIENTED_EDGE('',*,*,#6530,.F.);
#6570 = PLANE('',#6571);
#6571 = AXIS2_PLACEMENT_3D('',#6572,#6573,#6574);
#6572 = CARTESIAN_POINT('',(26.681541095734,48.454143108379,
    13.549420685489));
#6573 = DIRECTION('',(0.,0.992546151641,0.121869343405));
#6574 = DIRECTION('',(1.,0.,0.));
#6575 = ADVANCED_FACE('',(#6576),#6595,.F.);
#6576 = FACE_BOUND('',#6577,.F.);
#6577 = EDGE_LOOP('',(#6578,#6586,#6593,#6594));
#6578 = ORIENTED_EDGE('',*,*,#6579,.F.);
#6579 = EDGE_CURVE('',#6580,#5845,#6582,.T.);
#6580 = VERTEX_POINT('',#6581);
#6581 = CARTESIAN_POINT('',(26.681541095734,48.553397723543,
    13.561607619829));
#6582 = LINE('',#6583,#6584);
#6583 = CARTESIAN_POINT('',(26.681541095734,48.553397723543,
    13.561607619829));
#6584 = VECTOR('',#6585,1.);
#6585 = DIRECTION('',(0.,-0.121869343405,0.992546151641));
#6586 = ORIENTED_EDGE('',*,*,#6587,.T.);
#6587 = EDGE_CURVE('',#6580,#6556,#6588,.T.);
#6588 = CIRCLE('',#6589,0.1);
#6589 = AXIS2_PLACEMENT_3D('',#6590,#6591,#6592);
#6590 = CARTESIAN_POINT('',(26.781541095734,48.553397723543,
    13.561607619829));
#6591 = DIRECTION('',(0.,-0.121869343405,0.992546151641));
#6592 = DIRECTION('',(0.,-0.992546151641,-0.121869343405));
#6593 = ORIENTED_EDGE('',*,*,#6563,.T.);
#6594 = ORIENTED_EDGE('',*,*,#5852,.F.);
#6595 = CYLINDRICAL_SURFACE('',#6596,0.1);
#6596 = AXIS2_PLACEMENT_3D('',#6597,#6598,#6599);
#6597 = CARTESIAN_POINT('',(26.781541095734,48.553397723543,
    13.561607619829));
#6598 = DIRECTION('',(0.,-0.121869343405,0.992546151641));
#6599 = DIRECTION('',(-1.,0.,0.));
#6600 = ADVANCED_FACE('',(#6601),#6612,.T.);
#6601 = FACE_BOUND('',#6602,.T.);
#6602 = EDGE_LOOP('',(#6603,#6609,#6610,#6611));
#6603 = ORIENTED_EDGE('',*,*,#6604,.F.);
#6604 = EDGE_CURVE('',#6328,#6580,#6605,.T.);
#6605 = LINE('',#6606,#6607);
#6606 = CARTESIAN_POINT('',(26.681541095734,49.964716772352,
    13.734895809531));
#6607 = VECTOR('',#6608,1.);
#6608 = DIRECTION('',(0.,-0.992546151641,-0.121869343405));
#6609 = ORIENTED_EDGE('',*,*,#6327,.T.);
#6610 = ORIENTED_EDGE('',*,*,#5844,.T.);
#6611 = ORIENTED_EDGE('',*,*,#6579,.F.);
#6612 = PLANE('',#6613);
#6613 = AXIS2_PLACEMENT_3D('',#6614,#6615,#6616);
#6614 = CARTESIAN_POINT('',(26.681541095734,49.964716772352,
    13.734895809531));
#6615 = DIRECTION('',(1.,0.,0.));
#6616 = DIRECTION('',(0.,-0.992546151641,-0.121869343405));
#6617 = ADVANCED_FACE('',(#6618),#6644,.F.);
#6618 = FACE_BOUND('',#6619,.T.);
#6619 = EDGE_LOOP('',(#6620,#6628,#6637,#6643));
#6620 = ORIENTED_EDGE('',*,*,#6621,.F.);
#6621 = EDGE_CURVE('',#6622,#5974,#6624,.T.);
#6622 = VERTEX_POINT('',#6623);
#6623 = CARTESIAN_POINT('',(-26.26929491924,47.920074667741,
    13.483845326513));
#6624 = LINE('',#6625,#6626);
#6625 = CARTESIAN_POINT('',(-26.26929491924,47.920074667741,
    13.483845326513));
#6626 = VECTOR('',#6627,1.);
#6627 = DIRECTION('',(0.,-0.121869343405,0.992546151641));
#6628 = ORIENTED_EDGE('',*,*,#6629,.T.);
#6629 = EDGE_CURVE('',#6622,#6630,#6632,.T.);
#6630 = VERTEX_POINT('',#6631);
#6631 = CARTESIAN_POINT('',(-26.35589745962,48.068956590487,
    13.502125728024));
#6632 = CIRCLE('',#6633,0.1);
#6633 = AXIS2_PLACEMENT_3D('',#6634,#6635,#6636);
#6634 = CARTESIAN_POINT('',(-26.26929491924,48.019329282905,
    13.496032260853));
#6635 = DIRECTION('',(0.,0.121869343405,-0.992546151641));
#6636 = DIRECTION('',(0.,-0.992546151641,-0.121869343405));
#6637 = ORIENTED_EDGE('',*,*,#6638,.T.);
#6638 = EDGE_CURVE('',#6630,#5972,#6639,.T.);
#6639 = LINE('',#6640,#6641);
#6640 = CARTESIAN_POINT('',(-26.35589745962,48.068956590487,
    13.502125728024));
#6641 = VECTOR('',#6642,1.);
#6642 = DIRECTION('',(0.,-0.121869343405,0.992546151641));
#6643 = ORIENTED_EDGE('',*,*,#5971,.T.);
#6644 = CYLINDRICAL_SURFACE('',#6645,0.1);
#6645 = AXIS2_PLACEMENT_3D('',#6646,#6647,#6648);
#6646 = CARTESIAN_POINT('',(-26.26929491924,48.019329282905,
    13.496032260853));
#6647 = DIRECTION('',(0.,-0.121869343405,0.992546151641));
#6648 = DIRECTION('',(0.,-0.992546151641,-0.121869343405));
#6649 = ADVANCED_FACE('',(#6650),#6668,.T.);
#6650 = FACE_BOUND('',#6651,.T.);
#6651 = EDGE_LOOP('',(#6652,#6660,#6666,#6667));
#6652 = ORIENTED_EDGE('',*,*,#6653,.F.);
#6653 = EDGE_CURVE('',#6654,#6630,#6656,.T.);
#6654 = VERTEX_POINT('',#6655);
#6655 = CARTESIAN_POINT('',(-25.02910254037,50.349903290244,
    13.782190766996));
#6656 = LINE('',#6657,#6658);
#6657 = CARTESIAN_POINT('',(-24.9425,50.49878521299,13.800471168507));
#6658 = VECTOR('',#6659,1.);
#6659 = DIRECTION('',(-0.5,-0.85957018175,-0.105541947331));
#6660 = ORIENTED_EDGE('',*,*,#6661,.T.);
#6661 = EDGE_CURVE('',#6654,#6008,#6662,.T.);
#6662 = LINE('',#6663,#6664);
#6663 = CARTESIAN_POINT('',(-25.02910254037,50.349903290244,
    13.782190766996));
#6664 = VECTOR('',#6665,1.);
#6665 = DIRECTION('',(0.,-0.121869343405,0.992546151641));
#6666 = ORIENTED_EDGE('',*,*,#6016,.T.);
#6667 = ORIENTED_EDGE('',*,*,#6638,.F.);
#6668 = PLANE('',#6669);
#6669 = AXIS2_PLACEMENT_3D('',#6670,#6671,#6672);
#6670 = CARTESIAN_POINT('',(-24.9425,50.49878521299,13.800471168507));
#6671 = DIRECTION('',(0.866025403784,-0.496273075821,-6.093467170257E-02
    ));
#6672 = DIRECTION('',(-0.5,-0.85957018175,-0.105541947331));
#6673 = ADVANCED_FACE('',(#6674),#6693,.F.);
#6674 = FACE_BOUND('',#6675,.F.);
#6675 = EDGE_LOOP('',(#6676,#6684,#6691,#6692));
#6676 = ORIENTED_EDGE('',*,*,#6677,.F.);
#6677 = EDGE_CURVE('',#6678,#6000,#6680,.T.);
#6678 = VERTEX_POINT('',#6679);
#6679 = CARTESIAN_POINT('',(-24.85589745962,50.349903290244,
    13.782190766996));
#6680 = LINE('',#6681,#6682);
#6681 = CARTESIAN_POINT('',(-24.85589745962,50.349903290244,
    13.782190766996));
#6682 = VECTOR('',#6683,1.);
#6683 = DIRECTION('',(0.,-0.121869343405,0.992546151641));
#6684 = ORIENTED_EDGE('',*,*,#6685,.T.);
#6685 = EDGE_CURVE('',#6678,#6654,#6686,.T.);
#6686 = CIRCLE('',#6687,0.1);
#6687 = AXIS2_PLACEMENT_3D('',#6688,#6689,#6690);
#6688 = CARTESIAN_POINT('',(-24.9425,50.300275982662,13.776097299826));
#6689 = DIRECTION('',(0.,-0.121869343405,0.992546151641));
#6690 = DIRECTION('',(0.,-0.992546151641,-0.121869343405));
#6691 = ORIENTED_EDGE('',*,*,#6661,.T.);
#6692 = ORIENTED_EDGE('',*,*,#6007,.F.);
#6693 = CYLINDRICAL_SURFACE('',#6694,0.1);
#6694 = AXIS2_PLACEMENT_3D('',#6695,#6696,#6697);
#6695 = CARTESIAN_POINT('',(-24.9425,50.300275982662,13.776097299826));
#6696 = DIRECTION('',(0.,-0.121869343405,0.992546151641));
#6697 = DIRECTION('',(0.866025403784,0.496273075821,6.093467170257E-02)
  );
#6698 = ADVANCED_FACE('',(#6699),#6717,.T.);
#6699 = FACE_BOUND('',#6700,.T.);
#6700 = EDGE_LOOP('',(#6701,#6709,#6715,#6716));
#6701 = ORIENTED_EDGE('',*,*,#6702,.F.);
#6702 = EDGE_CURVE('',#6703,#6678,#6705,.T.);
#6703 = VERTEX_POINT('',#6704);
#6704 = CARTESIAN_POINT('',(-23.52910254037,48.068956590487,
    13.502125728024));
#6705 = LINE('',#6706,#6707);
#6706 = CARTESIAN_POINT('',(-23.4425,47.920074667741,13.483845326513));
#6707 = VECTOR('',#6708,1.);
#6708 = DIRECTION('',(-0.5,0.85957018175,0.105541947331));
#6709 = ORIENTED_EDGE('',*,*,#6710,.T.);
#6710 = EDGE_CURVE('',#6703,#5991,#6711,.T.);
#6711 = LINE('',#6712,#6713);
#6712 = CARTESIAN_POINT('',(-23.52910254037,48.068956590487,
    13.502125728024));
#6713 = VECTOR('',#6714,1.);
#6714 = DIRECTION('',(0.,-0.121869343405,0.992546151641));
#6715 = ORIENTED_EDGE('',*,*,#5999,.T.);
#6716 = ORIENTED_EDGE('',*,*,#6677,.F.);
#6717 = PLANE('',#6718);
#6718 = AXIS2_PLACEMENT_3D('',#6719,#6720,#6721);
#6719 = CARTESIAN_POINT('',(-23.4425,47.920074667741,13.483845326513));
#6720 = DIRECTION('',(-0.866025403784,-0.496273075821,
    -6.093467170257E-02));
#6721 = DIRECTION('',(-0.5,0.85957018175,0.105541947331));
#6722 = ADVANCED_FACE('',(#6723),#6742,.F.);
#6723 = FACE_BOUND('',#6724,.F.);
#6724 = EDGE_LOOP('',(#6725,#6733,#6740,#6741));
#6725 = ORIENTED_EDGE('',*,*,#6726,.F.);
#6726 = EDGE_CURVE('',#6727,#5983,#6729,.T.);
#6727 = VERTEX_POINT('',#6728);
#6728 = CARTESIAN_POINT('',(-23.61570508075,47.920074667741,
    13.483845326513));
#6729 = LINE('',#6730,#6731);
#6730 = CARTESIAN_POINT('',(-23.61570508075,47.920074667741,
    13.483845326513));
#6731 = VECTOR('',#6732,1.);
#6732 = DIRECTION('',(0.,-0.121869343405,0.992546151641));
#6733 = ORIENTED_EDGE('',*,*,#6734,.T.);
#6734 = EDGE_CURVE('',#6727,#6703,#6735,.T.);
#6735 = CIRCLE('',#6736,0.1);
#6736 = AXIS2_PLACEMENT_3D('',#6737,#6738,#6739);
#6737 = CARTESIAN_POINT('',(-23.61570508075,48.019329282905,
    13.496032260853));
#6738 = DIRECTION('',(0.,-0.121869343405,0.992546151641));
#6739 = DIRECTION('',(0.,-0.992546151641,-0.121869343405));
#6740 = ORIENTED_EDGE('',*,*,#6710,.T.);
#6741 = ORIENTED_EDGE('',*,*,#5990,.F.);
#6742 = CYLINDRICAL_SURFACE('',#6743,0.1);
#6743 = AXIS2_PLACEMENT_3D('',#6744,#6745,#6746);
#6744 = CARTESIAN_POINT('',(-23.61570508075,48.019329282905,
    13.496032260853));
#6745 = DIRECTION('',(0.,-0.121869343405,0.992546151641));
#6746 = DIRECTION('',(0.,-0.992546151641,-0.121869343405));
#6747 = ADVANCED_FACE('',(#6748),#6759,.T.);
#6748 = FACE_BOUND('',#6749,.T.);
#6749 = EDGE_LOOP('',(#6750,#6756,#6757,#6758));
#6750 = ORIENTED_EDGE('',*,*,#6751,.F.);
#6751 = EDGE_CURVE('',#6622,#6727,#6752,.T.);
#6752 = LINE('',#6753,#6754);
#6753 = CARTESIAN_POINT('',(-26.4425,47.920074667741,13.483845326513));
#6754 = VECTOR('',#6755,1.);
#6755 = DIRECTION('',(1.,0.,0.));
#6756 = ORIENTED_EDGE('',*,*,#6621,.T.);
#6757 = ORIENTED_EDGE('',*,*,#5982,.T.);
#6758 = ORIENTED_EDGE('',*,*,#6726,.F.);
#6759 = PLANE('',#6760);
#6760 = AXIS2_PLACEMENT_3D('',#6761,#6762,#6763);
#6761 = CARTESIAN_POINT('',(-26.4425,47.920074667741,13.483845326513));
#6762 = DIRECTION('',(0.,0.992546151641,0.121869343405));
#6763 = DIRECTION('',(1.,0.,0.));
#6764 = ADVANCED_FACE('',(#6765),#6791,.F.);
#6765 = FACE_BOUND('',#6766,.T.);
#6766 = EDGE_LOOP('',(#6767,#6775,#6784,#6790));
#6767 = ORIENTED_EDGE('',*,*,#6768,.F.);
#6768 = EDGE_CURVE('',#6769,#6027,#6771,.T.);
#6769 = VERTEX_POINT('',#6770);
#6770 = CARTESIAN_POINT('',(-31.35589745962,50.349903290244,
    13.782190766996));
#6771 = LINE('',#6772,#6773);
#6772 = CARTESIAN_POINT('',(-31.35589745962,50.349903290244,
    13.782190766996));
#6773 = VECTOR('',#6774,1.);
#6774 = DIRECTION('',(0.,-0.121869343405,0.992546151641));
#6775 = ORIENTED_EDGE('',*,*,#6776,.T.);
#6776 = EDGE_CURVE('',#6769,#6777,#6779,.T.);
#6777 = VERTEX_POINT('',#6778);
#6778 = CARTESIAN_POINT('',(-31.26929491924,50.49878521299,
    13.800471168507));
#6779 = CIRCLE('',#6780,0.1);
#6780 = AXIS2_PLACEMENT_3D('',#6781,#6782,#6783);
#6781 = CARTESIAN_POINT('',(-31.26929491924,50.399530597826,
    13.788284234167));
#6782 = DIRECTION('',(0.,0.121869343405,-0.992546151641));
#6783 = DIRECTION('',(0.,-0.992546151641,-0.121869343405));
#6784 = ORIENTED_EDGE('',*,*,#6785,.T.);
#6785 = EDGE_CURVE('',#6777,#6025,#6786,.T.);
#6786 = LINE('',#6787,#6788);
#6787 = CARTESIAN_POINT('',(-31.26929491924,50.49878521299,
    13.800471168507));
#6788 = VECTOR('',#6789,1.);
#6789 = DIRECTION('',(0.,-0.121869343405,0.992546151641));
#6790 = ORIENTED_EDGE('',*,*,#6024,.T.);
#6791 = CYLINDRICAL_SURFACE('',#6792,0.1);
#6792 = AXIS2_PLACEMENT_3D('',#6793,#6794,#6795);
#6793 = CARTESIAN_POINT('',(-31.26929491924,50.399530597826,
    13.788284234167));
#6794 = DIRECTION('',(0.,-0.121869343405,0.992546151641));
#6795 = DIRECTION('',(-0.866025403784,-0.496273075821,
    -6.093467170258E-02));
#6796 = ADVANCED_FACE('',(#6797),#6815,.T.);
#6797 = FACE_BOUND('',#6798,.T.);
#6798 = EDGE_LOOP('',(#6799,#6807,#6813,#6814));
#6799 = ORIENTED_EDGE('',*,*,#6800,.F.);
#6800 = EDGE_CURVE('',#6801,#6777,#6803,.T.);
#6801 = VERTEX_POINT('',#6802);
#6802 = CARTESIAN_POINT('',(-28.61570508075,50.49878521299,
    13.800471168507));
#6803 = LINE('',#6804,#6805);
#6804 = CARTESIAN_POINT('',(-28.4425,50.49878521299,13.800471168507));
#6805 = VECTOR('',#6806,1.);
#6806 = DIRECTION('',(-1.,-1.410492915911E-14,-1.731867533368E-15));
#6807 = ORIENTED_EDGE('',*,*,#6808,.T.);
#6808 = EDGE_CURVE('',#6801,#6061,#6809,.T.);
#6809 = LINE('',#6810,#6811);
#6810 = CARTESIAN_POINT('',(-28.61570508075,50.49878521299,
    13.800471168507));
#6811 = VECTOR('',#6812,1.);
#6812 = DIRECTION('',(0.,-0.121869343405,0.992546151641));
#6813 = ORIENTED_EDGE('',*,*,#6069,.T.);
#6814 = ORIENTED_EDGE('',*,*,#6785,.F.);
#6815 = PLANE('',#6816);
#6816 = AXIS2_PLACEMENT_3D('',#6817,#6818,#6819);
#6817 = CARTESIAN_POINT('',(-28.4425,50.49878521299,13.800471168507));
#6818 = DIRECTION('',(1.42108547152E-14,-0.992546151641,-0.121869343405)
  );
#6819 = DIRECTION('',(-1.,-1.410492915911E-14,-1.731867533368E-15));
#6820 = ADVANCED_FACE('',(#6821),#6840,.F.);
#6821 = FACE_BOUND('',#6822,.F.);
#6822 = EDGE_LOOP('',(#6823,#6831,#6838,#6839));
#6823 = ORIENTED_EDGE('',*,*,#6824,.F.);
#6824 = EDGE_CURVE('',#6825,#6053,#6827,.T.);
#6825 = VERTEX_POINT('',#6826);
#6826 = CARTESIAN_POINT('',(-28.52910254037,50.349903290244,
    13.782190766996));
#6827 = LINE('',#6828,#6829);
#6828 = CARTESIAN_POINT('',(-28.52910254037,50.349903290244,
    13.782190766996));
#6829 = VECTOR('',#6830,1.);
#6830 = DIRECTION('',(0.,-0.121869343405,0.992546151641));
#6831 = ORIENTED_EDGE('',*,*,#6832,.T.);
#6832 = EDGE_CURVE('',#6825,#6801,#6833,.T.);
#6833 = CIRCLE('',#6834,0.1);
#6834 = AXIS2_PLACEMENT_3D('',#6835,#6836,#6837);
#6835 = CARTESIAN_POINT('',(-28.61570508075,50.399530597826,
    13.788284234167));
#6836 = DIRECTION('',(0.,-0.121869343405,0.992546151641));
#6837 = DIRECTION('',(0.,-0.992546151641,-0.121869343405));
#6838 = ORIENTED_EDGE('',*,*,#6808,.T.);
#6839 = ORIENTED_EDGE('',*,*,#6060,.F.);
#6840 = CYLINDRICAL_SURFACE('',#6841,0.1);
#6841 = AXIS2_PLACEMENT_3D('',#6842,#6843,#6844);
#6842 = CARTESIAN_POINT('',(-28.61570508075,50.399530597826,
    13.788284234167));
#6843 = DIRECTION('',(0.,-0.121869343405,0.992546151641));
#6844 = DIRECTION('',(0.866025403784,-0.496273075821,-6.093467170257E-02
    ));
#6845 = ADVANCED_FACE('',(#6846),#6864,.T.);
#6846 = FACE_BOUND('',#6847,.T.);
#6847 = EDGE_LOOP('',(#6848,#6856,#6862,#6863));
#6848 = ORIENTED_EDGE('',*,*,#6849,.F.);
#6849 = EDGE_CURVE('',#6850,#6825,#6852,.T.);
#6850 = VERTEX_POINT('',#6851);
#6851 = CARTESIAN_POINT('',(-29.85589745962,48.068956590487,
    13.502125728024));
#6852 = LINE('',#6853,#6854);
#6853 = CARTESIAN_POINT('',(-29.9425,47.920074667741,13.483845326513));
#6854 = VECTOR('',#6855,1.);
#6855 = DIRECTION('',(0.5,0.85957018175,0.105541947331));
#6856 = ORIENTED_EDGE('',*,*,#6857,.T.);
#6857 = EDGE_CURVE('',#6850,#6044,#6858,.T.);
#6858 = LINE('',#6859,#6860);
#6859 = CARTESIAN_POINT('',(-29.85589745962,48.068956590487,
    13.502125728024));
#6860 = VECTOR('',#6861,1.);
#6861 = DIRECTION('',(0.,-0.121869343405,0.992546151641));
#6862 = ORIENTED_EDGE('',*,*,#6052,.T.);
#6863 = ORIENTED_EDGE('',*,*,#6824,.F.);
#6864 = PLANE('',#6865);
#6865 = AXIS2_PLACEMENT_3D('',#6866,#6867,#6868);
#6866 = CARTESIAN_POINT('',(-29.9425,47.920074667741,13.483845326513));
#6867 = DIRECTION('',(-0.866025403784,0.496273075821,6.093467170257E-02)
  );
#6868 = DIRECTION('',(0.5,0.85957018175,0.105541947331));
#6869 = ADVANCED_FACE('',(#6870),#6889,.F.);
#6870 = FACE_BOUND('',#6871,.F.);
#6871 = EDGE_LOOP('',(#6872,#6880,#6887,#6888));
#6872 = ORIENTED_EDGE('',*,*,#6873,.F.);
#6873 = EDGE_CURVE('',#6874,#6036,#6876,.T.);
#6874 = VERTEX_POINT('',#6875);
#6875 = CARTESIAN_POINT('',(-30.02910254037,48.068956590487,
    13.502125728024));
#6876 = LINE('',#6877,#6878);
#6877 = CARTESIAN_POINT('',(-30.02910254037,48.068956590487,
    13.502125728024));
#6878 = VECTOR('',#6879,1.);
#6879 = DIRECTION('',(0.,-0.121869343405,0.992546151641));
#6880 = ORIENTED_EDGE('',*,*,#6881,.T.);
#6881 = EDGE_CURVE('',#6874,#6850,#6882,.T.);
#6882 = CIRCLE('',#6883,0.1);
#6883 = AXIS2_PLACEMENT_3D('',#6884,#6885,#6886);
#6884 = CARTESIAN_POINT('',(-29.9425,48.118583898069,13.508219195194));
#6885 = DIRECTION('',(0.,-0.121869343405,0.992546151641));
#6886 = DIRECTION('',(0.,-0.992546151641,-0.121869343405));
#6887 = ORIENTED_EDGE('',*,*,#6857,.T.);
#6888 = ORIENTED_EDGE('',*,*,#6043,.F.);
#6889 = CYLINDRICAL_SURFACE('',#6890,0.1);
#6890 = AXIS2_PLACEMENT_3D('',#6891,#6892,#6893);
#6891 = CARTESIAN_POINT('',(-29.9425,48.118583898069,13.508219195194));
#6892 = DIRECTION('',(0.,-0.121869343405,0.992546151641));
#6893 = DIRECTION('',(-0.866025403784,-0.496273075821,
    -6.093467170258E-02));
#6894 = ADVANCED_FACE('',(#6895),#6906,.T.);
#6895 = FACE_BOUND('',#6896,.T.);
#6896 = EDGE_LOOP('',(#6897,#6903,#6904,#6905));
#6897 = ORIENTED_EDGE('',*,*,#6898,.F.);
#6898 = EDGE_CURVE('',#6769,#6874,#6899,.T.);
#6899 = LINE('',#6900,#6901);
#6900 = CARTESIAN_POINT('',(-31.4425,50.49878521299,13.800471168507));
#6901 = VECTOR('',#6902,1.);
#6902 = DIRECTION('',(0.5,-0.85957018175,-0.105541947331));
#6903 = ORIENTED_EDGE('',*,*,#6768,.T.);
#6904 = ORIENTED_EDGE('',*,*,#6035,.T.);
#6905 = ORIENTED_EDGE('',*,*,#6873,.F.);
#6906 = PLANE('',#6907);
#6907 = AXIS2_PLACEMENT_3D('',#6908,#6909,#6910);
#6908 = CARTESIAN_POINT('',(-31.4425,50.49878521299,13.800471168507));
#6909 = DIRECTION('',(0.866025403784,0.496273075821,6.093467170258E-02)
  );
#6910 = DIRECTION('',(0.5,-0.85957018175,-0.105541947331));
#6911 = ADVANCED_FACE('',(#6912),#6926,.T.);
#6912 = FACE_BOUND('',#6913,.T.);
#6913 = EDGE_LOOP('',(#6914,#6915,#6916,#6917,#6918,#6919,#6920,#6921,
    #6922,#6923,#6924,#6925));
#6914 = ORIENTED_EDGE('',*,*,#6604,.T.);
#6915 = ORIENTED_EDGE('',*,*,#6587,.T.);
#6916 = ORIENTED_EDGE('',*,*,#6555,.T.);
#6917 = ORIENTED_EDGE('',*,*,#6538,.T.);
#6918 = ORIENTED_EDGE('',*,*,#6506,.T.);
#6919 = ORIENTED_EDGE('',*,*,#6489,.T.);
#6920 = ORIENTED_EDGE('',*,*,#6457,.T.);
#6921 = ORIENTED_EDGE('',*,*,#6440,.T.);
#6922 = ORIENTED_EDGE('',*,*,#6408,.F.);
#6923 = ORIENTED_EDGE('',*,*,#6391,.T.);
#6924 = ORIENTED_EDGE('',*,*,#6359,.T.);
#6925 = ORIENTED_EDGE('',*,*,#6335,.F.);
#6926 = PLANE('',#6927);
#6927 = AXIS2_PLACEMENT_3D('',#6928,#6929,#6930);
#6928 = CARTESIAN_POINT('',(-5.967893052469,49.209429940365,
    13.64215824751));
#6929 = DIRECTION('',(0.,-0.121869343405,0.992546151641));
#6930 = DIRECTION('',(0.,0.992546151641,0.121869343405));
#6931 = ADVANCED_FACE('',(#6932),#6940,.T.);
#6932 = FACE_BOUND('',#6933,.T.);
#6933 = EDGE_LOOP('',(#6934,#6935,#6936,#6937,#6938,#6939));
#6934 = ORIENTED_EDGE('',*,*,#6751,.T.);
#6935 = ORIENTED_EDGE('',*,*,#6734,.T.);
#6936 = ORIENTED_EDGE('',*,*,#6702,.T.);
#6937 = ORIENTED_EDGE('',*,*,#6685,.T.);
#6938 = ORIENTED_EDGE('',*,*,#6653,.T.);
#6939 = ORIENTED_EDGE('',*,*,#6629,.F.);
#6940 = PLANE('',#6941);
#6941 = AXIS2_PLACEMENT_3D('',#6942,#6943,#6944);
#6942 = CARTESIAN_POINT('',(-5.967893052469,49.209429940365,
    13.64215824751));
#6943 = DIRECTION('',(0.,-0.121869343405,0.992546151641));
#6944 = DIRECTION('',(0.,0.992546151641,0.121869343405));
#6945 = ADVANCED_FACE('',(#6946),#6954,.T.);
#6946 = FACE_BOUND('',#6947,.T.);
#6947 = EDGE_LOOP('',(#6948,#6949,#6950,#6951,#6952,#6953));
#6948 = ORIENTED_EDGE('',*,*,#6898,.T.);
#6949 = ORIENTED_EDGE('',*,*,#6881,.T.);
#6950 = ORIENTED_EDGE('',*,*,#6849,.T.);
#6951 = ORIENTED_EDGE('',*,*,#6832,.T.);
#6952 = ORIENTED_EDGE('',*,*,#6800,.T.);
#6953 = ORIENTED_EDGE('',*,*,#6776,.F.);
#6954 = PLANE('',#6955);
#6955 = AXIS2_PLACEMENT_3D('',#6956,#6957,#6958);
#6956 = CARTESIAN_POINT('',(-5.967893052469,49.209429940365,
    13.64215824751));
#6957 = DIRECTION('',(0.,-0.121869343405,0.992546151641));
#6958 = DIRECTION('',(0.,0.992546151641,0.121869343405));
#6959 = ( GEOMETRIC_REPRESENTATION_CONTEXT(3) 
GLOBAL_UNCERTAINTY_ASSIGNED_CONTEXT((#6963)) 
GLOBAL_UNIT_ASSIGNED_CONTEXT((#6960,#6961,#6962)) REPRESENTATION_CONTEXT
('Context #1','3D Context with UNIT and UNCERTAINTY') );
#6960 = ( LENGTH_UNIT() NAMED_UNIT(*) SI_UNIT(.MILLI.,.METRE.) );
#6961 = ( NAMED_UNIT(*) PLANE_ANGLE_UNIT() SI_UNIT($,.RADIAN.) );
#6962 = ( NAMED_UNIT(*) SI_UNIT($,.STERADIAN.) SOLID_ANGLE_UNIT() );
#6963 = UNCERTAINTY_MEASURE_WITH_UNIT(LENGTH_MEASURE(5.E-05),#6960,
  'distance_accuracy_value','confusion accuracy');
#6964 = CONTEXT_DEPENDENT_SHAPE_REPRESENTATION(#6965,#6967);
#6965 = ( REPRESENTATION_RELATIONSHIP('','',#36,#10) 
REPRESENTATION_RELATIONSHIP_WITH_TRANSFORMATION(#6966) 
SHAPE_REPRESENTATION_RELATIONSHIP() );
#6966 = ITEM_DEFINED_TRANSFORMATION('','',#11,#15);
#6967 = PRODUCT_DEFINITION_SHAPE('Placement','Placement of an item',
  #6968);
#6968 = NEXT_ASSEMBLY_USAGE_OCCURRENCE('3',
  'infopanel-omsk-rounded-io-description-cutted','',#5,#31,$);
#6969 = PRODUCT_RELATED_PRODUCT_CATEGORY('part',$,(#33));
#6970 = SHAPE_DEFINITION_REPRESENTATION(#6971,#6977);
#6971 = PRODUCT_DEFINITION_SHAPE('','',#6972);
#6972 = PRODUCT_DEFINITION('design','',#6973,#6976);
#6973 = PRODUCT_DEFINITION_FORMATION('','',#6974);
#6974 = PRODUCT('io-description-omsk003','io-description-omsk003','',(
    #6975));
#6975 = PRODUCT_CONTEXT('',#2,'mechanical');
#6976 = PRODUCT_DEFINITION_CONTEXT('part definition',#2,'design');
#6977 = SHAPE_REPRESENTATION('',(#11,#6978,#7404,#7626),#7848);
#6978 = MANIFOLD_SOLID_BREP('',#6979);
#6979 = CLOSED_SHELL('',(#6980,#7020,#7121,#7146,#7171,#7256,#7273,#7290
    ,#7307,#7324,#7341,#7358,#7375,#7392));
#6980 = ADVANCED_FACE('',(#6981),#7015,.F.);
#6981 = FACE_BOUND('',#6982,.F.);
#6982 = EDGE_LOOP('',(#6983,#6993,#7001,#7009));
#6983 = ORIENTED_EDGE('',*,*,#6984,.F.);
#6984 = EDGE_CURVE('',#6985,#6987,#6989,.T.);
#6985 = VERTEX_POINT('',#6986);
#6986 = CARTESIAN_POINT('',(26.681541095734,49.865462157188,
    13.722708875191));
#6987 = VERTEX_POINT('',#6988);
#6988 = CARTESIAN_POINT('',(26.681541095734,48.553397723543,
    13.561607619829));
#6989 = LINE('',#6990,#6991);
#6990 = CARTESIAN_POINT('',(26.681541095734,49.964716772352,
    13.734895809531));
#6991 = VECTOR('',#6992,1.);
#6992 = DIRECTION('',(0.,-0.992546151641,-0.121869343405));
#6993 = ORIENTED_EDGE('',*,*,#6994,.T.);
#6994 = EDGE_CURVE('',#6985,#6995,#6997,.T.);
#6995 = VERTEX_POINT('',#6996);
#6996 = CARTESIAN_POINT('',(26.681541095734,49.743592813783,
    14.715255026832));
#6997 = LINE('',#6998,#6999);
#6998 = CARTESIAN_POINT('',(26.681541095734,49.865462157188,
    13.722708875191));
#6999 = VECTOR('',#7000,1.);
#7000 = DIRECTION('',(0.,-0.121869343405,0.992546151641));
#7001 = ORIENTED_EDGE('',*,*,#7002,.T.);
#7002 = EDGE_CURVE('',#6995,#7003,#7005,.T.);
#7003 = VERTEX_POINT('',#7004);
#7004 = CARTESIAN_POINT('',(26.681541095734,48.431528380138,
    14.554153771471));
#7005 = LINE('',#7006,#7007);
#7006 = CARTESIAN_POINT('',(26.681541095734,49.842847428947,
    14.727441961173));
#7007 = VECTOR('',#7008,1.);
#7008 = DIRECTION('',(0.,-0.992546151641,-0.121869343405));
#7009 = ORIENTED_EDGE('',*,*,#7010,.F.);
#7010 = EDGE_CURVE('',#6987,#7003,#7011,.T.);
#7011 = LINE('',#7012,#7013);
#7012 = CARTESIAN_POINT('',(26.681541095734,48.553397723543,
    13.561607619829));
#7013 = VECTOR('',#7014,1.);
#7014 = DIRECTION('',(0.,-0.121869343405,0.992546151641));
#7015 = PLANE('',#7016);
#7016 = AXIS2_PLACEMENT_3D('',#7017,#7018,#7019);
#7017 = CARTESIAN_POINT('',(26.681541095734,49.964716772352,
    13.734895809531));
#7018 = DIRECTION('',(1.,0.,0.));
#7019 = DIRECTION('',(0.,-0.992546151641,-0.121869343405));
#7020 = ADVANCED_FACE('',(#7021),#7116,.F.);
#7021 = FACE_BOUND('',#7022,.F.);
#7022 = EDGE_LOOP('',(#7023,#7024,#7033,#7041,#7050,#7058,#7067,#7075,
    #7084,#7092,#7101,#7109));
#7023 = ORIENTED_EDGE('',*,*,#6984,.T.);
#7024 = ORIENTED_EDGE('',*,*,#7025,.T.);
#7025 = EDGE_CURVE('',#6987,#7026,#7028,.T.);
#7026 = VERTEX_POINT('',#7027);
#7027 = CARTESIAN_POINT('',(26.781541095734,48.454143108379,
    13.549420685489));
#7028 = CIRCLE('',#7029,0.1);
#7029 = AXIS2_PLACEMENT_3D('',#7030,#7031,#7032);
#7030 = CARTESIAN_POINT('',(26.781541095734,48.553397723543,
    13.561607619829));
#7031 = DIRECTION('',(0.,-0.121869343405,0.992546151641));
#7032 = DIRECTION('',(0.,-0.992546151641,-0.121869343405));
#7033 = ORIENTED_EDGE('',*,*,#7034,.T.);
#7034 = EDGE_CURVE('',#7026,#7035,#7037,.T.);
#7035 = VERTEX_POINT('',#7036);
#7036 = CARTESIAN_POINT('',(28.162037548029,48.454143108379,
    13.549420685489));
#7037 = LINE('',#7038,#7039);
#7038 = CARTESIAN_POINT('',(26.681541095734,48.454143108379,
    13.549420685489));
#7039 = VECTOR('',#7040,1.);
#7040 = DIRECTION('',(1.,0.,0.));
#7041 = ORIENTED_EDGE('',*,*,#7042,.T.);
#7042 = EDGE_CURVE('',#7035,#7043,#7045,.T.);
#7043 = VERTEX_POINT('',#7044);
#7044 = CARTESIAN_POINT('',(28.232748226147,48.425072104662,
    13.545851215062));
#7045 = CIRCLE('',#7046,0.1);
#7046 = AXIS2_PLACEMENT_3D('',#7047,#7048,#7049);
#7047 = CARTESIAN_POINT('',(28.162037548029,48.354888493215,
    13.537233751148));
#7048 = DIRECTION('',(-0.,0.121869343405,-0.992546151641));
#7049 = DIRECTION('',(0.,-0.992546151641,-0.121869343405));
#7050 = ORIENTED_EDGE('',*,*,#7051,.T.);
#7051 = EDGE_CURVE('',#7043,#7052,#7054,.T.);
#7052 = VERTEX_POINT('',#7053);
#7053 = CARTESIAN_POINT('',(29.108906628969,47.555444453713,
    13.439074365792));
#7054 = LINE('',#7055,#7056);
#7055 = CARTESIAN_POINT('',(28.203458904266,48.454143108379,
    13.549420685489));
#7056 = VECTOR('',#7057,1.);
#7057 = DIRECTION('',(0.707106781187,-0.701836114466,-8.617463914053E-02
    ));
#7058 = ORIENTED_EDGE('',*,*,#7059,.T.);
#7059 = EDGE_CURVE('',#7052,#7060,#7062,.T.);
#7060 = VERTEX_POINT('',#7061);
#7061 = CARTESIAN_POINT('',(29.279617307087,47.62562806516,
    13.447691829706));
#7062 = CIRCLE('',#7063,0.1);
#7063 = AXIS2_PLACEMENT_3D('',#7064,#7065,#7066);
#7064 = CARTESIAN_POINT('',(29.179617307087,47.62562806516,
    13.447691829706));
#7065 = DIRECTION('',(0.,-0.121869343405,0.992546151641));
#7066 = DIRECTION('',(0.,-0.992546151641,-0.121869343405));
#7067 = ORIENTED_EDGE('',*,*,#7068,.T.);
#7068 = EDGE_CURVE('',#7060,#7069,#7071,.T.);
#7069 = VERTEX_POINT('',#7070);
#7070 = CARTESIAN_POINT('',(29.279617307087,50.793231815571,
    13.836624665314));
#7071 = LINE('',#7072,#7073);
#7072 = CARTESIAN_POINT('',(29.279617307087,47.386006227102,
    13.418269967537));
#7073 = VECTOR('',#7074,1.);
#7074 = DIRECTION('',(0.,0.992546151641,0.121869343405));
#7075 = ORIENTED_EDGE('',*,*,#7076,.T.);
#7076 = EDGE_CURVE('',#7069,#7077,#7079,.T.);
#7077 = VERTEX_POINT('',#7078);
#7078 = CARTESIAN_POINT('',(29.108906628969,50.863415427018,
    13.845242129228));
#7079 = CIRCLE('',#7080,0.1);
#7080 = AXIS2_PLACEMENT_3D('',#7081,#7082,#7083);
#7081 = CARTESIAN_POINT('',(29.179617307087,50.793231815571,
    13.836624665314));
#7082 = DIRECTION('',(0.,-0.121869343405,0.992546151641));
#7083 = DIRECTION('',(0.,-0.992546151641,-0.121869343405));
#7084 = ORIENTED_EDGE('',*,*,#7085,.F.);
#7085 = EDGE_CURVE('',#7086,#7077,#7088,.T.);
#7086 = VERTEX_POINT('',#7087);
#7087 = CARTESIAN_POINT('',(28.232748226147,49.993787776069,
    13.738465279958));
#7088 = LINE('',#7089,#7090);
#7089 = CARTESIAN_POINT('',(28.203458904266,49.964716772352,
    13.734895809531));
#7090 = VECTOR('',#7091,1.);
#7091 = DIRECTION('',(0.707106781187,0.701836114466,8.617463914053E-02)
  );
#7092 = ORIENTED_EDGE('',*,*,#7093,.T.);
#7093 = EDGE_CURVE('',#7086,#7094,#7096,.T.);
#7094 = VERTEX_POINT('',#7095);
#7095 = CARTESIAN_POINT('',(28.162037548029,49.964716772352,
    13.734895809531));
#7096 = CIRCLE('',#7097,0.1);
#7097 = AXIS2_PLACEMENT_3D('',#7098,#7099,#7100);
#7098 = CARTESIAN_POINT('',(28.162037548029,50.063971387516,
    13.747082743872));
#7099 = DIRECTION('',(-0.,0.121869343405,-0.992546151641));
#7100 = DIRECTION('',(0.,-0.992546151641,-0.121869343405));
#7101 = ORIENTED_EDGE('',*,*,#7102,.T.);
#7102 = EDGE_CURVE('',#7094,#7103,#7105,.T.);
#7103 = VERTEX_POINT('',#7104);
#7104 = CARTESIAN_POINT('',(26.781541095734,49.964716772352,
    13.734895809531));
#7105 = LINE('',#7106,#7107);
#7106 = CARTESIAN_POINT('',(28.203458904266,49.964716772352,
    13.734895809531));
#7107 = VECTOR('',#7108,1.);
#7108 = DIRECTION('',(-1.,0.,0.));
#7109 = ORIENTED_EDGE('',*,*,#7110,.F.);
#7110 = EDGE_CURVE('',#6985,#7103,#7111,.T.);
#7111 = CIRCLE('',#7112,0.1);
#7112 = AXIS2_PLACEMENT_3D('',#7113,#7114,#7115);
#7113 = CARTESIAN_POINT('',(26.781541095734,49.865462157188,
    13.722708875191));
#7114 = DIRECTION('',(-0.,0.121869343405,-0.992546151641));
#7115 = DIRECTION('',(0.,-0.992546151641,-0.121869343405));
#7116 = PLANE('',#7117);
#7117 = AXIS2_PLACEMENT_3D('',#7118,#7119,#7120);
#7118 = CARTESIAN_POINT('',(-5.967893052469,49.209429940365,
    13.64215824751));
#7119 = DIRECTION('',(0.,-0.121869343405,0.992546151641));
#7120 = DIRECTION('',(0.,0.992546151641,0.121869343405));
#7121 = ADVANCED_FACE('',(#7122),#7141,.T.);
#7122 = FACE_BOUND('',#7123,.F.);
#7123 = EDGE_LOOP('',(#7124,#7125,#7133,#7140));
#7124 = ORIENTED_EDGE('',*,*,#7110,.T.);
#7125 = ORIENTED_EDGE('',*,*,#7126,.T.);
#7126 = EDGE_CURVE('',#7103,#7127,#7129,.T.);
#7127 = VERTEX_POINT('',#7128);
#7128 = CARTESIAN_POINT('',(26.781541095734,49.842847428947,
    14.727441961173));
#7129 = LINE('',#7130,#7131);
#7130 = CARTESIAN_POINT('',(26.781541095734,49.964716772352,
    13.734895809531));
#7131 = VECTOR('',#7132,1.);
#7132 = DIRECTION('',(0.,-0.121869343405,0.992546151641));
#7133 = ORIENTED_EDGE('',*,*,#7134,.F.);
#7134 = EDGE_CURVE('',#6995,#7127,#7135,.T.);
#7135 = CIRCLE('',#7136,0.1);
#7136 = AXIS2_PLACEMENT_3D('',#7137,#7138,#7139);
#7137 = CARTESIAN_POINT('',(26.781541095734,49.743592813783,
    14.715255026832));
#7138 = DIRECTION('',(-0.,0.121869343405,-0.992546151641));
#7139 = DIRECTION('',(0.,-0.992546151641,-0.121869343405));
#7140 = ORIENTED_EDGE('',*,*,#6994,.F.);
#7141 = CYLINDRICAL_SURFACE('',#7142,0.1);
#7142 = AXIS2_PLACEMENT_3D('',#7143,#7144,#7145);
#7143 = CARTESIAN_POINT('',(26.781541095734,49.865462157188,
    13.722708875191));
#7144 = DIRECTION('',(0.,-0.121869343405,0.992546151641));
#7145 = DIRECTION('',(-1.,-0.,0.));
#7146 = ADVANCED_FACE('',(#7147),#7166,.T.);
#7147 = FACE_BOUND('',#7148,.T.);
#7148 = EDGE_LOOP('',(#7149,#7150,#7158,#7165));
#7149 = ORIENTED_EDGE('',*,*,#7025,.T.);
#7150 = ORIENTED_EDGE('',*,*,#7151,.T.);
#7151 = EDGE_CURVE('',#7026,#7152,#7154,.T.);
#7152 = VERTEX_POINT('',#7153);
#7153 = CARTESIAN_POINT('',(26.781541095734,48.332273764974,
    14.54196683713));
#7154 = LINE('',#7155,#7156);
#7155 = CARTESIAN_POINT('',(26.781541095734,48.454143108379,
    13.549420685489));
#7156 = VECTOR('',#7157,1.);
#7157 = DIRECTION('',(0.,-0.121869343405,0.992546151641));
#7158 = ORIENTED_EDGE('',*,*,#7159,.F.);
#7159 = EDGE_CURVE('',#7003,#7152,#7160,.T.);
#7160 = CIRCLE('',#7161,0.1);
#7161 = AXIS2_PLACEMENT_3D('',#7162,#7163,#7164);
#7162 = CARTESIAN_POINT('',(26.781541095734,48.431528380138,
    14.554153771471));
#7163 = DIRECTION('',(0.,-0.121869343405,0.992546151641));
#7164 = DIRECTION('',(0.,-0.992546151641,-0.121869343405));
#7165 = ORIENTED_EDGE('',*,*,#7010,.F.);
#7166 = CYLINDRICAL_SURFACE('',#7167,0.1);
#7167 = AXIS2_PLACEMENT_3D('',#7168,#7169,#7170);
#7168 = CARTESIAN_POINT('',(26.781541095734,48.553397723543,
    13.561607619829));
#7169 = DIRECTION('',(0.,-0.121869343405,0.992546151641));
#7170 = DIRECTION('',(-1.,-0.,0.));
#7171 = ADVANCED_FACE('',(#7172),#7251,.T.);
#7172 = FACE_BOUND('',#7173,.T.);
#7173 = EDGE_LOOP('',(#7174,#7175,#7176,#7184,#7193,#7201,#7210,#7218,
    #7227,#7235,#7244,#7250));
#7174 = ORIENTED_EDGE('',*,*,#7002,.T.);
#7175 = ORIENTED_EDGE('',*,*,#7159,.T.);
#7176 = ORIENTED_EDGE('',*,*,#7177,.T.);
#7177 = EDGE_CURVE('',#7152,#7178,#7180,.T.);
#7178 = VERTEX_POINT('',#7179);
#7179 = CARTESIAN_POINT('',(28.162037548029,48.332273764974,
    14.54196683713));
#7180 = LINE('',#7181,#7182);
#7181 = CARTESIAN_POINT('',(26.681541095734,48.332273764974,
    14.54196683713));
#7182 = VECTOR('',#7183,1.);
#7183 = DIRECTION('',(1.,0.,0.));
#7184 = ORIENTED_EDGE('',*,*,#7185,.T.);
#7185 = EDGE_CURVE('',#7178,#7186,#7188,.T.);
#7186 = VERTEX_POINT('',#7187);
#7187 = CARTESIAN_POINT('',(28.232748226147,48.303202761257,
    14.538397366704));
#7188 = CIRCLE('',#7189,0.1);
#7189 = AXIS2_PLACEMENT_3D('',#7190,#7191,#7192);
#7190 = CARTESIAN_POINT('',(28.162037548029,48.23301914981,
    14.52977990279));
#7191 = DIRECTION('',(-0.,0.121869343405,-0.992546151641));
#7192 = DIRECTION('',(0.,-0.992546151641,-0.121869343405));
#7193 = ORIENTED_EDGE('',*,*,#7194,.T.);
#7194 = EDGE_CURVE('',#7186,#7195,#7197,.T.);
#7195 = VERTEX_POINT('',#7196);
#7196 = CARTESIAN_POINT('',(29.108906628969,47.433575110308,
    14.431620517433));
#7197 = LINE('',#7198,#7199);
#7198 = CARTESIAN_POINT('',(28.203458904266,48.332273764974,
    14.54196683713));
#7199 = VECTOR('',#7200,1.);
#7200 = DIRECTION('',(0.707106781187,-0.701836114466,-8.617463914053E-02
    ));
#7201 = ORIENTED_EDGE('',*,*,#7202,.T.);
#7202 = EDGE_CURVE('',#7195,#7203,#7205,.T.);
#7203 = VERTEX_POINT('',#7204);
#7204 = CARTESIAN_POINT('',(29.279617307087,47.503758721755,
    14.440237981347));
#7205 = CIRCLE('',#7206,0.1);
#7206 = AXIS2_PLACEMENT_3D('',#7207,#7208,#7209);
#7207 = CARTESIAN_POINT('',(29.179617307087,47.503758721755,
    14.440237981347));
#7208 = DIRECTION('',(0.,-0.121869343405,0.992546151641));
#7209 = DIRECTION('',(0.,-0.992546151641,-0.121869343405));
#7210 = ORIENTED_EDGE('',*,*,#7211,.T.);
#7211 = EDGE_CURVE('',#7203,#7212,#7214,.T.);
#7212 = VERTEX_POINT('',#7213);
#7213 = CARTESIAN_POINT('',(29.279617307087,50.671362472166,
    14.829170816956));
#7214 = LINE('',#7215,#7216);
#7215 = CARTESIAN_POINT('',(29.279617307087,47.264136883697,
    14.410816119178));
#7216 = VECTOR('',#7217,1.);
#7217 = DIRECTION('',(0.,0.992546151641,0.121869343405));
#7218 = ORIENTED_EDGE('',*,*,#7219,.T.);
#7219 = EDGE_CURVE('',#7212,#7220,#7222,.T.);
#7220 = VERTEX_POINT('',#7221);
#7221 = CARTESIAN_POINT('',(29.108906628969,50.741546083613,
    14.83778828087));
#7222 = CIRCLE('',#7223,0.1);
#7223 = AXIS2_PLACEMENT_3D('',#7224,#7225,#7226);
#7224 = CARTESIAN_POINT('',(29.179617307087,50.671362472166,
    14.829170816956));
#7225 = DIRECTION('',(0.,-0.121869343405,0.992546151641));
#7226 = DIRECTION('',(0.,-0.992546151641,-0.121869343405));
#7227 = ORIENTED_EDGE('',*,*,#7228,.F.);
#7228 = EDGE_CURVE('',#7229,#7220,#7231,.T.);
#7229 = VERTEX_POINT('',#7230);
#7230 = CARTESIAN_POINT('',(28.232748226147,49.871918432664,
    14.731011431599));
#7231 = LINE('',#7232,#7233);
#7232 = CARTESIAN_POINT('',(28.203458904266,49.842847428947,
    14.727441961173));
#7233 = VECTOR('',#7234,1.);
#7234 = DIRECTION('',(0.707106781187,0.701836114466,8.617463914053E-02)
  );
#7235 = ORIENTED_EDGE('',*,*,#7236,.T.);
#7236 = EDGE_CURVE('',#7229,#7237,#7239,.T.);
#7237 = VERTEX_POINT('',#7238);
#7238 = CARTESIAN_POINT('',(28.162037548029,49.842847428947,
    14.727441961173));
#7239 = CIRCLE('',#7240,0.1);
#7240 = AXIS2_PLACEMENT_3D('',#7241,#7242,#7243);
#7241 = CARTESIAN_POINT('',(28.162037548029,49.942102044111,
    14.739628895513));
#7242 = DIRECTION('',(-0.,0.121869343405,-0.992546151641));
#7243 = DIRECTION('',(0.,-0.992546151641,-0.121869343405));
#7244 = ORIENTED_EDGE('',*,*,#7245,.T.);
#7245 = EDGE_CURVE('',#7237,#7127,#7246,.T.);
#7246 = LINE('',#7247,#7248);
#7247 = CARTESIAN_POINT('',(28.203458904266,49.842847428947,
    14.727441961173));
#7248 = VECTOR('',#7249,1.);
#7249 = DIRECTION('',(-1.,0.,0.));
#7250 = ORIENTED_EDGE('',*,*,#7134,.F.);
#7251 = PLANE('',#7252);
#7252 = AXIS2_PLACEMENT_3D('',#7253,#7254,#7255);
#7253 = CARTESIAN_POINT('',(-5.967893052469,49.08756059696,
    14.634704399151));
#7254 = DIRECTION('',(0.,-0.121869343405,0.992546151641));
#7255 = DIRECTION('',(0.,0.992546151641,0.121869343405));
#7256 = ADVANCED_FACE('',(#7257),#7268,.F.);
#7257 = FACE_BOUND('',#7258,.F.);
#7258 = EDGE_LOOP('',(#7259,#7260,#7266,#7267));
#7259 = ORIENTED_EDGE('',*,*,#7102,.F.);
#7260 = ORIENTED_EDGE('',*,*,#7261,.T.);
#7261 = EDGE_CURVE('',#7094,#7237,#7262,.T.);
#7262 = LINE('',#7263,#7264);
#7263 = CARTESIAN_POINT('',(28.162037548029,49.964716772352,
    13.734895809531));
#7264 = VECTOR('',#7265,1.);
#7265 = DIRECTION('',(0.,-0.121869343405,0.992546151641));
#7266 = ORIENTED_EDGE('',*,*,#7245,.T.);
#7267 = ORIENTED_EDGE('',*,*,#7126,.F.);
#7268 = PLANE('',#7269);
#7269 = AXIS2_PLACEMENT_3D('',#7270,#7271,#7272);
#7270 = CARTESIAN_POINT('',(28.203458904266,49.964716772352,
    13.734895809531));
#7271 = DIRECTION('',(-0.,-0.992546151641,-0.121869343405));
#7272 = DIRECTION('',(-1.,0.,0.));
#7273 = ADVANCED_FACE('',(#7274),#7285,.F.);
#7274 = FACE_BOUND('',#7275,.F.);
#7275 = EDGE_LOOP('',(#7276,#7277,#7278,#7279));
#7276 = ORIENTED_EDGE('',*,*,#7034,.F.);
#7277 = ORIENTED_EDGE('',*,*,#7151,.T.);
#7278 = ORIENTED_EDGE('',*,*,#7177,.T.);
#7279 = ORIENTED_EDGE('',*,*,#7280,.F.);
#7280 = EDGE_CURVE('',#7035,#7178,#7281,.T.);
#7281 = LINE('',#7282,#7283);
#7282 = CARTESIAN_POINT('',(28.162037548029,48.454143108379,
    13.549420685489));
#7283 = VECTOR('',#7284,1.);
#7284 = DIRECTION('',(0.,-0.121869343405,0.992546151641));
#7285 = PLANE('',#7286);
#7286 = AXIS2_PLACEMENT_3D('',#7287,#7288,#7289);
#7287 = CARTESIAN_POINT('',(26.681541095734,48.454143108379,
    13.549420685489));
#7288 = DIRECTION('',(0.,0.992546151641,0.121869343405));
#7289 = DIRECTION('',(1.,0.,0.));
#7290 = ADVANCED_FACE('',(#7291),#7302,.F.);
#7291 = FACE_BOUND('',#7292,.T.);
#7292 = EDGE_LOOP('',(#7293,#7294,#7295,#7296));
#7293 = ORIENTED_EDGE('',*,*,#7093,.T.);
#7294 = ORIENTED_EDGE('',*,*,#7261,.T.);
#7295 = ORIENTED_EDGE('',*,*,#7236,.F.);
#7296 = ORIENTED_EDGE('',*,*,#7297,.F.);
#7297 = EDGE_CURVE('',#7086,#7229,#7298,.T.);
#7298 = LINE('',#7299,#7300);
#7299 = CARTESIAN_POINT('',(28.232748226147,49.993787776069,
    13.738465279958));
#7300 = VECTOR('',#7301,1.);
#7301 = DIRECTION('',(0.,-0.121869343405,0.992546151641));
#7302 = CYLINDRICAL_SURFACE('',#7303,0.1);
#7303 = AXIS2_PLACEMENT_3D('',#7304,#7305,#7306);
#7304 = CARTESIAN_POINT('',(28.162037548029,50.063971387516,
    13.747082743872));
#7305 = DIRECTION('',(0.,-0.121869343405,0.992546151641));
#7306 = DIRECTION('',(0.707106781187,-0.701836114466,-8.617463914053E-02
    ));
#7307 = ADVANCED_FACE('',(#7308),#7319,.F.);
#7308 = FACE_BOUND('',#7309,.T.);
#7309 = EDGE_LOOP('',(#7310,#7311,#7317,#7318));
#7310 = ORIENTED_EDGE('',*,*,#7042,.T.);
#7311 = ORIENTED_EDGE('',*,*,#7312,.T.);
#7312 = EDGE_CURVE('',#7043,#7186,#7313,.T.);
#7313 = LINE('',#7314,#7315);
#7314 = CARTESIAN_POINT('',(28.232748226147,48.425072104662,
    13.545851215062));
#7315 = VECTOR('',#7316,1.);
#7316 = DIRECTION('',(0.,-0.121869343405,0.992546151641));
#7317 = ORIENTED_EDGE('',*,*,#7185,.F.);
#7318 = ORIENTED_EDGE('',*,*,#7280,.F.);
#7319 = CYLINDRICAL_SURFACE('',#7320,0.1);
#7320 = AXIS2_PLACEMENT_3D('',#7321,#7322,#7323);
#7321 = CARTESIAN_POINT('',(28.162037548029,48.354888493215,
    13.537233751148));
#7322 = DIRECTION('',(0.,-0.121869343405,0.992546151641));
#7323 = DIRECTION('',(-0.,0.992546151641,0.121869343405));
#7324 = ADVANCED_FACE('',(#7325),#7336,.T.);
#7325 = FACE_BOUND('',#7326,.T.);
#7326 = EDGE_LOOP('',(#7327,#7328,#7329,#7330));
#7327 = ORIENTED_EDGE('',*,*,#7085,.F.);
#7328 = ORIENTED_EDGE('',*,*,#7297,.T.);
#7329 = ORIENTED_EDGE('',*,*,#7228,.T.);
#7330 = ORIENTED_EDGE('',*,*,#7331,.F.);
#7331 = EDGE_CURVE('',#7077,#7220,#7332,.T.);
#7332 = LINE('',#7333,#7334);
#7333 = CARTESIAN_POINT('',(29.108906628969,50.863415427018,
    13.845242129228));
#7334 = VECTOR('',#7335,1.);
#7335 = DIRECTION('',(0.,-0.121869343405,0.992546151641));
#7336 = PLANE('',#7337);
#7337 = AXIS2_PLACEMENT_3D('',#7338,#7339,#7340);
#7338 = CARTESIAN_POINT('',(28.203458904266,49.964716772352,
    13.734895809531));
#7339 = DIRECTION('',(-0.707106781187,0.701836114466,8.617463914053E-02)
  );
#7340 = DIRECTION('',(0.707106781187,0.701836114466,8.617463914053E-02)
  );
#7341 = ADVANCED_FACE('',(#7342),#7353,.F.);
#7342 = FACE_BOUND('',#7343,.F.);
#7343 = EDGE_LOOP('',(#7344,#7345,#7346,#7347));
#7344 = ORIENTED_EDGE('',*,*,#7051,.F.);
#7345 = ORIENTED_EDGE('',*,*,#7312,.T.);
#7346 = ORIENTED_EDGE('',*,*,#7194,.T.);
#7347 = ORIENTED_EDGE('',*,*,#7348,.F.);
#7348 = EDGE_CURVE('',#7052,#7195,#7349,.T.);
#7349 = LINE('',#7350,#7351);
#7350 = CARTESIAN_POINT('',(29.108906628969,47.555444453713,
    13.439074365792));
#7351 = VECTOR('',#7352,1.);
#7352 = DIRECTION('',(0.,-0.121869343405,0.992546151641));
#7353 = PLANE('',#7354);
#7354 = AXIS2_PLACEMENT_3D('',#7355,#7356,#7357);
#7355 = CARTESIAN_POINT('',(28.203458904266,48.454143108379,
    13.549420685489));
#7356 = DIRECTION('',(0.707106781187,0.701836114466,8.617463914053E-02)
  );
#7357 = DIRECTION('',(0.707106781187,-0.701836114466,-8.617463914053E-02
    ));
#7358 = ADVANCED_FACE('',(#7359),#7370,.T.);
#7359 = FACE_BOUND('',#7360,.T.);
#7360 = EDGE_LOOP('',(#7361,#7362,#7363,#7364));
#7361 = ORIENTED_EDGE('',*,*,#7076,.T.);
#7362 = ORIENTED_EDGE('',*,*,#7331,.T.);
#7363 = ORIENTED_EDGE('',*,*,#7219,.F.);
#7364 = ORIENTED_EDGE('',*,*,#7365,.F.);
#7365 = EDGE_CURVE('',#7069,#7212,#7366,.T.);
#7366 = LINE('',#7367,#7368);
#7367 = CARTESIAN_POINT('',(29.279617307087,50.793231815571,
    13.836624665314));
#7368 = VECTOR('',#7369,1.);
#7369 = DIRECTION('',(0.,-0.121869343405,0.992546151641));
#7370 = CYLINDRICAL_SURFACE('',#7371,0.1);
#7371 = AXIS2_PLACEMENT_3D('',#7372,#7373,#7374);
#7372 = CARTESIAN_POINT('',(29.179617307087,50.793231815571,
    13.836624665314));
#7373 = DIRECTION('',(0.,-0.121869343405,0.992546151641));
#7374 = DIRECTION('',(1.,0.,-0.));
#7375 = ADVANCED_FACE('',(#7376),#7387,.T.);
#7376 = FACE_BOUND('',#7377,.T.);
#7377 = EDGE_LOOP('',(#7378,#7379,#7385,#7386));
#7378 = ORIENTED_EDGE('',*,*,#7059,.T.);
#7379 = ORIENTED_EDGE('',*,*,#7380,.T.);
#7380 = EDGE_CURVE('',#7060,#7203,#7381,.T.);
#7381 = LINE('',#7382,#7383);
#7382 = CARTESIAN_POINT('',(29.279617307087,47.62562806516,
    13.447691829706));
#7383 = VECTOR('',#7384,1.);
#7384 = DIRECTION('',(0.,-0.121869343405,0.992546151641));
#7385 = ORIENTED_EDGE('',*,*,#7202,.F.);
#7386 = ORIENTED_EDGE('',*,*,#7348,.F.);
#7387 = CYLINDRICAL_SURFACE('',#7388,0.1);
#7388 = AXIS2_PLACEMENT_3D('',#7389,#7390,#7391);
#7389 = CARTESIAN_POINT('',(29.179617307087,47.62562806516,
    13.447691829706));
#7390 = DIRECTION('',(0.,-0.121869343405,0.992546151641));
#7391 = DIRECTION('',(-0.707106781187,-0.701836114466,
    -8.617463914053E-02));
#7392 = ADVANCED_FACE('',(#7393),#7399,.F.);
#7393 = FACE_BOUND('',#7394,.F.);
#7394 = EDGE_LOOP('',(#7395,#7396,#7397,#7398));
#7395 = ORIENTED_EDGE('',*,*,#7068,.F.);
#7396 = ORIENTED_EDGE('',*,*,#7380,.T.);
#7397 = ORIENTED_EDGE('',*,*,#7211,.T.);
#7398 = ORIENTED_EDGE('',*,*,#7365,.F.);
#7399 = PLANE('',#7400);
#7400 = AXIS2_PLACEMENT_3D('',#7401,#7402,#7403);
#7401 = CARTESIAN_POINT('',(29.279617307087,47.386006227102,
    13.418269967537));
#7402 = DIRECTION('',(-1.,0.,0.));
#7403 = DIRECTION('',(0.,0.992546151641,0.121869343405));
#7404 = MANIFOLD_SOLID_BREP('',#7405);
#7405 = CLOSED_SHELL('',(#7406,#7446,#7496,#7521,#7546,#7580,#7597,#7614
    ));
#7406 = ADVANCED_FACE('',(#7407),#7441,.F.);
#7407 = FACE_BOUND('',#7408,.F.);
#7408 = EDGE_LOOP('',(#7409,#7419,#7427,#7435));
#7409 = ORIENTED_EDGE('',*,*,#7410,.F.);
#7410 = EDGE_CURVE('',#7411,#7413,#7415,.T.);
#7411 = VERTEX_POINT('',#7412);
#7412 = CARTESIAN_POINT('',(-31.35589745962,50.349903290244,
    13.782190766996));
#7413 = VERTEX_POINT('',#7414);
#7414 = CARTESIAN_POINT('',(-30.02910254037,48.068956590487,
    13.502125728024));
#7415 = LINE('',#7416,#7417);
#7416 = CARTESIAN_POINT('',(-31.4425,50.49878521299,13.800471168507));
#7417 = VECTOR('',#7418,1.);
#7418 = DIRECTION('',(0.5,-0.85957018175,-0.105541947331));
#7419 = ORIENTED_EDGE('',*,*,#7420,.T.);
#7420 = EDGE_CURVE('',#7411,#7421,#7423,.T.);
#7421 = VERTEX_POINT('',#7422);
#7422 = CARTESIAN_POINT('',(-31.35589745962,50.228033946839,
    14.774736918638));
#7423 = LINE('',#7424,#7425);
#7424 = CARTESIAN_POINT('',(-31.35589745962,50.349903290244,
    13.782190766996));
#7425 = VECTOR('',#7426,1.);
#7426 = DIRECTION('',(0.,-0.121869343405,0.992546151641));
#7427 = ORIENTED_EDGE('',*,*,#7428,.T.);
#7428 = EDGE_CURVE('',#7421,#7429,#7431,.T.);
#7429 = VERTEX_POINT('',#7430);
#7430 = CARTESIAN_POINT('',(-30.02910254037,47.947087247082,
    14.494671879665));
#7431 = LINE('',#7432,#7433);
#7432 = CARTESIAN_POINT('',(-31.4425,50.376915869585,14.793017320148));
#7433 = VECTOR('',#7434,1.);
#7434 = DIRECTION('',(0.5,-0.85957018175,-0.105541947331));
#7435 = ORIENTED_EDGE('',*,*,#7436,.F.);
#7436 = EDGE_CURVE('',#7413,#7429,#7437,.T.);
#7437 = LINE('',#7438,#7439);
#7438 = CARTESIAN_POINT('',(-30.02910254037,48.068956590487,
    13.502125728024));
#7439 = VECTOR('',#7440,1.);
#7440 = DIRECTION('',(0.,-0.121869343405,0.992546151641));
#7441 = PLANE('',#7442);
#7442 = AXIS2_PLACEMENT_3D('',#7443,#7444,#7445);
#7443 = CARTESIAN_POINT('',(-31.4425,50.49878521299,13.800471168507));
#7444 = DIRECTION('',(0.866025403784,0.496273075821,6.093467170258E-02)
  );
#7445 = DIRECTION('',(0.5,-0.85957018175,-0.105541947331));
#7446 = ADVANCED_FACE('',(#7447),#7491,.F.);
#7447 = FACE_BOUND('',#7448,.F.);
#7448 = EDGE_LOOP('',(#7449,#7450,#7459,#7467,#7476,#7484));
#7449 = ORIENTED_EDGE('',*,*,#7410,.T.);
#7450 = ORIENTED_EDGE('',*,*,#7451,.T.);
#7451 = EDGE_CURVE('',#7413,#7452,#7454,.T.);
#7452 = VERTEX_POINT('',#7453);
#7453 = CARTESIAN_POINT('',(-29.85589745962,48.068956590487,
    13.502125728024));
#7454 = CIRCLE('',#7455,0.1);
#7455 = AXIS2_PLACEMENT_3D('',#7456,#7457,#7458);
#7456 = CARTESIAN_POINT('',(-29.9425,48.118583898069,13.508219195194));
#7457 = DIRECTION('',(0.,-0.121869343405,0.992546151641));
#7458 = DIRECTION('',(0.,-0.992546151641,-0.121869343405));
#7459 = ORIENTED_EDGE('',*,*,#7460,.T.);
#7460 = EDGE_CURVE('',#7452,#7461,#7463,.T.);
#7461 = VERTEX_POINT('',#7462);
#7462 = CARTESIAN_POINT('',(-28.52910254037,50.349903290244,
    13.782190766996));
#7463 = LINE('',#7464,#7465);
#7464 = CARTESIAN_POINT('',(-29.9425,47.920074667741,13.483845326513));
#7465 = VECTOR('',#7466,1.);
#7466 = DIRECTION('',(0.5,0.85957018175,0.105541947331));
#7467 = ORIENTED_EDGE('',*,*,#7468,.T.);
#7468 = EDGE_CURVE('',#7461,#7469,#7471,.T.);
#7469 = VERTEX_POINT('',#7470);
#7470 = CARTESIAN_POINT('',(-28.61570508075,50.49878521299,
    13.800471168507));
#7471 = CIRCLE('',#7472,0.1);
#7472 = AXIS2_PLACEMENT_3D('',#7473,#7474,#7475);
#7473 = CARTESIAN_POINT('',(-28.61570508075,50.399530597826,
    13.788284234167));
#7474 = DIRECTION('',(0.,-0.121869343405,0.992546151641));
#7475 = DIRECTION('',(0.,-0.992546151641,-0.121869343405));
#7476 = ORIENTED_EDGE('',*,*,#7477,.T.);
#7477 = EDGE_CURVE('',#7469,#7478,#7480,.T.);
#7478 = VERTEX_POINT('',#7479);
#7479 = CARTESIAN_POINT('',(-31.26929491924,50.49878521299,
    13.800471168507));
#7480 = LINE('',#7481,#7482);
#7481 = CARTESIAN_POINT('',(-28.4425,50.49878521299,13.800471168507));
#7482 = VECTOR('',#7483,1.);
#7483 = DIRECTION('',(-1.,-1.410492915911E-14,-1.731867533368E-15));
#7484 = ORIENTED_EDGE('',*,*,#7485,.F.);
#7485 = EDGE_CURVE('',#7411,#7478,#7486,.T.);
#7486 = CIRCLE('',#7487,0.1);
#7487 = AXIS2_PLACEMENT_3D('',#7488,#7489,#7490);
#7488 = CARTESIAN_POINT('',(-31.26929491924,50.399530597826,
    13.788284234167));
#7489 = DIRECTION('',(-0.,0.121869343405,-0.992546151641));
#7490 = DIRECTION('',(0.,-0.992546151641,-0.121869343405));
#7491 = PLANE('',#7492);
#7492 = AXIS2_PLACEMENT_3D('',#7493,#7494,#7495);
#7493 = CARTESIAN_POINT('',(-5.967893052469,49.209429940365,
    13.64215824751));
#7494 = DIRECTION('',(0.,-0.121869343405,0.992546151641));
#7495 = DIRECTION('',(0.,0.992546151641,0.121869343405));
#7496 = ADVANCED_FACE('',(#7497),#7516,.T.);
#7497 = FACE_BOUND('',#7498,.F.);
#7498 = EDGE_LOOP('',(#7499,#7500,#7508,#7515));
#7499 = ORIENTED_EDGE('',*,*,#7485,.T.);
#7500 = ORIENTED_EDGE('',*,*,#7501,.T.);
#7501 = EDGE_CURVE('',#7478,#7502,#7504,.T.);
#7502 = VERTEX_POINT('',#7503);
#7503 = CARTESIAN_POINT('',(-31.26929491924,50.376915869585,
    14.793017320148));
#7504 = LINE('',#7505,#7506);
#7505 = CARTESIAN_POINT('',(-31.26929491924,50.49878521299,
    13.800471168507));
#7506 = VECTOR('',#7507,1.);
#7507 = DIRECTION('',(0.,-0.121869343405,0.992546151641));
#7508 = ORIENTED_EDGE('',*,*,#7509,.F.);
#7509 = EDGE_CURVE('',#7421,#7502,#7510,.T.);
#7510 = CIRCLE('',#7511,0.1);
#7511 = AXIS2_PLACEMENT_3D('',#7512,#7513,#7514);
#7512 = CARTESIAN_POINT('',(-31.26929491924,50.277661254421,
    14.780830385808));
#7513 = DIRECTION('',(-0.,0.121869343405,-0.992546151641));
#7514 = DIRECTION('',(0.,-0.992546151641,-0.121869343405));
#7515 = ORIENTED_EDGE('',*,*,#7420,.F.);
#7516 = CYLINDRICAL_SURFACE('',#7517,0.1);
#7517 = AXIS2_PLACEMENT_3D('',#7518,#7519,#7520);
#7518 = CARTESIAN_POINT('',(-31.26929491924,50.399530597826,
    13.788284234167));
#7519 = DIRECTION('',(0.,-0.121869343405,0.992546151641));
#7520 = DIRECTION('',(-0.866025403784,-0.496273075821,
    -6.093467170258E-02));
#7521 = ADVANCED_FACE('',(#7522),#7541,.T.);
#7522 = FACE_BOUND('',#7523,.T.);
#7523 = EDGE_LOOP('',(#7524,#7525,#7533,#7540));
#7524 = ORIENTED_EDGE('',*,*,#7451,.T.);
#7525 = ORIENTED_EDGE('',*,*,#7526,.T.);
#7526 = EDGE_CURVE('',#7452,#7527,#7529,.T.);
#7527 = VERTEX_POINT('',#7528);
#7528 = CARTESIAN_POINT('',(-29.85589745962,47.947087247082,
    14.494671879665));
#7529 = LINE('',#7530,#7531);
#7530 = CARTESIAN_POINT('',(-29.85589745962,48.068956590487,
    13.502125728024));
#7531 = VECTOR('',#7532,1.);
#7532 = DIRECTION('',(0.,-0.121869343405,0.992546151641));
#7533 = ORIENTED_EDGE('',*,*,#7534,.F.);
#7534 = EDGE_CURVE('',#7429,#7527,#7535,.T.);
#7535 = CIRCLE('',#7536,0.1);
#7536 = AXIS2_PLACEMENT_3D('',#7537,#7538,#7539);
#7537 = CARTESIAN_POINT('',(-29.9425,47.996714554664,14.500765346835));
#7538 = DIRECTION('',(0.,-0.121869343405,0.992546151641));
#7539 = DIRECTION('',(0.,-0.992546151641,-0.121869343405));
#7540 = ORIENTED_EDGE('',*,*,#7436,.F.);
#7541 = CYLINDRICAL_SURFACE('',#7542,0.1);
#7542 = AXIS2_PLACEMENT_3D('',#7543,#7544,#7545);
#7543 = CARTESIAN_POINT('',(-29.9425,48.118583898069,13.508219195194));
#7544 = DIRECTION('',(0.,-0.121869343405,0.992546151641));
#7545 = DIRECTION('',(-0.866025403784,-0.496273075821,
    -6.093467170258E-02));
#7546 = ADVANCED_FACE('',(#7547),#7575,.T.);
#7547 = FACE_BOUND('',#7548,.T.);
#7548 = EDGE_LOOP('',(#7549,#7550,#7551,#7559,#7568,#7574));
#7549 = ORIENTED_EDGE('',*,*,#7428,.T.);
#7550 = ORIENTED_EDGE('',*,*,#7534,.T.);
#7551 = ORIENTED_EDGE('',*,*,#7552,.T.);
#7552 = EDGE_CURVE('',#7527,#7553,#7555,.T.);
#7553 = VERTEX_POINT('',#7554);
#7554 = CARTESIAN_POINT('',(-28.52910254037,50.228033946839,
    14.774736918638));
#7555 = LINE('',#7556,#7557);
#7556 = CARTESIAN_POINT('',(-29.9425,47.798205324336,14.476391478154));
#7557 = VECTOR('',#7558,1.);
#7558 = DIRECTION('',(0.5,0.85957018175,0.105541947331));
#7559 = ORIENTED_EDGE('',*,*,#7560,.T.);
#7560 = EDGE_CURVE('',#7553,#7561,#7563,.T.);
#7561 = VERTEX_POINT('',#7562);
#7562 = CARTESIAN_POINT('',(-28.61570508075,50.376915869585,
    14.793017320148));
#7563 = CIRCLE('',#7564,0.1);
#7564 = AXIS2_PLACEMENT_3D('',#7565,#7566,#7567);
#7565 = CARTESIAN_POINT('',(-28.61570508075,50.277661254421,
    14.780830385808));
#7566 = DIRECTION('',(0.,-0.121869343405,0.992546151641));
#7567 = DIRECTION('',(0.,-0.992546151641,-0.121869343405));
#7568 = ORIENTED_EDGE('',*,*,#7569,.T.);
#7569 = EDGE_CURVE('',#7561,#7502,#7570,.T.);
#7570 = LINE('',#7571,#7572);
#7571 = CARTESIAN_POINT('',(-28.4425,50.376915869585,14.793017320148));
#7572 = VECTOR('',#7573,1.);
#7573 = DIRECTION('',(-1.,-1.410492915911E-14,-1.731867533368E-15));
#7574 = ORIENTED_EDGE('',*,*,#7509,.F.);
#7575 = PLANE('',#7576);
#7576 = AXIS2_PLACEMENT_3D('',#7577,#7578,#7579);
#7577 = CARTESIAN_POINT('',(-5.967893052469,49.08756059696,
    14.634704399151));
#7578 = DIRECTION('',(0.,-0.121869343405,0.992546151641));
#7579 = DIRECTION('',(0.,0.992546151641,0.121869343405));
#7580 = ADVANCED_FACE('',(#7581),#7592,.F.);
#7581 = FACE_BOUND('',#7582,.F.);
#7582 = EDGE_LOOP('',(#7583,#7584,#7590,#7591));
#7583 = ORIENTED_EDGE('',*,*,#7477,.F.);
#7584 = ORIENTED_EDGE('',*,*,#7585,.T.);
#7585 = EDGE_CURVE('',#7469,#7561,#7586,.T.);
#7586 = LINE('',#7587,#7588);
#7587 = CARTESIAN_POINT('',(-28.61570508075,50.49878521299,
    13.800471168507));
#7588 = VECTOR('',#7589,1.);
#7589 = DIRECTION('',(0.,-0.121869343405,0.992546151641));
#7590 = ORIENTED_EDGE('',*,*,#7569,.T.);
#7591 = ORIENTED_EDGE('',*,*,#7501,.F.);
#7592 = PLANE('',#7593);
#7593 = AXIS2_PLACEMENT_3D('',#7594,#7595,#7596);
#7594 = CARTESIAN_POINT('',(-28.4425,50.49878521299,13.800471168507));
#7595 = DIRECTION('',(1.42108547152E-14,-0.992546151641,-0.121869343405)
  );
#7596 = DIRECTION('',(-1.,-1.410492915911E-14,-1.731867533368E-15));
#7597 = ADVANCED_FACE('',(#7598),#7609,.F.);
#7598 = FACE_BOUND('',#7599,.F.);
#7599 = EDGE_LOOP('',(#7600,#7601,#7602,#7603));
#7600 = ORIENTED_EDGE('',*,*,#7460,.F.);
#7601 = ORIENTED_EDGE('',*,*,#7526,.T.);
#7602 = ORIENTED_EDGE('',*,*,#7552,.T.);
#7603 = ORIENTED_EDGE('',*,*,#7604,.F.);
#7604 = EDGE_CURVE('',#7461,#7553,#7605,.T.);
#7605 = LINE('',#7606,#7607);
#7606 = CARTESIAN_POINT('',(-28.52910254037,50.349903290244,
    13.782190766996));
#7607 = VECTOR('',#7608,1.);
#7608 = DIRECTION('',(0.,-0.121869343405,0.992546151641));
#7609 = PLANE('',#7610);
#7610 = AXIS2_PLACEMENT_3D('',#7611,#7612,#7613);
#7611 = CARTESIAN_POINT('',(-29.9425,47.920074667741,13.483845326513));
#7612 = DIRECTION('',(-0.866025403784,0.496273075821,6.093467170257E-02)
  );
#7613 = DIRECTION('',(0.5,0.85957018175,0.105541947331));
#7614 = ADVANCED_FACE('',(#7615),#7621,.T.);
#7615 = FACE_BOUND('',#7616,.T.);
#7616 = EDGE_LOOP('',(#7617,#7618,#7619,#7620));
#7617 = ORIENTED_EDGE('',*,*,#7468,.T.);
#7618 = ORIENTED_EDGE('',*,*,#7585,.T.);
#7619 = ORIENTED_EDGE('',*,*,#7560,.F.);
#7620 = ORIENTED_EDGE('',*,*,#7604,.F.);
#7621 = CYLINDRICAL_SURFACE('',#7622,0.1);
#7622 = AXIS2_PLACEMENT_3D('',#7623,#7624,#7625);
#7623 = CARTESIAN_POINT('',(-28.61570508075,50.399530597826,
    13.788284234167));
#7624 = DIRECTION('',(0.,-0.121869343405,0.992546151641));
#7625 = DIRECTION('',(0.866025403784,-0.496273075821,-6.093467170257E-02
    ));
#7626 = MANIFOLD_SOLID_BREP('',#7627);
#7627 = CLOSED_SHELL('',(#7628,#7668,#7718,#7743,#7768,#7802,#7819,#7836
    ));
#7628 = ADVANCED_FACE('',(#7629),#7663,.F.);
#7629 = FACE_BOUND('',#7630,.F.);
#7630 = EDGE_LOOP('',(#7631,#7641,#7649,#7657));
#7631 = ORIENTED_EDGE('',*,*,#7632,.F.);
#7632 = EDGE_CURVE('',#7633,#7635,#7637,.T.);
#7633 = VERTEX_POINT('',#7634);
#7634 = CARTESIAN_POINT('',(-26.26929491924,47.920074667741,
    13.483845326513));
#7635 = VERTEX_POINT('',#7636);
#7636 = CARTESIAN_POINT('',(-23.61570508075,47.920074667741,
    13.483845326513));
#7637 = LINE('',#7638,#7639);
#7638 = CARTESIAN_POINT('',(-26.4425,47.920074667741,13.483845326513));
#7639 = VECTOR('',#7640,1.);
#7640 = DIRECTION('',(1.,0.,0.));
#7641 = ORIENTED_EDGE('',*,*,#7642,.T.);
#7642 = EDGE_CURVE('',#7633,#7643,#7645,.T.);
#7643 = VERTEX_POINT('',#7644);
#7644 = CARTESIAN_POINT('',(-26.26929491924,47.798205324336,
    14.476391478154));
#7645 = LINE('',#7646,#7647);
#7646 = CARTESIAN_POINT('',(-26.26929491924,47.920074667741,
    13.483845326513));
#7647 = VECTOR('',#7648,1.);
#7648 = DIRECTION('',(0.,-0.121869343405,0.992546151641));
#7649 = ORIENTED_EDGE('',*,*,#7650,.T.);
#7650 = EDGE_CURVE('',#7643,#7651,#7653,.T.);
#7651 = VERTEX_POINT('',#7652);
#7652 = CARTESIAN_POINT('',(-23.61570508075,47.798205324336,
    14.476391478154));
#7653 = LINE('',#7654,#7655);
#7654 = CARTESIAN_POINT('',(-26.4425,47.798205324336,14.476391478154));
#7655 = VECTOR('',#7656,1.);
#7656 = DIRECTION('',(1.,0.,0.));
#7657 = ORIENTED_EDGE('',*,*,#7658,.F.);
#7658 = EDGE_CURVE('',#7635,#7651,#7659,.T.);
#7659 = LINE('',#7660,#7661);
#7660 = CARTESIAN_POINT('',(-23.61570508075,47.920074667741,
    13.483845326513));
#7661 = VECTOR('',#7662,1.);
#7662 = DIRECTION('',(0.,-0.121869343405,0.992546151641));
#7663 = PLANE('',#7664);
#7664 = AXIS2_PLACEMENT_3D('',#7665,#7666,#7667);
#7665 = CARTESIAN_POINT('',(-26.4425,47.920074667741,13.483845326513));
#7666 = DIRECTION('',(0.,0.992546151641,0.121869343405));
#7667 = DIRECTION('',(1.,0.,0.));
#7668 = ADVANCED_FACE('',(#7669),#7713,.F.);
#7669 = FACE_BOUND('',#7670,.F.);
#7670 = EDGE_LOOP('',(#7671,#7672,#7681,#7689,#7698,#7706));
#7671 = ORIENTED_EDGE('',*,*,#7632,.T.);
#7672 = ORIENTED_EDGE('',*,*,#7673,.T.);
#7673 = EDGE_CURVE('',#7635,#7674,#7676,.T.);
#7674 = VERTEX_POINT('',#7675);
#7675 = CARTESIAN_POINT('',(-23.52910254037,48.068956590487,
    13.502125728024));
#7676 = CIRCLE('',#7677,0.1);
#7677 = AXIS2_PLACEMENT_3D('',#7678,#7679,#7680);
#7678 = CARTESIAN_POINT('',(-23.61570508075,48.019329282905,
    13.496032260853));
#7679 = DIRECTION('',(0.,-0.121869343405,0.992546151641));
#7680 = DIRECTION('',(0.,-0.992546151641,-0.121869343405));
#7681 = ORIENTED_EDGE('',*,*,#7682,.T.);
#7682 = EDGE_CURVE('',#7674,#7683,#7685,.T.);
#7683 = VERTEX_POINT('',#7684);
#7684 = CARTESIAN_POINT('',(-24.85589745962,50.349903290244,
    13.782190766996));
#7685 = LINE('',#7686,#7687);
#7686 = CARTESIAN_POINT('',(-23.4425,47.920074667741,13.483845326513));
#7687 = VECTOR('',#7688,1.);
#7688 = DIRECTION('',(-0.5,0.85957018175,0.105541947331));
#7689 = ORIENTED_EDGE('',*,*,#7690,.T.);
#7690 = EDGE_CURVE('',#7683,#7691,#7693,.T.);
#7691 = VERTEX_POINT('',#7692);
#7692 = CARTESIAN_POINT('',(-25.02910254037,50.349903290244,
    13.782190766996));
#7693 = CIRCLE('',#7694,0.1);
#7694 = AXIS2_PLACEMENT_3D('',#7695,#7696,#7697);
#7695 = CARTESIAN_POINT('',(-24.9425,50.300275982662,13.776097299826));
#7696 = DIRECTION('',(0.,-0.121869343405,0.992546151641));
#7697 = DIRECTION('',(0.,-0.992546151641,-0.121869343405));
#7698 = ORIENTED_EDGE('',*,*,#7699,.T.);
#7699 = EDGE_CURVE('',#7691,#7700,#7702,.T.);
#7700 = VERTEX_POINT('',#7701);
#7701 = CARTESIAN_POINT('',(-26.35589745962,48.068956590487,
    13.502125728024));
#7702 = LINE('',#7703,#7704);
#7703 = CARTESIAN_POINT('',(-24.9425,50.49878521299,13.800471168507));
#7704 = VECTOR('',#7705,1.);
#7705 = DIRECTION('',(-0.5,-0.85957018175,-0.105541947331));
#7706 = ORIENTED_EDGE('',*,*,#7707,.F.);
#7707 = EDGE_CURVE('',#7633,#7700,#7708,.T.);
#7708 = CIRCLE('',#7709,0.1);
#7709 = AXIS2_PLACEMENT_3D('',#7710,#7711,#7712);
#7710 = CARTESIAN_POINT('',(-26.26929491924,48.019329282905,
    13.496032260853));
#7711 = DIRECTION('',(-0.,0.121869343405,-0.992546151641));
#7712 = DIRECTION('',(0.,-0.992546151641,-0.121869343405));
#7713 = PLANE('',#7714);
#7714 = AXIS2_PLACEMENT_3D('',#7715,#7716,#7717);
#7715 = CARTESIAN_POINT('',(-5.967893052469,49.209429940365,
    13.64215824751));
#7716 = DIRECTION('',(0.,-0.121869343405,0.992546151641));
#7717 = DIRECTION('',(0.,0.992546151641,0.121869343405));
#7718 = ADVANCED_FACE('',(#7719),#7738,.T.);
#7719 = FACE_BOUND('',#7720,.F.);
#7720 = EDGE_LOOP('',(#7721,#7722,#7730,#7737));
#7721 = ORIENTED_EDGE('',*,*,#7707,.T.);
#7722 = ORIENTED_EDGE('',*,*,#7723,.T.);
#7723 = EDGE_CURVE('',#7700,#7724,#7726,.T.);
#7724 = VERTEX_POINT('',#7725);
#7725 = CARTESIAN_POINT('',(-26.35589745962,47.947087247082,
    14.494671879665));
#7726 = LINE('',#7727,#7728);
#7727 = CARTESIAN_POINT('',(-26.35589745962,48.068956590487,
    13.502125728024));
#7728 = VECTOR('',#7729,1.);
#7729 = DIRECTION('',(0.,-0.121869343405,0.992546151641));
#7730 = ORIENTED_EDGE('',*,*,#7731,.F.);
#7731 = EDGE_CURVE('',#7643,#7724,#7732,.T.);
#7732 = CIRCLE('',#7733,0.1);
#7733 = AXIS2_PLACEMENT_3D('',#7734,#7735,#7736);
#7734 = CARTESIAN_POINT('',(-26.26929491924,47.8974599395,
    14.488578412495));
#7735 = DIRECTION('',(-0.,0.121869343405,-0.992546151641));
#7736 = DIRECTION('',(0.,-0.992546151641,-0.121869343405));
#7737 = ORIENTED_EDGE('',*,*,#7642,.F.);
#7738 = CYLINDRICAL_SURFACE('',#7739,0.1);
#7739 = AXIS2_PLACEMENT_3D('',#7740,#7741,#7742);
#7740 = CARTESIAN_POINT('',(-26.26929491924,48.019329282905,
    13.496032260853));
#7741 = DIRECTION('',(0.,-0.121869343405,0.992546151641));
#7742 = DIRECTION('',(0.,-0.992546151641,-0.121869343405));
#7743 = ADVANCED_FACE('',(#7744),#7763,.T.);
#7744 = FACE_BOUND('',#7745,.T.);
#7745 = EDGE_LOOP('',(#7746,#7747,#7755,#7762));
#7746 = ORIENTED_EDGE('',*,*,#7673,.T.);
#7747 = ORIENTED_EDGE('',*,*,#7748,.T.);
#7748 = EDGE_CURVE('',#7674,#7749,#7751,.T.);
#7749 = VERTEX_POINT('',#7750);
#7750 = CARTESIAN_POINT('',(-23.52910254037,47.947087247082,
    14.494671879665));
#7751 = LINE('',#7752,#7753);
#7752 = CARTESIAN_POINT('',(-23.52910254037,48.068956590487,
    13.502125728024));
#7753 = VECTOR('',#7754,1.);
#7754 = DIRECTION('',(0.,-0.121869343405,0.992546151641));
#7755 = ORIENTED_EDGE('',*,*,#7756,.F.);
#7756 = EDGE_CURVE('',#7651,#7749,#7757,.T.);
#7757 = CIRCLE('',#7758,0.1);
#7758 = AXIS2_PLACEMENT_3D('',#7759,#7760,#7761);
#7759 = CARTESIAN_POINT('',(-23.61570508075,47.8974599395,
    14.488578412495));
#7760 = DIRECTION('',(0.,-0.121869343405,0.992546151641));
#7761 = DIRECTION('',(0.,-0.992546151641,-0.121869343405));
#7762 = ORIENTED_EDGE('',*,*,#7658,.F.);
#7763 = CYLINDRICAL_SURFACE('',#7764,0.1);
#7764 = AXIS2_PLACEMENT_3D('',#7765,#7766,#7767);
#7765 = CARTESIAN_POINT('',(-23.61570508075,48.019329282905,
    13.496032260853));
#7766 = DIRECTION('',(0.,-0.121869343405,0.992546151641));
#7767 = DIRECTION('',(0.,-0.992546151641,-0.121869343405));
#7768 = ADVANCED_FACE('',(#7769),#7797,.T.);
#7769 = FACE_BOUND('',#7770,.T.);
#7770 = EDGE_LOOP('',(#7771,#7772,#7773,#7781,#7790,#7796));
#7771 = ORIENTED_EDGE('',*,*,#7650,.T.);
#7772 = ORIENTED_EDGE('',*,*,#7756,.T.);
#7773 = ORIENTED_EDGE('',*,*,#7774,.T.);
#7774 = EDGE_CURVE('',#7749,#7775,#7777,.T.);
#7775 = VERTEX_POINT('',#7776);
#7776 = CARTESIAN_POINT('',(-24.85589745962,50.228033946839,
    14.774736918638));
#7777 = LINE('',#7778,#7779);
#7778 = CARTESIAN_POINT('',(-23.4425,47.798205324336,14.476391478154));
#7779 = VECTOR('',#7780,1.);
#7780 = DIRECTION('',(-0.5,0.85957018175,0.105541947331));
#7781 = ORIENTED_EDGE('',*,*,#7782,.T.);
#7782 = EDGE_CURVE('',#7775,#7783,#7785,.T.);
#7783 = VERTEX_POINT('',#7784);
#7784 = CARTESIAN_POINT('',(-25.02910254037,50.228033946839,
    14.774736918638));
#7785 = CIRCLE('',#7786,0.1);
#7786 = AXIS2_PLACEMENT_3D('',#7787,#7788,#7789);
#7787 = CARTESIAN_POINT('',(-24.9425,50.178406639257,14.768643451467));
#7788 = DIRECTION('',(0.,-0.121869343405,0.992546151641));
#7789 = DIRECTION('',(0.,-0.992546151641,-0.121869343405));
#7790 = ORIENTED_EDGE('',*,*,#7791,.T.);
#7791 = EDGE_CURVE('',#7783,#7724,#7792,.T.);
#7792 = LINE('',#7793,#7794);
#7793 = CARTESIAN_POINT('',(-24.9425,50.376915869585,14.793017320148));
#7794 = VECTOR('',#7795,1.);
#7795 = DIRECTION('',(-0.5,-0.85957018175,-0.105541947331));
#7796 = ORIENTED_EDGE('',*,*,#7731,.F.);
#7797 = PLANE('',#7798);
#7798 = AXIS2_PLACEMENT_3D('',#7799,#7800,#7801);
#7799 = CARTESIAN_POINT('',(-5.967893052469,49.08756059696,
    14.634704399151));
#7800 = DIRECTION('',(0.,-0.121869343405,0.992546151641));
#7801 = DIRECTION('',(0.,0.992546151641,0.121869343405));
#7802 = ADVANCED_FACE('',(#7803),#7814,.F.);
#7803 = FACE_BOUND('',#7804,.F.);
#7804 = EDGE_LOOP('',(#7805,#7806,#7812,#7813));
#7805 = ORIENTED_EDGE('',*,*,#7699,.F.);
#7806 = ORIENTED_EDGE('',*,*,#7807,.T.);
#7807 = EDGE_CURVE('',#7691,#7783,#7808,.T.);
#7808 = LINE('',#7809,#7810);
#7809 = CARTESIAN_POINT('',(-25.02910254037,50.349903290244,
    13.782190766996));
#7810 = VECTOR('',#7811,1.);
#7811 = DIRECTION('',(0.,-0.121869343405,0.992546151641));
#7812 = ORIENTED_EDGE('',*,*,#7791,.T.);
#7813 = ORIENTED_EDGE('',*,*,#7723,.F.);
#7814 = PLANE('',#7815);
#7815 = AXIS2_PLACEMENT_3D('',#7816,#7817,#7818);
#7816 = CARTESIAN_POINT('',(-24.9425,50.49878521299,13.800471168507));
#7817 = DIRECTION('',(0.866025403784,-0.496273075821,-6.093467170257E-02
    ));
#7818 = DIRECTION('',(-0.5,-0.85957018175,-0.105541947331));
#7819 = ADVANCED_FACE('',(#7820),#7831,.F.);
#7820 = FACE_BOUND('',#7821,.F.);
#7821 = EDGE_LOOP('',(#7822,#7823,#7824,#7825));
#7822 = ORIENTED_EDGE('',*,*,#7682,.F.);
#7823 = ORIENTED_EDGE('',*,*,#7748,.T.);
#7824 = ORIENTED_EDGE('',*,*,#7774,.T.);
#7825 = ORIENTED_EDGE('',*,*,#7826,.F.);
#7826 = EDGE_CURVE('',#7683,#7775,#7827,.T.);
#7827 = LINE('',#7828,#7829);
#7828 = CARTESIAN_POINT('',(-24.85589745962,50.349903290244,
    13.782190766996));
#7829 = VECTOR('',#7830,1.);
#7830 = DIRECTION('',(0.,-0.121869343405,0.992546151641));
#7831 = PLANE('',#7832);
#7832 = AXIS2_PLACEMENT_3D('',#7833,#7834,#7835);
#7833 = CARTESIAN_POINT('',(-23.4425,47.920074667741,13.483845326513));
#7834 = DIRECTION('',(-0.866025403784,-0.496273075821,
    -6.093467170257E-02));
#7835 = DIRECTION('',(-0.5,0.85957018175,0.105541947331));
#7836 = ADVANCED_FACE('',(#7837),#7843,.T.);
#7837 = FACE_BOUND('',#7838,.T.);
#7838 = EDGE_LOOP('',(#7839,#7840,#7841,#7842));
#7839 = ORIENTED_EDGE('',*,*,#7690,.T.);
#7840 = ORIENTED_EDGE('',*,*,#7807,.T.);
#7841 = ORIENTED_EDGE('',*,*,#7782,.F.);
#7842 = ORIENTED_EDGE('',*,*,#7826,.F.);
#7843 = CYLINDRICAL_SURFACE('',#7844,0.1);
#7844 = AXIS2_PLACEMENT_3D('',#7845,#7846,#7847);
#7845 = CARTESIAN_POINT('',(-24.9425,50.300275982662,13.776097299826));
#7846 = DIRECTION('',(0.,-0.121869343405,0.992546151641));
#7847 = DIRECTION('',(0.866025403784,0.496273075821,6.093467170257E-02)
  );
#7848 = ( GEOMETRIC_REPRESENTATION_CONTEXT(3) 
GLOBAL_UNCERTAINTY_ASSIGNED_CONTEXT((#7852)) 
GLOBAL_UNIT_ASSIGNED_CONTEXT((#7849,#7850,#7851)) REPRESENTATION_CONTEXT
('Context #1','3D Context with UNIT and UNCERTAINTY') );
#7849 = ( LENGTH_UNIT() NAMED_UNIT(*) SI_UNIT(.MILLI.,.METRE.) );
#7850 = ( NAMED_UNIT(*) PLANE_ANGLE_UNIT() SI_UNIT($,.RADIAN.) );
#7851 = ( NAMED_UNIT(*) SI_UNIT($,.STERADIAN.) SOLID_ANGLE_UNIT() );
#7852 = UNCERTAINTY_MEASURE_WITH_UNIT(LENGTH_MEASURE(1.E-07),#7849,
  'distance_accuracy_value','confusion accuracy');
#7853 = CONTEXT_DEPENDENT_SHAPE_REPRESENTATION(#7854,#7856);
#7854 = ( REPRESENTATION_RELATIONSHIP('','',#6977,#10) 
REPRESENTATION_RELATIONSHIP_WITH_TRANSFORMATION(#7855) 
SHAPE_REPRESENTATION_RELATIONSHIP() );
#7855 = ITEM_DEFINED_TRANSFORMATION('','',#11,#19);
#7856 = PRODUCT_DEFINITION_SHAPE('Placement','Placement of an item',
  #7857);
#7857 = NEXT_ASSEMBLY_USAGE_OCCURRENCE('4','io-description-omsk003','',
  #5,#6972,$);
#7858 = PRODUCT_RELATED_PRODUCT_CATEGORY('part',$,(#6974));
#7859 = MECHANICAL_DESIGN_GEOMETRIC_PRESENTATION_REPRESENTATION('',(
    #7860,#7871,#7880),#7848);
#7860 = STYLED_ITEM('color',(#7861),#6978);
#7861 = PRESENTATION_STYLE_ASSIGNMENT((#7862,#7868));
#7862 = SURFACE_STYLE_USAGE(.BOTH.,#7863);
#7863 = SURFACE_SIDE_STYLE('',(#7864));
#7864 = SURFACE_STYLE_FILL_AREA(#7865);
#7865 = FILL_AREA_STYLE('',(#7866));
#7866 = FILL_AREA_STYLE_COLOUR('',#7867);
#7867 = COLOUR_RGB('',0.800000010877,0.800000010877,0.901960800373);
#7868 = CURVE_STYLE('',#7869,POSITIVE_LENGTH_MEASURE(0.1),#7870);
#7869 = DRAUGHTING_PRE_DEFINED_CURVE_FONT('continuous');
#7870 = COLOUR_RGB('',9.803921802644E-02,9.803921802644E-02,
  9.803921802644E-02);
#7871 = STYLED_ITEM('color',(#7872),#7404);
#7872 = PRESENTATION_STYLE_ASSIGNMENT((#7873,#7878));
#7873 = SURFACE_STYLE_USAGE(.BOTH.,#7874);
#7874 = SURFACE_SIDE_STYLE('',(#7875));
#7875 = SURFACE_STYLE_FILL_AREA(#7876);
#7876 = FILL_AREA_STYLE('',(#7877));
#7877 = FILL_AREA_STYLE_COLOUR('',#7867);
#7878 = CURVE_STYLE('',#7879,POSITIVE_LENGTH_MEASURE(0.1),#7870);
#7879 = DRAUGHTING_PRE_DEFINED_CURVE_FONT('continuous');
#7880 = STYLED_ITEM('color',(#7881),#7626);
#7881 = PRESENTATION_STYLE_ASSIGNMENT((#7882,#7887));
#7882 = SURFACE_STYLE_USAGE(.BOTH.,#7883);
#7883 = SURFACE_SIDE_STYLE('',(#7884));
#7884 = SURFACE_STYLE_FILL_AREA(#7885);
#7885 = FILL_AREA_STYLE('',(#7886));
#7886 = FILL_AREA_STYLE_COLOUR('',#7867);
#7887 = CURVE_STYLE('',#7888,POSITIVE_LENGTH_MEASURE(0.1),#7870);
#7888 = DRAUGHTING_PRE_DEFINED_CURVE_FONT('continuous');
#7889 = MECHANICAL_DESIGN_GEOMETRIC_PRESENTATION_REPRESENTATION('',(
    #7890),#6959);
#7890 = STYLED_ITEM('color',(#7891),#37);
#7891 = PRESENTATION_STYLE_ASSIGNMENT((#7892,#7897));
#7892 = SURFACE_STYLE_USAGE(.BOTH.,#7893);
#7893 = SURFACE_SIDE_STYLE('',(#7894));
#7894 = SURFACE_STYLE_FILL_AREA(#7895);
#7895 = FILL_AREA_STYLE('',(#7896));
#7896 = FILL_AREA_STYLE_COLOUR('',#7867);
#7897 = CURVE_STYLE('',#7898,POSITIVE_LENGTH_MEASURE(0.1),#7870);
#7898 = DRAUGHTING_PRE_DEFINED_CURVE_FONT('continuous');
ENDSEC;
END-ISO-10303-21;
