ISO-10303-21;
HEADER;
FILE_DESCRIPTION(('FreeCAD Model'),'2;1');
FILE_NAME('Open CASCADE Shape Model','2026-07-30T22:09:44',(''),(''),
  'Open CASCADE STEP processor 7.8','FreeCAD','Unknown');
FILE_SCHEMA(('AUTOMOTIVE_DESIGN { 1 0 10303 214 1 1 1 1 }'));
ENDSEC;
DATA;
#1 = APPLICATION_PROTOCOL_DEFINITION('international standard',
  'automotive_design',2000,#2);
#2 = APPLICATION_CONTEXT(
  'core data for automotive mechanical design processes');
#3 = SHAPE_DEFINITION_REPRESENTATION(#4,#10);
#4 = PRODUCT_DEFINITION_SHAPE('','',#5);
#5 = PRODUCT_DEFINITION('design','',#6,#9);
#6 = PRODUCT_DEFINITION_FORMATION('','',#7);
#7 = PRODUCT('infopanel-omsk-ledsvisible-mc',
  'infopanel-omsk-ledsvisible-mc','',(#8));
#8 = PRODUCT_CONTEXT('',#2,'mechanical');
#9 = PRODUCT_DEFINITION_CONTEXT('part definition',#2,'design');
#10 = SHAPE_REPRESENTATION('',(#11,#15,#19),#23);
#11 = AXIS2_PLACEMENT_3D('',#12,#13,#14);
#12 = CARTESIAN_POINT('',(0.,0.,0.));
#13 = DIRECTION('',(0.,0.,1.));
#14 = DIRECTION('',(1.,0.,-0.));
#15 = AXIS2_PLACEMENT_3D('',#16,#17,#18);
#16 = CARTESIAN_POINT('',(0.,0.,0.));
#17 = DIRECTION('',(0.,0.,1.));
#18 = DIRECTION('',(1.,0.,0.));
#19 = AXIS2_PLACEMENT_3D('',#20,#21,#22);
#20 = CARTESIAN_POINT('',(0.,0.,0.));
#21 = DIRECTION('',(0.,0.,1.));
#22 = DIRECTION('',(1.,0.,0.));
#23 = ( GEOMETRIC_REPRESENTATION_CONTEXT(3) 
GLOBAL_UNCERTAINTY_ASSIGNED_CONTEXT((#27)) GLOBAL_UNIT_ASSIGNED_CONTEXT(
(#24,#25,#26)) REPRESENTATION_CONTEXT('Context #1',
  '3D Context with UNIT and UNCERTAINTY') );
#24 = ( LENGTH_UNIT() NAMED_UNIT(*) SI_UNIT(.MILLI.,.METRE.) );
#25 = ( NAMED_UNIT(*) PLANE_ANGLE_UNIT() SI_UNIT($,.RADIAN.) );
#26 = ( NAMED_UNIT(*) SI_UNIT($,.STERADIAN.) SOLID_ANGLE_UNIT() );
#27 = UNCERTAINTY_MEASURE_WITH_UNIT(LENGTH_MEASURE(5.E-05),#24,
  'distance_accuracy_value','confusion accuracy');
#28 = PRODUCT_RELATED_PRODUCT_CATEGORY('part',$,(#7));
#29 = SHAPE_DEFINITION_REPRESENTATION(#30,#36);
#30 = PRODUCT_DEFINITION_SHAPE('','',#31);
#31 = PRODUCT_DEFINITION('design','',#32,#35);
#32 = PRODUCT_DEFINITION_FORMATION('','',#33);
#33 = PRODUCT('infopanel-omsk-ledsvisible-io-description-cutted',
  'infopanel-omsk-ledsvisible-io-description-cutted','',(#34));
#34 = PRODUCT_CONTEXT('',#2,'mechanical');
#35 = PRODUCT_DEFINITION_CONTEXT('part definition',#2,'design');
#36 = ADVANCED_BREP_SHAPE_REPRESENTATION('',(#11,#37),#6879);
#37 = MANIFOLD_SOLID_BREP('',#38);
#38 = CLOSED_SHELL('',(#39,#142,#835,#1020,#1046,#1421,#1447,#1471,#1507
    ,#1531,#1566,#1591,#1609,#1779,#1808,#1834,#1900,#2039,#2209,#2238,
    #2264,#2330,#2469,#2639,#2668,#2694,#2760,#2899,#3067,#3089,#3120,
    #3195,#3386,#3426,#3498,#3515,#3590,#3614,#3639,#3671,#3832,#3864,
    #3882,#3907,#3936,#3948,#3960,#4273,#4285,#4297,#4314,#4354,#4371,
    #4411,#4423,#4485,#4671,#4729,#4746,#4770,#4842,#4866,#4890,#4914,
    #4938,#4962,#4986,#5026,#5043,#5067,#5098,#5115,#5148,#5172,#5198,
    #5215,#5227,#5244,#5306,#5359,#5387,#5404,#5415,#5430,#5447,#5486,
    #5510,#5534,#5559,#5583,#5592,#5601,#5633,#5657,#5682,#5706,#5731,
    #5755,#5780,#5804,#5829,#5853,#5878,#5895,#5926,#5950,#5974,#5991,
    #6023,#6047,#6072,#6096,#6121,#6138,#6170,#6194,#6219,#6243,#6268,
    #6285,#6311,#6335,#6368,#6392,#6411,#6436,#6460,#6486,#6540,#6564,
    #6588,#6605,#6629,#6653,#6670,#6682,#6694,#6706,#6730,#6747,#6759,
    #6776,#6788,#6808,#6826,#6840,#6854,#6867));
#39 = ADVANCED_FACE('',(#40),#126,.T.);
#40 = FACE_BOUND('',#41,.T.);
#41 = EDGE_LOOP('',(#42,#71,#81));
#42 = ORIENTED_EDGE('',*,*,#43,.T.);
#43 = EDGE_CURVE('',#44,#46,#48,.T.);
#44 = VERTEX_POINT('',#45);
#45 = CARTESIAN_POINT('',(-35.52156867836,25.750000000002,5.6));
#46 = VERTEX_POINT('',#47);
#47 = CARTESIAN_POINT('',(-32.74049424569,27.625000000006,5.6));
#48 = B_SPLINE_CURVE_WITH_KNOTS('',6,(#49,#50,#51,#52,#53,#54,#55,#56,
    #57,#58,#59,#60,#61,#62,#63,#64,#65,#66,#67,#68,#69,#70),
  .UNSPECIFIED.,.F.,.F.,(7,5,5,5,7),(0.,0.153070591275,0.499997304778,
    0.752043177195,1.),.UNSPECIFIED.);
#49 = CARTESIAN_POINT('',(-35.629273104,25.434293956368,5.6));
#50 = CARTESIAN_POINT('',(-35.60380118192,25.525216110679,5.6));
#51 = CARTESIAN_POINT('',(-35.57466040277,25.616014410531,5.6));
#52 = CARTESIAN_POINT('',(-35.54179256624,25.706439352802,5.6));
#53 = CARTESIAN_POINT('',(-35.50516661155,25.796230010916,5.6));
#54 = CARTESIAN_POINT('',(-35.46478142238,25.885118968446,5.6));
#55 = CARTESIAN_POINT('',(-35.32068923466,26.171646284712,5.6));
#56 = CARTESIAN_POINT('',(-35.20154667788,26.364472167324,5.6));
#57 = CARTESIAN_POINT('',(-35.06362282546,26.548129334648,5.6));
#58 = CARTESIAN_POINT('',(-34.90813356909,26.719521471326,5.6));
#59 = CARTESIAN_POINT('',(-34.7371126112,26.875947757301,5.6));
#60 = CARTESIAN_POINT('',(-34.41966029686,27.116687785426,5.6));
#61 = CARTESIAN_POINT('',(-34.27927906312,27.20903640524,5.6));
#62 = CARTESIAN_POINT('',(-34.1331161894,27.291656485754,5.6));
#63 = CARTESIAN_POINT('',(-33.98232500587,27.363994553053,5.6));
#64 = CARTESIAN_POINT('',(-33.82813484226,27.425729965802,5.6));
#65 = CARTESIAN_POINT('',(-33.51798221666,27.527015210548,5.6));
#66 = CARTESIAN_POINT('',(-33.36207906948,27.566911826185,5.6));
#67 = CARTESIAN_POINT('',(-33.20526311829,27.596400272975,5.6));
#68 = CARTESIAN_POINT('',(-33.04869203426,27.615642172248,5.6));
#69 = CARTESIAN_POINT('',(-32.89344924046,27.625000000006,5.6));
#70 = CARTESIAN_POINT('',(-32.74049424569,27.625000000006,5.6));
#71 = ORIENTED_EDGE('',*,*,#72,.T.);
#72 = EDGE_CURVE('',#46,#73,#75,.T.);
#73 = VERTEX_POINT('',#74);
#74 = CARTESIAN_POINT('',(-32.74049424569,27.625000000013,
    10.492823599094));
#75 = B_SPLINE_CURVE_WITH_KNOTS('',2,(#76,#77,#78,#79,#80),
  .UNSPECIFIED.,.F.,.F.,(3,1,1,3),(-0.360715327175,3.941205001246E-14,
    5.894041293693,6.254756620868),.UNSPECIFIED.);
#76 = CARTESIAN_POINT('',(-32.74049424569,27.625000000005,5.239284672825
    ));
#77 = CARTESIAN_POINT('',(-32.74049424569,27.625000000006,5.419642336413
    ));
#78 = CARTESIAN_POINT('',(-32.74049424569,27.62500000001,8.547020646847)
  );
#79 = CARTESIAN_POINT('',(-32.74049424569,27.625000000015,
    11.674398957281));
#80 = CARTESIAN_POINT('',(-32.74049424569,27.625000000015,
    11.854756620868));
#81 = ORIENTED_EDGE('',*,*,#82,.F.);
#82 = EDGE_CURVE('',#44,#73,#83,.T.);
#83 = B_SPLINE_CURVE_WITH_KNOTS('',11,(#84,#85,#86,#87,#88,#89,#90,#91,
    #92,#93,#94,#95,#96,#97,#98,#99,#100,#101,#102,#103,#104,#105,#106,
    #107,#108,#109,#110,#111,#112,#113,#114,#115,#116,#117,#118,#119,
    #120,#121,#122,#123,#124,#125),.UNSPECIFIED.,.F.,.F.,(12,10,10,10,12
    ),(-0.452735025042,-1.016678468954E-14,3.241943151887,4.188973150134
    ,8.380815470613),.UNSPECIFIED.);
#84 = CARTESIAN_POINT('',(-35.52156867836,25.750000000002,5.099921516297
    ));
#85 = CARTESIAN_POINT('',(-35.52156867836,25.750000000002,5.154716512953
    ));
#86 = CARTESIAN_POINT('',(-35.52156867836,25.750000000002,5.207644846345
    ));
#87 = CARTESIAN_POINT('',(-35.52156867836,25.750000000002,5.258706516473
    ));
#88 = CARTESIAN_POINT('',(-35.52156867836,25.750000000002,5.307901523337
    ));
#89 = CARTESIAN_POINT('',(-35.52156867836,25.750000000002,5.355229866937
    ));
#90 = CARTESIAN_POINT('',(-35.52156867836,25.750000000002,5.400691547274
    ));
#91 = CARTESIAN_POINT('',(-35.52156867836,25.750000000002,5.444286564347
    ));
#92 = CARTESIAN_POINT('',(-35.52156867836,25.750000000002,5.486014918156
    ));
#93 = CARTESIAN_POINT('',(-35.52156867836,25.750000000002,5.525876608701
    ));
#94 = CARTESIAN_POINT('',(-35.52156867836,25.750000000002,5.563871635982
    ));
#95 = CARTESIAN_POINT('',(-35.52156867836,25.750000000003,5.858707844185
    ));
#96 = CARTESIAN_POINT('',(-35.5181970232,25.75831599954,6.117441357922)
  );
#97 = CARTESIAN_POINT('',(-35.51148995618,25.77493082256,6.376442303419)
  );
#98 = CARTESIAN_POINT('',(-35.50122403677,25.799989737197,6.635949530949
    ));
#99 = CARTESIAN_POINT('',(-35.48703743609,25.833712809088,6.896148329916
    ));
#100 = CARTESIAN_POINT('',(-35.46840799696,25.876413241499,
    7.157218220736));
#101 = CARTESIAN_POINT('',(-35.44455426476,25.928543706804,7.41935936276
    ));
#102 = CARTESIAN_POINT('',(-35.41432569046,25.990692670295,
    7.682677752375));
#103 = CARTESIAN_POINT('',(-35.37614821311,26.063452711754,
    7.946809386773));
#104 = CARTESIAN_POINT('',(-35.32809142293,26.147082845634,
    8.210163567478));
#105 = CARTESIAN_POINT('',(-35.25060580428,26.268288682567,8.54417859585
    ));
#106 = CARTESIAN_POINT('',(-35.23213073599,26.296466069746,
    8.617900686962));
#107 = CARTESIAN_POINT('',(-35.21272553781,26.325295983235,8.6900271521)
  );
#108 = CARTESIAN_POINT('',(-35.19237088167,26.354727531198,
    8.760782262936));
#109 = CARTESIAN_POINT('',(-35.17102373457,26.384743998569,
    8.830347412063));
#110 = CARTESIAN_POINT('',(-35.14863450091,26.415334898994,
    8.898817851704));
#111 = CARTESIAN_POINT('',(-35.12515845299,26.446478033091,
    8.966187962045));
#112 = CARTESIAN_POINT('',(-35.10056144967,26.478131553029,
    9.032365049235));
#113 = CARTESIAN_POINT('',(-35.07481994293,26.510236033295,
    9.097211672961));
#114 = CARTESIAN_POINT('',(-35.04791527285,26.542726547885,
    9.160616503722));
#115 = CARTESIAN_POINT('',(-34.89547400304,26.720862360117,
    9.496923641456));
#116 = CARTESIAN_POINT('',(-34.74789266217,26.872718316667,
    9.742784940663));
#117 = CARTESIAN_POINT('',(-34.57500943648,27.026075581246,
    9.955298457551));
#118 = CARTESIAN_POINT('',(-34.37803514075,27.173382774442,
    10.128267662811));
#119 = CARTESIAN_POINT('',(-34.15621475429,27.307967697392,
    10.261577356242));
#120 = CARTESIAN_POINT('',(-33.92383857506,27.416402677676,
    10.350405380467));
#121 = CARTESIAN_POINT('',(-33.68462929951,27.502877186366,
    10.414745881131));
#122 = CARTESIAN_POINT('',(-33.44527388064,27.565074791653,
    10.455117055171));
#123 = CARTESIAN_POINT('',(-33.20647924145,27.605521311973,
    10.480637047176));
#124 = CARTESIAN_POINT('',(-32.97104710007,27.625000000013,
    10.492823599094));
#125 = CARTESIAN_POINT('',(-32.74049424569,27.625000000013,
    10.492823599094));
#126 = ( BOUNDED_SURFACE() B_SPLINE_SURFACE(2,2,(
    (#127,#128,#129,#130,#131)
    ,(#132,#133,#134,#135,#136)
    ,(#137,#138,#139,#140,#141
)),.UNSPECIFIED.,.F.,.F.,.F.) B_SPLINE_SURFACE_WITH_KNOTS((3,3),(3,1,1,3
    ),(0.,5.894041293693),(-0.360715327175,3.941205001246E-14,
    5.894041293693,6.254756620868),.UNSPECIFIED.) 
GEOMETRIC_REPRESENTATION_ITEM() RATIONAL_B_SPLINE_SURFACE((
    (1.,1.,1.,1.,1.)
    ,(0.796795033908,0.796795033908,0.796795033908,0.796795033908
      ,0.796795033908)
,(1.,1.,1.,1.,1.))) REPRESENTATION_ITEM('') SURFACE() );
#127 = CARTESIAN_POINT('',(-35.629273104,25.434293956367,5.239284672825)
  );
#128 = CARTESIAN_POINT('',(-35.629273104,25.434293956368,5.419642336413)
  );
#129 = CARTESIAN_POINT('',(-35.629273104,25.434293956372,8.547020646847)
  );
#130 = CARTESIAN_POINT('',(-35.629273104,25.434293956377,11.674398957281
    ));
#131 = CARTESIAN_POINT('',(-35.629273104,25.434293956377,11.854756620868
    ));
#132 = CARTESIAN_POINT('',(-35.0155448651,27.625000000005,5.239284672825
    ));
#133 = CARTESIAN_POINT('',(-35.0155448651,27.625000000006,5.419642336412
    ));
#134 = CARTESIAN_POINT('',(-35.0155448651,27.62500000001,8.547020646847)
  );
#135 = CARTESIAN_POINT('',(-35.0155448651,27.625000000015,
    11.674398957281));
#136 = CARTESIAN_POINT('',(-35.0155448651,27.625000000015,
    11.854756620868));
#137 = CARTESIAN_POINT('',(-32.74049424569,27.625000000005,
    5.239284672825));
#138 = CARTESIAN_POINT('',(-32.74049424569,27.625000000006,
    5.419642336413));
#139 = CARTESIAN_POINT('',(-32.74049424569,27.62500000001,8.547020646847
    ));
#140 = CARTESIAN_POINT('',(-32.74049424569,27.625000000015,
    11.674398957281));
#141 = CARTESIAN_POINT('',(-32.74049424569,27.625000000015,
    11.854756620868));
#142 = ADVANCED_FACE('',(#143,#656,#772,#783),#830,.T.);
#143 = FACE_BOUND('',#144,.T.);
#144 = EDGE_LOOP('',(#145,#146,#169,#177,#185,#193,#202,#211,#219,#228,
    #236,#244,#252,#275,#302,#310,#337,#360,#368,#391,#418,#426,#453,
    #476,#484,#507,#534,#542,#569,#592,#600,#623,#650));
#145 = ORIENTED_EDGE('',*,*,#43,.F.);
#146 = ORIENTED_EDGE('',*,*,#147,.F.);
#147 = EDGE_CURVE('',#148,#44,#150,.T.);
#148 = VERTEX_POINT('',#149);
#149 = CARTESIAN_POINT('',(-37.19021333795,24.625,5.6));
#150 = B_SPLINE_CURVE_WITH_KNOTS('',5,(#151,#152,#153,#154,#155,#156,
    #157,#158,#159,#160,#161,#162,#163,#164,#165,#166,#167,#168),
  .UNSPECIFIED.,.F.,.F.,(6,4,4,4,6),(0.,0.249658557331,0.5,
    0.750341442669,1.),.UNSPECIFIED.);
#151 = CARTESIAN_POINT('',(-37.19021333795,24.625,5.6));
#152 = CARTESIAN_POINT('',(-37.08938129182,24.625,5.6));
#153 = CARTESIAN_POINT('',(-36.98650894716,24.632060105409,5.6));
#154 = CARTESIAN_POINT('',(-36.88249051141,24.646754284931,5.6));
#155 = CARTESIAN_POINT('',(-36.77846002008,24.669443968392,5.6));
#156 = CARTESIAN_POINT('',(-36.57249530211,24.730891001773,5.6));
#157 = CARTESIAN_POINT('',(-36.47056560285,24.769692215996,5.6));
#158 = CARTESIAN_POINT('',(-36.37103747579,24.816533756056,5.6));
#159 = CARTESIAN_POINT('',(-36.27516256003,24.871045427666,5.6));
#160 = CARTESIAN_POINT('',(-36.09280293613,24.993992261016,5.6));
#161 = CARTESIAN_POINT('',(-36.00631617065,25.062428809815,5.6));
#162 = CARTESIAN_POINT('',(-35.92556985319,25.137128275461,5.6));
#163 = CARTESIAN_POINT('',(-35.85137652769,25.21706918031,5.6));
#164 = CARTESIAN_POINT('',(-35.71717683395,25.38496094652,5.6));
#165 = CARTESIAN_POINT('',(-35.65713150018,25.472891161773,5.6));
#166 = CARTESIAN_POINT('',(-35.60450271778,25.563808515178,5.6));
#167 = CARTESIAN_POINT('',(-35.55938069566,25.656526191503,5.6));
#168 = CARTESIAN_POINT('',(-35.52156867836,25.750000000002,5.6));
#169 = ORIENTED_EDGE('',*,*,#170,.F.);
#170 = EDGE_CURVE('',#171,#148,#173,.T.);
#171 = VERTEX_POINT('',#172);
#172 = CARTESIAN_POINT('',(-39.375,24.625,5.6));
#173 = LINE('',#174,#175);
#174 = CARTESIAN_POINT('',(0.,24.625,5.6));
#175 = VECTOR('',#176,1.);
#176 = DIRECTION('',(1.,0.,0.));
#177 = ORIENTED_EDGE('',*,*,#178,.F.);
#178 = EDGE_CURVE('',#179,#171,#181,.T.);
#179 = VERTEX_POINT('',#180);
#180 = CARTESIAN_POINT('',(-40.175,25.425,5.6));
#181 = LINE('',#182,#183);
#182 = CARTESIAN_POINT('',(-46.66495379529,31.914953795294,5.6));
#183 = VECTOR('',#184,1.);
#184 = DIRECTION('',(0.707106781187,-0.707106781187,0.));
#185 = ORIENTED_EDGE('',*,*,#186,.T.);
#186 = EDGE_CURVE('',#179,#187,#189,.T.);
#187 = VERTEX_POINT('',#188);
#188 = CARTESIAN_POINT('',(-40.175,49.1,5.6));
#189 = LINE('',#190,#191);
#190 = CARTESIAN_POINT('',(-40.175,26.625,5.6));
#191 = VECTOR('',#192,1.);
#192 = DIRECTION('',(-3.5E-16,1.,0.));
#193 = ORIENTED_EDGE('',*,*,#194,.F.);
#194 = EDGE_CURVE('',#195,#187,#197,.T.);
#195 = VERTEX_POINT('',#196);
#196 = CARTESIAN_POINT('',(-37.475,52.174085229788,5.6));
#197 = CIRCLE('',#198,3.1);
#198 = AXIS2_PLACEMENT_3D('',#199,#200,#201);
#199 = CARTESIAN_POINT('',(-37.075,49.1,5.6));
#200 = DIRECTION('',(0.,0.,1.));
#201 = DIRECTION('',(1.,0.,0.));
#202 = ORIENTED_EDGE('',*,*,#203,.F.);
#203 = EDGE_CURVE('',#204,#195,#206,.T.);
#204 = VERTEX_POINT('',#205);
#205 = CARTESIAN_POINT('',(-37.075,52.2,5.6));
#206 = CIRCLE('',#207,3.1);
#207 = AXIS2_PLACEMENT_3D('',#208,#209,#210);
#208 = CARTESIAN_POINT('',(-37.075,49.1,5.6));
#209 = DIRECTION('',(0.,0.,1.));
#210 = DIRECTION('',(1.,0.,0.));
#211 = ORIENTED_EDGE('',*,*,#212,.T.);
#212 = EDGE_CURVE('',#204,#213,#215,.T.);
#213 = VERTEX_POINT('',#214);
#214 = CARTESIAN_POINT('',(37.075,52.2,5.6));
#215 = LINE('',#216,#217);
#216 = CARTESIAN_POINT('',(-37.075,52.2,5.6));
#217 = VECTOR('',#218,1.);
#218 = DIRECTION('',(1.,0.,0.));
#219 = ORIENTED_EDGE('',*,*,#220,.F.);
#220 = EDGE_CURVE('',#221,#213,#223,.T.);
#221 = VERTEX_POINT('',#222);
#222 = CARTESIAN_POINT('',(40.175,49.1,5.6));
#223 = CIRCLE('',#224,3.1);
#224 = AXIS2_PLACEMENT_3D('',#225,#226,#227);
#225 = CARTESIAN_POINT('',(37.075,49.1,5.6));
#226 = DIRECTION('',(0.,0.,1.));
#227 = DIRECTION('',(1.,0.,0.));
#228 = ORIENTED_EDGE('',*,*,#229,.F.);
#229 = EDGE_CURVE('',#230,#221,#232,.T.);
#230 = VERTEX_POINT('',#231);
#231 = CARTESIAN_POINT('',(40.175,25.425,5.6));
#232 = LINE('',#233,#234);
#233 = CARTESIAN_POINT('',(40.175,28.625,5.6));
#234 = VECTOR('',#235,1.);
#235 = DIRECTION('',(0.,1.,0.));
#236 = ORIENTED_EDGE('',*,*,#237,.F.);
#237 = EDGE_CURVE('',#238,#230,#240,.T.);
#238 = VERTEX_POINT('',#239);
#239 = CARTESIAN_POINT('',(39.375,24.625,5.6));
#240 = LINE('',#241,#242);
#241 = CARTESIAN_POINT('',(46.664953795294,31.914953795294,5.6));
#242 = VECTOR('',#243,1.);
#243 = DIRECTION('',(0.707106781187,0.707106781187,0.));
#244 = ORIENTED_EDGE('',*,*,#245,.F.);
#245 = EDGE_CURVE('',#246,#238,#248,.T.);
#246 = VERTEX_POINT('',#247);
#247 = CARTESIAN_POINT('',(37.190213337958,24.625,5.6));
#248 = LINE('',#249,#250);
#249 = CARTESIAN_POINT('',(0.,24.625,5.6));
#250 = VECTOR('',#251,1.);
#251 = DIRECTION('',(1.,0.,0.));
#252 = ORIENTED_EDGE('',*,*,#253,.T.);
#253 = EDGE_CURVE('',#246,#254,#256,.T.);
#254 = VERTEX_POINT('',#255);
#255 = CARTESIAN_POINT('',(35.52156867836,25.750000000002,5.6));
#256 = B_SPLINE_CURVE_WITH_KNOTS('',5,(#257,#258,#259,#260,#261,#262,
    #263,#264,#265,#266,#267,#268,#269,#270,#271,#272,#273,#274),
  .UNSPECIFIED.,.F.,.F.,(6,4,4,4,6),(0.,0.249658557331,0.5,
    0.750341442669,1.),.UNSPECIFIED.);
#257 = CARTESIAN_POINT('',(37.190213337958,24.625,5.6));
#258 = CARTESIAN_POINT('',(37.089381291823,24.625,5.6));
#259 = CARTESIAN_POINT('',(36.986508947165,24.632060105409,5.6));
#260 = CARTESIAN_POINT('',(36.882490511419,24.646754284931,5.6));
#261 = CARTESIAN_POINT('',(36.778460020089,24.669443968392,5.6));
#262 = CARTESIAN_POINT('',(36.572495302117,24.730891001773,5.6));
#263 = CARTESIAN_POINT('',(36.470565602855,24.769692215996,5.6));
#264 = CARTESIAN_POINT('',(36.371037475792,24.816533756056,5.6));
#265 = CARTESIAN_POINT('',(36.27516256003,24.871045427666,5.6));
#266 = CARTESIAN_POINT('',(36.092802936134,24.993992261016,5.6));
#267 = CARTESIAN_POINT('',(36.006316170658,25.062428809815,5.6));
#268 = CARTESIAN_POINT('',(35.925569853194,25.137128275461,5.6));
#269 = CARTESIAN_POINT('',(35.851376527694,25.21706918031,5.6));
#270 = CARTESIAN_POINT('',(35.717176833954,25.38496094652,5.6));
#271 = CARTESIAN_POINT('',(35.657131500186,25.472891161773,5.6));
#272 = CARTESIAN_POINT('',(35.604502717789,25.563808515178,5.6));
#273 = CARTESIAN_POINT('',(35.559380695661,25.656526191503,5.6));
#274 = CARTESIAN_POINT('',(35.52156867836,25.750000000002,5.6));
#275 = ORIENTED_EDGE('',*,*,#276,.T.);
#276 = EDGE_CURVE('',#254,#277,#279,.T.);
#277 = VERTEX_POINT('',#278);
#278 = CARTESIAN_POINT('',(32.740494245698,27.625000000006,5.6));
#279 = B_SPLINE_CURVE_WITH_KNOTS('',6,(#280,#281,#282,#283,#284,#285,
    #286,#287,#288,#289,#290,#291,#292,#293,#294,#295,#296,#297,#298,
    #299,#300,#301),.UNSPECIFIED.,.F.,.F.,(7,5,5,5,7),(0.,0.153070591275
    ,0.499997304778,0.752043177195,1.),.UNSPECIFIED.);
#280 = CARTESIAN_POINT('',(35.629273104004,25.434293956368,5.6));
#281 = CARTESIAN_POINT('',(35.603801181925,25.525216110679,5.6));
#282 = CARTESIAN_POINT('',(35.574660402777,25.616014410531,5.6));
#283 = CARTESIAN_POINT('',(35.541792566249,25.706439352802,5.6));
#284 = CARTESIAN_POINT('',(35.505166611555,25.796230010916,5.6));
#285 = CARTESIAN_POINT('',(35.464781422385,25.885118968446,5.6));
#286 = CARTESIAN_POINT('',(35.320689234661,26.171646284711,5.6));
#287 = CARTESIAN_POINT('',(35.201546677886,26.364472167325,5.6));
#288 = CARTESIAN_POINT('',(35.063622825465,26.548129334648,5.6));
#289 = CARTESIAN_POINT('',(34.908133569094,26.719521471326,5.6));
#290 = CARTESIAN_POINT('',(34.737112611208,26.875947757301,5.6));
#291 = CARTESIAN_POINT('',(34.419660296866,27.116687785426,5.6));
#292 = CARTESIAN_POINT('',(34.279279063124,27.20903640524,5.6));
#293 = CARTESIAN_POINT('',(34.133116189405,27.291656485754,5.6));
#294 = CARTESIAN_POINT('',(33.98232500587,27.363994553053,5.6));
#295 = CARTESIAN_POINT('',(33.82813484226,27.425729965802,5.6));
#296 = CARTESIAN_POINT('',(33.517982216664,27.527015210548,5.6));
#297 = CARTESIAN_POINT('',(33.36207906948,27.566911826185,5.6));
#298 = CARTESIAN_POINT('',(33.205263118297,27.596400272975,5.6));
#299 = CARTESIAN_POINT('',(33.048692034265,27.615642172248,5.6));
#300 = CARTESIAN_POINT('',(32.89344924046,27.625000000006,5.6));
#301 = CARTESIAN_POINT('',(32.740494245698,27.625000000006,5.6));
#302 = ORIENTED_EDGE('',*,*,#303,.T.);
#303 = EDGE_CURVE('',#277,#304,#306,.T.);
#304 = VERTEX_POINT('',#305);
#305 = CARTESIAN_POINT('',(24.409505754302,27.625000000006,5.6));
#306 = LINE('',#307,#308);
#307 = CARTESIAN_POINT('',(34.974999999985,27.625,5.6));
#308 = VECTOR('',#309,1.);
#309 = DIRECTION('',(-1.,0.,0.));
#310 = ORIENTED_EDGE('',*,*,#311,.F.);
#311 = EDGE_CURVE('',#312,#304,#314,.T.);
#312 = VERTEX_POINT('',#313);
#313 = CARTESIAN_POINT('',(21.62843132164,25.750000000002,5.6));
#314 = B_SPLINE_CURVE_WITH_KNOTS('',6,(#315,#316,#317,#318,#319,#320,
    #321,#322,#323,#324,#325,#326,#327,#328,#329,#330,#331,#332,#333,
    #334,#335,#336),.UNSPECIFIED.,.F.,.F.,(7,5,5,5,7),(0.,0.153070591274
    ,0.499997304778,0.752043177195,1.),.UNSPECIFIED.);
#315 = CARTESIAN_POINT('',(21.520726895996,25.434293956368,5.6));
#316 = CARTESIAN_POINT('',(21.546198818075,25.525216110679,5.6));
#317 = CARTESIAN_POINT('',(21.575339597223,25.616014410531,5.6));
#318 = CARTESIAN_POINT('',(21.608207433751,25.706439352802,5.6));
#319 = CARTESIAN_POINT('',(21.644833388445,25.796230010916,5.6));
#320 = CARTESIAN_POINT('',(21.685218577615,25.885118968446,5.6));
#321 = CARTESIAN_POINT('',(21.829310765339,26.171646284712,5.6));
#322 = CARTESIAN_POINT('',(21.948453322114,26.364472167324,5.6));
#323 = CARTESIAN_POINT('',(22.086377174535,26.548129334648,5.6));
#324 = CARTESIAN_POINT('',(22.241866430906,26.719521471326,5.6));
#325 = CARTESIAN_POINT('',(22.412887388792,26.875947757301,5.6));
#326 = CARTESIAN_POINT('',(22.730339703134,27.116687785426,5.6));
#327 = CARTESIAN_POINT('',(22.870720936876,27.20903640524,5.6));
#328 = CARTESIAN_POINT('',(23.016883810595,27.291656485754,5.6));
#329 = CARTESIAN_POINT('',(23.16767499413,27.363994553053,5.6));
#330 = CARTESIAN_POINT('',(23.32186515774,27.425729965802,5.6));
#331 = CARTESIAN_POINT('',(23.632017783336,27.527015210548,5.6));
#332 = CARTESIAN_POINT('',(23.78792093052,27.566911826185,5.6));
#333 = CARTESIAN_POINT('',(23.944736881703,27.596400272975,5.6));
#334 = CARTESIAN_POINT('',(24.101307965735,27.615642172248,5.6));
#335 = CARTESIAN_POINT('',(24.25655075954,27.625000000006,5.6));
#336 = CARTESIAN_POINT('',(24.409505754302,27.625000000006,5.6));
#337 = ORIENTED_EDGE('',*,*,#338,.F.);
#338 = EDGE_CURVE('',#339,#312,#341,.T.);
#339 = VERTEX_POINT('',#340);
#340 = CARTESIAN_POINT('',(19.959786662042,24.625,5.6));
#341 = B_SPLINE_CURVE_WITH_KNOTS('',5,(#342,#343,#344,#345,#346,#347,
    #348,#349,#350,#351,#352,#353,#354,#355,#356,#357,#358,#359),
  .UNSPECIFIED.,.F.,.F.,(6,4,4,4,6),(0.,0.249658557331,0.5,
    0.750341442669,1.),.UNSPECIFIED.);
#342 = CARTESIAN_POINT('',(19.959786662042,24.625,5.6));
#343 = CARTESIAN_POINT('',(20.060618708177,24.625,5.6));
#344 = CARTESIAN_POINT('',(20.163491052836,24.632060105409,5.6));
#345 = CARTESIAN_POINT('',(20.267509488581,24.646754284931,5.6));
#346 = CARTESIAN_POINT('',(20.371539979911,24.669443968392,5.6));
#347 = CARTESIAN_POINT('',(20.577504697883,24.730891001773,5.6));
#348 = CARTESIAN_POINT('',(20.679434397145,24.769692215996,5.6));
#349 = CARTESIAN_POINT('',(20.778962524208,24.816533756056,5.6));
#350 = CARTESIAN_POINT('',(20.87483743997,24.871045427666,5.6));
#351 = CARTESIAN_POINT('',(21.057197063866,24.993992261016,5.6));
#352 = CARTESIAN_POINT('',(21.143683829342,25.062428809815,5.6));
#353 = CARTESIAN_POINT('',(21.224430146806,25.137128275461,5.6));
#354 = CARTESIAN_POINT('',(21.298623472306,25.21706918031,5.6));
#355 = CARTESIAN_POINT('',(21.432823166046,25.38496094652,5.6));
#356 = CARTESIAN_POINT('',(21.492868499814,25.472891161773,5.6));
#357 = CARTESIAN_POINT('',(21.545497282211,25.563808515178,5.6));
#358 = CARTESIAN_POINT('',(21.590619304339,25.656526191503,5.6));
#359 = CARTESIAN_POINT('',(21.62843132164,25.750000000002,5.6));
#360 = ORIENTED_EDGE('',*,*,#361,.F.);
#361 = EDGE_CURVE('',#362,#339,#364,.T.);
#362 = VERTEX_POINT('',#363);
#363 = CARTESIAN_POINT('',(18.140213337958,24.625,5.6));
#364 = LINE('',#365,#366);
#365 = CARTESIAN_POINT('',(0.,24.625,5.6));
#366 = VECTOR('',#367,1.);
#367 = DIRECTION('',(1.,0.,0.));
#368 = ORIENTED_EDGE('',*,*,#369,.T.);
#369 = EDGE_CURVE('',#362,#370,#372,.T.);
#370 = VERTEX_POINT('',#371);
#371 = CARTESIAN_POINT('',(16.47156867836,25.750000000002,5.6));
#372 = B_SPLINE_CURVE_WITH_KNOTS('',5,(#373,#374,#375,#376,#377,#378,
    #379,#380,#381,#382,#383,#384,#385,#386,#387,#388,#389,#390),
  .UNSPECIFIED.,.F.,.F.,(6,4,4,4,6),(0.,0.249658557331,0.5,
    0.750341442669,1.),.UNSPECIFIED.);
#373 = CARTESIAN_POINT('',(18.140213337958,24.625,5.6));
#374 = CARTESIAN_POINT('',(18.039381291823,24.625,5.6));
#375 = CARTESIAN_POINT('',(17.936508947164,24.632060105409,5.6));
#376 = CARTESIAN_POINT('',(17.832490511419,24.646754284931,5.6));
#377 = CARTESIAN_POINT('',(17.728460020089,24.669443968392,5.6));
#378 = CARTESIAN_POINT('',(17.522495302117,24.730891001773,5.6));
#379 = CARTESIAN_POINT('',(17.420565602855,24.769692215996,5.6));
#380 = CARTESIAN_POINT('',(17.321037475791,24.816533756056,5.6));
#381 = CARTESIAN_POINT('',(17.22516256003,24.871045427666,5.6));
#382 = CARTESIAN_POINT('',(17.042802936134,24.993992261016,5.6));
#383 = CARTESIAN_POINT('',(16.956316170658,25.062428809815,5.6));
#384 = CARTESIAN_POINT('',(16.875569853193,25.137128275461,5.6));
#385 = CARTESIAN_POINT('',(16.801376527694,25.21706918031,5.6));
#386 = CARTESIAN_POINT('',(16.667176833954,25.38496094652,5.6));
#387 = CARTESIAN_POINT('',(16.607131500186,25.472891161773,5.6));
#388 = CARTESIAN_POINT('',(16.554502717789,25.563808515178,5.6));
#389 = CARTESIAN_POINT('',(16.509380695661,25.656526191503,5.6));
#390 = CARTESIAN_POINT('',(16.47156867836,25.750000000002,5.6));
#391 = ORIENTED_EDGE('',*,*,#392,.T.);
#392 = EDGE_CURVE('',#370,#393,#395,.T.);
#393 = VERTEX_POINT('',#394);
#394 = CARTESIAN_POINT('',(13.690494245698,27.625000000006,5.6));
#395 = B_SPLINE_CURVE_WITH_KNOTS('',6,(#396,#397,#398,#399,#400,#401,
    #402,#403,#404,#405,#406,#407,#408,#409,#410,#411,#412,#413,#414,
    #415,#416,#417),.UNSPECIFIED.,.F.,.F.,(7,5,5,5,7),(0.,0.153070591275
    ,0.499997304778,0.752043177195,1.),.UNSPECIFIED.);
#396 = CARTESIAN_POINT('',(16.579273104004,25.434293956368,5.6));
#397 = CARTESIAN_POINT('',(16.553801181925,25.525216110679,5.6));
#398 = CARTESIAN_POINT('',(16.524660402777,25.616014410531,5.6));
#399 = CARTESIAN_POINT('',(16.491792566249,25.706439352802,5.6));
#400 = CARTESIAN_POINT('',(16.455166611555,25.796230010916,5.6));
#401 = CARTESIAN_POINT('',(16.414781422385,25.885118968446,5.6));
#402 = CARTESIAN_POINT('',(16.270689234661,26.171646284711,5.6));
#403 = CARTESIAN_POINT('',(16.151546677886,26.364472167325,5.6));
#404 = CARTESIAN_POINT('',(16.013622825465,26.548129334648,5.6));
#405 = CARTESIAN_POINT('',(15.858133569094,26.719521471326,5.6));
#406 = CARTESIAN_POINT('',(15.687112611208,26.875947757301,5.6));
#407 = CARTESIAN_POINT('',(15.369660296866,27.116687785426,5.6));
#408 = CARTESIAN_POINT('',(15.229279063124,27.20903640524,5.6));
#409 = CARTESIAN_POINT('',(15.083116189405,27.291656485754,5.6));
#410 = CARTESIAN_POINT('',(14.93232500587,27.363994553053,5.6));
#411 = CARTESIAN_POINT('',(14.77813484226,27.425729965802,5.6));
#412 = CARTESIAN_POINT('',(14.467982216664,27.527015210548,5.6));
#413 = CARTESIAN_POINT('',(14.31207906948,27.566911826185,5.6));
#414 = CARTESIAN_POINT('',(14.155263118297,27.596400272975,5.6));
#415 = CARTESIAN_POINT('',(13.998692034265,27.615642172248,5.6));
#416 = CARTESIAN_POINT('',(13.84344924046,27.625000000006,5.6));
#417 = CARTESIAN_POINT('',(13.690494245698,27.625000000006,5.6));
#418 = ORIENTED_EDGE('',*,*,#419,.T.);
#419 = EDGE_CURVE('',#393,#420,#422,.T.);
#420 = VERTEX_POINT('',#421);
#421 = CARTESIAN_POINT('',(5.359505754302,27.625000000006,5.6));
#422 = LINE('',#423,#424);
#423 = CARTESIAN_POINT('',(15.924999999985,27.625,5.6));
#424 = VECTOR('',#425,1.);
#425 = DIRECTION('',(-1.,0.,0.));
#426 = ORIENTED_EDGE('',*,*,#427,.F.);
#427 = EDGE_CURVE('',#428,#420,#430,.T.);
#428 = VERTEX_POINT('',#429);
#429 = CARTESIAN_POINT('',(2.57843132164,25.750000000002,5.6));
#430 = B_SPLINE_CURVE_WITH_KNOTS('',6,(#431,#432,#433,#434,#435,#436,
    #437,#438,#439,#440,#441,#442,#443,#444,#445,#446,#447,#448,#449,
    #450,#451,#452),.UNSPECIFIED.,.F.,.F.,(7,5,5,5,7),(0.,0.247956822805
    ,0.500002695222,0.846929408725,1.),.UNSPECIFIED.);
#431 = CARTESIAN_POINT('',(2.470726895996,25.434293956368,5.6));
#432 = CARTESIAN_POINT('',(2.511988746948,25.581578341415,5.6));
#433 = CARTESIAN_POINT('',(2.562878663542,25.728541297148,5.6));
#434 = CARTESIAN_POINT('',(2.623644538162,25.874116925343,5.6));
#435 = CARTESIAN_POINT('',(2.694343139231,26.017164186226,5.6));
#436 = CARTESIAN_POINT('',(2.774817797419,26.156524728098,5.6));
#437 = CARTESIAN_POINT('',(2.956016237127,26.427855665174,5.6));
#438 = CARTESIAN_POINT('',(3.057057944693,26.559675394629,5.6));
#439 = CARTESIAN_POINT('',(3.16739230235,26.685361935407,5.6));
#440 = CARTESIAN_POINT('',(3.286378926419,26.803818031285,5.6));
#441 = CARTESIAN_POINT('',(3.413173734607,26.914082418033,5.6));
#442 = CARTESIAN_POINT('',(3.730626048949,27.154822446158,5.6));
#443 = CARTESIAN_POINT('',(3.927388440762,27.277304739362,5.6));
#444 = CARTESIAN_POINT('',(4.134371939553,27.380793891401,5.6));
#445 = CARTESIAN_POINT('',(4.348427233668,27.464060182525,5.6));
#446 = CARTESIAN_POINT('',(4.566244795058,27.526768075095,5.6));
#447 = CARTESIAN_POINT('',(4.881020458472,27.588223288481,5.6));
#448 = CARTESIAN_POINT('',(4.977508468728,27.603132149996,5.6));
#449 = CARTESIAN_POINT('',(5.073850641599,27.614177898874,5.6));
#450 = CARTESIAN_POINT('',(5.169789775918,27.62143374954,5.6));
#451 = CARTESIAN_POINT('',(5.265082997728,27.625000000006,5.6));
#452 = CARTESIAN_POINT('',(5.359505754302,27.625000000006,5.6));
#453 = ORIENTED_EDGE('',*,*,#454,.F.);
#454 = EDGE_CURVE('',#455,#428,#457,.T.);
#455 = VERTEX_POINT('',#456);
#456 = CARTESIAN_POINT('',(0.909786662042,24.625,5.6));
#457 = B_SPLINE_CURVE_WITH_KNOTS('',5,(#458,#459,#460,#461,#462,#463,
    #464,#465,#466,#467,#468,#469,#470,#471,#472,#473,#474,#475),
  .UNSPECIFIED.,.F.,.F.,(6,4,4,4,6),(0.,0.249658557331,0.5,
    0.750341442669,1.),.UNSPECIFIED.);
#458 = CARTESIAN_POINT('',(0.909786662042,24.625,5.6));
#459 = CARTESIAN_POINT('',(1.010618708177,24.625,5.6));
#460 = CARTESIAN_POINT('',(1.113491052835,24.632060105409,5.6));
#461 = CARTESIAN_POINT('',(1.217509488581,24.646754284931,5.6));
#462 = CARTESIAN_POINT('',(1.321539979911,24.669443968392,5.6));
#463 = CARTESIAN_POINT('',(1.527504697883,24.730891001773,5.6));
#464 = CARTESIAN_POINT('',(1.629434397145,24.769692215996,5.6));
#465 = CARTESIAN_POINT('',(1.728962524208,24.816533756056,5.6));
#466 = CARTESIAN_POINT('',(1.82483743997,24.871045427666,5.6));
#467 = CARTESIAN_POINT('',(2.007197063866,24.993992261016,5.6));
#468 = CARTESIAN_POINT('',(2.093683829342,25.062428809815,5.6));
#469 = CARTESIAN_POINT('',(2.174430146806,25.137128275461,5.6));
#470 = CARTESIAN_POINT('',(2.248623472306,25.21706918031,5.6));
#471 = CARTESIAN_POINT('',(2.382823166046,25.38496094652,5.6));
#472 = CARTESIAN_POINT('',(2.442868499814,25.472891161773,5.6));
#473 = CARTESIAN_POINT('',(2.495497282211,25.563808515178,5.6));
#474 = CARTESIAN_POINT('',(2.540619304339,25.656526191503,5.6));
#475 = CARTESIAN_POINT('',(2.57843132164,25.750000000002,5.6));
#476 = ORIENTED_EDGE('',*,*,#477,.F.);
#477 = EDGE_CURVE('',#478,#455,#480,.T.);
#478 = VERTEX_POINT('',#479);
#479 = CARTESIAN_POINT('',(-0.909786662042,24.625,5.6));
#480 = LINE('',#481,#482);
#481 = CARTESIAN_POINT('',(0.,24.625,5.6));
#482 = VECTOR('',#483,1.);
#483 = DIRECTION('',(1.,0.,0.));
#484 = ORIENTED_EDGE('',*,*,#485,.T.);
#485 = EDGE_CURVE('',#478,#486,#488,.T.);
#486 = VERTEX_POINT('',#487);
#487 = CARTESIAN_POINT('',(-2.57843132164,25.750000000002,5.6));
#488 = B_SPLINE_CURVE_WITH_KNOTS('',5,(#489,#490,#491,#492,#493,#494,
    #495,#496,#497,#498,#499,#500,#501,#502,#503,#504,#505,#506),
  .UNSPECIFIED.,.F.,.F.,(6,4,4,4,6),(0.,0.249658557331,0.5,
    0.750341442669,1.),.UNSPECIFIED.);
#489 = CARTESIAN_POINT('',(-0.909786662042,24.625,5.6));
#490 = CARTESIAN_POINT('',(-1.010618708177,24.625,5.6));
#491 = CARTESIAN_POINT('',(-1.113491052836,24.632060105409,5.6));
#492 = CARTESIAN_POINT('',(-1.217509488581,24.646754284931,5.6));
#493 = CARTESIAN_POINT('',(-1.321539979911,24.669443968392,5.6));
#494 = CARTESIAN_POINT('',(-1.527504697883,24.730891001773,5.6));
#495 = CARTESIAN_POINT('',(-1.629434397145,24.769692215996,5.6));
#496 = CARTESIAN_POINT('',(-1.728962524208,24.816533756056,5.6));
#497 = CARTESIAN_POINT('',(-1.82483743997,24.871045427666,5.6));
#498 = CARTESIAN_POINT('',(-2.007197063866,24.993992261016,5.6));
#499 = CARTESIAN_POINT('',(-2.093683829342,25.062428809815,5.6));
#500 = CARTESIAN_POINT('',(-2.174430146806,25.137128275461,5.6));
#501 = CARTESIAN_POINT('',(-2.248623472306,25.21706918031,5.6));
#502 = CARTESIAN_POINT('',(-2.382823166046,25.38496094652,5.6));
#503 = CARTESIAN_POINT('',(-2.442868499814,25.472891161773,5.6));
#504 = CARTESIAN_POINT('',(-2.495497282211,25.563808515178,5.6));
#505 = CARTESIAN_POINT('',(-2.540619304339,25.656526191503,5.6));
#506 = CARTESIAN_POINT('',(-2.57843132164,25.750000000002,5.6));
#507 = ORIENTED_EDGE('',*,*,#508,.T.);
#508 = EDGE_CURVE('',#486,#509,#511,.T.);
#509 = VERTEX_POINT('',#510);
#510 = CARTESIAN_POINT('',(-5.359505754302,27.625000000006,5.6));
#511 = B_SPLINE_CURVE_WITH_KNOTS('',6,(#512,#513,#514,#515,#516,#517,
    #518,#519,#520,#521,#522,#523,#524,#525,#526,#527,#528,#529,#530,
    #531,#532,#533),.UNSPECIFIED.,.F.,.F.,(7,5,5,5,7),(0.,0.247956822805
    ,0.500002695222,0.846929408726,1.),.UNSPECIFIED.);
#512 = CARTESIAN_POINT('',(-2.470726895996,25.434293956368,5.6));
#513 = CARTESIAN_POINT('',(-2.511988746948,25.581578341415,5.6));
#514 = CARTESIAN_POINT('',(-2.562878663542,25.728541297148,5.6));
#515 = CARTESIAN_POINT('',(-2.623644538162,25.874116925343,5.6));
#516 = CARTESIAN_POINT('',(-2.694343139231,26.017164186226,5.6));
#517 = CARTESIAN_POINT('',(-2.774817797419,26.156524728098,5.6));
#518 = CARTESIAN_POINT('',(-2.956016237127,26.427855665174,5.6));
#519 = CARTESIAN_POINT('',(-3.057057944693,26.559675394629,5.6));
#520 = CARTESIAN_POINT('',(-3.16739230235,26.685361935407,5.6));
#521 = CARTESIAN_POINT('',(-3.286378926419,26.803818031285,5.6));
#522 = CARTESIAN_POINT('',(-3.413173734607,26.914082418033,5.6));
#523 = CARTESIAN_POINT('',(-3.730626048949,27.154822446158,5.6));
#524 = CARTESIAN_POINT('',(-3.927388440762,27.277304739362,5.6));
#525 = CARTESIAN_POINT('',(-4.134371939553,27.3807938914,5.6));
#526 = CARTESIAN_POINT('',(-4.348427233668,27.464060182525,5.6));
#527 = CARTESIAN_POINT('',(-4.566244795058,27.526768075094,5.6));
#528 = CARTESIAN_POINT('',(-4.881020458471,27.588223288481,5.6));
#529 = CARTESIAN_POINT('',(-4.977508468728,27.603132149996,5.6));
#530 = CARTESIAN_POINT('',(-5.073850641599,27.614177898874,5.6));
#531 = CARTESIAN_POINT('',(-5.169789775918,27.62143374954,5.6));
#532 = CARTESIAN_POINT('',(-5.265082997728,27.625000000006,5.6));
#533 = CARTESIAN_POINT('',(-5.359505754302,27.625000000006,5.6));
#534 = ORIENTED_EDGE('',*,*,#535,.T.);
#535 = EDGE_CURVE('',#509,#536,#538,.T.);
#536 = VERTEX_POINT('',#537);
#537 = CARTESIAN_POINT('',(-13.69049424569,27.625000000006,5.6));
#538 = LINE('',#539,#540);
#539 = CARTESIAN_POINT('',(-3.125000000015,27.625,5.6));
#540 = VECTOR('',#541,1.);
#541 = DIRECTION('',(-1.,0.,0.));
#542 = ORIENTED_EDGE('',*,*,#543,.F.);
#543 = EDGE_CURVE('',#544,#536,#546,.T.);
#544 = VERTEX_POINT('',#545);
#545 = CARTESIAN_POINT('',(-16.47156867836,25.750000000002,5.6));
#546 = B_SPLINE_CURVE_WITH_KNOTS('',6,(#547,#548,#549,#550,#551,#552,
    #553,#554,#555,#556,#557,#558,#559,#560,#561,#562,#563,#564,#565,
    #566,#567,#568),.UNSPECIFIED.,.F.,.F.,(7,5,5,5,7),(0.,0.247956822805
    ,0.500002695222,0.846929408725,1.),.UNSPECIFIED.);
#547 = CARTESIAN_POINT('',(-16.579273104,25.434293956368,5.6));
#548 = CARTESIAN_POINT('',(-16.53801125305,25.581578341415,5.6));
#549 = CARTESIAN_POINT('',(-16.48712133645,25.728541297148,5.6));
#550 = CARTESIAN_POINT('',(-16.42635546183,25.874116925343,5.6));
#551 = CARTESIAN_POINT('',(-16.35565686076,26.017164186226,5.6));
#552 = CARTESIAN_POINT('',(-16.27518220258,26.156524728098,5.6));
#553 = CARTESIAN_POINT('',(-16.09398376287,26.427855665174,5.6));
#554 = CARTESIAN_POINT('',(-15.9929420553,26.559675394629,5.6));
#555 = CARTESIAN_POINT('',(-15.88260769765,26.685361935407,5.6));
#556 = CARTESIAN_POINT('',(-15.76362107358,26.803818031285,5.6));
#557 = CARTESIAN_POINT('',(-15.63682626539,26.914082418033,5.6));
#558 = CARTESIAN_POINT('',(-15.31937395105,27.154822446158,5.6));
#559 = CARTESIAN_POINT('',(-15.12261155923,27.277304739362,5.6));
#560 = CARTESIAN_POINT('',(-14.91562806044,27.380793891401,5.6));
#561 = CARTESIAN_POINT('',(-14.70157276633,27.464060182525,5.6));
#562 = CARTESIAN_POINT('',(-14.48375520494,27.526768075095,5.6));
#563 = CARTESIAN_POINT('',(-14.16897954152,27.588223288481,5.6));
#564 = CARTESIAN_POINT('',(-14.07249153127,27.603132149996,5.6));
#565 = CARTESIAN_POINT('',(-13.9761493584,27.614177898874,5.6));
#566 = CARTESIAN_POINT('',(-13.88021022408,27.62143374954,5.6));
#567 = CARTESIAN_POINT('',(-13.78491700227,27.625000000006,5.6));
#568 = CARTESIAN_POINT('',(-13.69049424569,27.625000000006,5.6));
#569 = ORIENTED_EDGE('',*,*,#570,.F.);
#570 = EDGE_CURVE('',#571,#544,#573,.T.);
#571 = VERTEX_POINT('',#572);
#572 = CARTESIAN_POINT('',(-18.14021333795,24.625,5.6));
#573 = B_SPLINE_CURVE_WITH_KNOTS('',5,(#574,#575,#576,#577,#578,#579,
    #580,#581,#582,#583,#584,#585,#586,#587,#588,#589,#590,#591),
  .UNSPECIFIED.,.F.,.F.,(6,4,4,4,6),(0.,0.249658557331,0.5,
    0.750341442669,1.),.UNSPECIFIED.);
#574 = CARTESIAN_POINT('',(-18.14021333795,24.625,5.6));
#575 = CARTESIAN_POINT('',(-18.03938129182,24.625,5.6));
#576 = CARTESIAN_POINT('',(-17.93650894716,24.632060105409,5.6));
#577 = CARTESIAN_POINT('',(-17.83249051141,24.646754284931,5.6));
#578 = CARTESIAN_POINT('',(-17.72846002008,24.669443968392,5.6));
#579 = CARTESIAN_POINT('',(-17.52249530211,24.730891001773,5.6));
#580 = CARTESIAN_POINT('',(-17.42056560285,24.769692215996,5.6));
#581 = CARTESIAN_POINT('',(-17.32103747579,24.816533756056,5.6));
#582 = CARTESIAN_POINT('',(-17.22516256003,24.871045427666,5.6));
#583 = CARTESIAN_POINT('',(-17.04280293613,24.993992261016,5.6));
#584 = CARTESIAN_POINT('',(-16.95631617065,25.062428809815,5.6));
#585 = CARTESIAN_POINT('',(-16.87556985319,25.137128275461,5.6));
#586 = CARTESIAN_POINT('',(-16.80137652769,25.21706918031,5.6));
#587 = CARTESIAN_POINT('',(-16.66717683395,25.38496094652,5.6));
#588 = CARTESIAN_POINT('',(-16.60713150018,25.472891161773,5.6));
#589 = CARTESIAN_POINT('',(-16.55450271778,25.563808515178,5.6));
#590 = CARTESIAN_POINT('',(-16.50938069566,25.656526191503,5.6));
#591 = CARTESIAN_POINT('',(-16.47156867836,25.750000000002,5.6));
#592 = ORIENTED_EDGE('',*,*,#593,.F.);
#593 = EDGE_CURVE('',#594,#571,#596,.T.);
#594 = VERTEX_POINT('',#595);
#595 = CARTESIAN_POINT('',(-19.95978666204,24.625,5.6));
#596 = LINE('',#597,#598);
#597 = CARTESIAN_POINT('',(0.,24.625,5.6));
#598 = VECTOR('',#599,1.);
#599 = DIRECTION('',(1.,0.,0.));
#600 = ORIENTED_EDGE('',*,*,#601,.T.);
#601 = EDGE_CURVE('',#594,#602,#604,.T.);
#602 = VERTEX_POINT('',#603);
#603 = CARTESIAN_POINT('',(-21.62843132164,25.750000000002,5.6));
#604 = B_SPLINE_CURVE_WITH_KNOTS('',5,(#605,#606,#607,#608,#609,#610,
    #611,#612,#613,#614,#615,#616,#617,#618,#619,#620,#621,#622),
  .UNSPECIFIED.,.F.,.F.,(6,4,4,4,6),(0.,0.249658557331,0.5,
    0.750341442669,1.),.UNSPECIFIED.);
#605 = CARTESIAN_POINT('',(-19.95978666204,24.625,5.6));
#606 = CARTESIAN_POINT('',(-20.06061870817,24.625,5.6));
#607 = CARTESIAN_POINT('',(-20.16349105283,24.632060105409,5.6));
#608 = CARTESIAN_POINT('',(-20.26750948858,24.646754284931,5.6));
#609 = CARTESIAN_POINT('',(-20.37153997991,24.669443968392,5.6));
#610 = CARTESIAN_POINT('',(-20.57750469788,24.730891001773,5.6));
#611 = CARTESIAN_POINT('',(-20.67943439714,24.769692215996,5.6));
#612 = CARTESIAN_POINT('',(-20.7789625242,24.816533756056,5.6));
#613 = CARTESIAN_POINT('',(-20.87483743997,24.871045427666,5.6));
#614 = CARTESIAN_POINT('',(-21.05719706386,24.993992261016,5.6));
#615 = CARTESIAN_POINT('',(-21.14368382934,25.062428809815,5.6));
#616 = CARTESIAN_POINT('',(-21.2244301468,25.137128275461,5.6));
#617 = CARTESIAN_POINT('',(-21.2986234723,25.21706918031,5.6));
#618 = CARTESIAN_POINT('',(-21.43282316604,25.38496094652,5.6));
#619 = CARTESIAN_POINT('',(-21.49286849981,25.472891161773,5.6));
#620 = CARTESIAN_POINT('',(-21.54549728221,25.563808515179,5.6));
#621 = CARTESIAN_POINT('',(-21.59061930433,25.656526191503,5.6));
#622 = CARTESIAN_POINT('',(-21.62843132164,25.750000000002,5.6));
#623 = ORIENTED_EDGE('',*,*,#624,.F.);
#624 = EDGE_CURVE('',#625,#602,#627,.T.);
#625 = VERTEX_POINT('',#626);
#626 = CARTESIAN_POINT('',(-24.4095057543,27.625000000006,5.6));
#627 = B_SPLINE_CURVE_WITH_KNOTS('',6,(#628,#629,#630,#631,#632,#633,
    #634,#635,#636,#637,#638,#639,#640,#641,#642,#643,#644,#645,#646,
    #647,#648,#649),.UNSPECIFIED.,.F.,.F.,(7,5,5,5,7),(0.,0.153070591274
    ,0.499997304778,0.752043177195,1.),.UNSPECIFIED.);
#628 = CARTESIAN_POINT('',(-24.4095057543,27.625000000006,5.6));
#629 = CARTESIAN_POINT('',(-24.31508299772,27.625000000006,5.6));
#630 = CARTESIAN_POINT('',(-24.21978977591,27.62143374954,5.6));
#631 = CARTESIAN_POINT('',(-24.12385064159,27.614177898874,5.6));
#632 = CARTESIAN_POINT('',(-24.02750846872,27.603132149996,5.6));
#633 = CARTESIAN_POINT('',(-23.93102045847,27.588223288481,5.6));
#634 = CARTESIAN_POINT('',(-23.61624479505,27.526768075095,5.6));
#635 = CARTESIAN_POINT('',(-23.39842723366,27.464060182525,5.6));
#636 = CARTESIAN_POINT('',(-23.18437193955,27.380793891401,5.6));
#637 = CARTESIAN_POINT('',(-22.97738844076,27.277304739362,5.6));
#638 = CARTESIAN_POINT('',(-22.78062604894,27.154822446158,5.6));
#639 = CARTESIAN_POINT('',(-22.4631737346,26.914082418033,5.6));
#640 = CARTESIAN_POINT('',(-22.33637892641,26.803818031285,5.6));
#641 = CARTESIAN_POINT('',(-22.21739230235,26.685361935407,5.6));
#642 = CARTESIAN_POINT('',(-22.10705794469,26.559675394629,5.6));
#643 = CARTESIAN_POINT('',(-22.00601623712,26.427855665174,5.6));
#644 = CARTESIAN_POINT('',(-21.82481779741,26.156524728098,5.6));
#645 = CARTESIAN_POINT('',(-21.74434313923,26.017164186226,5.6));
#646 = CARTESIAN_POINT('',(-21.67364453816,25.874116925343,5.6));
#647 = CARTESIAN_POINT('',(-21.61287866354,25.728541297147,5.6));
#648 = CARTESIAN_POINT('',(-21.56198874694,25.581578341415,5.6));
#649 = CARTESIAN_POINT('',(-21.52072689599,25.434293956368,5.6));
#650 = ORIENTED_EDGE('',*,*,#651,.T.);
#651 = EDGE_CURVE('',#625,#46,#652,.T.);
#652 = LINE('',#653,#654);
#653 = CARTESIAN_POINT('',(-22.17500000001,27.625,5.6));
#654 = VECTOR('',#655,1.);
#655 = DIRECTION('',(-1.,0.,0.));
#656 = FACE_BOUND('',#657,.T.);
#657 = EDGE_LOOP('',(#658,#668,#676,#684,#692,#700,#708,#716,#724,#732,
    #741,#749,#757,#765));
#658 = ORIENTED_EDGE('',*,*,#659,.T.);
#659 = EDGE_CURVE('',#660,#662,#664,.T.);
#660 = VERTEX_POINT('',#661);
#661 = CARTESIAN_POINT('',(-34.975,46.1,5.6));
#662 = VERTEX_POINT('',#663);
#663 = CARTESIAN_POINT('',(-38.19828045892,46.1,5.6));
#664 = LINE('',#665,#666);
#665 = CARTESIAN_POINT('',(-34.975,46.1,5.6));
#666 = VECTOR('',#667,1.);
#667 = DIRECTION('',(-1.,0.,0.));
#668 = ORIENTED_EDGE('',*,*,#669,.F.);
#669 = EDGE_CURVE('',#670,#662,#672,.T.);
#670 = VERTEX_POINT('',#671);
#671 = CARTESIAN_POINT('',(-38.19828045892,30.376092303283,5.6));
#672 = LINE('',#673,#674);
#673 = CARTESIAN_POINT('',(-38.19828045892,35.310557161479,5.6));
#674 = VECTOR('',#675,1.);
#675 = DIRECTION('',(0.,1.,0.));
#676 = ORIENTED_EDGE('',*,*,#677,.T.);
#677 = EDGE_CURVE('',#670,#678,#680,.T.);
#678 = VERTEX_POINT('',#679);
#679 = CARTESIAN_POINT('',(-36.475,30.376092303283,5.6));
#680 = LINE('',#681,#682);
#681 = CARTESIAN_POINT('',(-18.50292471774,30.376092303283,5.6));
#682 = VECTOR('',#683,1.);
#683 = DIRECTION('',(1.,0.,0.));
#684 = ORIENTED_EDGE('',*,*,#685,.T.);
#685 = EDGE_CURVE('',#678,#686,#688,.T.);
#686 = VERTEX_POINT('',#687);
#687 = CARTESIAN_POINT('',(-36.475,28.625,5.6));
#688 = LINE('',#689,#690);
#689 = CARTESIAN_POINT('',(-36.475,28.625,5.6));
#690 = VECTOR('',#691,1.);
#691 = DIRECTION('',(0.,-1.,2.22044604925E-16));
#692 = ORIENTED_EDGE('',*,*,#693,.F.);
#693 = EDGE_CURVE('',#694,#686,#696,.T.);
#694 = VERTEX_POINT('',#695);
#695 = CARTESIAN_POINT('',(36.975,28.625,5.6));
#696 = LINE('',#697,#698);
#697 = CARTESIAN_POINT('',(36.975,28.625,5.6));
#698 = VECTOR('',#699,1.);
#699 = DIRECTION('',(-1.,0.,0.));
#700 = ORIENTED_EDGE('',*,*,#701,.F.);
#701 = EDGE_CURVE('',#702,#694,#704,.T.);
#702 = VERTEX_POINT('',#703);
#703 = CARTESIAN_POINT('',(36.975,30.376092303283,5.6));
#704 = LINE('',#705,#706);
#705 = CARTESIAN_POINT('',(36.975,30.376092303283,5.6));
#706 = VECTOR('',#707,1.);
#707 = DIRECTION('',(0.,-1.,0.));
#708 = ORIENTED_EDGE('',*,*,#709,.F.);
#709 = EDGE_CURVE('',#710,#702,#712,.T.);
#710 = VERTEX_POINT('',#711);
#711 = CARTESIAN_POINT('',(38.198280458922,30.376092303283,5.6));
#712 = LINE('',#713,#714);
#713 = CARTESIAN_POINT('',(19.099140229461,30.376092303283,5.6));
#714 = VECTOR('',#715,1.);
#715 = DIRECTION('',(-1.,0.,0.));
#716 = ORIENTED_EDGE('',*,*,#717,.F.);
#717 = EDGE_CURVE('',#718,#710,#720,.T.);
#718 = VERTEX_POINT('',#719);
#719 = CARTESIAN_POINT('',(38.198280458922,46.1,5.6));
#720 = LINE('',#721,#722);
#721 = CARTESIAN_POINT('',(38.198280458922,44.555511009837,5.6));
#722 = VECTOR('',#723,1.);
#723 = DIRECTION('',(0.,-1.,0.));
#724 = ORIENTED_EDGE('',*,*,#725,.T.);
#725 = EDGE_CURVE('',#718,#726,#728,.T.);
#726 = VERTEX_POINT('',#727);
#727 = CARTESIAN_POINT('',(34.975,46.1,5.6));
#728 = LINE('',#729,#730);
#729 = CARTESIAN_POINT('',(38.198280458922,46.1,5.6));
#730 = VECTOR('',#731,1.);
#731 = DIRECTION('',(-1.,0.,0.));
#732 = ORIENTED_EDGE('',*,*,#733,.T.);
#733 = EDGE_CURVE('',#726,#734,#736,.T.);
#734 = VERTEX_POINT('',#735);
#735 = CARTESIAN_POINT('',(34.075,47.,5.6));
#736 = CIRCLE('',#737,0.9);
#737 = AXIS2_PLACEMENT_3D('',#738,#739,#740);
#738 = CARTESIAN_POINT('',(34.975,47.,5.6));
#739 = DIRECTION('',(0.,0.,-1.));
#740 = DIRECTION('',(1.,0.,0.));
#741 = ORIENTED_EDGE('',*,*,#742,.T.);
#742 = EDGE_CURVE('',#734,#743,#745,.T.);
#743 = VERTEX_POINT('',#744);
#744 = CARTESIAN_POINT('',(34.075,49.980907696717,5.6));
#745 = LINE('',#746,#747);
#746 = CARTESIAN_POINT('',(34.075,47.,5.6));
#747 = VECTOR('',#748,1.);
#748 = DIRECTION('',(0.,1.,0.));
#749 = ORIENTED_EDGE('',*,*,#750,.F.);
#750 = EDGE_CURVE('',#751,#743,#753,.T.);
#751 = VERTEX_POINT('',#752);
#752 = CARTESIAN_POINT('',(-34.075,49.980907696717,5.6));
#753 = LINE('',#754,#755);
#754 = CARTESIAN_POINT('',(-18.5375,49.980907696717,5.6));
#755 = VECTOR('',#756,1.);
#756 = DIRECTION('',(1.,0.,0.));
#757 = ORIENTED_EDGE('',*,*,#758,.F.);
#758 = EDGE_CURVE('',#759,#751,#761,.T.);
#759 = VERTEX_POINT('',#760);
#760 = CARTESIAN_POINT('',(-34.075,47.,5.6));
#761 = LINE('',#762,#763);
#762 = CARTESIAN_POINT('',(-34.075,47.,5.6));
#763 = VECTOR('',#764,1.);
#764 = DIRECTION('',(0.,1.,0.));
#765 = ORIENTED_EDGE('',*,*,#766,.T.);
#766 = EDGE_CURVE('',#759,#660,#767,.T.);
#767 = CIRCLE('',#768,0.9);
#768 = AXIS2_PLACEMENT_3D('',#769,#770,#771);
#769 = CARTESIAN_POINT('',(-34.975,47.,5.6));
#770 = DIRECTION('',(0.,0.,-1.));
#771 = DIRECTION('',(1.,0.,0.));
#772 = FACE_BOUND('',#773,.T.);
#773 = EDGE_LOOP('',(#774));
#774 = ORIENTED_EDGE('',*,*,#775,.F.);
#775 = EDGE_CURVE('',#776,#776,#778,.T.);
#776 = VERTEX_POINT('',#777);
#777 = CARTESIAN_POINT('',(38.175,48.65,5.6));
#778 = CIRCLE('',#779,1.55);
#779 = AXIS2_PLACEMENT_3D('',#780,#781,#782);
#780 = CARTESIAN_POINT('',(36.625,48.65,5.6));
#781 = DIRECTION('',(0.,0.,-1.));
#782 = DIRECTION('',(1.,0.,0.));
#783 = FACE_BOUND('',#784,.T.);
#784 = EDGE_LOOP('',(#785,#796,#805,#814,#823));
#785 = ORIENTED_EDGE('',*,*,#786,.F.);
#786 = EDGE_CURVE('',#787,#789,#791,.T.);
#787 = VERTEX_POINT('',#788);
#788 = CARTESIAN_POINT('',(-36.475,50.192724862054,5.6));
#789 = VERTEX_POINT('',#790);
#790 = CARTESIAN_POINT('',(-35.075,48.65,5.6));
#791 = CIRCLE('',#792,1.55);
#792 = AXIS2_PLACEMENT_3D('',#793,#794,#795);
#793 = CARTESIAN_POINT('',(-36.625,48.65,5.6));
#794 = DIRECTION('',(0.,0.,-1.));
#795 = DIRECTION('',(1.,0.,0.));
#796 = ORIENTED_EDGE('',*,*,#797,.F.);
#797 = EDGE_CURVE('',#798,#787,#800,.T.);
#798 = VERTEX_POINT('',#799);
#799 = CARTESIAN_POINT('',(-37.475,49.946148139682,5.6));
#800 = CIRCLE('',#801,1.55);
#801 = AXIS2_PLACEMENT_3D('',#802,#803,#804);
#802 = CARTESIAN_POINT('',(-36.625,48.65,5.6));
#803 = DIRECTION('',(0.,0.,-1.));
#804 = DIRECTION('',(1.,0.,0.));
#805 = ORIENTED_EDGE('',*,*,#806,.F.);
#806 = EDGE_CURVE('',#807,#798,#809,.T.);
#807 = VERTEX_POINT('',#808);
#808 = CARTESIAN_POINT('',(-37.475,47.353851860318,5.6));
#809 = CIRCLE('',#810,1.55);
#810 = AXIS2_PLACEMENT_3D('',#811,#812,#813);
#811 = CARTESIAN_POINT('',(-36.625,48.65,5.6));
#812 = DIRECTION('',(0.,0.,-1.));
#813 = DIRECTION('',(1.,0.,0.));
#814 = ORIENTED_EDGE('',*,*,#815,.F.);
#815 = EDGE_CURVE('',#816,#807,#818,.T.);
#816 = VERTEX_POINT('',#817);
#817 = CARTESIAN_POINT('',(-36.475,47.107275137946,5.6));
#818 = CIRCLE('',#819,1.55);
#819 = AXIS2_PLACEMENT_3D('',#820,#821,#822);
#820 = CARTESIAN_POINT('',(-36.625,48.65,5.6));
#821 = DIRECTION('',(0.,0.,-1.));
#822 = DIRECTION('',(1.,0.,0.));
#823 = ORIENTED_EDGE('',*,*,#824,.F.);
#824 = EDGE_CURVE('',#789,#816,#825,.T.);
#825 = CIRCLE('',#826,1.55);
#826 = AXIS2_PLACEMENT_3D('',#827,#828,#829);
#827 = CARTESIAN_POINT('',(-36.625,48.65,5.6));
#828 = DIRECTION('',(0.,0.,-1.));
#829 = DIRECTION('',(1.,0.,0.));
#830 = PLANE('',#831);
#831 = AXIS2_PLACEMENT_3D('',#832,#833,#834);
#832 = CARTESIAN_POINT('',(-2.341158830968E-03,38.45620463893,5.6));
#833 = DIRECTION('',(-0.,-0.,-1.));
#834 = DIRECTION('',(-1.,0.,0.));
#835 = ADVANCED_FACE('',(#836),#893,.T.);
#836 = FACE_BOUND('',#837,.T.);
#837 = EDGE_LOOP('',(#838,#839,#840,#848));
#838 = ORIENTED_EDGE('',*,*,#147,.T.);
#839 = ORIENTED_EDGE('',*,*,#82,.T.);
#840 = ORIENTED_EDGE('',*,*,#841,.F.);
#841 = EDGE_CURVE('',#842,#73,#844,.T.);
#842 = VERTEX_POINT('',#843);
#843 = CARTESIAN_POINT('',(-32.74049424569,28.608614835652,
    12.097041559161));
#844 = ( BOUNDED_CURVE() B_SPLINE_CURVE(2,(#845,#846,#847),
.UNSPECIFIED.,.F.,.F.) B_SPLINE_CURVE_WITH_KNOTS((3,3),(0.,
8.380815470613),.PIECEWISE_BEZIER_KNOTS.) CURVE() 
GEOMETRIC_REPRESENTATION_ITEM() RATIONAL_B_SPLINE_CURVE((1.,
0.852510209187,1.)) REPRESENTATION_ITEM('') );
#845 = CARTESIAN_POINT('',(-32.74049424569,28.608614835652,
    12.097041559161));
#846 = CARTESIAN_POINT('',(-32.74049424569,27.625000000014,
    11.596480800432));
#847 = CARTESIAN_POINT('',(-32.74049424569,27.625000000013,
    10.492823599094));
#848 = ORIENTED_EDGE('',*,*,#849,.F.);
#849 = EDGE_CURVE('',#148,#842,#850,.T.);
#850 = B_SPLINE_CURVE_WITH_KNOTS('',11,(#851,#852,#853,#854,#855,#856,
    #857,#858,#859,#860,#861,#862,#863,#864,#865,#866,#867,#868,#869,
    #870,#871,#872,#873,#874,#875,#876,#877,#878,#879,#880,#881,#882,
    #883,#884,#885,#886,#887,#888,#889,#890,#891,#892),.UNSPECIFIED.,.F.
  ,.F.,(12,10,10,10,12),(-0.452735025042,-1.016678468954E-14,
    3.241943151887,4.188973150134,8.380815470613),.UNSPECIFIED.);
#851 = CARTESIAN_POINT('',(-37.19021333795,24.625,5.099921516297));
#852 = CARTESIAN_POINT('',(-37.19021333795,24.625,5.145383196634));
#853 = CARTESIAN_POINT('',(-37.19021333795,24.625,5.19084487697));
#854 = CARTESIAN_POINT('',(-37.19021333795,24.625,5.236306557307));
#855 = CARTESIAN_POINT('',(-37.19021333795,24.625,5.281768237644));
#856 = CARTESIAN_POINT('',(-37.19021333795,24.625,5.32722991798));
#857 = CARTESIAN_POINT('',(-37.19021333795,24.625,5.372691598317));
#858 = CARTESIAN_POINT('',(-37.19021333795,24.625,5.418153278653));
#859 = CARTESIAN_POINT('',(-37.19021333795,24.625,5.46361495899));
#860 = CARTESIAN_POINT('',(-37.19021333795,24.625,5.509076639327));
#861 = CARTESIAN_POINT('',(-37.19021333795,24.625,5.554538319663));
#862 = CARTESIAN_POINT('',(-37.19021333795,24.625,5.925541818257));
#863 = CARTESIAN_POINT('',(-37.18521181296,24.641001750408,
    6.251116009858));
#864 = CARTESIAN_POINT('',(-37.1752655209,24.67296733926,6.576157293414)
  );
#865 = CARTESIAN_POINT('',(-37.16008853708,24.720981055832,
    6.900100105143));
#866 = CARTESIAN_POINT('',(-37.13924349148,24.785085551771,
    7.222243821174));
#867 = CARTESIAN_POINT('',(-37.11212578091,24.865253722515,
    7.541799145992));
#868 = CARTESIAN_POINT('',(-37.07783581457,24.961445870105,
    7.858023874217));
#869 = CARTESIAN_POINT('',(-37.0350343471,25.073701705257,8.170356231735
    ));
#870 = CARTESIAN_POINT('',(-36.98187595874,25.202216750633,
    8.478454003629));
#871 = CARTESIAN_POINT('',(-36.9161157365,25.347352703061,8.782047654925
    ));
#872 = CARTESIAN_POINT('',(-36.81193029528,25.556906610489,
    9.167703530007));
#873 = CARTESIAN_POINT('',(-36.78690200924,25.608195367284,
    9.258956469541));
#874 = CARTESIAN_POINT('',(-36.76053684823,25.66197649037,9.35116300048)
  );
#875 = CARTESIAN_POINT('',(-36.73287304591,25.717444495996,
    9.442733586258));
#876 = CARTESIAN_POINT('',(-36.70388872888,25.774210577214,9.53303979292
    ));
#877 = CARTESIAN_POINT('',(-36.67353216517,25.832138983658,9.6219719471)
  );
#878 = CARTESIAN_POINT('',(-36.64174311126,25.891218716669,
    9.709615282303));
#879 = CARTESIAN_POINT('',(-36.60846525741,25.951470539753,
    9.796044573498));
#880 = CARTESIAN_POINT('',(-36.57364977119,26.012889304263,
    9.881237259966));
#881 = CARTESIAN_POINT('',(-36.53724993963,26.075421590503,
    9.965105056495));
#882 = CARTESIAN_POINT('',(-36.33081690656,26.420301569449,
    10.412986712042));
#883 = CARTESIAN_POINT('',(-36.13025569435,26.72189302262,
    10.752022168275));
#884 = CARTESIAN_POINT('',(-35.89386149433,27.036370404679,
    11.058777312834));
#885 = CARTESIAN_POINT('',(-35.61661330469,27.357505069355,
    11.33081005206));
#886 = CARTESIAN_POINT('',(-35.2989822592,27.667328161699,
    11.558269863038));
#887 = CARTESIAN_POINT('',(-34.93875113887,27.958974208218,
    11.747574555417));
#888 = CARTESIAN_POINT('',(-34.53799014233,28.212998477032,
    11.891935845672));
#889 = CARTESIAN_POINT('',(-34.10248144181,28.412044810487,
    11.997031581967));
#890 = CARTESIAN_POINT('',(-33.64788197958,28.544611082407,
    12.064468873822));
#891 = CARTESIAN_POINT('',(-33.18941028179,28.608614835652,
    12.097041559162));
#892 = CARTESIAN_POINT('',(-32.74049424569,28.608614835652,
    12.097041559161));
#893 = ( BOUNDED_SURFACE() B_SPLINE_SURFACE(2,11,(
    (#894,#895,#896,#897,#898,#899,#900,#901,#902,#903,#904,#905,#906
      ,#907,#908,#909,#910,#911,#912,#913,#914,#915,#916,#917,#918,#919
      ,#920,#921,#922,#923,#924,#925,#926,#927,#928,#929,#930,#931,#932
      ,#933,#934,#935)
    ,(#936,#937,#938,#939,#940,#941,#942,#943,#944,#945,#946,#947,#948
      ,#949,#950,#951,#952,#953,#954,#955,#956,#957,#958,#959,#960,#961
      ,#962,#963,#964,#965,#966,#967,#968,#969,#970,#971,#972,#973,#974
      ,#975,#976,#977)
    ,(#978,#979,#980,#981,#982,#983,#984,#985,#986,#987,#988,#989,#990
      ,#991,#992,#993,#994,#995,#996,#997,#998,#999,#1000,#1001,#1002
      ,#1003,#1004,#1005,#1006,#1007,#1008,#1009,#1010,#1011,#1012,#1013
      ,#1014,#1015,#1016,#1017,#1018,#1019
)),.UNSPECIFIED.,.F.,.F.,.F.) B_SPLINE_SURFACE_WITH_KNOTS((3,3),(12,10,
    10,10,12),(0.,8.380815470613),(-0.452735025042,-1.016678468954E-14,
    3.241943151887,4.188973150134,8.380815470613),.UNSPECIFIED.) 
GEOMETRIC_REPRESENTATION_ITEM() RATIONAL_B_SPLINE_SURFACE((
    (1.,1.,1.,1.,1.,1.,1.,1.,1.,1.,1.,1.,1.,1.,1.,1.,1.,1.,1.,1.,1.,1.
      ,1.,1.,1.,1.,1.,1.,1.,1.,1.,1.,1.,1.,1.,1.,1.,1.,1.,1.,1.,1.)
    ,(0.829156197588,0.829156197588,0.829156197588,0.829156197588
      ,0.829156197588,0.829156197588,0.829156197588,0.829156197588
      ,0.829156197588,0.829156197588,0.829156197588,0.829156197588
      ,0.829756876003,0.830951882186,0.832745039704,0.835127189048
      ,0.838078746704,0.84158196474,0.845626874943,0.850194901698
      ,0.855204127643,0.861918061525,0.863334967505,0.864682338439
      ,0.865983148877,0.86725100463,0.868490298322,0.86969743952
      ,0.870863159482,0.871975890482,0.873026219746,0.878377630803
      ,0.881454093895,0.882794650692,0.881729373599,0.878511216048
      ,0.872539335944,0.865594529948,0.859171703404,0.854683575178
      ,0.852510209187,0.852510209187)
    ,(1.,1.,1.,1.,1.,1.,1.,1.,1.,1.,1.,1.,1.,1.,1.,1.,1.,1.,1.,1.,1.,1.
      ,1.,1.,1.,1.,1.,1.,1.,1.,1.,1.,1.,1.,1.,1.,1.,1.,1.,1.,1.,1.
))) REPRESENTATION_ITEM('') SURFACE() );
#894 = CARTESIAN_POINT('',(-37.19021333795,24.625,5.099921516297));
#895 = CARTESIAN_POINT('',(-37.19021333795,24.625,5.145383196634));
#896 = CARTESIAN_POINT('',(-37.19021333795,24.625,5.19084487697));
#897 = CARTESIAN_POINT('',(-37.19021333795,24.625,5.236306557307));
#898 = CARTESIAN_POINT('',(-37.19021333795,24.625,5.281768237644));
#899 = CARTESIAN_POINT('',(-37.19021333795,24.625,5.32722991798));
#900 = CARTESIAN_POINT('',(-37.19021333795,24.625,5.372691598317));
#901 = CARTESIAN_POINT('',(-37.19021333795,24.625,5.418153278653));
#902 = CARTESIAN_POINT('',(-37.19021333795,24.625,5.46361495899));
#903 = CARTESIAN_POINT('',(-37.19021333795,24.625,5.509076639327));
#904 = CARTESIAN_POINT('',(-37.19021333795,24.625,5.554538319663));
#905 = CARTESIAN_POINT('',(-37.19021333795,24.625,5.925541818257));
#906 = CARTESIAN_POINT('',(-37.18521181296,24.641001750408,
    6.251116009858));
#907 = CARTESIAN_POINT('',(-37.1752655209,24.67296733926,6.576157293414)
  );
#908 = CARTESIAN_POINT('',(-37.16008853708,24.720981055832,
    6.900100105143));
#909 = CARTESIAN_POINT('',(-37.13924349148,24.785085551771,
    7.222243821174));
#910 = CARTESIAN_POINT('',(-37.11212578091,24.865253722515,
    7.541799145992));
#911 = CARTESIAN_POINT('',(-37.07783581457,24.961445870105,
    7.858023874217));
#912 = CARTESIAN_POINT('',(-37.0350343471,25.073701705257,8.170356231735
    ));
#913 = CARTESIAN_POINT('',(-36.98187595874,25.202216750633,
    8.478454003629));
#914 = CARTESIAN_POINT('',(-36.9161157365,25.347352703061,8.782047654925
    ));
#915 = CARTESIAN_POINT('',(-36.81193029528,25.556906610489,
    9.167703530007));
#916 = CARTESIAN_POINT('',(-36.78690200924,25.608195367284,
    9.258956469541));
#917 = CARTESIAN_POINT('',(-36.76053684823,25.66197649037,9.35116300048)
  );
#918 = CARTESIAN_POINT('',(-36.73287304591,25.717444495996,
    9.442733586258));
#919 = CARTESIAN_POINT('',(-36.70388872888,25.774210577214,9.53303979292
    ));
#920 = CARTESIAN_POINT('',(-36.67353216517,25.832138983658,9.6219719471)
  );
#921 = CARTESIAN_POINT('',(-36.64174311126,25.891218716669,
    9.709615282303));
#922 = CARTESIAN_POINT('',(-36.60846525741,25.951470539753,
    9.796044573498));
#923 = CARTESIAN_POINT('',(-36.57364977119,26.012889304263,
    9.881237259966));
#924 = CARTESIAN_POINT('',(-36.53724993963,26.075421590503,
    9.965105056495));
#925 = CARTESIAN_POINT('',(-36.33081690656,26.420301569449,
    10.412986712042));
#926 = CARTESIAN_POINT('',(-36.13025569435,26.72189302262,
    10.752022168275));
#927 = CARTESIAN_POINT('',(-35.89386149433,27.036370404679,
    11.058777312834));
#928 = CARTESIAN_POINT('',(-35.61661330469,27.357505069355,
    11.33081005206));
#929 = CARTESIAN_POINT('',(-35.2989822592,27.667328161699,
    11.558269863038));
#930 = CARTESIAN_POINT('',(-34.93875113887,27.958974208218,
    11.747574555417));
#931 = CARTESIAN_POINT('',(-34.53799014233,28.212998477032,
    11.891935845672));
#932 = CARTESIAN_POINT('',(-34.10248144181,28.412044810487,
    11.997031581967));
#933 = CARTESIAN_POINT('',(-33.64788197958,28.544611082407,
    12.064468873822));
#934 = CARTESIAN_POINT('',(-33.18941028179,28.608614835652,
    12.097041559162));
#935 = CARTESIAN_POINT('',(-32.74049424569,28.608614835652,
    12.097041559161));
#936 = CARTESIAN_POINT('',(-35.97665358552,24.625,5.099921516297));
#937 = CARTESIAN_POINT('',(-35.97665358552,24.625,5.147307134663));
#938 = CARTESIAN_POINT('',(-35.97665358552,24.625,5.194307965423));
#939 = CARTESIAN_POINT('',(-35.97665358552,24.625,5.240924008578));
#940 = CARTESIAN_POINT('',(-35.97665358552,24.625,5.287155264126));
#941 = CARTESIAN_POINT('',(-35.97665358552,24.625,5.333001732069));
#942 = CARTESIAN_POINT('',(-35.97665358552,24.625,5.378463412405));
#943 = CARTESIAN_POINT('',(-35.97665358552,24.625,5.423540305136));
#944 = CARTESIAN_POINT('',(-35.97665358552,24.625,5.468232410261));
#945 = CARTESIAN_POINT('',(-35.97665358552,24.625,5.51253972778));
#946 = CARTESIAN_POINT('',(-35.97665358552,24.625,5.556462257693));
#947 = CARTESIAN_POINT('',(-35.97665358552,24.625,5.91176489053));
#948 = CARTESIAN_POINT('',(-35.9746343389,24.639643541907,6.22312568988)
  );
#949 = CARTESIAN_POINT('',(-35.97064817939,24.668807814054,
    6.533820479007));
#950 = CARTESIAN_POINT('',(-35.96441515335,24.712597421854,
    6.843714915992));
#951 = CARTESIAN_POINT('',(-35.95545269359,24.771128492263,
    7.152569773451));
#952 = CARTESIAN_POINT('',(-35.94306861159,24.844530688191,
    7.460049058813));
#953 = CARTESIAN_POINT('',(-35.9262705081,24.933029918445,7.765782575606
    ));
#954 = CARTESIAN_POINT('',(-35.90364497804,25.036978692614,
    8.069346612465));
#955 = CARTESIAN_POINT('',(-35.87325692611,25.156718408629,
    8.370077591779));
#956 = CARTESIAN_POINT('',(-35.83261066789,25.292187700969,
    8.666683203478));
#957 = CARTESIAN_POINT('',(-35.76306855352,25.485720606541,
    9.040706844805));
#958 = CARTESIAN_POINT('',(-35.74615093785,25.530646630157,
    9.124784403044));
#959 = CARTESIAN_POINT('',(-35.7280238249,25.576653473239,9.20809755201)
  );
#960 = CARTESIAN_POINT('',(-35.70871040525,25.623550604143,
    9.290276137345));
#961 = CARTESIAN_POINT('',(-35.68819390228,25.671244259846,
    9.371197494656));
#962 = CARTESIAN_POINT('',(-35.66643254842,25.719685132031,9.45085296443
    ));
#963 = CARTESIAN_POINT('',(-35.64337172988,25.768831835666,
    9.529256322176));
#964 = CARTESIAN_POINT('',(-35.61895354536,25.818629504419,
    9.606392921695));
#965 = CARTESIAN_POINT('',(-35.593124057,25.869002873775,9.682208486182)
  );
#966 = CARTESIAN_POINT('',(-35.56583856136,25.919863215592,9.75663657277
    ));
#967 = CARTESIAN_POINT('',(-35.41048184527,26.196661790394,
    10.150935463393));
#968 = CARTESIAN_POINT('',(-35.25455391749,26.430846594145,
    10.446058384319));
#969 = CARTESIAN_POINT('',(-35.06560242327,26.666648466209,
    10.711147501146));
#970 = CARTESIAN_POINT('',(-34.84127792774,26.89472053066,
    10.943089885089));
#971 = CARTESIAN_POINT('',(-34.58263005078,27.104079816283,
    11.13685469933));
#972 = CARTESIAN_POINT('',(-34.29705128708,27.279313723489,
    11.292707403824));
#973 = CARTESIAN_POINT('',(-33.99717002277,27.419657784678,
    11.416618015539));
#974 = CARTESIAN_POINT('',(-33.68631172138,27.52356410017,11.50763324803
    ));
#975 = CARTESIAN_POINT('',(-33.36971578474,27.591816672638,
    11.567434047691));
#976 = CARTESIAN_POINT('',(-33.0525845653,27.625000000014,
    11.596480800432));
#977 = CARTESIAN_POINT('',(-32.74049424569,27.625000000014,
    11.596480800432));
#978 = CARTESIAN_POINT('',(-35.52156867836,25.750000000002,
    5.099921516297));
#979 = CARTESIAN_POINT('',(-35.52156867836,25.750000000002,
    5.154716512953));
#980 = CARTESIAN_POINT('',(-35.52156867836,25.750000000002,
    5.207644846345));
#981 = CARTESIAN_POINT('',(-35.52156867836,25.750000000002,
    5.258706516473));
#982 = CARTESIAN_POINT('',(-35.52156867836,25.750000000002,
    5.307901523337));
#983 = CARTESIAN_POINT('',(-35.52156867836,25.750000000002,
    5.355229866937));
#984 = CARTESIAN_POINT('',(-35.52156867836,25.750000000002,
    5.400691547274));
#985 = CARTESIAN_POINT('',(-35.52156867836,25.750000000002,
    5.444286564347));
#986 = CARTESIAN_POINT('',(-35.52156867836,25.750000000002,
    5.486014918156));
#987 = CARTESIAN_POINT('',(-35.52156867836,25.750000000002,
    5.525876608701));
#988 = CARTESIAN_POINT('',(-35.52156867836,25.750000000002,
    5.563871635982));
#989 = CARTESIAN_POINT('',(-35.52156867836,25.750000000003,
    5.858707844185));
#990 = CARTESIAN_POINT('',(-35.5181970232,25.75831599954,6.117441357922)
  );
#991 = CARTESIAN_POINT('',(-35.51148995618,25.77493082256,6.376442303419
    ));
#992 = CARTESIAN_POINT('',(-35.50122403677,25.799989737197,
    6.635949530949));
#993 = CARTESIAN_POINT('',(-35.48703743609,25.833712809088,
    6.896148329916));
#994 = CARTESIAN_POINT('',(-35.46840799696,25.876413241499,
    7.157218220736));
#995 = CARTESIAN_POINT('',(-35.44455426476,25.928543706804,7.41935936276
    ));
#996 = CARTESIAN_POINT('',(-35.41432569046,25.990692670295,
    7.682677752375));
#997 = CARTESIAN_POINT('',(-35.37614821311,26.063452711754,
    7.946809386773));
#998 = CARTESIAN_POINT('',(-35.32809142293,26.147082845634,
    8.210163567478));
#999 = CARTESIAN_POINT('',(-35.25060580428,26.268288682567,8.54417859585
    ));
#1000 = CARTESIAN_POINT('',(-35.23213073599,26.296466069746,
    8.617900686962));
#1001 = CARTESIAN_POINT('',(-35.21272553781,26.325295983235,8.6900271521
    ));
#1002 = CARTESIAN_POINT('',(-35.19237088167,26.354727531198,
    8.760782262936));
#1003 = CARTESIAN_POINT('',(-35.17102373457,26.384743998569,
    8.830347412063));
#1004 = CARTESIAN_POINT('',(-35.14863450091,26.415334898994,
    8.898817851704));
#1005 = CARTESIAN_POINT('',(-35.12515845299,26.446478033091,
    8.966187962045));
#1006 = CARTESIAN_POINT('',(-35.10056144967,26.478131553029,
    9.032365049235));
#1007 = CARTESIAN_POINT('',(-35.07481994293,26.510236033295,
    9.097211672961));
#1008 = CARTESIAN_POINT('',(-35.04791527285,26.542726547885,
    9.160616503722));
#1009 = CARTESIAN_POINT('',(-34.89547400304,26.720862360117,
    9.496923641456));
#1010 = CARTESIAN_POINT('',(-34.74789266217,26.872718316667,
    9.742784940663));
#1011 = CARTESIAN_POINT('',(-34.57500943648,27.026075581246,
    9.955298457551));
#1012 = CARTESIAN_POINT('',(-34.37803514075,27.173382774442,
    10.128267662811));
#1013 = CARTESIAN_POINT('',(-34.15621475429,27.307967697392,
    10.261577356242));
#1014 = CARTESIAN_POINT('',(-33.92383857506,27.416402677676,
    10.350405380467));
#1015 = CARTESIAN_POINT('',(-33.68462929951,27.502877186366,
    10.414745881131));
#1016 = CARTESIAN_POINT('',(-33.44527388064,27.565074791653,
    10.455117055171));
#1017 = CARTESIAN_POINT('',(-33.20647924145,27.605521311973,
    10.480637047176));
#1018 = CARTESIAN_POINT('',(-32.97104710007,27.625000000013,
    10.492823599094));
#1019 = CARTESIAN_POINT('',(-32.74049424569,27.625000000013,
    10.492823599094));
#1020 = ADVANCED_FACE('',(#1021),#1041,.T.);
#1021 = FACE_BOUND('',#1022,.T.);
#1022 = EDGE_LOOP('',(#1023,#1033,#1039,#1040));
#1023 = ORIENTED_EDGE('',*,*,#1024,.T.);
#1024 = EDGE_CURVE('',#625,#1025,#1027,.T.);
#1025 = VERTEX_POINT('',#1026);
#1026 = CARTESIAN_POINT('',(-24.4095057543,27.625000000013,
    10.492823599094));
#1027 = B_SPLINE_CURVE_WITH_KNOTS('',2,(#1028,#1029,#1030,#1031,#1032),
  .UNSPECIFIED.,.F.,.F.,(3,1,1,3),(-0.360715327175,3.913265111261E-14,
    5.894041293693,6.254756620868),.UNSPECIFIED.);
#1028 = CARTESIAN_POINT('',(-24.4095057543,27.625000000005,
    5.239284672825));
#1029 = CARTESIAN_POINT('',(-24.4095057543,27.625000000006,
    5.419642336413));
#1030 = CARTESIAN_POINT('',(-24.4095057543,27.62500000001,8.547020646847
    ));
#1031 = CARTESIAN_POINT('',(-24.4095057543,27.625000000015,
    11.674398957281));
#1032 = CARTESIAN_POINT('',(-24.4095057543,27.625000000015,
    11.854756620868));
#1033 = ORIENTED_EDGE('',*,*,#1034,.F.);
#1034 = EDGE_CURVE('',#73,#1025,#1035,.T.);
#1035 = LINE('',#1036,#1037);
#1036 = CARTESIAN_POINT('',(-32.74049424569,27.625000000013,
    10.492823599094));
#1037 = VECTOR('',#1038,1.);
#1038 = DIRECTION('',(1.,0.,0.));
#1039 = ORIENTED_EDGE('',*,*,#72,.F.);
#1040 = ORIENTED_EDGE('',*,*,#651,.F.);
#1041 = PLANE('',#1042);
#1042 = AXIS2_PLACEMENT_3D('',#1043,#1044,#1045);
#1043 = CARTESIAN_POINT('',(-28.575,27.62500000001,8.547020646852));
#1044 = DIRECTION('',(0.,-1.,1.421300392643E-12));
#1045 = DIRECTION('',(0.,-1.421300392643E-12,-1.));
#1046 = ADVANCED_FACE('',(#1047),#1416,.T.);
#1047 = FACE_BOUND('',#1048,.T.);
#1048 = EDGE_LOOP('',(#1049,#1050,#1097,#1105,#1146,#1147,#1194,#1202,
    #1243,#1244,#1291,#1299,#1340,#1341,#1350,#1358,#1365,#1366,#1367,
    #1375));
#1049 = ORIENTED_EDGE('',*,*,#593,.T.);
#1050 = ORIENTED_EDGE('',*,*,#1051,.T.);
#1051 = EDGE_CURVE('',#571,#1052,#1054,.T.);
#1052 = VERTEX_POINT('',#1053);
#1053 = CARTESIAN_POINT('',(-13.69049424569,28.608614835652,
    12.097041559161));
#1054 = B_SPLINE_CURVE_WITH_KNOTS('',11,(#1055,#1056,#1057,#1058,#1059,
    #1060,#1061,#1062,#1063,#1064,#1065,#1066,#1067,#1068,#1069,#1070,
    #1071,#1072,#1073,#1074,#1075,#1076,#1077,#1078,#1079,#1080,#1081,
    #1082,#1083,#1084,#1085,#1086,#1087,#1088,#1089,#1090,#1091,#1092,
    #1093,#1094,#1095,#1096),.UNSPECIFIED.,.F.,.F.,(12,10,10,10,12),(
    -0.452735025041,-8.643275903324E-15,3.241943151884,4.188973150123,
    8.380815470613),.UNSPECIFIED.);
#1055 = CARTESIAN_POINT('',(-18.14021333795,24.625,5.099921516297));
#1056 = CARTESIAN_POINT('',(-18.14021333795,24.625,5.145383196634));
#1057 = CARTESIAN_POINT('',(-18.14021333795,24.625,5.190844876971));
#1058 = CARTESIAN_POINT('',(-18.14021333795,24.625,5.236306557307));
#1059 = CARTESIAN_POINT('',(-18.14021333795,24.625,5.281768237644));
#1060 = CARTESIAN_POINT('',(-18.14021333795,24.625,5.32722991798));
#1061 = CARTESIAN_POINT('',(-18.14021333795,24.625,5.372691598317));
#1062 = CARTESIAN_POINT('',(-18.14021333795,24.625,5.418153278654));
#1063 = CARTESIAN_POINT('',(-18.14021333795,24.625,5.46361495899));
#1064 = CARTESIAN_POINT('',(-18.14021333795,24.625,5.509076639327));
#1065 = CARTESIAN_POINT('',(-18.14021333795,24.625,5.554538319663));
#1066 = CARTESIAN_POINT('',(-18.14021333795,24.624999999999,
    5.925541818256));
#1067 = CARTESIAN_POINT('',(-18.13521181297,24.641001750414,
    6.25111600986));
#1068 = CARTESIAN_POINT('',(-18.12526552089,24.672967339245,
    6.576157293409));
#1069 = CARTESIAN_POINT('',(-18.11008853711,24.720981055857,
    6.900100105151));
#1070 = CARTESIAN_POINT('',(-18.08924349145,24.785085551739,
    7.222243821164));
#1071 = CARTESIAN_POINT('',(-18.06212578095,24.865253722546,
    7.541799146002));
#1072 = CARTESIAN_POINT('',(-18.02783581454,24.961445870083,
    7.85802387421));
#1073 = CARTESIAN_POINT('',(-17.98503434712,25.073701705269,
    8.170356231739));
#1074 = CARTESIAN_POINT('',(-17.93187595873,25.202216750629,
    8.478454003628));
#1075 = CARTESIAN_POINT('',(-17.8661157365,25.347352703061,
    8.782047654925));
#1076 = CARTESIAN_POINT('',(-17.76193029528,25.556906610489,
    9.167703530007));
#1077 = CARTESIAN_POINT('',(-17.73690200924,25.608195367279,
    9.258956469538));
#1078 = CARTESIAN_POINT('',(-17.71053684823,25.661976490382,
    9.351163000483));
#1079 = CARTESIAN_POINT('',(-17.68287304589,25.717444495967,
    9.442733586246));
#1080 = CARTESIAN_POINT('',(-17.65388872891,25.774210577249,
    9.53303979293));
#1081 = CARTESIAN_POINT('',(-17.62353216515,25.832138983617,
    9.621971947082));
#1082 = CARTESIAN_POINT('',(-17.59174311129,25.891218716695,
    9.709615282309));
#1083 = CARTESIAN_POINT('',(-17.5584652574,25.951470539733,
    9.796044573486));
#1084 = CARTESIAN_POINT('',(-17.5236497712,26.012889304265,
    9.881237259962));
#1085 = CARTESIAN_POINT('',(-17.48724993963,26.075421590497,
    9.965105056488));
#1086 = CARTESIAN_POINT('',(-17.28081690657,26.420301569447,
    10.412986712038));
#1087 = CARTESIAN_POINT('',(-17.08025569435,26.721893022603,
    10.752022168265));
#1088 = CARTESIAN_POINT('',(-16.84386149433,27.036370404712,
    11.058777312849));
#1089 = CARTESIAN_POINT('',(-16.56661330471,27.357505069279,
    11.330810052023));
#1090 = CARTESIAN_POINT('',(-16.24898225914,27.667328161812,
    11.558269863095));
#1091 = CARTESIAN_POINT('',(-15.88875113894,27.958974208099,
    11.747574555355));
#1092 = CARTESIAN_POINT('',(-15.48799014229,28.212998477113,
    11.891935845714));
#1093 = CARTESIAN_POINT('',(-15.05248144182,28.412044810453,
    11.99703158195));
#1094 = CARTESIAN_POINT('',(-14.59788197958,28.544611082416,
    12.064468873827));
#1095 = CARTESIAN_POINT('',(-14.13941028179,28.608614835651,
    12.097041559161));
#1096 = CARTESIAN_POINT('',(-13.69049424569,28.608614835652,
    12.097041559161));
#1097 = ORIENTED_EDGE('',*,*,#1098,.T.);
#1098 = EDGE_CURVE('',#1052,#1099,#1101,.T.);
#1099 = VERTEX_POINT('',#1100);
#1100 = CARTESIAN_POINT('',(-5.359505754304,28.608614835652,
    12.097041559161));
#1101 = LINE('',#1102,#1103);
#1102 = CARTESIAN_POINT('',(-13.69049424569,28.608614835652,
    12.097041559161));
#1103 = VECTOR('',#1104,1.);
#1104 = DIRECTION('',(1.,0.,0.));
#1105 = ORIENTED_EDGE('',*,*,#1106,.T.);
#1106 = EDGE_CURVE('',#1099,#478,#1107,.T.);
#1107 = B_SPLINE_CURVE_WITH_KNOTS('',10,(#1108,#1109,#1110,#1111,#1112,
    #1113,#1114,#1115,#1116,#1117,#1118,#1119,#1120,#1121,#1122,#1123,
    #1124,#1125,#1126,#1127,#1128,#1129,#1130,#1131,#1132,#1133,#1134,
    #1135,#1136,#1137,#1138,#1139,#1140,#1141,#1142,#1143,#1144,#1145),
  .UNSPECIFIED.,.F.,.F.,(11,9,9,9,11),(16.711803962007,20.903646282494,
    21.850676280737,25.09261943262,25.545354457622),.UNSPECIFIED.);
#1108 = CARTESIAN_POINT('',(-5.359505754304,28.608614835652,
    12.097041559161));
#1109 = CARTESIAN_POINT('',(-4.865698114598,28.608614835653,
    12.097041559162));
#1110 = CARTESIAN_POINT('',(-4.360228992272,28.530404231392,
    12.057274098158));
#1111 = CARTESIAN_POINT('',(-3.861355075246,28.367528277143,
    11.97415845113));
#1112 = CARTESIAN_POINT('',(-3.391308358557,28.12515095298,
    11.845833937797));
#1113 = CARTESIAN_POINT('',(-2.96908775009,27.819579757735,
    11.663991473287));
#1114 = CARTESIAN_POINT('',(-2.599743422863,27.485872535086,
    11.43361689237));
#1115 = CARTESIAN_POINT('',(-2.279472415122,27.131713727847,
    11.148967435848));
#1116 = CARTESIAN_POINT('',(-2.010603310615,26.782660113162,
    10.81921407393));
#1117 = CARTESIAN_POINT('',(-1.786031833012,26.448448234753,
    10.449539499602));
#1118 = CARTESIAN_POINT('',(-1.558944933196,26.069063594925,
    9.956848218286));
#1119 = CARTESIAN_POINT('',(-1.519104151056,26.000400463694,
    9.864427607743));
#1120 = CARTESIAN_POINT('',(-1.481193067806,25.933113483021,
    9.770389283731));
#1121 = CARTESIAN_POINT('',(-1.445148836505,25.867270583103,
    9.67487439338));
#1122 = CARTESIAN_POINT('',(-1.410900850764,25.80285886678,
    9.577879384819));
#1123 = CARTESIAN_POINT('',(-1.378365667629,25.739838157561,
    9.479239641164));
#1124 = CARTESIAN_POINT('',(-1.347460564757,25.678273423133,
    9.37887654838));
#1125 = CARTESIAN_POINT('',(-1.318135731905,25.618546074401,
    9.277307997031));
#1126 = CARTESIAN_POINT('',(-1.290425096708,25.561644139937,
    9.176422317872));
#1127 = CARTESIAN_POINT('',(-1.175821111367,25.331134841769,
    8.752200855283));
#1128 = CARTESIAN_POINT('',(-1.105302470131,25.173568285926,
    8.417621369925));
#1129 = CARTESIAN_POINT('',(-1.049839346414,25.03625173753,
    8.077631804921));
#1130 = CARTESIAN_POINT('',(-1.00634980775,24.918699660111,
    7.732533628089));
#1131 = CARTESIAN_POINT('',(-0.972477895146,24.820715441228,
    7.38285374426));
#1132 = CARTESIAN_POINT('',(-0.946690844616,24.742329684386,
    7.029511913459));
#1133 = CARTESIAN_POINT('',(-0.928047544883,24.68362095588,
    6.673629440599));
#1134 = CARTESIAN_POINT('',(-0.915899637029,24.644557694941,
    6.316231567585));
#1135 = CARTESIAN_POINT('',(-0.909786662042,24.625000000001,
    5.958096000083));
#1136 = CARTESIAN_POINT('',(-0.909786662042,24.625,5.549992151634));
#1137 = CARTESIAN_POINT('',(-0.909786662042,24.625,5.499984303268));
#1138 = CARTESIAN_POINT('',(-0.909786662042,24.625,5.449976454902));
#1139 = CARTESIAN_POINT('',(-0.909786662042,24.625,5.399968606536));
#1140 = CARTESIAN_POINT('',(-0.909786662042,24.625,5.34996075817));
#1141 = CARTESIAN_POINT('',(-0.909786662042,24.625,5.299952909805));
#1142 = CARTESIAN_POINT('',(-0.909786662042,24.625,5.249945061439));
#1143 = CARTESIAN_POINT('',(-0.909786662042,24.625,5.199937213073));
#1144 = CARTESIAN_POINT('',(-0.909786662042,24.625,5.149929364707));
#1145 = CARTESIAN_POINT('',(-0.909786662042,24.625,5.099921516341));
#1146 = ORIENTED_EDGE('',*,*,#477,.T.);
#1147 = ORIENTED_EDGE('',*,*,#1148,.T.);
#1148 = EDGE_CURVE('',#455,#1149,#1151,.T.);
#1149 = VERTEX_POINT('',#1150);
#1150 = CARTESIAN_POINT('',(5.359505754304,28.608614835652,
    12.097041559161));
#1151 = B_SPLINE_CURVE_WITH_KNOTS('',11,(#1152,#1153,#1154,#1155,#1156,
    #1157,#1158,#1159,#1160,#1161,#1162,#1163,#1164,#1165,#1166,#1167,
    #1168,#1169,#1170,#1171,#1172,#1173,#1174,#1175,#1176,#1177,#1178,
    #1179,#1180,#1181,#1182,#1183,#1184,#1185,#1186,#1187,#1188,#1189,
    #1190,#1191,#1192,#1193),.UNSPECIFIED.,.F.,.F.,(12,10,10,10,12),(
    -0.452735025005,-6.010160571792E-15,3.241943151882,4.18897315012,
    8.380815470613),.UNSPECIFIED.);
#1152 = CARTESIAN_POINT('',(0.909786662042,24.625,5.099921516336));
#1153 = CARTESIAN_POINT('',(0.909786662042,24.625,5.145383196669));
#1154 = CARTESIAN_POINT('',(0.909786662042,24.625,5.190844877002));
#1155 = CARTESIAN_POINT('',(0.909786662042,24.624999999999,
    5.236306557335));
#1156 = CARTESIAN_POINT('',(0.909786662042,24.624999999999,
    5.281768237668));
#1157 = CARTESIAN_POINT('',(0.909786662042,24.624999999999,
    5.327229918002));
#1158 = CARTESIAN_POINT('',(0.909786662042,24.624999999999,
    5.372691598335));
#1159 = CARTESIAN_POINT('',(0.909786662042,24.624999999999,
    5.418153278668));
#1160 = CARTESIAN_POINT('',(0.909786662042,24.624999999999,
    5.463614959001));
#1161 = CARTESIAN_POINT('',(0.909786662042,24.625,5.509076639334));
#1162 = CARTESIAN_POINT('',(0.909786662042,24.625,5.554538319667));
#1163 = CARTESIAN_POINT('',(0.909786662042,24.625000000002,
    5.925541818257));
#1164 = CARTESIAN_POINT('',(0.914788187031,24.641001750402,
    6.251116009856));
#1165 = CARTESIAN_POINT('',(0.924734479106,24.672967339271,
    6.576157293417));
#1166 = CARTESIAN_POINT('',(0.939911462893,24.720981055814,
    6.900100105138));
#1167 = CARTESIAN_POINT('',(0.960756508544,24.785085551792,7.22224382118
    ));
#1168 = CARTESIAN_POINT('',(0.987874219054,24.865253722496,
    7.541799145987));
#1169 = CARTESIAN_POINT('',(1.022164185448,24.961445870118,
    7.858023874221));
#1170 = CARTESIAN_POINT('',(1.064965652881,25.073701705251,
    8.170356231733));
#1171 = CARTESIAN_POINT('',(1.118124041265,25.202216750635,8.47845400363
    ));
#1172 = CARTESIAN_POINT('',(1.183884263495,25.347352703061,
    8.782047654925));
#1173 = CARTESIAN_POINT('',(1.288069704713,25.556906610489,
    9.167703530006));
#1174 = CARTESIAN_POINT('',(1.313097990749,25.608195367284,9.25895646954
    ));
#1175 = CARTESIAN_POINT('',(1.339463151771,25.661976490367,
    9.351163000477));
#1176 = CARTESIAN_POINT('',(1.367126954082,25.717444495996,
    9.442733586255));
#1177 = CARTESIAN_POINT('',(1.396111271114,25.774210577208,
    9.533039792916));
#1178 = CARTESIAN_POINT('',(1.426467834826,25.832138983657,
    9.621971947095));
#1179 = CARTESIAN_POINT('',(1.458256888725,25.891218716663,
    9.709615282297));
#1180 = CARTESIAN_POINT('',(1.491534742589,25.951470539749,
    9.796044573491));
#1181 = CARTESIAN_POINT('',(1.526350228798,26.012889304258,
    9.881237259959));
#1182 = CARTESIAN_POINT('',(1.562750060362,26.075421590497,
    9.965105056487));
#1183 = CARTESIAN_POINT('',(1.769183093427,26.420301569446,
    10.412986712037));
#1184 = CARTESIAN_POINT('',(1.969744305645,26.721893022597,
    10.752022168262));
#1185 = CARTESIAN_POINT('',(2.206138505675,27.036370404728,
    11.058777312855));
#1186 = CARTESIAN_POINT('',(2.483386695261,27.35750506925,
    11.330810052009));
#1187 = CARTESIAN_POINT('',(2.801017740886,27.667328161845,
    11.55826986311));
#1188 = CARTESIAN_POINT('',(3.161248861018,27.958974208069,
    11.747574555342));
#1189 = CARTESIAN_POINT('',(3.562009857736,28.212998477134,
    11.891935845723));
#1190 = CARTESIAN_POINT('',(3.997518558157,28.412044810442,
    11.997031581945));
#1191 = CARTESIAN_POINT('',(4.452118020423,28.54461108242,
    12.064468873828));
#1192 = CARTESIAN_POINT('',(4.910589718207,28.60861483565,
    12.097041559161));
#1193 = CARTESIAN_POINT('',(5.359505754304,28.608614835652,
    12.097041559161));
#1194 = ORIENTED_EDGE('',*,*,#1195,.T.);
#1195 = EDGE_CURVE('',#1149,#1196,#1198,.T.);
#1196 = VERTEX_POINT('',#1197);
#1197 = CARTESIAN_POINT('',(13.690494245696,28.608614835652,
    12.097041559161));
#1198 = LINE('',#1199,#1200);
#1199 = CARTESIAN_POINT('',(5.359505754304,28.608614835652,
    12.097041559161));
#1200 = VECTOR('',#1201,1.);
#1201 = DIRECTION('',(1.,0.,0.));
#1202 = ORIENTED_EDGE('',*,*,#1203,.T.);
#1203 = EDGE_CURVE('',#1196,#362,#1204,.T.);
#1204 = B_SPLINE_CURVE_WITH_KNOTS('',10,(#1205,#1206,#1207,#1208,#1209,
    #1210,#1211,#1212,#1213,#1214,#1215,#1216,#1217,#1218,#1219,#1220,
    #1221,#1222,#1223,#1224,#1225,#1226,#1227,#1228,#1229,#1230,#1231,
    #1232,#1233,#1234,#1235,#1236,#1237,#1238,#1239,#1240,#1241,#1242),
  .UNSPECIFIED.,.F.,.F.,(11,9,9,9,11),(16.711803962007,20.903646282502,
    21.850676280734,25.09261943262,25.545354457577),.UNSPECIFIED.);
#1205 = CARTESIAN_POINT('',(13.690494245696,28.608614835652,
    12.097041559161));
#1206 = CARTESIAN_POINT('',(14.184301885404,28.608614835653,
    12.097041559162));
#1207 = CARTESIAN_POINT('',(14.689771007727,28.530404231394,
    12.057274098159));
#1208 = CARTESIAN_POINT('',(15.188644924771,28.367528277136,
    11.974158451128));
#1209 = CARTESIAN_POINT('',(15.65869164143,28.125150952983,
    11.845833937793));
#1210 = CARTESIAN_POINT('',(16.080912249941,27.819579757729,
    11.663991473294));
#1211 = CARTESIAN_POINT('',(16.45025657713,27.485872535067,
    11.433616892347));
#1212 = CARTESIAN_POINT('',(16.770527584891,27.131713727852,
    11.148967435856));
#1213 = CARTESIAN_POINT('',(17.03939668939,26.782660113148,
    10.819214073916));
#1214 = CARTESIAN_POINT('',(17.263968166995,26.448448234744,
    10.449539499591));
#1215 = CARTESIAN_POINT('',(17.491055066808,26.069063594916,
    9.956848218275));
#1216 = CARTESIAN_POINT('',(17.530895848951,26.000400463692,
    9.864427607735));
#1217 = CARTESIAN_POINT('',(17.568806932192,25.933113483006,
    9.770389283718));
#1218 = CARTESIAN_POINT('',(17.604851163506,25.867270583111,
    9.674874393377));
#1219 = CARTESIAN_POINT('',(17.639099149229,25.802858866762,
    9.577879384807));
#1220 = CARTESIAN_POINT('',(17.67163433238,25.739838157567,
    9.479239641162));
#1221 = CARTESIAN_POINT('',(17.70253943524,25.678273423126,
    9.378876548374));
#1222 = CARTESIAN_POINT('',(17.731864268097,25.618546074401,
    9.277307997028));
#1223 = CARTESIAN_POINT('',(17.759574903292,25.561644139936,
    9.176422317871));
#1224 = CARTESIAN_POINT('',(17.874178888634,25.331134841768,
    8.752200855283));
#1225 = CARTESIAN_POINT('',(17.944697529868,25.173568285931,
    8.417621369927));
#1226 = CARTESIAN_POINT('',(18.000160653588,25.036251737519,
    8.077631804918));
#1227 = CARTESIAN_POINT('',(18.043650192246,24.918699660127,
    7.732533628094));
#1228 = CARTESIAN_POINT('',(18.077522104858,24.820715441211,
    7.382853744254));
#1229 = CARTESIAN_POINT('',(18.103309155381,24.742329684401,
    7.029511913463));
#1230 = CARTESIAN_POINT('',(18.121952455119,24.683620955871,
    6.673629440596));
#1231 = CARTESIAN_POINT('',(18.13410036297,24.644557694944,
    6.316231567587));
#1232 = CARTESIAN_POINT('',(18.140213337958,24.625,5.958096000082));
#1233 = CARTESIAN_POINT('',(18.140213337958,24.625,5.549992151639));
#1234 = CARTESIAN_POINT('',(18.140213337958,24.625,5.499984303278));
#1235 = CARTESIAN_POINT('',(18.140213337958,24.625,5.449976454917));
#1236 = CARTESIAN_POINT('',(18.140213337958,24.625,5.399968606557));
#1237 = CARTESIAN_POINT('',(18.140213337958,24.625,5.349960758196));
#1238 = CARTESIAN_POINT('',(18.140213337958,24.625,5.299952909835));
#1239 = CARTESIAN_POINT('',(18.140213337958,24.625,5.249945061474));
#1240 = CARTESIAN_POINT('',(18.140213337958,24.625,5.199937213113));
#1241 = CARTESIAN_POINT('',(18.140213337958,24.625,5.149929364752));
#1242 = CARTESIAN_POINT('',(18.140213337958,24.625,5.099921516392));
#1243 = ORIENTED_EDGE('',*,*,#361,.T.);
#1244 = ORIENTED_EDGE('',*,*,#1245,.T.);
#1245 = EDGE_CURVE('',#339,#1246,#1248,.T.);
#1246 = VERTEX_POINT('',#1247);
#1247 = CARTESIAN_POINT('',(24.409505754304,28.608614835652,
    12.097041559161));
#1248 = B_SPLINE_CURVE_WITH_KNOTS('',11,(#1249,#1250,#1251,#1252,#1253,
    #1254,#1255,#1256,#1257,#1258,#1259,#1260,#1261,#1262,#1263,#1264,
    #1265,#1266,#1267,#1268,#1269,#1270,#1271,#1272,#1273,#1274,#1275,
    #1276,#1277,#1278,#1279,#1280,#1281,#1282,#1283,#1284,#1285,#1286,
    #1287,#1288,#1289,#1290),.UNSPECIFIED.,.F.,.F.,(12,10,10,10,12),(
    -0.452735025006,-7.628751201123E-15,3.241943151882,4.188973150112,
    8.380815470613),.UNSPECIFIED.);
#1249 = CARTESIAN_POINT('',(19.959786662042,24.625,5.099921516337));
#1250 = CARTESIAN_POINT('',(19.959786662042,24.625,5.14538319667));
#1251 = CARTESIAN_POINT('',(19.959786662042,24.625,5.190844877003));
#1252 = CARTESIAN_POINT('',(19.959786662043,24.625000000001,
    5.236306557336));
#1253 = CARTESIAN_POINT('',(19.959786662043,24.625000000001,
    5.281768237669));
#1254 = CARTESIAN_POINT('',(19.959786662043,24.625000000001,
    5.327229918002));
#1255 = CARTESIAN_POINT('',(19.959786662043,24.625000000001,
    5.372691598335));
#1256 = CARTESIAN_POINT('',(19.959786662043,24.625000000001,
    5.418153278668));
#1257 = CARTESIAN_POINT('',(19.959786662043,24.625000000001,
    5.463614959001));
#1258 = CARTESIAN_POINT('',(19.959786662042,24.625,5.509076639334));
#1259 = CARTESIAN_POINT('',(19.959786662042,24.625,5.554538319667));
#1260 = CARTESIAN_POINT('',(19.959786662041,24.624999999999,
    5.925541818256));
#1261 = CARTESIAN_POINT('',(19.964788187036,24.641001750416,
    6.25111600986));
#1262 = CARTESIAN_POINT('',(19.974734479094,24.67296733924,
    6.576157293407));
#1263 = CARTESIAN_POINT('',(19.98991146291,24.720981055867,
    6.900100105154));
#1264 = CARTESIAN_POINT('',(20.010756508523,24.785085551725,
    7.222243821159));
#1265 = CARTESIAN_POINT('',(20.037874219074,24.86525372256,
    7.541799146007));
#1266 = CARTESIAN_POINT('',(20.072164185433,24.96144587007,
    7.858023874206));
#1267 = CARTESIAN_POINT('',(20.11496565289,25.073701705278,
    8.170356231741));
#1268 = CARTESIAN_POINT('',(20.168124041261,25.202216750624,
    8.478454003626));
#1269 = CARTESIAN_POINT('',(20.233884263496,25.347352703063,
    8.782047654926));
#1270 = CARTESIAN_POINT('',(20.338069704713,25.556906610488,
    9.167703530005));
#1271 = CARTESIAN_POINT('',(20.363097990751,25.608195367287,
    9.25895646954));
#1272 = CARTESIAN_POINT('',(20.389463151763,25.661976490356,
    9.351163000471));
#1273 = CARTESIAN_POINT('',(20.417126954096,25.717444496012,
    9.442733586259));
#1274 = CARTESIAN_POINT('',(20.446111271094,25.774210577185,
    9.533039792903));
#1275 = CARTESIAN_POINT('',(20.476467834843,25.832138983674,
    9.621971947099));
#1276 = CARTESIAN_POINT('',(20.50825688871,25.891218716647,
    9.709615282287));
#1277 = CARTESIAN_POINT('',(20.541534742593,25.951470539751,
    9.796044573488));
#1278 = CARTESIAN_POINT('',(20.576350228793,26.012889304251,
    9.881237259951));
#1279 = CARTESIAN_POINT('',(20.61275006036,26.075421590492,9.96510505648
    ));
#1280 = CARTESIAN_POINT('',(20.819183093423,26.420301569439,
    10.41298671203));
#1281 = CARTESIAN_POINT('',(21.019744305638,26.721893022601,
    10.752022168262));
#1282 = CARTESIAN_POINT('',(21.25613850568,27.036370404701,
    11.058777312838));
#1283 = CARTESIAN_POINT('',(21.533386695233,27.357505069278,
    11.330810052027));
#1284 = CARTESIAN_POINT('',(21.85101774092,27.667328161813,
    11.55826986309));
#1285 = CARTESIAN_POINT('',(22.21124886098,27.958974208086,
    11.747574555353));
#1286 = CARTESIAN_POINT('',(22.612009857749,28.212998477118,
    11.891935845714));
#1287 = CARTESIAN_POINT('',(23.047518558154,28.412044810451,
    11.997031581951));
#1288 = CARTESIAN_POINT('',(23.502118020416,28.544611082414,
    12.064468873825));
#1289 = CARTESIAN_POINT('',(23.960589718206,28.608614835651,
    12.097041559161));
#1290 = CARTESIAN_POINT('',(24.409505754304,28.608614835652,
    12.097041559161));
#1291 = ORIENTED_EDGE('',*,*,#1292,.T.);
#1292 = EDGE_CURVE('',#1246,#1293,#1295,.T.);
#1293 = VERTEX_POINT('',#1294);
#1294 = CARTESIAN_POINT('',(32.740494245696,28.608614835652,
    12.097041559161));
#1295 = LINE('',#1296,#1297);
#1296 = CARTESIAN_POINT('',(24.409505754304,28.608614835652,
    12.097041559161));
#1297 = VECTOR('',#1298,1.);
#1298 = DIRECTION('',(1.,0.,0.));
#1299 = ORIENTED_EDGE('',*,*,#1300,.T.);
#1300 = EDGE_CURVE('',#1293,#246,#1301,.T.);
#1301 = B_SPLINE_CURVE_WITH_KNOTS('',10,(#1302,#1303,#1304,#1305,#1306,
    #1307,#1308,#1309,#1310,#1311,#1312,#1313,#1314,#1315,#1316,#1317,
    #1318,#1319,#1320,#1321,#1322,#1323,#1324,#1325,#1326,#1327,#1328,
    #1329,#1330,#1331,#1332,#1333,#1334,#1335,#1336,#1337,#1338,#1339),
  .UNSPECIFIED.,.F.,.F.,(11,9,9,9,11),(16.711803962007,20.903646282495,
    21.850676280738,25.09261943262,25.545354457621),.UNSPECIFIED.);
#1302 = CARTESIAN_POINT('',(32.740494245696,28.608614835652,
    12.097041559161));
#1303 = CARTESIAN_POINT('',(33.234301885399,28.60861483565,
    12.097041559161));
#1304 = CARTESIAN_POINT('',(33.739771007737,28.530404231405,
    12.057274098164));
#1305 = CARTESIAN_POINT('',(34.238644924731,28.367528277117,
    11.974158451119));
#1306 = CARTESIAN_POINT('',(34.70869164148,28.125150953017,
    11.845833937815));
#1307 = CARTESIAN_POINT('',(35.130912249866,27.819579757696,
    11.663991473267));
#1308 = CARTESIAN_POINT('',(35.50025657717,27.485872535122,
    11.433616892391));
#1309 = CARTESIAN_POINT('',(35.82052758486,27.131713727823,
    11.148967435833));
#1310 = CARTESIAN_POINT('',(36.08939668939,26.782660113172,
    10.819214073936));
#1311 = CARTESIAN_POINT('',(36.313968166987,26.448448234751,
    10.449539499601));
#1312 = CARTESIAN_POINT('',(36.541055066804,26.069063594925,
    9.956848218286));
#1313 = CARTESIAN_POINT('',(36.580895848942,26.000400463694,
    9.864427607743));
#1314 = CARTESIAN_POINT('',(36.618806932198,25.933113483023,
    9.770389283732));
#1315 = CARTESIAN_POINT('',(36.654851163489,25.867270583099,
    9.674874393378));
#1316 = CARTESIAN_POINT('',(36.689099149242,25.802858866785,
    9.577879384821));
#1317 = CARTESIAN_POINT('',(36.721634332367,25.739838157557,
    9.479239641162));
#1318 = CARTESIAN_POINT('',(36.752539435246,25.678273423137,
    9.378876548382));
#1319 = CARTESIAN_POINT('',(36.781864268094,25.618546074399,
    9.27730799703));
#1320 = CARTESIAN_POINT('',(36.809574903293,25.561644139938,
    9.176422317872));
#1321 = CARTESIAN_POINT('',(36.924178888633,25.331134841767,
    8.752200855283));
#1322 = CARTESIAN_POINT('',(36.994697529869,25.173568285932,
    8.417621369927));
#1323 = CARTESIAN_POINT('',(37.050160653586,25.036251737516,
    8.077631804917));
#1324 = CARTESIAN_POINT('',(37.09365019225,24.918699660131,
    7.732533628095));
#1325 = CARTESIAN_POINT('',(37.127522104854,24.820715441206,
    7.382853744253));
#1326 = CARTESIAN_POINT('',(37.153309155385,24.742329684405,
    7.029511913464));
#1327 = CARTESIAN_POINT('',(37.171952455116,24.683620955868,
    6.673629440595));
#1328 = CARTESIAN_POINT('',(37.184100362972,24.644557694945,
    6.316231567587));
#1329 = CARTESIAN_POINT('',(37.190213337958,24.625,5.958096000082));
#1330 = CARTESIAN_POINT('',(37.190213337958,24.625,5.549992151634));
#1331 = CARTESIAN_POINT('',(37.190213337958,24.625,5.499984303268));
#1332 = CARTESIAN_POINT('',(37.190213337958,24.625,5.449976454902));
#1333 = CARTESIAN_POINT('',(37.190213337958,24.625,5.399968606536));
#1334 = CARTESIAN_POINT('',(37.190213337958,24.625,5.349960758171));
#1335 = CARTESIAN_POINT('',(37.190213337958,24.625,5.299952909805));
#1336 = CARTESIAN_POINT('',(37.190213337958,24.625,5.249945061439));
#1337 = CARTESIAN_POINT('',(37.190213337958,24.625,5.199937213073));
#1338 = CARTESIAN_POINT('',(37.190213337958,24.625,5.149929364707));
#1339 = CARTESIAN_POINT('',(37.190213337958,24.625,5.099921516341));
#1340 = ORIENTED_EDGE('',*,*,#245,.T.);
#1341 = ORIENTED_EDGE('',*,*,#1342,.F.);
#1342 = EDGE_CURVE('',#1343,#238,#1345,.T.);
#1343 = VERTEX_POINT('',#1344);
#1344 = CARTESIAN_POINT('',(39.375,28.625,12.105353976714));
#1345 = CIRCLE('',#1346,7.289953795294);
#1346 = AXIS2_PLACEMENT_3D('',#1347,#1348,#1349);
#1347 = CARTESIAN_POINT('',(39.375,31.914953795294,5.6));
#1348 = DIRECTION('',(1.,-4.5E-16,4.930380657631E-32));
#1349 = DIRECTION('',(-2.940417768062E-16,-0.653426170681,0.756990250578
    ));
#1350 = ORIENTED_EDGE('',*,*,#1351,.F.);
#1351 = EDGE_CURVE('',#1352,#1343,#1354,.T.);
#1352 = VERTEX_POINT('',#1353);
#1353 = CARTESIAN_POINT('',(-39.375,28.625,12.105353976714));
#1354 = LINE('',#1355,#1356);
#1355 = CARTESIAN_POINT('',(0.,28.625,12.105353976714));
#1356 = VECTOR('',#1357,1.);
#1357 = DIRECTION('',(1.,0.,0.));
#1358 = ORIENTED_EDGE('',*,*,#1359,.T.);
#1359 = EDGE_CURVE('',#1352,#171,#1360,.T.);
#1360 = CIRCLE('',#1361,7.289953795294);
#1361 = AXIS2_PLACEMENT_3D('',#1362,#1363,#1364);
#1362 = CARTESIAN_POINT('',(-39.375,31.914953795294,5.6));
#1363 = DIRECTION('',(1.,2.3E-16,0.));
#1364 = DIRECTION('',(1.502880192565E-16,-0.653426170681,0.756990250578)
  );
#1365 = ORIENTED_EDGE('',*,*,#170,.T.);
#1366 = ORIENTED_EDGE('',*,*,#849,.T.);
#1367 = ORIENTED_EDGE('',*,*,#1368,.T.);
#1368 = EDGE_CURVE('',#842,#1369,#1371,.T.);
#1369 = VERTEX_POINT('',#1370);
#1370 = CARTESIAN_POINT('',(-24.4095057543,28.608614835652,
    12.097041559161));
#1371 = LINE('',#1372,#1373);
#1372 = CARTESIAN_POINT('',(-32.74049424569,28.608614835652,
    12.097041559161));
#1373 = VECTOR('',#1374,1.);
#1374 = DIRECTION('',(1.,0.,0.));
#1375 = ORIENTED_EDGE('',*,*,#1376,.T.);
#1376 = EDGE_CURVE('',#1369,#594,#1377,.T.);
#1377 = B_SPLINE_CURVE_WITH_KNOTS('',10,(#1378,#1379,#1380,#1381,#1382,
    #1383,#1384,#1385,#1386,#1387,#1388,#1389,#1390,#1391,#1392,#1393,
    #1394,#1395,#1396,#1397,#1398,#1399,#1400,#1401,#1402,#1403,#1404,
    #1405,#1406,#1407,#1408,#1409,#1410,#1411,#1412,#1413,#1414,#1415),
  .UNSPECIFIED.,.F.,.F.,(11,9,9,9,11),(16.711803962007,20.901009447965,
    21.85067778457,25.092619432622,25.545354144202),.UNSPECIFIED.);
#1378 = CARTESIAN_POINT('',(-24.4095057543,28.608614835652,
    12.097041559161));
#1379 = CARTESIAN_POINT('',(-23.91600888407,28.60861483565,
    12.097041559161));
#1380 = CARTESIAN_POINT('',(-23.41086508276,28.530503188313,
    12.057324530967));
#1381 = CARTESIAN_POINT('',(-22.91229667519,28.367832442357,
    11.974312999869));
#1382 = CARTESIAN_POINT('',(-22.44249412898,28.1257700897,
    11.846163438439));
#1383 = CARTESIAN_POINT('',(-22.0204100169,27.820525168385,
    11.664552124492));
#1384 = CARTESIAN_POINT('',(-21.65114743099,27.487149844532,
    11.434498768578));
#1385 = CARTESIAN_POINT('',(-21.33087708345,27.133262487895,
    11.150213382802));
#1386 = CARTESIAN_POINT('',(-21.06195973063,26.784420920168,
    10.820875626326));
#1387 = CARTESIAN_POINT('',(-20.83730411386,26.450341046521,
    10.451632633112));
#1388 = CARTESIAN_POINT('',(-20.60994468561,26.070785697674,
    9.959165976517));
#1389 = CARTESIAN_POINT('',(-20.5699496047,26.001900905057,9.86652301238
    ));
#1390 = CARTESIAN_POINT('',(-20.53189632075,25.934398098835,
    9.772251684121));
#1391 = CARTESIAN_POINT('',(-20.49572145696,25.868346030494,
    9.676494139497));
#1392 = CARTESIAN_POINT('',(-20.46135382899,25.803732348954,
    9.579247483279));
#1393 = CARTESIAN_POINT('',(-20.42870936443,25.740517351823,
    9.480347168403));
#1394 = CARTESIAN_POINT('',(-20.39770471442,25.678766720978,
    9.379714634218));
#1395 = CARTESIAN_POINT('',(-20.36828955699,25.618863241849,
    9.277869191602));
#1396 = CARTESIAN_POINT('',(-20.34049759263,25.561797506951,
    9.176704155136));
#1397 = CARTESIAN_POINT('',(-20.22582204915,25.331134731728,
    8.752202066519));
#1398 = CARTESIAN_POINT('',(-20.1553025101,25.173566902117,
    8.417618697175));
#1399 = CARTESIAN_POINT('',(-20.09983914802,25.036250883328,
    8.077629125511));
#1400 = CARTESIAN_POINT('',(-20.05634978376,24.918699449287,
    7.73253224332));
#1401 = CARTESIAN_POINT('',(-20.02247795794,24.820715475365,
    7.38285340472));
#1402 = CARTESIAN_POINT('',(-19.99669083058,24.742329690877,
    7.029511948313));
#1403 = CARTESIAN_POINT('',(-19.97804749701,24.683620928279,
    6.673629456419));
#1404 = CARTESIAN_POINT('',(-19.96589966779,24.644557708062,
    6.316231547718));
#1405 = CARTESIAN_POINT('',(-19.95978666204,24.625,5.958096000082));
#1406 = CARTESIAN_POINT('',(-19.95978666204,24.625,5.549992163057));
#1407 = CARTESIAN_POINT('',(-19.95978666204,24.625,5.499984326114));
#1408 = CARTESIAN_POINT('',(-19.95978666204,24.625,5.44997648917));
#1409 = CARTESIAN_POINT('',(-19.95978666204,24.625,5.399968652227));
#1410 = CARTESIAN_POINT('',(-19.95978666204,24.625,5.349960815284));
#1411 = CARTESIAN_POINT('',(-19.95978666204,24.625,5.299952978341));
#1412 = CARTESIAN_POINT('',(-19.95978666204,24.625,5.249945141398));
#1413 = CARTESIAN_POINT('',(-19.95978666204,24.625,5.199937304454));
#1414 = CARTESIAN_POINT('',(-19.95978666204,24.625,5.149929467511));
#1415 = CARTESIAN_POINT('',(-19.95978666204,24.625,5.099921630568));
#1416 = CYLINDRICAL_SURFACE('',#1417,7.289953795294);
#1417 = AXIS2_PLACEMENT_3D('',#1418,#1419,#1420);
#1418 = CARTESIAN_POINT('',(0.,31.914953795294,5.6));
#1419 = DIRECTION('',(1.,0.,0.));
#1420 = DIRECTION('',(0.,1.,0.));
#1421 = ADVANCED_FACE('',(#1422),#1442,.T.);
#1422 = FACE_BOUND('',#1423,.T.);
#1423 = EDGE_LOOP('',(#1424,#1433,#1440,#1441));
#1424 = ORIENTED_EDGE('',*,*,#1425,.F.);
#1425 = EDGE_CURVE('',#1426,#1352,#1428,.T.);
#1426 = VERTEX_POINT('',#1427);
#1427 = CARTESIAN_POINT('',(-40.175,28.865433112314,11.328867590469));
#1428 = PARABOLA('',#1429,0.152786411923);
#1429 = AXIS2_PLACEMENT_3D('',#1430,#1431,#1432);
#1430 = CARTESIAN_POINT('',(-46.4488811794,31.94128642312,5.385537956625
    ));
#1431 = DIRECTION('',(0.707106781187,8.617463914053E-02,-0.701836114466)
  );
#1432 = DIRECTION('',(0.707106781187,-8.617463914053E-02,0.701836114466)
  );
#1433 = ORIENTED_EDGE('',*,*,#1434,.T.);
#1434 = EDGE_CURVE('',#1426,#179,#1435,.T.);
#1435 = CIRCLE('',#1436,6.489953795294);
#1436 = AXIS2_PLACEMENT_3D('',#1437,#1438,#1439);
#1437 = CARTESIAN_POINT('',(-40.175,31.914953795294,5.6));
#1438 = DIRECTION('',(1.,2.3E-16,0.));
#1439 = DIRECTION('',(1.502880192565E-16,-0.653426170681,0.756990250578)
  );
#1440 = ORIENTED_EDGE('',*,*,#178,.T.);
#1441 = ORIENTED_EDGE('',*,*,#1359,.F.);
#1442 = CONICAL_SURFACE('',#1443,7.289953795294,0.785398163397);
#1443 = AXIS2_PLACEMENT_3D('',#1444,#1445,#1446);
#1444 = CARTESIAN_POINT('',(-39.375,31.914953795294,5.6));
#1445 = DIRECTION('',(1.,2.3E-16,0.));
#1446 = DIRECTION('',(1.502880192565E-16,-0.653426170681,0.756990250578)
  );
#1447 = ADVANCED_FACE('',(#1448),#1466,.T.);
#1448 = FACE_BOUND('',#1449,.T.);
#1449 = EDGE_LOOP('',(#1450,#1458,#1464,#1465));
#1450 = ORIENTED_EDGE('',*,*,#1451,.T.);
#1451 = EDGE_CURVE('',#1426,#1452,#1454,.T.);
#1452 = VERTEX_POINT('',#1453);
#1453 = CARTESIAN_POINT('',(-40.175,49.1,13.813360000834));
#1454 = LINE('',#1455,#1456);
#1455 = CARTESIAN_POINT('',(-40.175,28.722495474724,11.311317055401));
#1456 = VECTOR('',#1457,1.);
#1457 = DIRECTION('',(-3.4E-16,0.992546151641,0.121869343405));
#1458 = ORIENTED_EDGE('',*,*,#1459,.F.);
#1459 = EDGE_CURVE('',#187,#1452,#1460,.T.);
#1460 = LINE('',#1461,#1462);
#1461 = CARTESIAN_POINT('',(-40.175,49.1,5.6));
#1462 = VECTOR('',#1463,1.);
#1463 = DIRECTION('',(0.,0.,1.));
#1464 = ORIENTED_EDGE('',*,*,#186,.F.);
#1465 = ORIENTED_EDGE('',*,*,#1434,.F.);
#1466 = PLANE('',#1467);
#1467 = AXIS2_PLACEMENT_3D('',#1468,#1469,#1470);
#1468 = CARTESIAN_POINT('',(-40.175,37.916391755793,9.294255902388));
#1469 = DIRECTION('',(-1.,-2.3E-16,-0.));
#1470 = DIRECTION('',(2.3E-16,-1.,0.));
#1471 = ADVANCED_FACE('',(#1472),#1502,.T.);
#1472 = FACE_BOUND('',#1473,.F.);
#1473 = EDGE_LOOP('',(#1474,#1475,#1476,#1477,#1485));
#1474 = ORIENTED_EDGE('',*,*,#1459,.F.);
#1475 = ORIENTED_EDGE('',*,*,#194,.F.);
#1476 = ORIENTED_EDGE('',*,*,#203,.F.);
#1477 = ORIENTED_EDGE('',*,*,#1478,.T.);
#1478 = EDGE_CURVE('',#204,#1479,#1481,.T.);
#1479 = VERTEX_POINT('',#1480);
#1480 = CARTESIAN_POINT('',(-37.075,52.2,14.2));
#1481 = LINE('',#1482,#1483);
#1482 = CARTESIAN_POINT('',(-37.075,52.2,5.6));
#1483 = VECTOR('',#1484,1.);
#1484 = DIRECTION('',(0.,0.,1.));
#1485 = ORIENTED_EDGE('',*,*,#1486,.F.);
#1486 = EDGE_CURVE('',#1452,#1479,#1487,.T.);
#1487 = B_SPLINE_CURVE_WITH_KNOTS('',7,(#1488,#1489,#1490,#1491,#1492,
    #1493,#1494,#1495,#1496,#1497,#1498,#1499,#1500,#1501),
  .UNSPECIFIED.,.F.,.F.,(8,6,8),(20.530536027548,20.628405550004,
    25.516533818942),.UNSPECIFIED.);
#1488 = CARTESIAN_POINT('',(-40.175,49.1,13.813360000834));
#1489 = CARTESIAN_POINT('',(-40.175,49.11392792496,13.815070134984));
#1490 = CARTESIAN_POINT('',(-40.17492697917,49.127856129121,
    13.816780309657));
#1491 = CARTESIAN_POINT('',(-40.17478104106,49.141782634142,
    13.81849023896));
#1492 = CARTESIAN_POINT('',(-40.17456183855,49.155714087403,
    13.820200919422));
#1493 = CARTESIAN_POINT('',(-40.1742700379,49.169636053643,
    13.821910386483));
#1494 = CARTESIAN_POINT('',(-40.1739045955,49.183571988366,
    13.823622037311));
#1495 = CARTESIAN_POINT('',(-40.1515904591,49.892751546495,
    13.910738790838));
#1496 = CARTESIAN_POINT('',(-39.94773901559,50.577381920803,
    13.995483459936));
#1497 = CARTESIAN_POINT('',(-39.56934970888,51.191577940053,
    14.072458513095));
#1498 = CARTESIAN_POINT('',(-39.04571234085,51.688145709628,
    14.13505361891));
#1499 = CARTESIAN_POINT('',(-38.42219161274,52.029128839562,
    14.178344425464));
#1500 = CARTESIAN_POINT('',(-37.74859305683,52.2,14.2));
#1501 = CARTESIAN_POINT('',(-37.075,52.2,14.2));
#1502 = CYLINDRICAL_SURFACE('',#1503,3.1);
#1503 = AXIS2_PLACEMENT_3D('',#1504,#1505,#1506);
#1504 = CARTESIAN_POINT('',(-37.075,49.1,5.6));
#1505 = DIRECTION('',(-0.,-0.,-1.));
#1506 = DIRECTION('',(1.,0.,0.));
#1507 = ADVANCED_FACE('',(#1508),#1526,.T.);
#1508 = FACE_BOUND('',#1509,.T.);
#1509 = EDGE_LOOP('',(#1510,#1511,#1519,#1525));
#1510 = ORIENTED_EDGE('',*,*,#1478,.T.);
#1511 = ORIENTED_EDGE('',*,*,#1512,.T.);
#1512 = EDGE_CURVE('',#1479,#1513,#1515,.T.);
#1513 = VERTEX_POINT('',#1514);
#1514 = CARTESIAN_POINT('',(37.075,52.2,14.2));
#1515 = LINE('',#1516,#1517);
#1516 = CARTESIAN_POINT('',(-37.075,52.2,14.2));
#1517 = VECTOR('',#1518,1.);
#1518 = DIRECTION('',(1.,0.,0.));
#1519 = ORIENTED_EDGE('',*,*,#1520,.F.);
#1520 = EDGE_CURVE('',#213,#1513,#1521,.T.);
#1521 = LINE('',#1522,#1523);
#1522 = CARTESIAN_POINT('',(37.075,52.2,5.6));
#1523 = VECTOR('',#1524,1.);
#1524 = DIRECTION('',(0.,0.,1.));
#1525 = ORIENTED_EDGE('',*,*,#212,.F.);
#1526 = PLANE('',#1527);
#1527 = AXIS2_PLACEMENT_3D('',#1528,#1529,#1530);
#1528 = CARTESIAN_POINT('',(-37.075,52.2,5.6));
#1529 = DIRECTION('',(0.,1.,0.));
#1530 = DIRECTION('',(1.,0.,0.));
#1531 = ADVANCED_FACE('',(#1532),#1561,.T.);
#1532 = FACE_BOUND('',#1533,.F.);
#1533 = EDGE_LOOP('',(#1534,#1535,#1536,#1544));
#1534 = ORIENTED_EDGE('',*,*,#1520,.F.);
#1535 = ORIENTED_EDGE('',*,*,#220,.F.);
#1536 = ORIENTED_EDGE('',*,*,#1537,.T.);
#1537 = EDGE_CURVE('',#221,#1538,#1540,.T.);
#1538 = VERTEX_POINT('',#1539);
#1539 = CARTESIAN_POINT('',(40.175,49.1,13.813360000834));
#1540 = LINE('',#1541,#1542);
#1541 = CARTESIAN_POINT('',(40.175,49.1,5.6));
#1542 = VECTOR('',#1543,1.);
#1543 = DIRECTION('',(0.,0.,1.));
#1544 = ORIENTED_EDGE('',*,*,#1545,.F.);
#1545 = EDGE_CURVE('',#1513,#1538,#1546,.T.);
#1546 = B_SPLINE_CURVE_WITH_KNOTS('',7,(#1547,#1548,#1549,#1550,#1551,
    #1552,#1553,#1554,#1555,#1556,#1557,#1558,#1559,#1560),
  .UNSPECIFIED.,.F.,.F.,(8,6,8),(99.666533818931,104.55466208785,
    104.65253161031),.UNSPECIFIED.);
#1547 = CARTESIAN_POINT('',(37.075,52.2,14.2));
#1548 = CARTESIAN_POINT('',(37.748593056833,52.2,14.2));
#1549 = CARTESIAN_POINT('',(38.422191612744,52.029128839563,
    14.178344425464));
#1550 = CARTESIAN_POINT('',(39.045712340854,51.688145709626,
    14.13505361891));
#1551 = CARTESIAN_POINT('',(39.569349708891,51.191577940054,
    14.072458513095));
#1552 = CARTESIAN_POINT('',(39.947739015598,50.577381920802,
    13.995483459936));
#1553 = CARTESIAN_POINT('',(40.151590459107,49.892751546496,
    13.910738790838));
#1554 = CARTESIAN_POINT('',(40.173904595504,49.183571988365,
    13.823622037311));
#1555 = CARTESIAN_POINT('',(40.174270037903,49.169636053645,
    13.821910386483));
#1556 = CARTESIAN_POINT('',(40.174561838558,49.155714087401,
    13.820200919422));
#1557 = CARTESIAN_POINT('',(40.174781041066,49.141782634143,
    13.81849023896));
#1558 = CARTESIAN_POINT('',(40.174926979173,49.127856129119,
    13.816780309657));
#1559 = CARTESIAN_POINT('',(40.175,49.113927924961,13.815070134985));
#1560 = CARTESIAN_POINT('',(40.175,49.1,13.813360000834));
#1561 = CYLINDRICAL_SURFACE('',#1562,3.1);
#1562 = AXIS2_PLACEMENT_3D('',#1563,#1564,#1565);
#1563 = CARTESIAN_POINT('',(37.075,49.1,5.6));
#1564 = DIRECTION('',(-0.,-0.,-1.));
#1565 = DIRECTION('',(1.,0.,0.));
#1566 = ADVANCED_FACE('',(#1567),#1586,.T.);
#1567 = FACE_BOUND('',#1568,.T.);
#1568 = EDGE_LOOP('',(#1569,#1577,#1584,#1585));
#1569 = ORIENTED_EDGE('',*,*,#1570,.T.);
#1570 = EDGE_CURVE('',#1538,#1571,#1573,.T.);
#1571 = VERTEX_POINT('',#1572);
#1572 = CARTESIAN_POINT('',(40.175,28.865433112314,11.328867590469));
#1573 = LINE('',#1574,#1575);
#1574 = CARTESIAN_POINT('',(40.175,49.197495474724,13.825330939888));
#1575 = VECTOR('',#1576,1.);
#1576 = DIRECTION('',(-0.,-0.992546151641,-0.121869343405));
#1577 = ORIENTED_EDGE('',*,*,#1578,.T.);
#1578 = EDGE_CURVE('',#1571,#230,#1579,.T.);
#1579 = CIRCLE('',#1580,6.489953795294);
#1580 = AXIS2_PLACEMENT_3D('',#1581,#1582,#1583);
#1581 = CARTESIAN_POINT('',(40.175,31.914953795294,5.6));
#1582 = DIRECTION('',(1.,-4.5E-16,4.930380657631E-32));
#1583 = DIRECTION('',(-2.940417768062E-16,-0.653426170681,0.756990250578
    ));
#1584 = ORIENTED_EDGE('',*,*,#229,.T.);
#1585 = ORIENTED_EDGE('',*,*,#1537,.T.);
#1586 = PLANE('',#1587);
#1587 = AXIS2_PLACEMENT_3D('',#1588,#1589,#1590);
#1588 = CARTESIAN_POINT('',(40.175,37.916391755793,9.294255902388));
#1589 = DIRECTION('',(1.,-4.5E-16,0.));
#1590 = DIRECTION('',(4.5E-16,1.,0.));
#1591 = ADVANCED_FACE('',(#1592),#1604,.T.);
#1592 = FACE_BOUND('',#1593,.T.);
#1593 = EDGE_LOOP('',(#1594,#1601,#1602,#1603));
#1594 = ORIENTED_EDGE('',*,*,#1595,.F.);
#1595 = EDGE_CURVE('',#1343,#1571,#1596,.T.);
#1596 = PARABOLA('',#1597,0.152786411923);
#1597 = AXIS2_PLACEMENT_3D('',#1598,#1599,#1600);
#1598 = CARTESIAN_POINT('',(46.448881179406,31.94128642312,
    5.385537956625));
#1599 = DIRECTION('',(-0.707106781187,8.617463914053E-02,-0.701836114466
    ));
#1600 = DIRECTION('',(-0.707106781187,-8.617463914053E-02,0.701836114466
    ));
#1601 = ORIENTED_EDGE('',*,*,#1342,.T.);
#1602 = ORIENTED_EDGE('',*,*,#237,.T.);
#1603 = ORIENTED_EDGE('',*,*,#1578,.F.);
#1604 = CONICAL_SURFACE('',#1605,7.289953795294,0.785398163397);
#1605 = AXIS2_PLACEMENT_3D('',#1606,#1607,#1608);
#1606 = CARTESIAN_POINT('',(39.375,31.914953795294,5.6));
#1607 = DIRECTION('',(-1.,4.5E-16,0.));
#1608 = DIRECTION('',(-2.940417768062E-16,-0.653426170681,0.756990250578
    ));
#1609 = ADVANCED_FACE('',(#1610),#1664,.T.);
#1610 = FACE_BOUND('',#1611,.T.);
#1611 = EDGE_LOOP('',(#1612,#1621,#1662,#1663));
#1612 = ORIENTED_EDGE('',*,*,#1613,.T.);
#1613 = EDGE_CURVE('',#1293,#1614,#1616,.T.);
#1614 = VERTEX_POINT('',#1615);
#1615 = CARTESIAN_POINT('',(32.740494245696,27.625000000013,
    10.492823599094));
#1616 = CIRCLE('',#1617,1.8);
#1617 = AXIS2_PLACEMENT_3D('',#1618,#1619,#1620);
#1618 = CARTESIAN_POINT('',(32.740494245696,29.425000000013,
    10.492823599091));
#1619 = DIRECTION('',(1.,0.,0.));
#1620 = DIRECTION('',(0.,-0.453547313534,0.891232200039));
#1621 = ORIENTED_EDGE('',*,*,#1622,.T.);
#1622 = EDGE_CURVE('',#1614,#254,#1623,.T.);
#1623 = B_SPLINE_CURVE_WITH_KNOTS('',10,(#1624,#1625,#1626,#1627,#1628,
    #1629,#1630,#1631,#1632,#1633,#1634,#1635,#1636,#1637,#1638,#1639,
    #1640,#1641,#1642,#1643,#1644,#1645,#1646,#1647,#1648,#1649,#1650,
    #1651,#1652,#1653,#1654,#1655,#1656,#1657,#1658,#1659,#1660,#1661),
  .UNSPECIFIED.,.F.,.F.,(11,9,9,9,11),(16.711803962007,20.903646282495,
    21.850676280738,25.09261943262,25.545354457621),.UNSPECIFIED.);
#1624 = CARTESIAN_POINT('',(32.740494245696,27.625000000013,
    10.492823599094));
#1625 = CARTESIAN_POINT('',(32.994102385507,27.625000000011,
    10.492823599093));
#1626 = CARTESIAN_POINT('',(33.25368843255,27.601153281209,
    10.477869058831));
#1627 = CARTESIAN_POINT('',(33.517026963197,27.551787156053,
    10.446968224255));
#1628 = CARTESIAN_POINT('',(33.780929172776,27.474170626755,
    10.395095713616));
#1629 = CARTESIAN_POINT('',(34.041690871645,27.369675298452,
    10.315537979715));
#1630 = CARTESIAN_POINT('',(34.295204226686,27.232229583336,
    10.193854973766));
#1631 = CARTESIAN_POINT('',(34.521744040846,27.07179140258,
    10.01609942786));
#1632 = CARTESIAN_POINT('',(34.717787863171,26.903314050011,
    9.79147708116));
#1633 = CARTESIAN_POINT('',(34.883031326355,26.735402105185,
    9.524374461499));
#1634 = CARTESIAN_POINT('',(35.050724937472,26.539443347014,
    9.154419054952));
#1635 = CARTESIAN_POINT('',(35.080176026383,26.50374342436,
    9.084495187399));
#1636 = CARTESIAN_POINT('',(35.10820766759,26.468524914259,9.01281416757
    ));
#1637 = CARTESIAN_POINT('',(35.134845196744,26.433879101714,
    8.939548061474));
#1638 = CARTESIAN_POINT('',(35.160124950913,26.399882308121,
    8.864882742365));
#1639 = CARTESIAN_POINT('',(35.184101496066,26.366579060286,
    8.788905368136));
#1640 = CARTESIAN_POINT('',(35.206843114889,26.333986094411,
    8.711549041418));
#1641 = CARTESIAN_POINT('',(35.22841555435,26.30211719461,8.632594652265
    ));
#1642 = CARTESIAN_POINT('',(35.248854033564,26.271028866364,
    8.551729903542));
#1643 = CARTESIAN_POINT('',(35.33408821408,26.137702445739,
    8.184313372334));
#1644 = CARTESIAN_POINT('',(35.385494879558,26.046952770864,
    7.894030723314));
#1645 = CARTESIAN_POINT('',(35.425137244571,25.969595132595,
    7.603420388277));
#1646 = CARTESIAN_POINT('',(35.455649704833,25.905085749182,
    7.314181633884));
#1647 = CARTESIAN_POINT('',(35.479039907127,25.852519485137,
    7.026415376458));
#1648 = CARTESIAN_POINT('',(35.496634470796,25.81114479778,
    6.739827874051));
#1649 = CARTESIAN_POINT('',(35.509255777293,25.780468381218,
    6.454162430533));
#1650 = CARTESIAN_POINT('',(35.51744776651,25.760163999441,
    6.169188631105));
#1651 = CARTESIAN_POINT('',(35.52156867836,25.750000000002,
    5.884578628603));
#1652 = CARTESIAN_POINT('',(35.52156867836,25.750000000002,
    5.560258799584));
#1653 = CARTESIAN_POINT('',(35.52156867836,25.750000000002,
    5.518236121846));
#1654 = CARTESIAN_POINT('',(35.52156867836,25.750000000002,
    5.473931966786));
#1655 = CARTESIAN_POINT('',(35.52156867836,25.750000000002,
    5.427346334403));
#1656 = CARTESIAN_POINT('',(35.52156867836,25.750000000002,
    5.378479224699));
#1657 = CARTESIAN_POINT('',(35.52156867836,25.750000000002,
    5.327330637672));
#1658 = CARTESIAN_POINT('',(35.52156867836,25.750000000002,
    5.273900573322));
#1659 = CARTESIAN_POINT('',(35.52156867836,25.750000000002,
    5.218189031651));
#1660 = CARTESIAN_POINT('',(35.52156867836,25.750000000002,
    5.160196012657));
#1661 = CARTESIAN_POINT('',(35.52156867836,25.750000000002,
    5.099921516341));
#1662 = ORIENTED_EDGE('',*,*,#253,.F.);
#1663 = ORIENTED_EDGE('',*,*,#1300,.F.);
#1664 = ( BOUNDED_SURFACE() B_SPLINE_SURFACE(2,10,(
    (#1665,#1666,#1667,#1668,#1669,#1670,#1671,#1672,#1673,#1674,#1675
      ,#1676,#1677,#1678,#1679,#1680,#1681,#1682,#1683,#1684,#1685,#1686
      ,#1687,#1688,#1689,#1690,#1691,#1692,#1693,#1694,#1695,#1696,#1697
      ,#1698,#1699,#1700,#1701,#1702)
    ,(#1703,#1704,#1705,#1706,#1707,#1708,#1709,#1710,#1711,#1712,#1713
      ,#1714,#1715,#1716,#1717,#1718,#1719,#1720,#1721,#1722,#1723,#1724
      ,#1725,#1726,#1727,#1728,#1729,#1730,#1731,#1732,#1733,#1734,#1735
      ,#1736,#1737,#1738,#1739,#1740)
    ,(#1741,#1742,#1743,#1744,#1745,#1746,#1747,#1748,#1749,#1750,#1751
      ,#1752,#1753,#1754,#1755,#1756,#1757,#1758,#1759,#1760,#1761,#1762
      ,#1763,#1764,#1765,#1766,#1767,#1768,#1769,#1770,#1771,#1772,#1773
      ,#1774,#1775,#1776,#1777,#1778
)),.UNSPECIFIED.,.F.,.F.,.F.) B_SPLINE_SURFACE_WITH_KNOTS((3,3),(11,9,9,
    9,11),(0.,8.380815470613),(16.711803962007,20.903646282495,
    21.850676280738,25.09261943262,25.545354457621),.UNSPECIFIED.) 
GEOMETRIC_REPRESENTATION_ITEM() RATIONAL_B_SPLINE_SURFACE((
    (1.,1.,1.,1.,1.,1.,1.,1.,1.,1.,1.,1.,1.,1.,1.,1.,1.,1.,1.,1.,1.,1.
      ,1.,1.,1.,1.,1.,1.,1.,1.,1.,1.,1.,1.,1.,1.,1.,1.)
    ,(0.852510209187,0.852510209187,0.855163400717,0.860697310313
      ,0.868315090271,0.876212106292,0.881078332417,0.883036428631
      ,0.882048559463,0.878814584448,0.872927693427,0.871764415588
      ,0.870525392993,0.869224773392,0.867878655647,0.866497627172
      ,0.865081382874,0.863615425595,0.86206984805,0.85468452078
      ,0.849197208568,0.844287999835,0.840035658971,0.836447986483
      ,0.833542232125,0.83134995297,0.829890360095,0.829156197588
      ,0.829156197588,0.829156197588,0.829156197588,0.829156197588
      ,0.829156197588,0.829156197588,0.829156197588,0.829156197588
      ,0.829156197588,0.829156197588)
    ,(1.,1.,1.,1.,1.,1.,1.,1.,1.,1.,1.,1.,1.,1.,1.,1.,1.,1.,1.,1.,1.,1.
      ,1.,1.,1.,1.,1.,1.,1.,1.,1.,1.,1.,1.,1.,1.,1.,1.
))) REPRESENTATION_ITEM('') SURFACE() );
#1665 = CARTESIAN_POINT('',(32.740494245696,28.608614835652,
    12.097041559161));
#1666 = CARTESIAN_POINT('',(33.234301885399,28.60861483565,
    12.097041559161));
#1667 = CARTESIAN_POINT('',(33.739771007737,28.530404231405,
    12.057274098164));
#1668 = CARTESIAN_POINT('',(34.238644924731,28.367528277117,
    11.974158451119));
#1669 = CARTESIAN_POINT('',(34.70869164148,28.125150953017,
    11.845833937815));
#1670 = CARTESIAN_POINT('',(35.130912249866,27.819579757696,
    11.663991473267));
#1671 = CARTESIAN_POINT('',(35.50025657717,27.485872535122,
    11.433616892391));
#1672 = CARTESIAN_POINT('',(35.82052758486,27.131713727823,
    11.148967435833));
#1673 = CARTESIAN_POINT('',(36.08939668939,26.782660113172,
    10.819214073936));
#1674 = CARTESIAN_POINT('',(36.313968166987,26.448448234751,
    10.449539499601));
#1675 = CARTESIAN_POINT('',(36.541055066804,26.069063594925,
    9.956848218286));
#1676 = CARTESIAN_POINT('',(36.580895848942,26.000400463694,
    9.864427607743));
#1677 = CARTESIAN_POINT('',(36.618806932198,25.933113483023,
    9.770389283732));
#1678 = CARTESIAN_POINT('',(36.654851163489,25.867270583099,
    9.674874393378));
#1679 = CARTESIAN_POINT('',(36.689099149242,25.802858866785,
    9.577879384821));
#1680 = CARTESIAN_POINT('',(36.721634332367,25.739838157557,
    9.479239641162));
#1681 = CARTESIAN_POINT('',(36.752539435246,25.678273423137,
    9.378876548382));
#1682 = CARTESIAN_POINT('',(36.781864268094,25.618546074399,
    9.27730799703));
#1683 = CARTESIAN_POINT('',(36.809574903293,25.561644139938,
    9.176422317872));
#1684 = CARTESIAN_POINT('',(36.924178888633,25.331134841767,
    8.752200855283));
#1685 = CARTESIAN_POINT('',(36.994697529869,25.173568285932,
    8.417621369927));
#1686 = CARTESIAN_POINT('',(37.050160653586,25.036251737516,
    8.077631804917));
#1687 = CARTESIAN_POINT('',(37.09365019225,24.918699660131,
    7.732533628095));
#1688 = CARTESIAN_POINT('',(37.127522104854,24.820715441206,
    7.382853744253));
#1689 = CARTESIAN_POINT('',(37.153309155385,24.742329684405,
    7.029511913464));
#1690 = CARTESIAN_POINT('',(37.171952455116,24.683620955868,
    6.673629440595));
#1691 = CARTESIAN_POINT('',(37.184100362972,24.644557694945,
    6.316231567587));
#1692 = CARTESIAN_POINT('',(37.190213337958,24.625,5.958096000082));
#1693 = CARTESIAN_POINT('',(37.190213337958,24.625,5.549992151634));
#1694 = CARTESIAN_POINT('',(37.190213337958,24.625,5.499984303268));
#1695 = CARTESIAN_POINT('',(37.190213337958,24.625,5.449976454902));
#1696 = CARTESIAN_POINT('',(37.190213337958,24.625,5.399968606536));
#1697 = CARTESIAN_POINT('',(37.190213337958,24.625,5.349960758171));
#1698 = CARTESIAN_POINT('',(37.190213337958,24.625,5.299952909805));
#1699 = CARTESIAN_POINT('',(37.190213337958,24.625,5.249945061439));
#1700 = CARTESIAN_POINT('',(37.190213337958,24.625,5.199937213073));
#1701 = CARTESIAN_POINT('',(37.190213337958,24.625,5.149929364707));
#1702 = CARTESIAN_POINT('',(37.190213337958,24.625,5.099921516341));
#1703 = CARTESIAN_POINT('',(32.740494245696,27.625000000014,
    11.596480800432));
#1704 = CARTESIAN_POINT('',(33.08379359727,27.625000000014,
    11.596480800432));
#1705 = CARTESIAN_POINT('',(33.433015500987,27.584442392175,
    11.56098557041));
#1706 = CARTESIAN_POINT('',(33.78092895136,27.501020860155,
    11.487831501293));
#1707 = CARTESIAN_POINT('',(34.119166754378,27.373121012898,
    11.376042021919));
#1708 = CARTESIAN_POINT('',(34.444534766486,27.202694472686,
    11.224334790521));
#1709 = CARTESIAN_POINT('',(34.746846129342,26.985408306875,
    11.031935387792));
#1710 = CARTESIAN_POINT('',(35.006649051934,26.737171698742,
    10.788425115242));
#1711 = CARTESIAN_POINT('',(35.222804983024,26.477801165894,
    10.504393191863));
#1712 = CARTESIAN_POINT('',(35.39788526784,26.219105112212,
    10.182905412687));
#1713 = CARTESIAN_POINT('',(35.568720277898,25.914729205979,
    9.749323159975));
#1714 = CARTESIAN_POINT('',(35.598556532573,25.858824111637,
    9.667268509024));
#1715 = CARTESIAN_POINT('',(35.62661619638,25.803530146376,
    9.583524286707));
#1716 = CARTESIAN_POINT('',(35.652963083081,25.748970819504,
    9.498193235339));
#1717 = CARTESIAN_POINT('',(35.677675286986,25.695241775294,
    9.411339681969));
#1718 = CARTESIAN_POINT('',(35.700834605877,25.642404090796,
    9.322954417652));
#1719 = CARTESIAN_POINT('',(35.722511231182,25.590508256976,
    9.233005336045));
#1720 = CARTESIAN_POINT('',(35.742743035504,25.53965024656,
    9.141576093199));
#1721 = CARTESIAN_POINT('',(35.761508888323,25.490061092035,
    9.049095310759));
#1722 = CARTESIAN_POINT('',(35.838038243134,25.277082977519,8.6374916629
    ));
#1723 = CARTESIAN_POINT('',(35.88113387229,25.129797889438,
    8.310268250042));
#1724 = CARTESIAN_POINT('',(35.912135727718,25.001969103383,
    7.97847567351));
#1725 = CARTESIAN_POINT('',(35.934388412105,24.893436683196,
    7.643628420914));
#1726 = CARTESIAN_POINT('',(35.950333136913,24.80360088701,
    7.306410086927));
#1727 = CARTESIAN_POINT('',(35.961617577933,24.732025778823,
    6.967317846691));
#1728 = CARTESIAN_POINT('',(35.969323820516,24.678508139766,
    6.626839388218));
#1729 = CARTESIAN_POINT('',(35.9741860144,24.642894783573,6.285333788824
    ));
#1730 = CARTESIAN_POINT('',(35.976653585522,24.625,5.942941379583));
#1731 = CARTESIAN_POINT('',(35.976653585522,24.625,5.552108483466));
#1732 = CARTESIAN_POINT('',(35.976653585522,24.625,5.50374667097));
#1733 = CARTESIAN_POINT('',(35.976653585522,24.625,5.454914562511));
#1734 = CARTESIAN_POINT('',(35.976653585522,24.625,5.405612158089));
#1735 = CARTESIAN_POINT('',(35.976653585522,24.625,5.355839457705));
#1736 = CARTESIAN_POINT('',(35.976653585522,24.625,5.305596461357));
#1737 = CARTESIAN_POINT('',(35.976653585522,24.625,5.254883169047));
#1738 = CARTESIAN_POINT('',(35.976653585522,24.625,5.203699580775));
#1739 = CARTESIAN_POINT('',(35.976653585522,24.625,5.152045696539));
#1740 = CARTESIAN_POINT('',(35.976653585522,24.625,5.099921516341));
#1741 = CARTESIAN_POINT('',(32.740494245696,27.625000000013,
    10.492823599094));
#1742 = CARTESIAN_POINT('',(32.994102385507,27.625000000011,
    10.492823599093));
#1743 = CARTESIAN_POINT('',(33.25368843255,27.601153281209,
    10.477869058831));
#1744 = CARTESIAN_POINT('',(33.517026963197,27.551787156053,
    10.446968224255));
#1745 = CARTESIAN_POINT('',(33.780929172776,27.474170626755,
    10.395095713616));
#1746 = CARTESIAN_POINT('',(34.041690871645,27.369675298452,
    10.315537979715));
#1747 = CARTESIAN_POINT('',(34.295204226686,27.232229583336,
    10.193854973766));
#1748 = CARTESIAN_POINT('',(34.521744040846,27.07179140258,
    10.01609942786));
#1749 = CARTESIAN_POINT('',(34.717787863171,26.903314050011,
    9.79147708116));
#1750 = CARTESIAN_POINT('',(34.883031326355,26.735402105185,
    9.524374461499));
#1751 = CARTESIAN_POINT('',(35.050724937472,26.539443347014,
    9.154419054952));
#1752 = CARTESIAN_POINT('',(35.080176026383,26.50374342436,
    9.084495187399));
#1753 = CARTESIAN_POINT('',(35.10820766759,26.468524914259,9.01281416757
    ));
#1754 = CARTESIAN_POINT('',(35.134845196744,26.433879101714,
    8.939548061474));
#1755 = CARTESIAN_POINT('',(35.160124950913,26.399882308121,
    8.864882742365));
#1756 = CARTESIAN_POINT('',(35.184101496066,26.366579060286,
    8.788905368136));
#1757 = CARTESIAN_POINT('',(35.206843114889,26.333986094411,
    8.711549041418));
#1758 = CARTESIAN_POINT('',(35.22841555435,26.30211719461,8.632594652265
    ));
#1759 = CARTESIAN_POINT('',(35.248854033564,26.271028866364,
    8.551729903542));
#1760 = CARTESIAN_POINT('',(35.33408821408,26.137702445739,
    8.184313372334));
#1761 = CARTESIAN_POINT('',(35.385494879558,26.046952770864,
    7.894030723314));
#1762 = CARTESIAN_POINT('',(35.425137244571,25.969595132595,
    7.603420388277));
#1763 = CARTESIAN_POINT('',(35.455649704833,25.905085749182,
    7.314181633884));
#1764 = CARTESIAN_POINT('',(35.479039907127,25.852519485137,
    7.026415376458));
#1765 = CARTESIAN_POINT('',(35.496634470796,25.81114479778,
    6.739827874051));
#1766 = CARTESIAN_POINT('',(35.509255777293,25.780468381218,
    6.454162430533));
#1767 = CARTESIAN_POINT('',(35.51744776651,25.760163999441,
    6.169188631105));
#1768 = CARTESIAN_POINT('',(35.52156867836,25.750000000002,
    5.884578628603));
#1769 = CARTESIAN_POINT('',(35.52156867836,25.750000000002,
    5.560258799584));
#1770 = CARTESIAN_POINT('',(35.52156867836,25.750000000002,
    5.518236121846));
#1771 = CARTESIAN_POINT('',(35.52156867836,25.750000000002,
    5.473931966786));
#1772 = CARTESIAN_POINT('',(35.52156867836,25.750000000002,
    5.427346334403));
#1773 = CARTESIAN_POINT('',(35.52156867836,25.750000000002,
    5.378479224699));
#1774 = CARTESIAN_POINT('',(35.52156867836,25.750000000002,
    5.327330637672));
#1775 = CARTESIAN_POINT('',(35.52156867836,25.750000000002,
    5.273900573322));
#1776 = CARTESIAN_POINT('',(35.52156867836,25.750000000002,
    5.218189031651));
#1777 = CARTESIAN_POINT('',(35.52156867836,25.750000000002,
    5.160196012657));
#1778 = CARTESIAN_POINT('',(35.52156867836,25.750000000002,
    5.099921516341));
#1779 = ADVANCED_FACE('',(#1780),#1792,.F.);
#1780 = FACE_BOUND('',#1781,.F.);
#1781 = EDGE_LOOP('',(#1782,#1783,#1791));
#1782 = ORIENTED_EDGE('',*,*,#276,.T.);
#1783 = ORIENTED_EDGE('',*,*,#1784,.T.);
#1784 = EDGE_CURVE('',#277,#1614,#1785,.T.);
#1785 = B_SPLINE_CURVE_WITH_KNOTS('',2,(#1786,#1787,#1788,#1789,#1790),
  .UNSPECIFIED.,.F.,.F.,(3,1,1,3),(-0.360715327175,3.917341711429E-14,
    5.894041293693,6.254756620868),.UNSPECIFIED.);
#1786 = CARTESIAN_POINT('',(32.740494245698,27.625000000005,
    5.239284672825));
#1787 = CARTESIAN_POINT('',(32.740494245698,27.625000000006,
    5.419642336413));
#1788 = CARTESIAN_POINT('',(32.740494245697,27.62500000001,
    8.547020646847));
#1789 = CARTESIAN_POINT('',(32.740494245696,27.625000000015,
    11.674398957281));
#1790 = CARTESIAN_POINT('',(32.740494245696,27.625000000015,
    11.854756620868));
#1791 = ORIENTED_EDGE('',*,*,#1622,.T.);
#1792 = ( BOUNDED_SURFACE() B_SPLINE_SURFACE(2,2,(
    (#1793,#1794,#1795,#1796,#1797)
    ,(#1798,#1799,#1800,#1801,#1802)
    ,(#1803,#1804,#1805,#1806,#1807
)),.UNSPECIFIED.,.F.,.F.,.F.) B_SPLINE_SURFACE_WITH_KNOTS((3,3),(3,1,1,3
    ),(0.,5.894041293693),(-0.360715327175,3.917341711429E-14,
    5.894041293693,6.254756620868),.UNSPECIFIED.) 
GEOMETRIC_REPRESENTATION_ITEM() RATIONAL_B_SPLINE_SURFACE((
    (1.,1.,1.,1.,1.)
    ,(0.796795033908,0.796795033908,0.796795033908,0.796795033908
      ,0.796795033908)
,(1.,1.,1.,1.,1.))) REPRESENTATION_ITEM('') SURFACE() );
#1793 = CARTESIAN_POINT('',(35.629273104004,25.434293956367,
    5.239284672825));
#1794 = CARTESIAN_POINT('',(35.629273104004,25.434293956368,
    5.419642336413));
#1795 = CARTESIAN_POINT('',(35.629273104003,25.434293956372,
    8.547020646847));
#1796 = CARTESIAN_POINT('',(35.629273104002,25.434293956377,
    11.674398957281));
#1797 = CARTESIAN_POINT('',(35.629273104001,25.434293956377,
    11.854756620868));
#1798 = CARTESIAN_POINT('',(35.015544865104,27.625000000005,
    5.239284672825));
#1799 = CARTESIAN_POINT('',(35.015544865103,27.625000000006,
    5.419642336412));
#1800 = CARTESIAN_POINT('',(35.015544865102,27.62500000001,
    8.547020646847));
#1801 = CARTESIAN_POINT('',(35.015544865101,27.625000000015,
    11.674398957281));
#1802 = CARTESIAN_POINT('',(35.0155448651,27.625000000015,
    11.854756620868));
#1803 = CARTESIAN_POINT('',(32.740494245698,27.625000000005,
    5.239284672825));
#1804 = CARTESIAN_POINT('',(32.740494245698,27.625000000006,
    5.419642336413));
#1805 = CARTESIAN_POINT('',(32.740494245697,27.62500000001,
    8.547020646847));
#1806 = CARTESIAN_POINT('',(32.740494245696,27.625000000015,
    11.674398957281));
#1807 = CARTESIAN_POINT('',(32.740494245696,27.625000000015,
    11.854756620868));
#1808 = ADVANCED_FACE('',(#1809),#1829,.T.);
#1809 = FACE_BOUND('',#1810,.T.);
#1810 = EDGE_LOOP('',(#1811,#1812,#1820,#1828));
#1811 = ORIENTED_EDGE('',*,*,#1784,.T.);
#1812 = ORIENTED_EDGE('',*,*,#1813,.F.);
#1813 = EDGE_CURVE('',#1814,#1614,#1816,.T.);
#1814 = VERTEX_POINT('',#1815);
#1815 = CARTESIAN_POINT('',(24.409505754304,27.625000000013,
    10.492823599094));
#1816 = LINE('',#1817,#1818);
#1817 = CARTESIAN_POINT('',(24.409505754304,27.625000000013,
    10.492823599094));
#1818 = VECTOR('',#1819,1.);
#1819 = DIRECTION('',(1.,0.,0.));
#1820 = ORIENTED_EDGE('',*,*,#1821,.F.);
#1821 = EDGE_CURVE('',#304,#1814,#1822,.T.);
#1822 = B_SPLINE_CURVE_WITH_KNOTS('',2,(#1823,#1824,#1825,#1826,#1827),
  .UNSPECIFIED.,.F.,.F.,(3,1,1,3),(-0.360715327175,3.913265111261E-14,
    5.894041293693,6.254756620868),.UNSPECIFIED.);
#1823 = CARTESIAN_POINT('',(24.409505754302,27.625000000005,
    5.239284672825));
#1824 = CARTESIAN_POINT('',(24.409505754302,27.625000000006,
    5.419642336413));
#1825 = CARTESIAN_POINT('',(24.409505754303,27.62500000001,
    8.547020646847));
#1826 = CARTESIAN_POINT('',(24.409505754304,27.625000000015,
    11.674398957281));
#1827 = CARTESIAN_POINT('',(24.409505754305,27.625000000015,
    11.854756620868));
#1828 = ORIENTED_EDGE('',*,*,#303,.F.);
#1829 = PLANE('',#1830);
#1830 = AXIS2_PLACEMENT_3D('',#1831,#1832,#1833);
#1831 = CARTESIAN_POINT('',(28.575,27.62500000001,8.547020646852));
#1832 = DIRECTION('',(0.,-1.,1.421300395294E-12));
#1833 = DIRECTION('',(0.,-1.421300395294E-12,-1.));
#1834 = ADVANCED_FACE('',(#1835),#1884,.T.);
#1835 = FACE_BOUND('',#1836,.T.);
#1836 = EDGE_LOOP('',(#1837,#1838,#1839));
#1837 = ORIENTED_EDGE('',*,*,#311,.T.);
#1838 = ORIENTED_EDGE('',*,*,#1821,.T.);
#1839 = ORIENTED_EDGE('',*,*,#1840,.F.);
#1840 = EDGE_CURVE('',#312,#1814,#1841,.T.);
#1841 = B_SPLINE_CURVE_WITH_KNOTS('',11,(#1842,#1843,#1844,#1845,#1846,
    #1847,#1848,#1849,#1850,#1851,#1852,#1853,#1854,#1855,#1856,#1857,
    #1858,#1859,#1860,#1861,#1862,#1863,#1864,#1865,#1866,#1867,#1868,
    #1869,#1870,#1871,#1872,#1873,#1874,#1875,#1876,#1877,#1878,#1879,
    #1880,#1881,#1882,#1883),.UNSPECIFIED.,.F.,.F.,(12,10,10,10,12),(
    -0.452735025006,-7.628751201123E-15,3.241943151882,4.188973150112,
    8.380815470613),.UNSPECIFIED.);
#1842 = CARTESIAN_POINT('',(21.62843132164,25.750000000002,
    5.099921516337));
#1843 = CARTESIAN_POINT('',(21.62843132164,25.750000000002,
    5.154716512988));
#1844 = CARTESIAN_POINT('',(21.62843132164,25.750000000002,
    5.207644846376));
#1845 = CARTESIAN_POINT('',(21.62843132164,25.750000000003,5.2587065165)
  );
#1846 = CARTESIAN_POINT('',(21.62843132164,25.750000000003,5.30790152336
    ));
#1847 = CARTESIAN_POINT('',(21.62843132164,25.750000000003,
    5.355229866957));
#1848 = CARTESIAN_POINT('',(21.62843132164,25.750000000003,5.40069154729
    ));
#1849 = CARTESIAN_POINT('',(21.62843132164,25.750000000003,
    5.444286564359));
#1850 = CARTESIAN_POINT('',(21.62843132164,25.750000000003,
    5.486014918165));
#1851 = CARTESIAN_POINT('',(21.62843132164,25.750000000003,
    5.525876608707));
#1852 = CARTESIAN_POINT('',(21.62843132164,25.750000000002,
    5.563871635985));
#1853 = CARTESIAN_POINT('',(21.628431321638,25.750000000001,
    5.858707844185));
#1854 = CARTESIAN_POINT('',(21.631802976796,25.758315999549,
    6.117441357925));
#1855 = CARTESIAN_POINT('',(21.638510043817,25.774930822539,
    6.376442303414));
#1856 = CARTESIAN_POINT('',(21.648775963224,25.799989737233,
    6.635949530959));
#1857 = CARTESIAN_POINT('',(21.662962563911,25.83371280904,
    6.896148329903));
#1858 = CARTESIAN_POINT('',(21.681592003027,25.876413241546,
    7.157218220749));
#1859 = CARTESIAN_POINT('',(21.705445735246,25.928543706767,
    7.419359362749));
#1860 = CARTESIAN_POINT('',(21.735674309533,25.990692670316,
    7.682677752381));
#1861 = CARTESIAN_POINT('',(21.773851786889,26.063452711745,
    7.946809386771));
#1862 = CARTESIAN_POINT('',(21.821908577062,26.147082845637,
    8.210163567479));
#1863 = CARTESIAN_POINT('',(21.899394195711,26.268288682565,
    8.544178595848));
#1864 = CARTESIAN_POINT('',(21.917869264007,26.296466069749,
    8.617900686961));
#1865 = CARTESIAN_POINT('',(21.937274462177,26.325295983222,
    8.690027152093));
#1866 = CARTESIAN_POINT('',(21.957629118334,26.354727531216,
    8.760782262937));
#1867 = CARTESIAN_POINT('',(21.978976265399,26.384743998541,
    8.830347412049));
#1868 = CARTESIAN_POINT('',(22.001365499106,26.415334899013,
    8.898817851704));
#1869 = CARTESIAN_POINT('',(22.024841546982,26.446478033073,
    8.966187962032));
#1870 = CARTESIAN_POINT('',(22.049438550337,26.478131553032,
    9.032365049228));
#1871 = CARTESIAN_POINT('',(22.075180057055,26.510236033288,
    9.09721167295));
#1872 = CARTESIAN_POINT('',(22.102084727138,26.542726547879,
    9.16061650371));
#1873 = CARTESIAN_POINT('',(22.254525996945,26.720862360113,
    9.496923641448));
#1874 = CARTESIAN_POINT('',(22.402107337824,26.872718316657,
    9.742784940656));
#1875 = CARTESIAN_POINT('',(22.574990563489,27.026075581252,
    9.955298457542));
#1876 = CARTESIAN_POINT('',(22.77196485928,27.173382774428,
    10.128267662826));
#1877 = CARTESIAN_POINT('',(22.993785245653,27.307967697402,
    10.26157735621));
#1878 = CARTESIAN_POINT('',(23.22616142497,27.416402677663,
    10.350405380497));
#1879 = CARTESIAN_POINT('',(23.465370700472,27.502877186378,
    10.414745881114));
#1880 = CARTESIAN_POINT('',(23.704726119346,27.565074791642,
    10.455117055172));
#1881 = CARTESIAN_POINT('',(23.943520758544,27.605521311977,
    10.480637047177));
#1882 = CARTESIAN_POINT('',(24.178952899927,27.625000000012,
    10.492823599094));
#1883 = CARTESIAN_POINT('',(24.409505754304,27.625000000013,
    10.492823599094));
#1884 = ( BOUNDED_SURFACE() B_SPLINE_SURFACE(2,2,(
    (#1885,#1886,#1887,#1888,#1889)
    ,(#1890,#1891,#1892,#1893,#1894)
    ,(#1895,#1896,#1897,#1898,#1899
)),.UNSPECIFIED.,.F.,.F.,.F.) B_SPLINE_SURFACE_WITH_KNOTS((3,3),(3,1,1,3
    ),(0.,5.894041293693),(-0.360715327175,3.913265111261E-14,
    5.894041293693,6.254756620868),.UNSPECIFIED.) 
GEOMETRIC_REPRESENTATION_ITEM() RATIONAL_B_SPLINE_SURFACE((
    (1.,1.,1.,1.,1.)
    ,(0.796795033908,0.796795033908,0.796795033908,0.796795033908
      ,0.796795033908)
,(1.,1.,1.,1.,1.))) REPRESENTATION_ITEM('') SURFACE() );
#1885 = CARTESIAN_POINT('',(21.520726895996,25.434293956367,
    5.239284672825));
#1886 = CARTESIAN_POINT('',(21.520726895996,25.434293956368,
    5.419642336413));
#1887 = CARTESIAN_POINT('',(21.520726895997,25.434293956372,
    8.547020646847));
#1888 = CARTESIAN_POINT('',(21.520726895998,25.434293956377,
    11.674398957281));
#1889 = CARTESIAN_POINT('',(21.520726895999,25.434293956377,
    11.854756620868));
#1890 = CARTESIAN_POINT('',(22.134455134897,27.625000000005,
    5.239284672825));
#1891 = CARTESIAN_POINT('',(22.134455134897,27.625000000006,
    5.419642336412));
#1892 = CARTESIAN_POINT('',(22.134455134898,27.62500000001,
    8.547020646847));
#1893 = CARTESIAN_POINT('',(22.134455134899,27.625000000015,
    11.674398957281));
#1894 = CARTESIAN_POINT('',(22.1344551349,27.625000000015,
    11.854756620868));
#1895 = CARTESIAN_POINT('',(24.409505754302,27.625000000005,
    5.239284672825));
#1896 = CARTESIAN_POINT('',(24.409505754302,27.625000000006,
    5.419642336413));
#1897 = CARTESIAN_POINT('',(24.409505754303,27.62500000001,
    8.547020646847));
#1898 = CARTESIAN_POINT('',(24.409505754304,27.625000000015,
    11.674398957281));
#1899 = CARTESIAN_POINT('',(24.409505754305,27.625000000015,
    11.854756620868));
#1900 = ADVANCED_FACE('',(#1901),#1912,.T.);
#1901 = FACE_BOUND('',#1902,.T.);
#1902 = EDGE_LOOP('',(#1903,#1904,#1905,#1911));
#1903 = ORIENTED_EDGE('',*,*,#338,.T.);
#1904 = ORIENTED_EDGE('',*,*,#1840,.T.);
#1905 = ORIENTED_EDGE('',*,*,#1906,.F.);
#1906 = EDGE_CURVE('',#1246,#1814,#1907,.T.);
#1907 = ( BOUNDED_CURVE() B_SPLINE_CURVE(2,(#1908,#1909,#1910),
.UNSPECIFIED.,.F.,.F.) B_SPLINE_CURVE_WITH_KNOTS((3,3),(0.,
8.380815470613),.PIECEWISE_BEZIER_KNOTS.) CURVE() 
GEOMETRIC_REPRESENTATION_ITEM() RATIONAL_B_SPLINE_CURVE((1.,
0.852510209187,1.)) REPRESENTATION_ITEM('') );
#1908 = CARTESIAN_POINT('',(24.409505754304,28.608614835652,
    12.097041559161));
#1909 = CARTESIAN_POINT('',(24.409505754304,27.625000000014,
    11.596480800432));
#1910 = CARTESIAN_POINT('',(24.409505754304,27.625000000013,
    10.492823599094));
#1911 = ORIENTED_EDGE('',*,*,#1245,.F.);
#1912 = ( BOUNDED_SURFACE() B_SPLINE_SURFACE(2,11,(
    (#1913,#1914,#1915,#1916,#1917,#1918,#1919,#1920,#1921,#1922,#1923
      ,#1924,#1925,#1926,#1927,#1928,#1929,#1930,#1931,#1932,#1933,#1934
      ,#1935,#1936,#1937,#1938,#1939,#1940,#1941,#1942,#1943,#1944,#1945
      ,#1946,#1947,#1948,#1949,#1950,#1951,#1952,#1953,#1954)
    ,(#1955,#1956,#1957,#1958,#1959,#1960,#1961,#1962,#1963,#1964,#1965
      ,#1966,#1967,#1968,#1969,#1970,#1971,#1972,#1973,#1974,#1975,#1976
      ,#1977,#1978,#1979,#1980,#1981,#1982,#1983,#1984,#1985,#1986,#1987
      ,#1988,#1989,#1990,#1991,#1992,#1993,#1994,#1995,#1996)
    ,(#1997,#1998,#1999,#2000,#2001,#2002,#2003,#2004,#2005,#2006,#2007
      ,#2008,#2009,#2010,#2011,#2012,#2013,#2014,#2015,#2016,#2017,#2018
      ,#2019,#2020,#2021,#2022,#2023,#2024,#2025,#2026,#2027,#2028,#2029
      ,#2030,#2031,#2032,#2033,#2034,#2035,#2036,#2037,#2038
)),.UNSPECIFIED.,.F.,.F.,.F.) B_SPLINE_SURFACE_WITH_KNOTS((3,3),(12,10,
    10,10,12),(0.,8.380815470613),(-0.452735025006,-7.628751201123E-15,
    3.241943151882,4.188973150112,8.380815470613),.UNSPECIFIED.) 
GEOMETRIC_REPRESENTATION_ITEM() RATIONAL_B_SPLINE_SURFACE((
    (1.,1.,1.,1.,1.,1.,1.,1.,1.,1.,1.,1.,1.,1.,1.,1.,1.,1.,1.,1.,1.,1.
      ,1.,1.,1.,1.,1.,1.,1.,1.,1.,1.,1.,1.,1.,1.,1.,1.,1.,1.,1.,1.)
    ,(0.829156197588,0.829156197588,0.829156197588,0.829156197588
      ,0.829156197588,0.829156197588,0.829156197588,0.829156197588
      ,0.829156197588,0.829156197588,0.829156197588,0.829156197588
      ,0.829756876003,0.830951882186,0.832745039705,0.835127189047
      ,0.838078746705,0.84158196474,0.845626874944,0.850194901697
      ,0.855204127643,0.861918061525,0.863334967504,0.864682338439
      ,0.865983148877,0.86725100463,0.868490298322,0.86969743952
      ,0.870863159482,0.871975890482,0.873026219746,0.878377630803
      ,0.881454093895,0.882794650691,0.881729373603,0.878511216041
      ,0.872539335952,0.865594529944,0.859171703405,0.854683575178
      ,0.852510209187,0.852510209187)
    ,(1.,1.,1.,1.,1.,1.,1.,1.,1.,1.,1.,1.,1.,1.,1.,1.,1.,1.,1.,1.,1.,1.
      ,1.,1.,1.,1.,1.,1.,1.,1.,1.,1.,1.,1.,1.,1.,1.,1.,1.,1.,1.,1.
))) REPRESENTATION_ITEM('') SURFACE() );
#1913 = CARTESIAN_POINT('',(19.959786662042,24.625,5.099921516337));
#1914 = CARTESIAN_POINT('',(19.959786662042,24.625,5.14538319667));
#1915 = CARTESIAN_POINT('',(19.959786662042,24.625,5.190844877003));
#1916 = CARTESIAN_POINT('',(19.959786662043,24.625000000001,
    5.236306557336));
#1917 = CARTESIAN_POINT('',(19.959786662043,24.625000000001,
    5.281768237669));
#1918 = CARTESIAN_POINT('',(19.959786662043,24.625000000001,
    5.327229918002));
#1919 = CARTESIAN_POINT('',(19.959786662043,24.625000000001,
    5.372691598335));
#1920 = CARTESIAN_POINT('',(19.959786662043,24.625000000001,
    5.418153278668));
#1921 = CARTESIAN_POINT('',(19.959786662043,24.625000000001,
    5.463614959001));
#1922 = CARTESIAN_POINT('',(19.959786662042,24.625,5.509076639334));
#1923 = CARTESIAN_POINT('',(19.959786662042,24.625,5.554538319667));
#1924 = CARTESIAN_POINT('',(19.959786662041,24.624999999999,
    5.925541818256));
#1925 = CARTESIAN_POINT('',(19.964788187036,24.641001750416,
    6.25111600986));
#1926 = CARTESIAN_POINT('',(19.974734479094,24.67296733924,
    6.576157293407));
#1927 = CARTESIAN_POINT('',(19.98991146291,24.720981055867,
    6.900100105154));
#1928 = CARTESIAN_POINT('',(20.010756508523,24.785085551725,
    7.222243821159));
#1929 = CARTESIAN_POINT('',(20.037874219074,24.86525372256,
    7.541799146007));
#1930 = CARTESIAN_POINT('',(20.072164185433,24.96144587007,
    7.858023874206));
#1931 = CARTESIAN_POINT('',(20.11496565289,25.073701705278,
    8.170356231741));
#1932 = CARTESIAN_POINT('',(20.168124041261,25.202216750624,
    8.478454003626));
#1933 = CARTESIAN_POINT('',(20.233884263496,25.347352703063,
    8.782047654926));
#1934 = CARTESIAN_POINT('',(20.338069704713,25.556906610488,
    9.167703530005));
#1935 = CARTESIAN_POINT('',(20.363097990751,25.608195367287,
    9.25895646954));
#1936 = CARTESIAN_POINT('',(20.389463151763,25.661976490356,
    9.351163000471));
#1937 = CARTESIAN_POINT('',(20.417126954096,25.717444496012,
    9.442733586259));
#1938 = CARTESIAN_POINT('',(20.446111271094,25.774210577185,
    9.533039792903));
#1939 = CARTESIAN_POINT('',(20.476467834843,25.832138983674,
    9.621971947099));
#1940 = CARTESIAN_POINT('',(20.50825688871,25.891218716647,
    9.709615282287));
#1941 = CARTESIAN_POINT('',(20.541534742593,25.951470539751,
    9.796044573488));
#1942 = CARTESIAN_POINT('',(20.576350228793,26.012889304251,
    9.881237259951));
#1943 = CARTESIAN_POINT('',(20.61275006036,26.075421590492,9.96510505648
    ));
#1944 = CARTESIAN_POINT('',(20.819183093423,26.420301569439,
    10.41298671203));
#1945 = CARTESIAN_POINT('',(21.019744305638,26.721893022601,
    10.752022168262));
#1946 = CARTESIAN_POINT('',(21.25613850568,27.036370404701,
    11.058777312838));
#1947 = CARTESIAN_POINT('',(21.533386695233,27.357505069278,
    11.330810052027));
#1948 = CARTESIAN_POINT('',(21.85101774092,27.667328161813,
    11.55826986309));
#1949 = CARTESIAN_POINT('',(22.21124886098,27.958974208086,
    11.747574555353));
#1950 = CARTESIAN_POINT('',(22.612009857749,28.212998477118,
    11.891935845714));
#1951 = CARTESIAN_POINT('',(23.047518558154,28.412044810451,
    11.997031581951));
#1952 = CARTESIAN_POINT('',(23.502118020416,28.544611082414,
    12.064468873825));
#1953 = CARTESIAN_POINT('',(23.960589718206,28.608614835651,
    12.097041559161));
#1954 = CARTESIAN_POINT('',(24.409505754304,28.608614835652,
    12.097041559161));
#1955 = CARTESIAN_POINT('',(21.173346414478,24.625,5.099921516337));
#1956 = CARTESIAN_POINT('',(21.173346414478,24.625,5.147307134699));
#1957 = CARTESIAN_POINT('',(21.173346414478,24.625,5.194307965455));
#1958 = CARTESIAN_POINT('',(21.173346414478,24.625,5.240924008606));
#1959 = CARTESIAN_POINT('',(21.173346414478,24.625,5.287155264151));
#1960 = CARTESIAN_POINT('',(21.173346414478,24.625,5.33300173209));
#1961 = CARTESIAN_POINT('',(21.173346414478,24.625,5.378463412423));
#1962 = CARTESIAN_POINT('',(21.173346414478,24.625,5.42354030515));
#1963 = CARTESIAN_POINT('',(21.173346414478,24.625,5.468232410271));
#1964 = CARTESIAN_POINT('',(21.173346414478,24.625,5.512539727787));
#1965 = CARTESIAN_POINT('',(21.173346414478,24.625,5.556462257696));
#1966 = CARTESIAN_POINT('',(21.173346414478,24.625,5.91176489053));
#1967 = CARTESIAN_POINT('',(21.175365661092,24.639643541907,
    6.22312568988));
#1968 = CARTESIAN_POINT('',(21.179351820609,24.668807814054,
    6.533820479007));
#1969 = CARTESIAN_POINT('',(21.185584846642,24.712597421853,
    6.843714915992));
#1970 = CARTESIAN_POINT('',(21.194547306407,24.771128492263,
    7.152569773451));
#1971 = CARTESIAN_POINT('',(21.206931388409,24.844530688191,
    7.460049058813));
#1972 = CARTESIAN_POINT('',(21.223729491895,24.933029918445,
    7.765782575606));
#1973 = CARTESIAN_POINT('',(21.246355021959,25.036978692614,
    8.069346612465));
#1974 = CARTESIAN_POINT('',(21.27674307389,25.15671840863,8.37007759178)
  );
#1975 = CARTESIAN_POINT('',(21.317389332103,25.292187700969,
    8.666683203478));
#1976 = CARTESIAN_POINT('',(21.386931446473,25.485720606541,
    9.040706844803));
#1977 = CARTESIAN_POINT('',(21.403849062149,25.530646630155,
    9.124784403041));
#1978 = CARTESIAN_POINT('',(21.421976175093,25.576653473237,
    9.208097552006));
#1979 = CARTESIAN_POINT('',(21.441289594746,25.62355060414,
    9.290276137339));
#1980 = CARTESIAN_POINT('',(21.46180609771,25.671244259842,
    9.371197494648));
#1981 = CARTESIAN_POINT('',(21.483567451573,25.719685132025,
    9.450852964421));
#1982 = CARTESIAN_POINT('',(21.506628270118,25.76883183566,
    9.529256322166));
#1983 = CARTESIAN_POINT('',(21.531046454632,25.818629504412,
    9.606392921684));
#1984 = CARTESIAN_POINT('',(21.55687594299,25.869002873767,9.68220848617
    ));
#1985 = CARTESIAN_POINT('',(21.584161438626,25.919863215583,
    9.756636572757));
#1986 = CARTESIAN_POINT('',(21.73951815472,26.196661790385,
    10.150935463381));
#1987 = CARTESIAN_POINT('',(21.8954460825,26.430846594139,
    10.446058384311));
#1988 = CARTESIAN_POINT('',(22.084397576713,26.666648466197,
    10.711147501136));
#1989 = CARTESIAN_POINT('',(22.308722072262,26.89472053067,
    10.94308988509));
#1990 = CARTESIAN_POINT('',(22.567369949203,27.104079816266,
    11.136854699329));
#1991 = CARTESIAN_POINT('',(22.85294871291,27.279313723495,
    11.292707403814));
#1992 = CARTESIAN_POINT('',(23.152829977232,27.419657784677,
    11.416618015547));
#1993 = CARTESIAN_POINT('',(23.463688278607,27.523564100167,
    11.507633248026));
#1994 = CARTESIAN_POINT('',(23.780284215254,27.591816672638,
    11.56743404769));
#1995 = CARTESIAN_POINT('',(24.09741543469,27.625000000014,
    11.596480800432));
#1996 = CARTESIAN_POINT('',(24.409505754304,27.625000000014,
    11.596480800432));
#1997 = CARTESIAN_POINT('',(21.62843132164,25.750000000002,
    5.099921516337));
#1998 = CARTESIAN_POINT('',(21.62843132164,25.750000000002,
    5.154716512988));
#1999 = CARTESIAN_POINT('',(21.62843132164,25.750000000002,
    5.207644846376));
#2000 = CARTESIAN_POINT('',(21.62843132164,25.750000000003,5.2587065165)
  );
#2001 = CARTESIAN_POINT('',(21.62843132164,25.750000000003,5.30790152336
    ));
#2002 = CARTESIAN_POINT('',(21.62843132164,25.750000000003,
    5.355229866957));
#2003 = CARTESIAN_POINT('',(21.62843132164,25.750000000003,5.40069154729
    ));
#2004 = CARTESIAN_POINT('',(21.62843132164,25.750000000003,
    5.444286564359));
#2005 = CARTESIAN_POINT('',(21.62843132164,25.750000000003,
    5.486014918165));
#2006 = CARTESIAN_POINT('',(21.62843132164,25.750000000003,
    5.525876608707));
#2007 = CARTESIAN_POINT('',(21.62843132164,25.750000000002,
    5.563871635985));
#2008 = CARTESIAN_POINT('',(21.628431321638,25.750000000001,
    5.858707844185));
#2009 = CARTESIAN_POINT('',(21.631802976796,25.758315999549,
    6.117441357925));
#2010 = CARTESIAN_POINT('',(21.638510043817,25.774930822539,
    6.376442303414));
#2011 = CARTESIAN_POINT('',(21.648775963224,25.799989737233,
    6.635949530959));
#2012 = CARTESIAN_POINT('',(21.662962563911,25.83371280904,
    6.896148329903));
#2013 = CARTESIAN_POINT('',(21.681592003027,25.876413241546,
    7.157218220749));
#2014 = CARTESIAN_POINT('',(21.705445735246,25.928543706767,
    7.419359362749));
#2015 = CARTESIAN_POINT('',(21.735674309533,25.990692670316,
    7.682677752381));
#2016 = CARTESIAN_POINT('',(21.773851786889,26.063452711745,
    7.946809386771));
#2017 = CARTESIAN_POINT('',(21.821908577062,26.147082845637,
    8.210163567479));
#2018 = CARTESIAN_POINT('',(21.899394195711,26.268288682565,
    8.544178595848));
#2019 = CARTESIAN_POINT('',(21.917869264007,26.296466069749,
    8.617900686961));
#2020 = CARTESIAN_POINT('',(21.937274462177,26.325295983222,
    8.690027152093));
#2021 = CARTESIAN_POINT('',(21.957629118334,26.354727531216,
    8.760782262937));
#2022 = CARTESIAN_POINT('',(21.978976265399,26.384743998541,
    8.830347412049));
#2023 = CARTESIAN_POINT('',(22.001365499106,26.415334899013,
    8.898817851704));
#2024 = CARTESIAN_POINT('',(22.024841546982,26.446478033073,
    8.966187962032));
#2025 = CARTESIAN_POINT('',(22.049438550337,26.478131553032,
    9.032365049228));
#2026 = CARTESIAN_POINT('',(22.075180057055,26.510236033288,
    9.09721167295));
#2027 = CARTESIAN_POINT('',(22.102084727138,26.542726547879,
    9.16061650371));
#2028 = CARTESIAN_POINT('',(22.254525996945,26.720862360113,
    9.496923641448));
#2029 = CARTESIAN_POINT('',(22.402107337824,26.872718316657,
    9.742784940656));
#2030 = CARTESIAN_POINT('',(22.574990563489,27.026075581252,
    9.955298457542));
#2031 = CARTESIAN_POINT('',(22.77196485928,27.173382774428,
    10.128267662826));
#2032 = CARTESIAN_POINT('',(22.993785245653,27.307967697402,
    10.26157735621));
#2033 = CARTESIAN_POINT('',(23.22616142497,27.416402677663,
    10.350405380497));
#2034 = CARTESIAN_POINT('',(23.465370700472,27.502877186378,
    10.414745881114));
#2035 = CARTESIAN_POINT('',(23.704726119346,27.565074791642,
    10.455117055172));
#2036 = CARTESIAN_POINT('',(23.943520758544,27.605521311977,
    10.480637047177));
#2037 = CARTESIAN_POINT('',(24.178952899927,27.625000000012,
    10.492823599094));
#2038 = CARTESIAN_POINT('',(24.409505754304,27.625000000013,
    10.492823599094));
#2039 = ADVANCED_FACE('',(#2040),#2094,.T.);
#2040 = FACE_BOUND('',#2041,.T.);
#2041 = EDGE_LOOP('',(#2042,#2051,#2092,#2093));
#2042 = ORIENTED_EDGE('',*,*,#2043,.T.);
#2043 = EDGE_CURVE('',#1196,#2044,#2046,.T.);
#2044 = VERTEX_POINT('',#2045);
#2045 = CARTESIAN_POINT('',(13.690494245696,27.625000000013,
    10.492823599094));
#2046 = CIRCLE('',#2047,1.8);
#2047 = AXIS2_PLACEMENT_3D('',#2048,#2049,#2050);
#2048 = CARTESIAN_POINT('',(13.690494245696,29.425000000013,
    10.492823599091));
#2049 = DIRECTION('',(1.,0.,0.));
#2050 = DIRECTION('',(0.,-0.453547313534,0.891232200039));
#2051 = ORIENTED_EDGE('',*,*,#2052,.T.);
#2052 = EDGE_CURVE('',#2044,#370,#2053,.T.);
#2053 = B_SPLINE_CURVE_WITH_KNOTS('',10,(#2054,#2055,#2056,#2057,#2058,
    #2059,#2060,#2061,#2062,#2063,#2064,#2065,#2066,#2067,#2068,#2069,
    #2070,#2071,#2072,#2073,#2074,#2075,#2076,#2077,#2078,#2079,#2080,
    #2081,#2082,#2083,#2084,#2085,#2086,#2087,#2088,#2089,#2090,#2091),
  .UNSPECIFIED.,.F.,.F.,(11,9,9,9,11),(16.711803962007,20.903646282502,
    21.850676280734,25.09261943262,25.545354457577),.UNSPECIFIED.);
#2054 = CARTESIAN_POINT('',(13.690494245696,27.625000000013,
    10.492823599094));
#2055 = CARTESIAN_POINT('',(13.944102385512,27.625000000014,
    10.492823599094));
#2056 = CARTESIAN_POINT('',(14.203688432538,27.601153281198,
    10.477869058829));
#2057 = CARTESIAN_POINT('',(14.467026963235,27.551787156071,
    10.446968224252));
#2058 = CARTESIAN_POINT('',(14.730929172721,27.474170626731,
    10.395095713634));
#2059 = CARTESIAN_POINT('',(14.991690871722,27.369675298467,
    10.315537979674));
#2060 = CARTESIAN_POINT('',(15.245204226632,27.232229583321,
    10.193854973806));
#2061 = CARTESIAN_POINT('',(15.471744040885,27.071791402584,
    10.016099427829));
#2062 = CARTESIAN_POINT('',(15.667787863165,26.903314050001,
    9.791477081158));
#2063 = CARTESIAN_POINT('',(15.833031326362,26.735402105183,
    9.524374461494));
#2064 = CARTESIAN_POINT('',(16.000724937474,26.539443347009,
    9.154419054943));
#2065 = CARTESIAN_POINT('',(16.03017602639,26.503743424362,
    9.084495187393));
#2066 = CARTESIAN_POINT('',(16.058207667584,26.468524914244,
    9.012814167559));
#2067 = CARTESIAN_POINT('',(16.08484519676,26.433879101728,
    8.939548061473));
#2068 = CARTESIAN_POINT('',(16.1101249509,26.3998823081,8.864882742354)
  );
#2069 = CARTESIAN_POINT('',(16.134101496079,26.366579060299,
    8.788905368137));
#2070 = CARTESIAN_POINT('',(16.156843114883,26.333986094401,
    8.711549041412));
#2071 = CARTESIAN_POINT('',(16.178415554353,26.302117194613,
    8.632594652264));
#2072 = CARTESIAN_POINT('',(16.198854033564,26.271028866363,
    8.551729903541));
#2073 = CARTESIAN_POINT('',(16.28408821408,26.13770244574,8.184313372334
    ));
#2074 = CARTESIAN_POINT('',(16.335494879557,26.046952770862,
    7.894030723314));
#2075 = CARTESIAN_POINT('',(16.375137244573,25.969595132598,
    7.603420388278));
#2076 = CARTESIAN_POINT('',(16.405649704829,25.905085749177,
    7.314181633882));
#2077 = CARTESIAN_POINT('',(16.429039907131,25.852519485143,
    7.026415376459));
#2078 = CARTESIAN_POINT('',(16.446634470792,25.811144797775,
    6.73982787405));
#2079 = CARTESIAN_POINT('',(16.459255777296,25.780468381222,
    6.454162430535));
#2080 = CARTESIAN_POINT('',(16.467447766509,25.76016399944,
    6.169188631105));
#2081 = CARTESIAN_POINT('',(16.471568678361,25.750000000003,
    5.884578628603));
#2082 = CARTESIAN_POINT('',(16.47156867836,25.750000000002,
    5.560258799588));
#2083 = CARTESIAN_POINT('',(16.47156867836,25.750000000002,
    5.518236121854));
#2084 = CARTESIAN_POINT('',(16.47156867836,25.750000000002,
    5.473931966799));
#2085 = CARTESIAN_POINT('',(16.47156867836,25.750000000002,
    5.427346334421));
#2086 = CARTESIAN_POINT('',(16.47156867836,25.750000000002,
    5.378479224721));
#2087 = CARTESIAN_POINT('',(16.47156867836,25.750000000002,
    5.327330637699));
#2088 = CARTESIAN_POINT('',(16.47156867836,25.750000000002,
    5.273900573355));
#2089 = CARTESIAN_POINT('',(16.47156867836,25.750000000002,
    5.218189031689));
#2090 = CARTESIAN_POINT('',(16.47156867836,25.750000000002,
    5.160196012701));
#2091 = CARTESIAN_POINT('',(16.47156867836,25.750000000002,
    5.099921516392));
#2092 = ORIENTED_EDGE('',*,*,#369,.F.);
#2093 = ORIENTED_EDGE('',*,*,#1203,.F.);
#2094 = ( BOUNDED_SURFACE() B_SPLINE_SURFACE(2,10,(
    (#2095,#2096,#2097,#2098,#2099,#2100,#2101,#2102,#2103,#2104,#2105
      ,#2106,#2107,#2108,#2109,#2110,#2111,#2112,#2113,#2114,#2115,#2116
      ,#2117,#2118,#2119,#2120,#2121,#2122,#2123,#2124,#2125,#2126,#2127
      ,#2128,#2129,#2130,#2131,#2132)
    ,(#2133,#2134,#2135,#2136,#2137,#2138,#2139,#2140,#2141,#2142,#2143
      ,#2144,#2145,#2146,#2147,#2148,#2149,#2150,#2151,#2152,#2153,#2154
      ,#2155,#2156,#2157,#2158,#2159,#2160,#2161,#2162,#2163,#2164,#2165
      ,#2166,#2167,#2168,#2169,#2170)
    ,(#2171,#2172,#2173,#2174,#2175,#2176,#2177,#2178,#2179,#2180,#2181
      ,#2182,#2183,#2184,#2185,#2186,#2187,#2188,#2189,#2190,#2191,#2192
      ,#2193,#2194,#2195,#2196,#2197,#2198,#2199,#2200,#2201,#2202,#2203
      ,#2204,#2205,#2206,#2207,#2208
)),.UNSPECIFIED.,.F.,.F.,.F.) B_SPLINE_SURFACE_WITH_KNOTS((3,3),(11,9,9,
    9,11),(0.,8.380815470613),(16.711803962007,20.903646282502,
    21.850676280734,25.09261943262,25.545354457577),.UNSPECIFIED.) 
GEOMETRIC_REPRESENTATION_ITEM() RATIONAL_B_SPLINE_SURFACE((
    (1.,1.,1.,1.,1.,1.,1.,1.,1.,1.,1.,1.,1.,1.,1.,1.,1.,1.,1.,1.,1.,1.
      ,1.,1.,1.,1.,1.,1.,1.,1.,1.,1.,1.,1.,1.,1.,1.,1.)
    ,(0.852510209187,0.852510209187,0.855163400717,0.860697310313
      ,0.868315090271,0.876212106291,0.88107833242,0.883036428629
      ,0.882048559464,0.878814584448,0.872927693427,0.871764415588
      ,0.870525392992,0.869224773392,0.867878655646,0.866497627172
      ,0.865081382874,0.863615425595,0.86206984805,0.85468452078
      ,0.849197208568,0.844287999835,0.840035658971,0.836447986483
      ,0.833542232125,0.83134995297,0.829890360095,0.829156197588
      ,0.829156197588,0.829156197588,0.829156197588,0.829156197588
      ,0.829156197588,0.829156197588,0.829156197588,0.829156197588
      ,0.829156197588,0.829156197588)
    ,(1.,1.,1.,1.,1.,1.,1.,1.,1.,1.,1.,1.,1.,1.,1.,1.,1.,1.,1.,1.,1.,1.
      ,1.,1.,1.,1.,1.,1.,1.,1.,1.,1.,1.,1.,1.,1.,1.,1.
))) REPRESENTATION_ITEM('') SURFACE() );
#2095 = CARTESIAN_POINT('',(13.690494245696,28.608614835652,
    12.097041559161));
#2096 = CARTESIAN_POINT('',(14.184301885404,28.608614835653,
    12.097041559162));
#2097 = CARTESIAN_POINT('',(14.689771007727,28.530404231394,
    12.057274098159));
#2098 = CARTESIAN_POINT('',(15.188644924771,28.367528277136,
    11.974158451128));
#2099 = CARTESIAN_POINT('',(15.65869164143,28.125150952983,
    11.845833937793));
#2100 = CARTESIAN_POINT('',(16.080912249941,27.819579757729,
    11.663991473294));
#2101 = CARTESIAN_POINT('',(16.45025657713,27.485872535067,
    11.433616892347));
#2102 = CARTESIAN_POINT('',(16.770527584891,27.131713727852,
    11.148967435856));
#2103 = CARTESIAN_POINT('',(17.03939668939,26.782660113148,
    10.819214073916));
#2104 = CARTESIAN_POINT('',(17.263968166995,26.448448234744,
    10.449539499591));
#2105 = CARTESIAN_POINT('',(17.491055066808,26.069063594916,
    9.956848218275));
#2106 = CARTESIAN_POINT('',(17.530895848951,26.000400463692,
    9.864427607735));
#2107 = CARTESIAN_POINT('',(17.568806932192,25.933113483006,
    9.770389283718));
#2108 = CARTESIAN_POINT('',(17.604851163506,25.867270583111,
    9.674874393377));
#2109 = CARTESIAN_POINT('',(17.639099149229,25.802858866762,
    9.577879384807));
#2110 = CARTESIAN_POINT('',(17.67163433238,25.739838157567,
    9.479239641162));
#2111 = CARTESIAN_POINT('',(17.70253943524,25.678273423126,
    9.378876548374));
#2112 = CARTESIAN_POINT('',(17.731864268097,25.618546074401,
    9.277307997028));
#2113 = CARTESIAN_POINT('',(17.759574903292,25.561644139936,
    9.176422317871));
#2114 = CARTESIAN_POINT('',(17.874178888634,25.331134841768,
    8.752200855283));
#2115 = CARTESIAN_POINT('',(17.944697529868,25.173568285931,
    8.417621369927));
#2116 = CARTESIAN_POINT('',(18.000160653588,25.036251737519,
    8.077631804918));
#2117 = CARTESIAN_POINT('',(18.043650192246,24.918699660127,
    7.732533628094));
#2118 = CARTESIAN_POINT('',(18.077522104858,24.820715441211,
    7.382853744254));
#2119 = CARTESIAN_POINT('',(18.103309155381,24.742329684401,
    7.029511913463));
#2120 = CARTESIAN_POINT('',(18.121952455119,24.683620955871,
    6.673629440596));
#2121 = CARTESIAN_POINT('',(18.13410036297,24.644557694944,
    6.316231567587));
#2122 = CARTESIAN_POINT('',(18.140213337958,24.625,5.958096000082));
#2123 = CARTESIAN_POINT('',(18.140213337958,24.625,5.549992151639));
#2124 = CARTESIAN_POINT('',(18.140213337958,24.625,5.499984303278));
#2125 = CARTESIAN_POINT('',(18.140213337958,24.625,5.449976454917));
#2126 = CARTESIAN_POINT('',(18.140213337958,24.625,5.399968606557));
#2127 = CARTESIAN_POINT('',(18.140213337958,24.625,5.349960758196));
#2128 = CARTESIAN_POINT('',(18.140213337958,24.625,5.299952909835));
#2129 = CARTESIAN_POINT('',(18.140213337958,24.625,5.249945061474));
#2130 = CARTESIAN_POINT('',(18.140213337958,24.625,5.199937213113));
#2131 = CARTESIAN_POINT('',(18.140213337958,24.625,5.149929364752));
#2132 = CARTESIAN_POINT('',(18.140213337958,24.625,5.099921516392));
#2133 = CARTESIAN_POINT('',(13.690494245696,27.625000000014,
    11.596480800432));
#2134 = CARTESIAN_POINT('',(14.033793597272,27.625000000014,
    11.596480800432));
#2135 = CARTESIAN_POINT('',(14.383015500988,27.584442392176,
    11.560985570411));
#2136 = CARTESIAN_POINT('',(14.730928951369,27.501020860151,
    11.487831501289));
#2137 = CARTESIAN_POINT('',(15.069166754374,27.373121012904,
    11.376042021925));
#2138 = CARTESIAN_POINT('',(15.394534766505,27.20269447267,
    11.224334790507));
#2139 = CARTESIAN_POINT('',(15.69684612934,26.985408306879,
    11.031935387794));
#2140 = CARTESIAN_POINT('',(15.956649051943,26.737171698732,
    10.788425115235));
#2141 = CARTESIAN_POINT('',(16.17280498303,26.477801165888,
    10.504393191854));
#2142 = CARTESIAN_POINT('',(16.347885267845,26.219105112205,
    10.182905412678));
#2143 = CARTESIAN_POINT('',(16.518720277901,25.914729205972,
    9.749323159966));
#2144 = CARTESIAN_POINT('',(16.548556532576,25.858824111632,
    9.667268509016));
#2145 = CARTESIAN_POINT('',(16.576616196382,25.803530146371,
    9.583524286699));
#2146 = CARTESIAN_POINT('',(16.602963083083,25.7489708195,9.498193235332
    ));
#2147 = CARTESIAN_POINT('',(16.627675286987,25.695241775291,
    9.411339681963));
#2148 = CARTESIAN_POINT('',(16.650834605878,25.642404090793,
    9.322954417647));
#2149 = CARTESIAN_POINT('',(16.672511231182,25.590508256974,
    9.233005336041));
#2150 = CARTESIAN_POINT('',(16.692743035504,25.539650246559,
    9.141576093197));
#2151 = CARTESIAN_POINT('',(16.711508888323,25.490061092034,
    9.049095310758));
#2152 = CARTESIAN_POINT('',(16.788038243134,25.277082977519,8.6374916629
    ));
#2153 = CARTESIAN_POINT('',(16.83113387229,25.129797889438,
    8.310268250042));
#2154 = CARTESIAN_POINT('',(16.862135727718,25.001969103383,
    7.97847567351));
#2155 = CARTESIAN_POINT('',(16.884388412105,24.893436683195,
    7.643628420913));
#2156 = CARTESIAN_POINT('',(16.900333136913,24.80360088701,
    7.306410086927));
#2157 = CARTESIAN_POINT('',(16.911617577933,24.732025778822,
    6.967317846691));
#2158 = CARTESIAN_POINT('',(16.919323820516,24.678508139766,
    6.626839388218));
#2159 = CARTESIAN_POINT('',(16.9241860144,24.642894783573,6.285333788824
    ));
#2160 = CARTESIAN_POINT('',(16.926653585522,24.625,5.942941379583));
#2161 = CARTESIAN_POINT('',(16.926653585522,24.625,5.552108483471));
#2162 = CARTESIAN_POINT('',(16.926653585522,24.625,5.50374667098));
#2163 = CARTESIAN_POINT('',(16.926653585522,24.625,5.454914562526));
#2164 = CARTESIAN_POINT('',(16.926653585522,24.625,5.405612158109));
#2165 = CARTESIAN_POINT('',(16.926653585522,24.625,5.355839457729));
#2166 = CARTESIAN_POINT('',(16.926653585522,24.625,5.305596461387));
#2167 = CARTESIAN_POINT('',(16.926653585522,24.625,5.254883169082));
#2168 = CARTESIAN_POINT('',(16.926653585522,24.625,5.203699580815));
#2169 = CARTESIAN_POINT('',(16.926653585522,24.625,5.152045696584));
#2170 = CARTESIAN_POINT('',(16.926653585522,24.625,5.099921516392));
#2171 = CARTESIAN_POINT('',(13.690494245696,27.625000000013,
    10.492823599094));
#2172 = CARTESIAN_POINT('',(13.944102385512,27.625000000014,
    10.492823599094));
#2173 = CARTESIAN_POINT('',(14.203688432538,27.601153281198,
    10.477869058829));
#2174 = CARTESIAN_POINT('',(14.467026963235,27.551787156071,
    10.446968224252));
#2175 = CARTESIAN_POINT('',(14.730929172721,27.474170626731,
    10.395095713634));
#2176 = CARTESIAN_POINT('',(14.991690871722,27.369675298467,
    10.315537979674));
#2177 = CARTESIAN_POINT('',(15.245204226632,27.232229583321,
    10.193854973806));
#2178 = CARTESIAN_POINT('',(15.471744040885,27.071791402584,
    10.016099427829));
#2179 = CARTESIAN_POINT('',(15.667787863165,26.903314050001,
    9.791477081158));
#2180 = CARTESIAN_POINT('',(15.833031326362,26.735402105183,
    9.524374461494));
#2181 = CARTESIAN_POINT('',(16.000724937474,26.539443347009,
    9.154419054943));
#2182 = CARTESIAN_POINT('',(16.03017602639,26.503743424362,
    9.084495187393));
#2183 = CARTESIAN_POINT('',(16.058207667584,26.468524914244,
    9.012814167559));
#2184 = CARTESIAN_POINT('',(16.08484519676,26.433879101728,
    8.939548061473));
#2185 = CARTESIAN_POINT('',(16.1101249509,26.3998823081,8.864882742354)
  );
#2186 = CARTESIAN_POINT('',(16.134101496079,26.366579060299,
    8.788905368137));
#2187 = CARTESIAN_POINT('',(16.156843114883,26.333986094401,
    8.711549041412));
#2188 = CARTESIAN_POINT('',(16.178415554353,26.302117194613,
    8.632594652264));
#2189 = CARTESIAN_POINT('',(16.198854033564,26.271028866363,
    8.551729903541));
#2190 = CARTESIAN_POINT('',(16.28408821408,26.13770244574,8.184313372334
    ));
#2191 = CARTESIAN_POINT('',(16.335494879557,26.046952770862,
    7.894030723314));
#2192 = CARTESIAN_POINT('',(16.375137244573,25.969595132598,
    7.603420388278));
#2193 = CARTESIAN_POINT('',(16.405649704829,25.905085749177,
    7.314181633882));
#2194 = CARTESIAN_POINT('',(16.429039907131,25.852519485143,
    7.026415376459));
#2195 = CARTESIAN_POINT('',(16.446634470792,25.811144797775,
    6.73982787405));
#2196 = CARTESIAN_POINT('',(16.459255777296,25.780468381222,
    6.454162430535));
#2197 = CARTESIAN_POINT('',(16.467447766509,25.76016399944,
    6.169188631105));
#2198 = CARTESIAN_POINT('',(16.471568678361,25.750000000003,
    5.884578628603));
#2199 = CARTESIAN_POINT('',(16.47156867836,25.750000000002,
    5.560258799588));
#2200 = CARTESIAN_POINT('',(16.47156867836,25.750000000002,
    5.518236121854));
#2201 = CARTESIAN_POINT('',(16.47156867836,25.750000000002,
    5.473931966799));
#2202 = CARTESIAN_POINT('',(16.47156867836,25.750000000002,
    5.427346334421));
#2203 = CARTESIAN_POINT('',(16.47156867836,25.750000000002,
    5.378479224721));
#2204 = CARTESIAN_POINT('',(16.47156867836,25.750000000002,
    5.327330637699));
#2205 = CARTESIAN_POINT('',(16.47156867836,25.750000000002,
    5.273900573355));
#2206 = CARTESIAN_POINT('',(16.47156867836,25.750000000002,
    5.218189031689));
#2207 = CARTESIAN_POINT('',(16.47156867836,25.750000000002,
    5.160196012701));
#2208 = CARTESIAN_POINT('',(16.47156867836,25.750000000002,
    5.099921516392));
#2209 = ADVANCED_FACE('',(#2210),#2222,.F.);
#2210 = FACE_BOUND('',#2211,.F.);
#2211 = EDGE_LOOP('',(#2212,#2213,#2221));
#2212 = ORIENTED_EDGE('',*,*,#392,.T.);
#2213 = ORIENTED_EDGE('',*,*,#2214,.T.);
#2214 = EDGE_CURVE('',#393,#2044,#2215,.T.);
#2215 = B_SPLINE_CURVE_WITH_KNOTS('',2,(#2216,#2217,#2218,#2219,#2220),
  .UNSPECIFIED.,.F.,.F.,(3,1,1,3),(-0.360715327175,3.914323343985E-14,
    5.894041293693,6.254756620868),.UNSPECIFIED.);
#2216 = CARTESIAN_POINT('',(13.690494245698,27.625000000005,
    5.239284672825));
#2217 = CARTESIAN_POINT('',(13.690494245698,27.625000000006,
    5.419642336413));
#2218 = CARTESIAN_POINT('',(13.690494245697,27.62500000001,
    8.547020646847));
#2219 = CARTESIAN_POINT('',(13.690494245696,27.625000000015,
    11.674398957281));
#2220 = CARTESIAN_POINT('',(13.690494245696,27.625000000015,
    11.854756620868));
#2221 = ORIENTED_EDGE('',*,*,#2052,.T.);
#2222 = ( BOUNDED_SURFACE() B_SPLINE_SURFACE(2,2,(
    (#2223,#2224,#2225,#2226,#2227)
    ,(#2228,#2229,#2230,#2231,#2232)
    ,(#2233,#2234,#2235,#2236,#2237
)),.UNSPECIFIED.,.F.,.F.,.F.) B_SPLINE_SURFACE_WITH_KNOTS((3,3),(3,1,1,3
    ),(0.,5.894041293693),(-0.360715327175,3.914323343985E-14,
    5.894041293693,6.254756620868),.UNSPECIFIED.) 
GEOMETRIC_REPRESENTATION_ITEM() RATIONAL_B_SPLINE_SURFACE((
    (1.,1.,1.,1.,1.)
    ,(0.796795033908,0.796795033908,0.796795033908,0.796795033908
      ,0.796795033908)
,(1.,1.,1.,1.,1.))) REPRESENTATION_ITEM('') SURFACE() );
#2223 = CARTESIAN_POINT('',(16.579273104004,25.434293956367,
    5.239284672825));
#2224 = CARTESIAN_POINT('',(16.579273104004,25.434293956368,
    5.419642336413));
#2225 = CARTESIAN_POINT('',(16.579273104003,25.434293956372,
    8.547020646847));
#2226 = CARTESIAN_POINT('',(16.579273104002,25.434293956377,
    11.674398957281));
#2227 = CARTESIAN_POINT('',(16.579273104001,25.434293956377,
    11.854756620868));
#2228 = CARTESIAN_POINT('',(15.965544865103,27.625000000005,
    5.239284672825));
#2229 = CARTESIAN_POINT('',(15.965544865103,27.625000000006,
    5.419642336412));
#2230 = CARTESIAN_POINT('',(15.965544865102,27.62500000001,
    8.547020646847));
#2231 = CARTESIAN_POINT('',(15.965544865101,27.625000000015,
    11.674398957281));
#2232 = CARTESIAN_POINT('',(15.9655448651,27.625000000015,
    11.854756620868));
#2233 = CARTESIAN_POINT('',(13.690494245698,27.625000000005,
    5.239284672825));
#2234 = CARTESIAN_POINT('',(13.690494245698,27.625000000006,
    5.419642336413));
#2235 = CARTESIAN_POINT('',(13.690494245697,27.62500000001,
    8.547020646847));
#2236 = CARTESIAN_POINT('',(13.690494245696,27.625000000015,
    11.674398957281));
#2237 = CARTESIAN_POINT('',(13.690494245696,27.625000000015,
    11.854756620868));
#2238 = ADVANCED_FACE('',(#2239),#2259,.T.);
#2239 = FACE_BOUND('',#2240,.T.);
#2240 = EDGE_LOOP('',(#2241,#2242,#2250,#2258));
#2241 = ORIENTED_EDGE('',*,*,#2214,.T.);
#2242 = ORIENTED_EDGE('',*,*,#2243,.F.);
#2243 = EDGE_CURVE('',#2244,#2044,#2246,.T.);
#2244 = VERTEX_POINT('',#2245);
#2245 = CARTESIAN_POINT('',(5.359505754304,27.625000000013,
    10.492823599094));
#2246 = LINE('',#2247,#2248);
#2247 = CARTESIAN_POINT('',(5.359505754304,27.625000000013,
    10.492823599094));
#2248 = VECTOR('',#2249,1.);
#2249 = DIRECTION('',(1.,0.,0.));
#2250 = ORIENTED_EDGE('',*,*,#2251,.F.);
#2251 = EDGE_CURVE('',#420,#2244,#2252,.T.);
#2252 = B_SPLINE_CURVE_WITH_KNOTS('',2,(#2253,#2254,#2255,#2256,#2257),
  .UNSPECIFIED.,.F.,.F.,(3,1,1,3),(-0.360715327175,3.913265111261E-14,
    5.894041293693,6.254756620868),.UNSPECIFIED.);
#2253 = CARTESIAN_POINT('',(5.359505754302,27.625000000005,
    5.239284672825));
#2254 = CARTESIAN_POINT('',(5.359505754302,27.625000000006,
    5.419642336413));
#2255 = CARTESIAN_POINT('',(5.359505754303,27.62500000001,8.547020646847
    ));
#2256 = CARTESIAN_POINT('',(5.359505754304,27.625000000015,
    11.674398957281));
#2257 = CARTESIAN_POINT('',(5.359505754305,27.625000000015,
    11.854756620868));
#2258 = ORIENTED_EDGE('',*,*,#419,.F.);
#2259 = PLANE('',#2260);
#2260 = AXIS2_PLACEMENT_3D('',#2261,#2262,#2263);
#2261 = CARTESIAN_POINT('',(9.525,27.62500000001,8.547020646852));
#2262 = DIRECTION('',(0.,-1.,1.421300392664E-12));
#2263 = DIRECTION('',(0.,-1.421300392664E-12,-1.));
#2264 = ADVANCED_FACE('',(#2265),#2314,.T.);
#2265 = FACE_BOUND('',#2266,.T.);
#2266 = EDGE_LOOP('',(#2267,#2268,#2269));
#2267 = ORIENTED_EDGE('',*,*,#427,.T.);
#2268 = ORIENTED_EDGE('',*,*,#2251,.T.);
#2269 = ORIENTED_EDGE('',*,*,#2270,.F.);
#2270 = EDGE_CURVE('',#428,#2244,#2271,.T.);
#2271 = B_SPLINE_CURVE_WITH_KNOTS('',11,(#2272,#2273,#2274,#2275,#2276,
    #2277,#2278,#2279,#2280,#2281,#2282,#2283,#2284,#2285,#2286,#2287,
    #2288,#2289,#2290,#2291,#2292,#2293,#2294,#2295,#2296,#2297,#2298,
    #2299,#2300,#2301,#2302,#2303,#2304,#2305,#2306,#2307,#2308,#2309,
    #2310,#2311,#2312,#2313),.UNSPECIFIED.,.F.,.F.,(12,10,10,10,12),(
    -0.452735025005,-6.010160571792E-15,3.241943151882,4.18897315012,
    8.380815470613),.UNSPECIFIED.);
#2272 = CARTESIAN_POINT('',(2.57843132164,25.750000000002,5.099921516336
    ));
#2273 = CARTESIAN_POINT('',(2.57843132164,25.750000000002,5.154716512988
    ));
#2274 = CARTESIAN_POINT('',(2.57843132164,25.750000000002,5.207644846375
    ));
#2275 = CARTESIAN_POINT('',(2.57843132164,25.750000000001,5.258706516499
    ));
#2276 = CARTESIAN_POINT('',(2.57843132164,25.750000000001,5.30790152336)
  );
#2277 = CARTESIAN_POINT('',(2.57843132164,25.750000000001,5.355229866956
    ));
#2278 = CARTESIAN_POINT('',(2.57843132164,25.750000000001,5.40069154729)
  );
#2279 = CARTESIAN_POINT('',(2.57843132164,25.750000000001,5.444286564359
    ));
#2280 = CARTESIAN_POINT('',(2.57843132164,25.750000000002,5.486014918165
    ));
#2281 = CARTESIAN_POINT('',(2.57843132164,25.750000000002,5.525876608707
    ));
#2282 = CARTESIAN_POINT('',(2.57843132164,25.750000000002,5.563871635985
    ));
#2283 = CARTESIAN_POINT('',(2.57843132164,25.750000000004,5.858707844186
    ));
#2284 = CARTESIAN_POINT('',(2.58180297679,25.758315999535,6.117441357921
    ));
#2285 = CARTESIAN_POINT('',(2.588510043831,25.774930822572,
    6.376442303422));
#2286 = CARTESIAN_POINT('',(2.598775963202,25.799989737178,
    6.635949530944));
#2287 = CARTESIAN_POINT('',(2.612962563937,25.833712809109,
    6.896148329922));
#2288 = CARTESIAN_POINT('',(2.631592003002,25.876413241479,
    7.157218220731));
#2289 = CARTESIAN_POINT('',(2.655445735266,25.928543706817,
    7.419359362763));
#2290 = CARTESIAN_POINT('',(2.685674309522,25.990692670289,
    7.682677752374));
#2291 = CARTESIAN_POINT('',(2.723851786894,26.063452711756,
    7.946809386774));
#2292 = CARTESIAN_POINT('',(2.771908577061,26.147082845634,
    8.210163567478));
#2293 = CARTESIAN_POINT('',(2.849394195712,26.268288682566,
    8.544178595849));
#2294 = CARTESIAN_POINT('',(2.867869264005,26.296466069746,
    8.617900686961));
#2295 = CARTESIAN_POINT('',(2.887274462186,26.325295983233,
    8.690027152098));
#2296 = CARTESIAN_POINT('',(2.907629118319,26.354727531199,
    8.760782262933));
#2297 = CARTESIAN_POINT('',(2.928976265421,26.384743998565,
    8.830347412059));
#2298 = CARTESIAN_POINT('',(2.951365499087,26.415334898995,8.8988178517)
  );
#2299 = CARTESIAN_POINT('',(2.974841546997,26.446478033088,8.96618796204
    ));
#2300 = CARTESIAN_POINT('',(2.999438550332,26.478131553027,
    9.032365049229));
#2301 = CARTESIAN_POINT('',(3.025180057059,26.510236033293,
    9.097211672956));
#2302 = CARTESIAN_POINT('',(3.052084727139,26.542726547881,
    9.160616503715));
#2303 = CARTESIAN_POINT('',(3.204525996948,26.720862360118,
    9.496923641453));
#2304 = CARTESIAN_POINT('',(3.352107337826,26.87271831665,9.742784940656
    ));
#2305 = CARTESIAN_POINT('',(3.524990563497,27.02607558128,9.955298457557
    ));
#2306 = CARTESIAN_POINT('',(3.721964859265,27.173382774383,
    10.128267662799));
#2307 = CARTESIAN_POINT('',(3.943785245685,27.307967697464,
    10.261577356255));
#2308 = CARTESIAN_POINT('',(4.176161424944,27.416402677605,
    10.350405380451));
#2309 = CARTESIAN_POINT('',(4.415370700484,27.50287718642,
    10.414745881148));
#2310 = CARTESIAN_POINT('',(4.654726119356,27.565074791623,
    10.455117055159));
#2311 = CARTESIAN_POINT('',(4.893520758538,27.605521311984,
    10.480637047181));
#2312 = CARTESIAN_POINT('',(5.128952899929,27.625000000011,
    10.492823599093));
#2313 = CARTESIAN_POINT('',(5.359505754304,27.625000000013,
    10.492823599094));
#2314 = ( BOUNDED_SURFACE() B_SPLINE_SURFACE(2,2,(
    (#2315,#2316,#2317,#2318,#2319)
    ,(#2320,#2321,#2322,#2323,#2324)
    ,(#2325,#2326,#2327,#2328,#2329
)),.UNSPECIFIED.,.F.,.F.,.F.) B_SPLINE_SURFACE_WITH_KNOTS((3,3),(3,1,1,3
    ),(0.,5.894041293693),(-0.360715327175,3.913265111261E-14,
    5.894041293693,6.254756620868),.UNSPECIFIED.) 
GEOMETRIC_REPRESENTATION_ITEM() RATIONAL_B_SPLINE_SURFACE((
    (1.,1.,1.,1.,1.)
    ,(0.796795033908,0.796795033908,0.796795033908,0.796795033908
      ,0.796795033908)
,(1.,1.,1.,1.,1.))) REPRESENTATION_ITEM('') SURFACE() );
#2315 = CARTESIAN_POINT('',(2.470726895996,25.434293956367,
    5.239284672825));
#2316 = CARTESIAN_POINT('',(2.470726895996,25.434293956368,
    5.419642336413));
#2317 = CARTESIAN_POINT('',(2.470726895997,25.434293956372,
    8.547020646847));
#2318 = CARTESIAN_POINT('',(2.470726895998,25.434293956377,
    11.674398957281));
#2319 = CARTESIAN_POINT('',(2.470726895999,25.434293956377,
    11.854756620868));
#2320 = CARTESIAN_POINT('',(3.084455134897,27.625000000005,
    5.239284672825));
#2321 = CARTESIAN_POINT('',(3.084455134897,27.625000000006,
    5.419642336412));
#2322 = CARTESIAN_POINT('',(3.084455134898,27.62500000001,8.547020646847
    ));
#2323 = CARTESIAN_POINT('',(3.084455134899,27.625000000015,
    11.674398957281));
#2324 = CARTESIAN_POINT('',(3.0844551349,27.625000000015,11.854756620868
    ));
#2325 = CARTESIAN_POINT('',(5.359505754302,27.625000000005,
    5.239284672825));
#2326 = CARTESIAN_POINT('',(5.359505754302,27.625000000006,
    5.419642336413));
#2327 = CARTESIAN_POINT('',(5.359505754303,27.62500000001,8.547020646847
    ));
#2328 = CARTESIAN_POINT('',(5.359505754304,27.625000000015,
    11.674398957281));
#2329 = CARTESIAN_POINT('',(5.359505754305,27.625000000015,
    11.854756620868));
#2330 = ADVANCED_FACE('',(#2331),#2342,.T.);
#2331 = FACE_BOUND('',#2332,.T.);
#2332 = EDGE_LOOP('',(#2333,#2334,#2335,#2341));
#2333 = ORIENTED_EDGE('',*,*,#454,.T.);
#2334 = ORIENTED_EDGE('',*,*,#2270,.T.);
#2335 = ORIENTED_EDGE('',*,*,#2336,.F.);
#2336 = EDGE_CURVE('',#1149,#2244,#2337,.T.);
#2337 = ( BOUNDED_CURVE() B_SPLINE_CURVE(2,(#2338,#2339,#2340),
.UNSPECIFIED.,.F.,.F.) B_SPLINE_CURVE_WITH_KNOTS((3,3),(0.,
8.380815470613),.PIECEWISE_BEZIER_KNOTS.) CURVE() 
GEOMETRIC_REPRESENTATION_ITEM() RATIONAL_B_SPLINE_CURVE((1.,
0.852510209187,1.)) REPRESENTATION_ITEM('') );
#2338 = CARTESIAN_POINT('',(5.359505754304,28.608614835652,
    12.097041559161));
#2339 = CARTESIAN_POINT('',(5.359505754304,27.625000000014,
    11.596480800432));
#2340 = CARTESIAN_POINT('',(5.359505754304,27.625000000013,
    10.492823599094));
#2341 = ORIENTED_EDGE('',*,*,#1148,.F.);
#2342 = ( BOUNDED_SURFACE() B_SPLINE_SURFACE(2,11,(
    (#2343,#2344,#2345,#2346,#2347,#2348,#2349,#2350,#2351,#2352,#2353
      ,#2354,#2355,#2356,#2357,#2358,#2359,#2360,#2361,#2362,#2363,#2364
      ,#2365,#2366,#2367,#2368,#2369,#2370,#2371,#2372,#2373,#2374,#2375
      ,#2376,#2377,#2378,#2379,#2380,#2381,#2382,#2383,#2384)
    ,(#2385,#2386,#2387,#2388,#2389,#2390,#2391,#2392,#2393,#2394,#2395
      ,#2396,#2397,#2398,#2399,#2400,#2401,#2402,#2403,#2404,#2405,#2406
      ,#2407,#2408,#2409,#2410,#2411,#2412,#2413,#2414,#2415,#2416,#2417
      ,#2418,#2419,#2420,#2421,#2422,#2423,#2424,#2425,#2426)
    ,(#2427,#2428,#2429,#2430,#2431,#2432,#2433,#2434,#2435,#2436,#2437
      ,#2438,#2439,#2440,#2441,#2442,#2443,#2444,#2445,#2446,#2447,#2448
      ,#2449,#2450,#2451,#2452,#2453,#2454,#2455,#2456,#2457,#2458,#2459
      ,#2460,#2461,#2462,#2463,#2464,#2465,#2466,#2467,#2468
)),.UNSPECIFIED.,.F.,.F.,.F.) B_SPLINE_SURFACE_WITH_KNOTS((3,3),(12,10,
    10,10,12),(0.,8.380815470613),(-0.452735025005,-6.010160571792E-15,
    3.241943151882,4.18897315012,8.380815470613),.UNSPECIFIED.) 
GEOMETRIC_REPRESENTATION_ITEM() RATIONAL_B_SPLINE_SURFACE((
    (1.,1.,1.,1.,1.,1.,1.,1.,1.,1.,1.,1.,1.,1.,1.,1.,1.,1.,1.,1.,1.,1.
      ,1.,1.,1.,1.,1.,1.,1.,1.,1.,1.,1.,1.,1.,1.,1.,1.,1.,1.,1.,1.)
    ,(0.829156197588,0.829156197588,0.829156197588,0.829156197588
      ,0.829156197588,0.829156197588,0.829156197588,0.829156197588
      ,0.829156197588,0.829156197588,0.829156197588,0.829156197588
      ,0.829756876003,0.830951882186,0.832745039704,0.835127189048
      ,0.838078746704,0.84158196474,0.845626874943,0.850194901698
      ,0.855204127643,0.861918061525,0.863334967504,0.864682338439
      ,0.865983148876,0.867251004631,0.868490298321,0.869697439521
      ,0.870863159482,0.871975890482,0.873026219746,0.878377630803
      ,0.881454093895,0.882794650692,0.8817293736,0.878511216046
      ,0.872539335947,0.865594529947,0.859171703404,0.854683575179
      ,0.852510209187,0.852510209187)
    ,(1.,1.,1.,1.,1.,1.,1.,1.,1.,1.,1.,1.,1.,1.,1.,1.,1.,1.,1.,1.,1.,1.
      ,1.,1.,1.,1.,1.,1.,1.,1.,1.,1.,1.,1.,1.,1.,1.,1.,1.,1.,1.,1.
))) REPRESENTATION_ITEM('') SURFACE() );
#2343 = CARTESIAN_POINT('',(0.909786662042,24.625,5.099921516336));
#2344 = CARTESIAN_POINT('',(0.909786662042,24.625,5.145383196669));
#2345 = CARTESIAN_POINT('',(0.909786662042,24.625,5.190844877002));
#2346 = CARTESIAN_POINT('',(0.909786662042,24.624999999999,
    5.236306557335));
#2347 = CARTESIAN_POINT('',(0.909786662042,24.624999999999,
    5.281768237668));
#2348 = CARTESIAN_POINT('',(0.909786662042,24.624999999999,
    5.327229918002));
#2349 = CARTESIAN_POINT('',(0.909786662042,24.624999999999,
    5.372691598335));
#2350 = CARTESIAN_POINT('',(0.909786662042,24.624999999999,
    5.418153278668));
#2351 = CARTESIAN_POINT('',(0.909786662042,24.624999999999,
    5.463614959001));
#2352 = CARTESIAN_POINT('',(0.909786662042,24.625,5.509076639334));
#2353 = CARTESIAN_POINT('',(0.909786662042,24.625,5.554538319667));
#2354 = CARTESIAN_POINT('',(0.909786662042,24.625000000002,
    5.925541818257));
#2355 = CARTESIAN_POINT('',(0.914788187031,24.641001750402,
    6.251116009856));
#2356 = CARTESIAN_POINT('',(0.924734479106,24.672967339271,
    6.576157293417));
#2357 = CARTESIAN_POINT('',(0.939911462893,24.720981055814,
    6.900100105138));
#2358 = CARTESIAN_POINT('',(0.960756508544,24.785085551792,7.22224382118
    ));
#2359 = CARTESIAN_POINT('',(0.987874219054,24.865253722496,
    7.541799145987));
#2360 = CARTESIAN_POINT('',(1.022164185448,24.961445870118,
    7.858023874221));
#2361 = CARTESIAN_POINT('',(1.064965652881,25.073701705251,
    8.170356231733));
#2362 = CARTESIAN_POINT('',(1.118124041265,25.202216750635,8.47845400363
    ));
#2363 = CARTESIAN_POINT('',(1.183884263495,25.347352703061,
    8.782047654925));
#2364 = CARTESIAN_POINT('',(1.288069704713,25.556906610489,
    9.167703530006));
#2365 = CARTESIAN_POINT('',(1.313097990749,25.608195367284,9.25895646954
    ));
#2366 = CARTESIAN_POINT('',(1.339463151771,25.661976490367,
    9.351163000477));
#2367 = CARTESIAN_POINT('',(1.367126954082,25.717444495996,
    9.442733586255));
#2368 = CARTESIAN_POINT('',(1.396111271114,25.774210577208,
    9.533039792916));
#2369 = CARTESIAN_POINT('',(1.426467834826,25.832138983657,
    9.621971947095));
#2370 = CARTESIAN_POINT('',(1.458256888725,25.891218716663,
    9.709615282297));
#2371 = CARTESIAN_POINT('',(1.491534742589,25.951470539749,
    9.796044573491));
#2372 = CARTESIAN_POINT('',(1.526350228798,26.012889304258,
    9.881237259959));
#2373 = CARTESIAN_POINT('',(1.562750060362,26.075421590497,
    9.965105056487));
#2374 = CARTESIAN_POINT('',(1.769183093427,26.420301569446,
    10.412986712037));
#2375 = CARTESIAN_POINT('',(1.969744305645,26.721893022597,
    10.752022168262));
#2376 = CARTESIAN_POINT('',(2.206138505675,27.036370404728,
    11.058777312855));
#2377 = CARTESIAN_POINT('',(2.483386695261,27.35750506925,
    11.330810052009));
#2378 = CARTESIAN_POINT('',(2.801017740886,27.667328161845,
    11.55826986311));
#2379 = CARTESIAN_POINT('',(3.161248861018,27.958974208069,
    11.747574555342));
#2380 = CARTESIAN_POINT('',(3.562009857736,28.212998477134,
    11.891935845723));
#2381 = CARTESIAN_POINT('',(3.997518558157,28.412044810442,
    11.997031581945));
#2382 = CARTESIAN_POINT('',(4.452118020423,28.54461108242,
    12.064468873828));
#2383 = CARTESIAN_POINT('',(4.910589718207,28.60861483565,
    12.097041559161));
#2384 = CARTESIAN_POINT('',(5.359505754304,28.608614835652,
    12.097041559161));
#2385 = CARTESIAN_POINT('',(2.123346414478,24.625,5.099921516336));
#2386 = CARTESIAN_POINT('',(2.123346414478,24.625,5.147307134699));
#2387 = CARTESIAN_POINT('',(2.123346414478,24.625,5.194307965455));
#2388 = CARTESIAN_POINT('',(2.123346414478,24.625,5.240924008606));
#2389 = CARTESIAN_POINT('',(2.123346414478,24.625,5.287155264151));
#2390 = CARTESIAN_POINT('',(2.123346414478,24.625,5.33300173209));
#2391 = CARTESIAN_POINT('',(2.123346414478,24.625,5.378463412423));
#2392 = CARTESIAN_POINT('',(2.123346414478,24.625,5.42354030515));
#2393 = CARTESIAN_POINT('',(2.123346414478,24.625,5.468232410271));
#2394 = CARTESIAN_POINT('',(2.123346414478,24.625,5.512539727787));
#2395 = CARTESIAN_POINT('',(2.123346414478,24.625,5.556462257696));
#2396 = CARTESIAN_POINT('',(2.123346414478,24.625,5.91176489053));
#2397 = CARTESIAN_POINT('',(2.125365661092,24.639643541907,6.22312568988
    ));
#2398 = CARTESIAN_POINT('',(2.129351820609,24.668807814054,
    6.533820479007));
#2399 = CARTESIAN_POINT('',(2.135584846643,24.712597421854,
    6.843714915993));
#2400 = CARTESIAN_POINT('',(2.144547306406,24.771128492262,7.15256977345
    ));
#2401 = CARTESIAN_POINT('',(2.15693138841,24.844530688192,7.460049058815
    ));
#2402 = CARTESIAN_POINT('',(2.173729491894,24.933029918444,
    7.765782575605));
#2403 = CARTESIAN_POINT('',(2.19635502196,25.036978692614,8.069346612466
    ));
#2404 = CARTESIAN_POINT('',(2.226743073889,25.156718408629,
    8.370077591779));
#2405 = CARTESIAN_POINT('',(2.267389332103,25.292187700969,
    8.666683203478));
#2406 = CARTESIAN_POINT('',(2.336931446473,25.485720606541,
    9.040706844804));
#2407 = CARTESIAN_POINT('',(2.353849062149,25.530646630156,
    9.124784403043));
#2408 = CARTESIAN_POINT('',(2.371976175093,25.576653473238,
    9.208097552008));
#2409 = CARTESIAN_POINT('',(2.391289594747,25.623550604141,
    9.290276137341));
#2410 = CARTESIAN_POINT('',(2.41180609771,25.671244259844,9.371197494652
    ));
#2411 = CARTESIAN_POINT('',(2.433567451575,25.719685132027,
    9.450852964425));
#2412 = CARTESIAN_POINT('',(2.456628270118,25.768831835663,
    9.529256322171));
#2413 = CARTESIAN_POINT('',(2.481046454634,25.818629504415,
    9.606392921689));
#2414 = CARTESIAN_POINT('',(2.506875942992,25.869002873771,
    9.682208486175));
#2415 = CARTESIAN_POINT('',(2.534161438628,25.919863215587,
    9.756636572763));
#2416 = CARTESIAN_POINT('',(2.689518154723,26.196661790389,
    10.150935463387));
#2417 = CARTESIAN_POINT('',(2.845446082503,26.430846594143,
    10.446058384315));
#2418 = CARTESIAN_POINT('',(3.03439757672,26.666648466203,
    10.711147501141));
#2419 = CARTESIAN_POINT('',(3.258722072257,26.894720530665,
    10.943089885087));
#2420 = CARTESIAN_POINT('',(3.517369949215,27.104079816278,
    11.136854699335));
#2421 = CARTESIAN_POINT('',(3.802948712903,27.279313723485,
    11.292707403811));
#2422 = CARTESIAN_POINT('',(4.10282997724,27.419657784685,11.41661801555
    ));
#2423 = CARTESIAN_POINT('',(4.41368827861,27.523564100166,
    11.507633248025));
#2424 = CARTESIAN_POINT('',(4.730284215255,27.591816672639,
    11.567434047691));
#2425 = CARTESIAN_POINT('',(5.047415434691,27.625000000014,
    11.596480800432));
#2426 = CARTESIAN_POINT('',(5.359505754304,27.625000000014,
    11.596480800432));
#2427 = CARTESIAN_POINT('',(2.57843132164,25.750000000002,5.099921516336
    ));
#2428 = CARTESIAN_POINT('',(2.57843132164,25.750000000002,5.154716512988
    ));
#2429 = CARTESIAN_POINT('',(2.57843132164,25.750000000002,5.207644846375
    ));
#2430 = CARTESIAN_POINT('',(2.57843132164,25.750000000001,5.258706516499
    ));
#2431 = CARTESIAN_POINT('',(2.57843132164,25.750000000001,5.30790152336)
  );
#2432 = CARTESIAN_POINT('',(2.57843132164,25.750000000001,5.355229866956
    ));
#2433 = CARTESIAN_POINT('',(2.57843132164,25.750000000001,5.40069154729)
  );
#2434 = CARTESIAN_POINT('',(2.57843132164,25.750000000001,5.444286564359
    ));
#2435 = CARTESIAN_POINT('',(2.57843132164,25.750000000002,5.486014918165
    ));
#2436 = CARTESIAN_POINT('',(2.57843132164,25.750000000002,5.525876608707
    ));
#2437 = CARTESIAN_POINT('',(2.57843132164,25.750000000002,5.563871635985
    ));
#2438 = CARTESIAN_POINT('',(2.57843132164,25.750000000004,5.858707844186
    ));
#2439 = CARTESIAN_POINT('',(2.58180297679,25.758315999535,6.117441357921
    ));
#2440 = CARTESIAN_POINT('',(2.588510043831,25.774930822572,
    6.376442303422));
#2441 = CARTESIAN_POINT('',(2.598775963202,25.799989737178,
    6.635949530944));
#2442 = CARTESIAN_POINT('',(2.612962563937,25.833712809109,
    6.896148329922));
#2443 = CARTESIAN_POINT('',(2.631592003002,25.876413241479,
    7.157218220731));
#2444 = CARTESIAN_POINT('',(2.655445735266,25.928543706817,
    7.419359362763));
#2445 = CARTESIAN_POINT('',(2.685674309522,25.990692670289,
    7.682677752374));
#2446 = CARTESIAN_POINT('',(2.723851786894,26.063452711756,
    7.946809386774));
#2447 = CARTESIAN_POINT('',(2.771908577061,26.147082845634,
    8.210163567478));
#2448 = CARTESIAN_POINT('',(2.849394195712,26.268288682566,
    8.544178595849));
#2449 = CARTESIAN_POINT('',(2.867869264005,26.296466069746,
    8.617900686961));
#2450 = CARTESIAN_POINT('',(2.887274462186,26.325295983233,
    8.690027152098));
#2451 = CARTESIAN_POINT('',(2.907629118319,26.354727531199,
    8.760782262933));
#2452 = CARTESIAN_POINT('',(2.928976265421,26.384743998565,
    8.830347412059));
#2453 = CARTESIAN_POINT('',(2.951365499087,26.415334898995,8.8988178517)
  );
#2454 = CARTESIAN_POINT('',(2.974841546997,26.446478033088,8.96618796204
    ));
#2455 = CARTESIAN_POINT('',(2.999438550332,26.478131553027,
    9.032365049229));
#2456 = CARTESIAN_POINT('',(3.025180057059,26.510236033293,
    9.097211672956));
#2457 = CARTESIAN_POINT('',(3.052084727139,26.542726547881,
    9.160616503715));
#2458 = CARTESIAN_POINT('',(3.204525996948,26.720862360118,
    9.496923641453));
#2459 = CARTESIAN_POINT('',(3.352107337826,26.87271831665,9.742784940656
    ));
#2460 = CARTESIAN_POINT('',(3.524990563497,27.02607558128,9.955298457557
    ));
#2461 = CARTESIAN_POINT('',(3.721964859265,27.173382774383,
    10.128267662799));
#2462 = CARTESIAN_POINT('',(3.943785245685,27.307967697464,
    10.261577356255));
#2463 = CARTESIAN_POINT('',(4.176161424944,27.416402677605,
    10.350405380451));
#2464 = CARTESIAN_POINT('',(4.415370700484,27.50287718642,
    10.414745881148));
#2465 = CARTESIAN_POINT('',(4.654726119356,27.565074791623,
    10.455117055159));
#2466 = CARTESIAN_POINT('',(4.893520758538,27.605521311984,
    10.480637047181));
#2467 = CARTESIAN_POINT('',(5.128952899929,27.625000000011,
    10.492823599093));
#2468 = CARTESIAN_POINT('',(5.359505754304,27.625000000013,
    10.492823599094));
#2469 = ADVANCED_FACE('',(#2470),#2524,.T.);
#2470 = FACE_BOUND('',#2471,.T.);
#2471 = EDGE_LOOP('',(#2472,#2481,#2522,#2523));
#2472 = ORIENTED_EDGE('',*,*,#2473,.T.);
#2473 = EDGE_CURVE('',#1099,#2474,#2476,.T.);
#2474 = VERTEX_POINT('',#2475);
#2475 = CARTESIAN_POINT('',(-5.359505754304,27.625000000013,
    10.492823599094));
#2476 = CIRCLE('',#2477,1.8);
#2477 = AXIS2_PLACEMENT_3D('',#2478,#2479,#2480);
#2478 = CARTESIAN_POINT('',(-5.359505754304,29.425000000013,
    10.492823599091));
#2479 = DIRECTION('',(1.,0.,0.));
#2480 = DIRECTION('',(0.,-0.453547313534,0.891232200039));
#2481 = ORIENTED_EDGE('',*,*,#2482,.T.);
#2482 = EDGE_CURVE('',#2474,#486,#2483,.T.);
#2483 = B_SPLINE_CURVE_WITH_KNOTS('',10,(#2484,#2485,#2486,#2487,#2488,
    #2489,#2490,#2491,#2492,#2493,#2494,#2495,#2496,#2497,#2498,#2499,
    #2500,#2501,#2502,#2503,#2504,#2505,#2506,#2507,#2508,#2509,#2510,
    #2511,#2512,#2513,#2514,#2515,#2516,#2517,#2518,#2519,#2520,#2521),
  .UNSPECIFIED.,.F.,.F.,(11,9,9,9,11),(16.711803962007,20.903646282494,
    21.850676280737,25.09261943262,25.545354457622),.UNSPECIFIED.);
#2484 = CARTESIAN_POINT('',(-5.359505754304,27.625000000013,
    10.492823599094));
#2485 = CARTESIAN_POINT('',(-5.10589761449,27.625000000015,
    10.492823599095));
#2486 = CARTESIAN_POINT('',(-4.846311567465,27.601153281197,
    10.477869058829));
#2487 = CARTESIAN_POINT('',(-4.582973036765,27.551787156075,
    10.446968224254));
#2488 = CARTESIAN_POINT('',(-4.319070827286,27.474170626727,
    10.395095713627));
#2489 = CARTESIAN_POINT('',(-4.058309128286,27.369675298477,
    10.315537979692));
#2490 = CARTESIAN_POINT('',(-3.804795773365,27.232229583316,
    10.193854973788));
#2491 = CARTESIAN_POINT('',(-3.578255959128,27.071791402591,
    10.016099427848));
#2492 = CARTESIAN_POINT('',(-3.382212136837,26.903314050005,
    9.791477081161));
#2493 = CARTESIAN_POINT('',(-3.216968673643,26.735402105187,9.5243744615
    ));
#2494 = CARTESIAN_POINT('',(-3.049275062529,26.539443347014,
    9.154419054952));
#2495 = CARTESIAN_POINT('',(-3.019823973615,26.503743424361,
    9.084495187399));
#2496 = CARTESIAN_POINT('',(-2.991792332413,26.468524914257,
    9.012814167569));
#2497 = CARTESIAN_POINT('',(-2.96515480325,26.433879101718,
    8.939548061475));
#2498 = CARTESIAN_POINT('',(-2.939875049092,26.399882308116,
    8.864882742364));
#2499 = CARTESIAN_POINT('',(-2.91589850393,26.366579060291,
    8.788905368138));
#2500 = CARTESIAN_POINT('',(-2.893156885113,26.333986094407,
    8.711549041417));
#2501 = CARTESIAN_POINT('',(-2.871584445649,26.302117194612,
    8.632594652265));
#2502 = CARTESIAN_POINT('',(-2.851145966436,26.271028866363,
    8.551729903542));
#2503 = CARTESIAN_POINT('',(-2.76591178592,26.137702445741,
    8.184313372334));
#2504 = CARTESIAN_POINT('',(-2.714505120442,26.046952770857,
    7.894030723312));
#2505 = CARTESIAN_POINT('',(-2.67486275543,25.969595132609,
    7.603420388281));
#2506 = CARTESIAN_POINT('',(-2.644350295165,25.90508574916,
    7.314181633878));
#2507 = CARTESIAN_POINT('',(-2.620960092875,25.852519485161,
    7.026415376464));
#2508 = CARTESIAN_POINT('',(-2.603365529204,25.811144797761,
    6.739827874046));
#2509 = CARTESIAN_POINT('',(-2.590744222707,25.78046838123,
    6.454162430537));
#2510 = CARTESIAN_POINT('',(-2.58255223349,25.760163999436,
    6.169188631104));
#2511 = CARTESIAN_POINT('',(-2.57843132164,25.750000000003,
    5.884578628604));
#2512 = CARTESIAN_POINT('',(-2.57843132164,25.750000000002,
    5.560258799584));
#2513 = CARTESIAN_POINT('',(-2.57843132164,25.750000000002,
    5.518236121846));
#2514 = CARTESIAN_POINT('',(-2.57843132164,25.750000000002,
    5.473931966786));
#2515 = CARTESIAN_POINT('',(-2.57843132164,25.750000000002,
    5.427346334403));
#2516 = CARTESIAN_POINT('',(-2.57843132164,25.750000000002,
    5.378479224698));
#2517 = CARTESIAN_POINT('',(-2.57843132164,25.750000000002,
    5.327330637671));
#2518 = CARTESIAN_POINT('',(-2.57843132164,25.750000000002,
    5.273900573322));
#2519 = CARTESIAN_POINT('',(-2.57843132164,25.750000000002,
    5.218189031651));
#2520 = CARTESIAN_POINT('',(-2.57843132164,25.750000000002,
    5.160196012657));
#2521 = CARTESIAN_POINT('',(-2.57843132164,25.750000000002,
    5.099921516341));
#2522 = ORIENTED_EDGE('',*,*,#485,.F.);
#2523 = ORIENTED_EDGE('',*,*,#1106,.F.);
#2524 = ( BOUNDED_SURFACE() B_SPLINE_SURFACE(2,10,(
    (#2525,#2526,#2527,#2528,#2529,#2530,#2531,#2532,#2533,#2534,#2535
      ,#2536,#2537,#2538,#2539,#2540,#2541,#2542,#2543,#2544,#2545,#2546
      ,#2547,#2548,#2549,#2550,#2551,#2552,#2553,#2554,#2555,#2556,#2557
      ,#2558,#2559,#2560,#2561,#2562)
    ,(#2563,#2564,#2565,#2566,#2567,#2568,#2569,#2570,#2571,#2572,#2573
      ,#2574,#2575,#2576,#2577,#2578,#2579,#2580,#2581,#2582,#2583,#2584
      ,#2585,#2586,#2587,#2588,#2589,#2590,#2591,#2592,#2593,#2594,#2595
      ,#2596,#2597,#2598,#2599,#2600)
    ,(#2601,#2602,#2603,#2604,#2605,#2606,#2607,#2608,#2609,#2610,#2611
      ,#2612,#2613,#2614,#2615,#2616,#2617,#2618,#2619,#2620,#2621,#2622
      ,#2623,#2624,#2625,#2626,#2627,#2628,#2629,#2630,#2631,#2632,#2633
      ,#2634,#2635,#2636,#2637,#2638
)),.UNSPECIFIED.,.F.,.F.,.F.) B_SPLINE_SURFACE_WITH_KNOTS((3,3),(11,9,9,
    9,11),(0.,8.380815470613),(16.711803962007,20.903646282494,
    21.850676280737,25.09261943262,25.545354457622),.UNSPECIFIED.) 
GEOMETRIC_REPRESENTATION_ITEM() RATIONAL_B_SPLINE_SURFACE((
    (1.,1.,1.,1.,1.,1.,1.,1.,1.,1.,1.,1.,1.,1.,1.,1.,1.,1.,1.,1.,1.,1.
      ,1.,1.,1.,1.,1.,1.,1.,1.,1.,1.,1.,1.,1.,1.,1.,1.)
    ,(0.852510209187,0.852510209187,0.855163400717,0.860697310313
      ,0.868315090271,0.876212106291,0.881078332419,0.88303642863
      ,0.882048559463,0.878814584448,0.872927693427,0.871764415588
      ,0.870525392993,0.869224773392,0.867878655647,0.866497627172
      ,0.865081382874,0.863615425595,0.86206984805,0.85468452078
      ,0.849197208568,0.844287999835,0.840035658971,0.836447986483
      ,0.833542232125,0.83134995297,0.829890360095,0.829156197588
      ,0.829156197588,0.829156197588,0.829156197588,0.829156197588
      ,0.829156197588,0.829156197588,0.829156197588,0.829156197588
      ,0.829156197588,0.829156197588)
    ,(1.,1.,1.,1.,1.,1.,1.,1.,1.,1.,1.,1.,1.,1.,1.,1.,1.,1.,1.,1.,1.,1.
      ,1.,1.,1.,1.,1.,1.,1.,1.,1.,1.,1.,1.,1.,1.,1.,1.
))) REPRESENTATION_ITEM('') SURFACE() );
#2525 = CARTESIAN_POINT('',(-5.359505754304,28.608614835652,
    12.097041559161));
#2526 = CARTESIAN_POINT('',(-4.865698114598,28.608614835653,
    12.097041559162));
#2527 = CARTESIAN_POINT('',(-4.360228992272,28.530404231392,
    12.057274098158));
#2528 = CARTESIAN_POINT('',(-3.861355075246,28.367528277143,
    11.97415845113));
#2529 = CARTESIAN_POINT('',(-3.391308358557,28.12515095298,
    11.845833937797));
#2530 = CARTESIAN_POINT('',(-2.96908775009,27.819579757735,
    11.663991473287));
#2531 = CARTESIAN_POINT('',(-2.599743422863,27.485872535086,
    11.43361689237));
#2532 = CARTESIAN_POINT('',(-2.279472415122,27.131713727847,
    11.148967435848));
#2533 = CARTESIAN_POINT('',(-2.010603310615,26.782660113162,
    10.81921407393));
#2534 = CARTESIAN_POINT('',(-1.786031833012,26.448448234753,
    10.449539499602));
#2535 = CARTESIAN_POINT('',(-1.558944933196,26.069063594925,
    9.956848218286));
#2536 = CARTESIAN_POINT('',(-1.519104151056,26.000400463694,
    9.864427607743));
#2537 = CARTESIAN_POINT('',(-1.481193067806,25.933113483021,
    9.770389283731));
#2538 = CARTESIAN_POINT('',(-1.445148836505,25.867270583103,
    9.67487439338));
#2539 = CARTESIAN_POINT('',(-1.410900850764,25.80285886678,
    9.577879384819));
#2540 = CARTESIAN_POINT('',(-1.378365667629,25.739838157561,
    9.479239641164));
#2541 = CARTESIAN_POINT('',(-1.347460564757,25.678273423133,
    9.37887654838));
#2542 = CARTESIAN_POINT('',(-1.318135731905,25.618546074401,
    9.277307997031));
#2543 = CARTESIAN_POINT('',(-1.290425096708,25.561644139937,
    9.176422317872));
#2544 = CARTESIAN_POINT('',(-1.175821111367,25.331134841769,
    8.752200855283));
#2545 = CARTESIAN_POINT('',(-1.105302470131,25.173568285926,
    8.417621369925));
#2546 = CARTESIAN_POINT('',(-1.049839346414,25.03625173753,
    8.077631804921));
#2547 = CARTESIAN_POINT('',(-1.00634980775,24.918699660111,
    7.732533628089));
#2548 = CARTESIAN_POINT('',(-0.972477895146,24.820715441228,
    7.38285374426));
#2549 = CARTESIAN_POINT('',(-0.946690844616,24.742329684386,
    7.029511913459));
#2550 = CARTESIAN_POINT('',(-0.928047544883,24.68362095588,
    6.673629440599));
#2551 = CARTESIAN_POINT('',(-0.915899637029,24.644557694941,
    6.316231567585));
#2552 = CARTESIAN_POINT('',(-0.909786662042,24.625000000001,
    5.958096000083));
#2553 = CARTESIAN_POINT('',(-0.909786662042,24.625,5.549992151634));
#2554 = CARTESIAN_POINT('',(-0.909786662042,24.625,5.499984303268));
#2555 = CARTESIAN_POINT('',(-0.909786662042,24.625,5.449976454902));
#2556 = CARTESIAN_POINT('',(-0.909786662042,24.625,5.399968606536));
#2557 = CARTESIAN_POINT('',(-0.909786662042,24.625,5.34996075817));
#2558 = CARTESIAN_POINT('',(-0.909786662042,24.625,5.299952909805));
#2559 = CARTESIAN_POINT('',(-0.909786662042,24.625,5.249945061439));
#2560 = CARTESIAN_POINT('',(-0.909786662042,24.625,5.199937213073));
#2561 = CARTESIAN_POINT('',(-0.909786662042,24.625,5.149929364707));
#2562 = CARTESIAN_POINT('',(-0.909786662042,24.625,5.099921516341));
#2563 = CARTESIAN_POINT('',(-5.359505754304,27.625000000014,
    11.596480800432));
#2564 = CARTESIAN_POINT('',(-5.016206402729,27.625000000014,
    11.596480800432));
#2565 = CARTESIAN_POINT('',(-4.666984499013,27.584442392176,
    11.560985570411));
#2566 = CARTESIAN_POINT('',(-4.319071048639,27.501020860153,
    11.487831501292));
#2567 = CARTESIAN_POINT('',(-3.980833245622,27.373121012902,
    11.376042021923));
#2568 = CARTESIAN_POINT('',(-3.655465233512,27.202694472679,
    11.224334790515));
#2569 = CARTESIAN_POINT('',(-3.353153870659,26.985408306879,
    11.031935387795));
#2570 = CARTESIAN_POINT('',(-3.093350948065,26.737171698739,
    10.788425115241));
#2571 = CARTESIAN_POINT('',(-2.877195016976,26.477801165894,
    10.504393191862));
#2572 = CARTESIAN_POINT('',(-2.70211473216,26.219105112212,
    10.182905412687));
#2573 = CARTESIAN_POINT('',(-2.531279722102,25.914729205979,
    9.749323159975));
#2574 = CARTESIAN_POINT('',(-2.501443467427,25.858824111637,
    9.667268509024));
#2575 = CARTESIAN_POINT('',(-2.47338380362,25.803530146376,
    9.583524286707));
#2576 = CARTESIAN_POINT('',(-2.447036916919,25.748970819504,
    9.498193235339));
#2577 = CARTESIAN_POINT('',(-2.422324713014,25.695241775294,
    9.411339681969));
#2578 = CARTESIAN_POINT('',(-2.399165394123,25.642404090796,
    9.322954417652));
#2579 = CARTESIAN_POINT('',(-2.377488768819,25.590508256976,
    9.233005336045));
#2580 = CARTESIAN_POINT('',(-2.357256964496,25.53965024656,
    9.141576093199));
#2581 = CARTESIAN_POINT('',(-2.338491111677,25.490061092035,
    9.049095310759));
#2582 = CARTESIAN_POINT('',(-2.261961756866,25.277082977519,8.6374916629
    ));
#2583 = CARTESIAN_POINT('',(-2.21886612771,25.129797889438,
    8.310268250042));
#2584 = CARTESIAN_POINT('',(-2.187864272282,25.001969103383,
    7.97847567351));
#2585 = CARTESIAN_POINT('',(-2.165611587896,24.893436683196,
    7.643628420914));
#2586 = CARTESIAN_POINT('',(-2.149666863087,24.80360088701,
    7.306410086927));
#2587 = CARTESIAN_POINT('',(-2.138382422067,24.732025778823,
    6.967317846691));
#2588 = CARTESIAN_POINT('',(-2.130676179484,24.678508139766,
    6.626839388218));
#2589 = CARTESIAN_POINT('',(-2.1258139856,24.642894783573,6.285333788824
    ));
#2590 = CARTESIAN_POINT('',(-2.123346414478,24.625,5.942941379583));
#2591 = CARTESIAN_POINT('',(-2.123346414478,24.625,5.552108483466));
#2592 = CARTESIAN_POINT('',(-2.123346414478,24.625,5.50374667097));
#2593 = CARTESIAN_POINT('',(-2.123346414478,24.625,5.454914562511));
#2594 = CARTESIAN_POINT('',(-2.123346414478,24.625,5.405612158089));
#2595 = CARTESIAN_POINT('',(-2.123346414478,24.625,5.355839457705));
#2596 = CARTESIAN_POINT('',(-2.123346414478,24.625,5.305596461357));
#2597 = CARTESIAN_POINT('',(-2.123346414478,24.625,5.254883169047));
#2598 = CARTESIAN_POINT('',(-2.123346414478,24.625,5.203699580775));
#2599 = CARTESIAN_POINT('',(-2.123346414478,24.625,5.152045696539));
#2600 = CARTESIAN_POINT('',(-2.123346414478,24.625,5.099921516341));
#2601 = CARTESIAN_POINT('',(-5.359505754304,27.625000000013,
    10.492823599094));
#2602 = CARTESIAN_POINT('',(-5.10589761449,27.625000000015,
    10.492823599095));
#2603 = CARTESIAN_POINT('',(-4.846311567465,27.601153281197,
    10.477869058829));
#2604 = CARTESIAN_POINT('',(-4.582973036765,27.551787156075,
    10.446968224254));
#2605 = CARTESIAN_POINT('',(-4.319070827286,27.474170626727,
    10.395095713627));
#2606 = CARTESIAN_POINT('',(-4.058309128286,27.369675298477,
    10.315537979692));
#2607 = CARTESIAN_POINT('',(-3.804795773365,27.232229583316,
    10.193854973788));
#2608 = CARTESIAN_POINT('',(-3.578255959128,27.071791402591,
    10.016099427848));
#2609 = CARTESIAN_POINT('',(-3.382212136837,26.903314050005,
    9.791477081161));
#2610 = CARTESIAN_POINT('',(-3.216968673643,26.735402105187,9.5243744615
    ));
#2611 = CARTESIAN_POINT('',(-3.049275062529,26.539443347014,
    9.154419054952));
#2612 = CARTESIAN_POINT('',(-3.019823973615,26.503743424361,
    9.084495187399));
#2613 = CARTESIAN_POINT('',(-2.991792332413,26.468524914257,
    9.012814167569));
#2614 = CARTESIAN_POINT('',(-2.96515480325,26.433879101718,
    8.939548061475));
#2615 = CARTESIAN_POINT('',(-2.939875049092,26.399882308116,
    8.864882742364));
#2616 = CARTESIAN_POINT('',(-2.91589850393,26.366579060291,
    8.788905368138));
#2617 = CARTESIAN_POINT('',(-2.893156885113,26.333986094407,
    8.711549041417));
#2618 = CARTESIAN_POINT('',(-2.871584445649,26.302117194612,
    8.632594652265));
#2619 = CARTESIAN_POINT('',(-2.851145966436,26.271028866363,
    8.551729903542));
#2620 = CARTESIAN_POINT('',(-2.76591178592,26.137702445741,
    8.184313372334));
#2621 = CARTESIAN_POINT('',(-2.714505120442,26.046952770857,
    7.894030723312));
#2622 = CARTESIAN_POINT('',(-2.67486275543,25.969595132609,
    7.603420388281));
#2623 = CARTESIAN_POINT('',(-2.644350295165,25.90508574916,
    7.314181633878));
#2624 = CARTESIAN_POINT('',(-2.620960092875,25.852519485161,
    7.026415376464));
#2625 = CARTESIAN_POINT('',(-2.603365529204,25.811144797761,
    6.739827874046));
#2626 = CARTESIAN_POINT('',(-2.590744222707,25.78046838123,
    6.454162430537));
#2627 = CARTESIAN_POINT('',(-2.58255223349,25.760163999436,
    6.169188631104));
#2628 = CARTESIAN_POINT('',(-2.57843132164,25.750000000003,
    5.884578628604));
#2629 = CARTESIAN_POINT('',(-2.57843132164,25.750000000002,
    5.560258799584));
#2630 = CARTESIAN_POINT('',(-2.57843132164,25.750000000002,
    5.518236121846));
#2631 = CARTESIAN_POINT('',(-2.57843132164,25.750000000002,
    5.473931966786));
#2632 = CARTESIAN_POINT('',(-2.57843132164,25.750000000002,
    5.427346334403));
#2633 = CARTESIAN_POINT('',(-2.57843132164,25.750000000002,
    5.378479224698));
#2634 = CARTESIAN_POINT('',(-2.57843132164,25.750000000002,
    5.327330637671));
#2635 = CARTESIAN_POINT('',(-2.57843132164,25.750000000002,
    5.273900573322));
#2636 = CARTESIAN_POINT('',(-2.57843132164,25.750000000002,
    5.218189031651));
#2637 = CARTESIAN_POINT('',(-2.57843132164,25.750000000002,
    5.160196012657));
#2638 = CARTESIAN_POINT('',(-2.57843132164,25.750000000002,
    5.099921516341));
#2639 = ADVANCED_FACE('',(#2640),#2652,.F.);
#2640 = FACE_BOUND('',#2641,.F.);
#2641 = EDGE_LOOP('',(#2642,#2643,#2651));
#2642 = ORIENTED_EDGE('',*,*,#508,.T.);
#2643 = ORIENTED_EDGE('',*,*,#2644,.T.);
#2644 = EDGE_CURVE('',#509,#2474,#2645,.T.);
#2645 = B_SPLINE_CURVE_WITH_KNOTS('',2,(#2646,#2647,#2648,#2649,#2650),
  .UNSPECIFIED.,.F.,.F.,(3,1,1,3),(-0.360715327175,3.913621826626E-14,
    5.894041293693,6.254756620868),.UNSPECIFIED.);
#2646 = CARTESIAN_POINT('',(-5.359505754302,27.625000000005,
    5.239284672825));
#2647 = CARTESIAN_POINT('',(-5.359505754302,27.625000000006,
    5.419642336413));
#2648 = CARTESIAN_POINT('',(-5.359505754303,27.62500000001,
    8.547020646847));
#2649 = CARTESIAN_POINT('',(-5.359505754304,27.625000000015,
    11.674398957281));
#2650 = CARTESIAN_POINT('',(-5.359505754305,27.625000000015,
    11.854756620868));
#2651 = ORIENTED_EDGE('',*,*,#2482,.T.);
#2652 = ( BOUNDED_SURFACE() B_SPLINE_SURFACE(2,2,(
    (#2653,#2654,#2655,#2656,#2657)
    ,(#2658,#2659,#2660,#2661,#2662)
    ,(#2663,#2664,#2665,#2666,#2667
)),.UNSPECIFIED.,.F.,.F.,.F.) B_SPLINE_SURFACE_WITH_KNOTS((3,3),(3,1,1,3
    ),(0.,5.894041293693),(-0.360715327175,3.913621826626E-14,
    5.894041293693,6.254756620868),.UNSPECIFIED.) 
GEOMETRIC_REPRESENTATION_ITEM() RATIONAL_B_SPLINE_SURFACE((
    (1.,1.,1.,1.,1.)
    ,(0.796795033908,0.796795033908,0.796795033908,0.796795033908
      ,0.796795033908)
,(1.,1.,1.,1.,1.))) REPRESENTATION_ITEM('') SURFACE() );
#2653 = CARTESIAN_POINT('',(-2.470726895996,25.434293956367,
    5.239284672825));
#2654 = CARTESIAN_POINT('',(-2.470726895996,25.434293956368,
    5.419642336413));
#2655 = CARTESIAN_POINT('',(-2.470726895997,25.434293956372,
    8.547020646847));
#2656 = CARTESIAN_POINT('',(-2.470726895998,25.434293956377,
    11.674398957281));
#2657 = CARTESIAN_POINT('',(-2.470726895999,25.434293956377,
    11.854756620868));
#2658 = CARTESIAN_POINT('',(-3.084455134897,27.625000000005,
    5.239284672825));
#2659 = CARTESIAN_POINT('',(-3.084455134897,27.625000000006,
    5.419642336412));
#2660 = CARTESIAN_POINT('',(-3.084455134898,27.62500000001,
    8.547020646847));
#2661 = CARTESIAN_POINT('',(-3.084455134899,27.625000000015,
    11.674398957281));
#2662 = CARTESIAN_POINT('',(-3.0844551349,27.625000000015,
    11.854756620868));
#2663 = CARTESIAN_POINT('',(-5.359505754302,27.625000000005,
    5.239284672825));
#2664 = CARTESIAN_POINT('',(-5.359505754302,27.625000000006,
    5.419642336413));
#2665 = CARTESIAN_POINT('',(-5.359505754303,27.62500000001,
    8.547020646847));
#2666 = CARTESIAN_POINT('',(-5.359505754304,27.625000000015,
    11.674398957281));
#2667 = CARTESIAN_POINT('',(-5.359505754305,27.625000000015,
    11.854756620868));
#2668 = ADVANCED_FACE('',(#2669),#2689,.T.);
#2669 = FACE_BOUND('',#2670,.T.);
#2670 = EDGE_LOOP('',(#2671,#2672,#2680,#2688));
#2671 = ORIENTED_EDGE('',*,*,#2644,.T.);
#2672 = ORIENTED_EDGE('',*,*,#2673,.F.);
#2673 = EDGE_CURVE('',#2674,#2474,#2676,.T.);
#2674 = VERTEX_POINT('',#2675);
#2675 = CARTESIAN_POINT('',(-13.69049424569,27.625000000013,
    10.492823599094));
#2676 = LINE('',#2677,#2678);
#2677 = CARTESIAN_POINT('',(-13.69049424569,27.625000000013,
    10.492823599094));
#2678 = VECTOR('',#2679,1.);
#2679 = DIRECTION('',(1.,0.,0.));
#2680 = ORIENTED_EDGE('',*,*,#2681,.F.);
#2681 = EDGE_CURVE('',#536,#2674,#2682,.T.);
#2682 = B_SPLINE_CURVE_WITH_KNOTS('',2,(#2683,#2684,#2685,#2686,#2687),
  .UNSPECIFIED.,.F.,.F.,(3,1,1,3),(-0.360715327175,4.051641834535E-14,
    5.894041293693,6.254756620868),.UNSPECIFIED.);
#2683 = CARTESIAN_POINT('',(-13.69049424569,27.625000000005,
    5.239284672825));
#2684 = CARTESIAN_POINT('',(-13.69049424569,27.625000000006,
    5.419642336413));
#2685 = CARTESIAN_POINT('',(-13.69049424569,27.62500000001,
    8.547020646847));
#2686 = CARTESIAN_POINT('',(-13.69049424569,27.625000000015,
    11.674398957281));
#2687 = CARTESIAN_POINT('',(-13.69049424569,27.625000000015,
    11.854756620868));
#2688 = ORIENTED_EDGE('',*,*,#535,.F.);
#2689 = PLANE('',#2690);
#2690 = AXIS2_PLACEMENT_3D('',#2691,#2692,#2693);
#2691 = CARTESIAN_POINT('',(-9.525,27.62500000001,8.547020646852));
#2692 = DIRECTION('',(0.,-1.,1.421300392648E-12));
#2693 = DIRECTION('',(0.,-1.421300392648E-12,-1.));
#2694 = ADVANCED_FACE('',(#2695),#2744,.T.);
#2695 = FACE_BOUND('',#2696,.T.);
#2696 = EDGE_LOOP('',(#2697,#2698,#2699));
#2697 = ORIENTED_EDGE('',*,*,#543,.T.);
#2698 = ORIENTED_EDGE('',*,*,#2681,.T.);
#2699 = ORIENTED_EDGE('',*,*,#2700,.F.);
#2700 = EDGE_CURVE('',#544,#2674,#2701,.T.);
#2701 = B_SPLINE_CURVE_WITH_KNOTS('',11,(#2702,#2703,#2704,#2705,#2706,
    #2707,#2708,#2709,#2710,#2711,#2712,#2713,#2714,#2715,#2716,#2717,
    #2718,#2719,#2720,#2721,#2722,#2723,#2724,#2725,#2726,#2727,#2728,
    #2729,#2730,#2731,#2732,#2733,#2734,#2735,#2736,#2737,#2738,#2739,
    #2740,#2741,#2742,#2743),.UNSPECIFIED.,.F.,.F.,(12,10,10,10,12),(
    -0.452735025041,-8.643275903324E-15,3.241943151884,4.188973150123,
    8.380815470613),.UNSPECIFIED.);
#2702 = CARTESIAN_POINT('',(-16.47156867836,25.750000000002,
    5.099921516297));
#2703 = CARTESIAN_POINT('',(-16.47156867836,25.750000000002,
    5.154716512953));
#2704 = CARTESIAN_POINT('',(-16.47156867836,25.750000000002,
    5.207644846345));
#2705 = CARTESIAN_POINT('',(-16.47156867836,25.750000000002,
    5.258706516473));
#2706 = CARTESIAN_POINT('',(-16.47156867836,25.750000000002,
    5.307901523337));
#2707 = CARTESIAN_POINT('',(-16.47156867836,25.750000000003,
    5.355229866938));
#2708 = CARTESIAN_POINT('',(-16.47156867836,25.750000000003,
    5.400691547274));
#2709 = CARTESIAN_POINT('',(-16.47156867836,25.750000000003,
    5.444286564347));
#2710 = CARTESIAN_POINT('',(-16.47156867836,25.750000000003,
    5.486014918156));
#2711 = CARTESIAN_POINT('',(-16.47156867836,25.750000000002,
    5.525876608701));
#2712 = CARTESIAN_POINT('',(-16.47156867836,25.750000000002,
    5.563871635982));
#2713 = CARTESIAN_POINT('',(-16.47156867836,25.750000000001,
    5.858707844185));
#2714 = CARTESIAN_POINT('',(-16.46819702321,25.758315999546,
    6.117441357924));
#2715 = CARTESIAN_POINT('',(-16.46148995616,25.774930822545,
    6.376442303414));
#2716 = CARTESIAN_POINT('',(-16.4512240368,25.799989737222,
    6.635949530957));
#2717 = CARTESIAN_POINT('',(-16.43703743606,25.833712809056,
    6.896148329906));
#2718 = CARTESIAN_POINT('',(-16.41840799699,25.876413241529,
    7.157218220746));
#2719 = CARTESIAN_POINT('',(-16.39455426473,25.928543706781,
    7.419359362752));
#2720 = CARTESIAN_POINT('',(-16.36432569047,25.990692670307,
    7.682677752379));
#2721 = CARTESIAN_POINT('',(-16.3261482131,26.06345271175,7.946809386772
    ));
#2722 = CARTESIAN_POINT('',(-16.27809142293,26.147082845635,
    8.210163567478));
#2723 = CARTESIAN_POINT('',(-16.20060580428,26.268288682567,
    8.544178595849));
#2724 = CARTESIAN_POINT('',(-16.18213073599,26.296466069741,
    8.61790068696));
#2725 = CARTESIAN_POINT('',(-16.16272553782,26.325295983249,
    8.690027152103));
#2726 = CARTESIAN_POINT('',(-16.14237088166,26.354727531169,
    8.760782262924));
#2727 = CARTESIAN_POINT('',(-16.1210237346,26.384743998606,
    8.830347412073));
#2728 = CARTESIAN_POINT('',(-16.09863450089,26.415334898953,
    8.898817851687));
#2729 = CARTESIAN_POINT('',(-16.07515845301,26.44647803312,
    8.966187962052));
#2730 = CARTESIAN_POINT('',(-16.05056144965,26.47813155301,
    9.032365049225));
#2731 = CARTESIAN_POINT('',(-16.02481994294,26.510236033299,
    9.097211672959));
#2732 = CARTESIAN_POINT('',(-15.99791527286,26.542726547881,
    9.160616503716));
#2733 = CARTESIAN_POINT('',(-15.84547400305,26.720862360117,
    9.496923641453));
#2734 = CARTESIAN_POINT('',(-15.69789266216,26.872718316656,
    9.742784940658));
#2735 = CARTESIAN_POINT('',(-15.52500943651,27.026075581263,
    9.955298457549));
#2736 = CARTESIAN_POINT('',(-15.3280351407,27.173382774414,
    10.128267662819));
#2737 = CARTESIAN_POINT('',(-15.10621475435,27.307967697425,
    10.261577356227));
#2738 = CARTESIAN_POINT('',(-14.87383857501,27.416402677641,
    10.350405380478));
#2739 = CARTESIAN_POINT('',(-14.63462929954,27.502877186395,
    10.414745881129));
#2740 = CARTESIAN_POINT('',(-14.39527388063,27.565074791636,
    10.455117055168));
#2741 = CARTESIAN_POINT('',(-14.15647924146,27.605521311979,
    10.480637047178));
#2742 = CARTESIAN_POINT('',(-13.92104710007,27.625000000012,
    10.492823599094));
#2743 = CARTESIAN_POINT('',(-13.69049424569,27.625000000013,
    10.492823599094));
#2744 = ( BOUNDED_SURFACE() B_SPLINE_SURFACE(2,2,(
    (#2745,#2746,#2747,#2748,#2749)
    ,(#2750,#2751,#2752,#2753,#2754)
    ,(#2755,#2756,#2757,#2758,#2759
)),.UNSPECIFIED.,.F.,.F.,.F.) B_SPLINE_SURFACE_WITH_KNOTS((3,3),(3,1,1,3
    ),(0.,5.894041293693),(-0.360715327175,4.051641834535E-14,
    5.894041293693,6.254756620868),.UNSPECIFIED.) 
GEOMETRIC_REPRESENTATION_ITEM() RATIONAL_B_SPLINE_SURFACE((
    (1.,1.,1.,1.,1.)
    ,(0.796795033908,0.796795033908,0.796795033908,0.796795033908
      ,0.796795033908)
,(1.,1.,1.,1.,1.))) REPRESENTATION_ITEM('') SURFACE() );
#2745 = CARTESIAN_POINT('',(-16.579273104,25.434293956367,5.239284672825
    ));
#2746 = CARTESIAN_POINT('',(-16.579273104,25.434293956368,5.419642336413
    ));
#2747 = CARTESIAN_POINT('',(-16.579273104,25.434293956372,8.547020646847
    ));
#2748 = CARTESIAN_POINT('',(-16.579273104,25.434293956377,
    11.674398957281));
#2749 = CARTESIAN_POINT('',(-16.579273104,25.434293956377,
    11.854756620868));
#2750 = CARTESIAN_POINT('',(-15.9655448651,27.625000000005,
    5.239284672825));
#2751 = CARTESIAN_POINT('',(-15.9655448651,27.625000000006,
    5.419642336412));
#2752 = CARTESIAN_POINT('',(-15.9655448651,27.62500000001,8.547020646847
    ));
#2753 = CARTESIAN_POINT('',(-15.9655448651,27.625000000015,
    11.674398957281));
#2754 = CARTESIAN_POINT('',(-15.9655448651,27.625000000015,
    11.854756620868));
#2755 = CARTESIAN_POINT('',(-13.69049424569,27.625000000005,
    5.239284672825));
#2756 = CARTESIAN_POINT('',(-13.69049424569,27.625000000006,
    5.419642336413));
#2757 = CARTESIAN_POINT('',(-13.69049424569,27.62500000001,
    8.547020646847));
#2758 = CARTESIAN_POINT('',(-13.69049424569,27.625000000015,
    11.674398957281));
#2759 = CARTESIAN_POINT('',(-13.69049424569,27.625000000015,
    11.854756620868));
#2760 = ADVANCED_FACE('',(#2761),#2772,.T.);
#2761 = FACE_BOUND('',#2762,.T.);
#2762 = EDGE_LOOP('',(#2763,#2764,#2765,#2771));
#2763 = ORIENTED_EDGE('',*,*,#570,.T.);
#2764 = ORIENTED_EDGE('',*,*,#2700,.T.);
#2765 = ORIENTED_EDGE('',*,*,#2766,.F.);
#2766 = EDGE_CURVE('',#1052,#2674,#2767,.T.);
#2767 = ( BOUNDED_CURVE() B_SPLINE_CURVE(2,(#2768,#2769,#2770),
.UNSPECIFIED.,.F.,.F.) B_SPLINE_CURVE_WITH_KNOTS((3,3),(0.,
8.380815470613),.PIECEWISE_BEZIER_KNOTS.) CURVE() 
GEOMETRIC_REPRESENTATION_ITEM() RATIONAL_B_SPLINE_CURVE((1.,
0.852510209187,1.)) REPRESENTATION_ITEM('') );
#2768 = CARTESIAN_POINT('',(-13.69049424569,28.608614835652,
    12.097041559161));
#2769 = CARTESIAN_POINT('',(-13.69049424569,27.625000000014,
    11.596480800432));
#2770 = CARTESIAN_POINT('',(-13.69049424569,27.625000000013,
    10.492823599094));
#2771 = ORIENTED_EDGE('',*,*,#1051,.F.);
#2772 = ( BOUNDED_SURFACE() B_SPLINE_SURFACE(2,11,(
    (#2773,#2774,#2775,#2776,#2777,#2778,#2779,#2780,#2781,#2782,#2783
      ,#2784,#2785,#2786,#2787,#2788,#2789,#2790,#2791,#2792,#2793,#2794
      ,#2795,#2796,#2797,#2798,#2799,#2800,#2801,#2802,#2803,#2804,#2805
      ,#2806,#2807,#2808,#2809,#2810,#2811,#2812,#2813,#2814)
    ,(#2815,#2816,#2817,#2818,#2819,#2820,#2821,#2822,#2823,#2824,#2825
      ,#2826,#2827,#2828,#2829,#2830,#2831,#2832,#2833,#2834,#2835,#2836
      ,#2837,#2838,#2839,#2840,#2841,#2842,#2843,#2844,#2845,#2846,#2847
      ,#2848,#2849,#2850,#2851,#2852,#2853,#2854,#2855,#2856)
    ,(#2857,#2858,#2859,#2860,#2861,#2862,#2863,#2864,#2865,#2866,#2867
      ,#2868,#2869,#2870,#2871,#2872,#2873,#2874,#2875,#2876,#2877,#2878
      ,#2879,#2880,#2881,#2882,#2883,#2884,#2885,#2886,#2887,#2888,#2889
      ,#2890,#2891,#2892,#2893,#2894,#2895,#2896,#2897,#2898
)),.UNSPECIFIED.,.F.,.F.,.F.) B_SPLINE_SURFACE_WITH_KNOTS((3,3),(12,10,
    10,10,12),(0.,8.380815470613),(-0.452735025041,-8.643275903324E-15,
    3.241943151884,4.188973150123,8.380815470613),.UNSPECIFIED.) 
GEOMETRIC_REPRESENTATION_ITEM() RATIONAL_B_SPLINE_SURFACE((
    (1.,1.,1.,1.,1.,1.,1.,1.,1.,1.,1.,1.,1.,1.,1.,1.,1.,1.,1.,1.,1.,1.
      ,1.,1.,1.,1.,1.,1.,1.,1.,1.,1.,1.,1.,1.,1.,1.,1.,1.,1.,1.,1.)
    ,(0.829156197588,0.829156197588,0.829156197588,0.829156197588
      ,0.829156197588,0.829156197588,0.829156197588,0.829156197588
      ,0.829156197588,0.829156197588,0.829156197588,0.829156197588
      ,0.829756876003,0.830951882186,0.832745039705,0.835127189047
      ,0.838078746705,0.84158196474,0.845626874944,0.850194901697
      ,0.855204127643,0.861918061525,0.863334967504,0.864682338439
      ,0.865983148876,0.867251004631,0.868490298321,0.869697439521
      ,0.870863159482,0.871975890482,0.873026219746,0.878377630803
      ,0.881454093895,0.882794650691,0.881729373601,0.878511216044
      ,0.872539335948,0.865594529946,0.859171703404,0.854683575179
      ,0.852510209187,0.852510209187)
    ,(1.,1.,1.,1.,1.,1.,1.,1.,1.,1.,1.,1.,1.,1.,1.,1.,1.,1.,1.,1.,1.,1.
      ,1.,1.,1.,1.,1.,1.,1.,1.,1.,1.,1.,1.,1.,1.,1.,1.,1.,1.,1.,1.
))) REPRESENTATION_ITEM('') SURFACE() );
#2773 = CARTESIAN_POINT('',(-18.14021333795,24.625,5.099921516297));
#2774 = CARTESIAN_POINT('',(-18.14021333795,24.625,5.145383196634));
#2775 = CARTESIAN_POINT('',(-18.14021333795,24.625,5.190844876971));
#2776 = CARTESIAN_POINT('',(-18.14021333795,24.625,5.236306557307));
#2777 = CARTESIAN_POINT('',(-18.14021333795,24.625,5.281768237644));
#2778 = CARTESIAN_POINT('',(-18.14021333795,24.625,5.32722991798));
#2779 = CARTESIAN_POINT('',(-18.14021333795,24.625,5.372691598317));
#2780 = CARTESIAN_POINT('',(-18.14021333795,24.625,5.418153278654));
#2781 = CARTESIAN_POINT('',(-18.14021333795,24.625,5.46361495899));
#2782 = CARTESIAN_POINT('',(-18.14021333795,24.625,5.509076639327));
#2783 = CARTESIAN_POINT('',(-18.14021333795,24.625,5.554538319663));
#2784 = CARTESIAN_POINT('',(-18.14021333795,24.624999999999,
    5.925541818256));
#2785 = CARTESIAN_POINT('',(-18.13521181297,24.641001750414,
    6.25111600986));
#2786 = CARTESIAN_POINT('',(-18.12526552089,24.672967339245,
    6.576157293409));
#2787 = CARTESIAN_POINT('',(-18.11008853711,24.720981055857,
    6.900100105151));
#2788 = CARTESIAN_POINT('',(-18.08924349145,24.785085551739,
    7.222243821164));
#2789 = CARTESIAN_POINT('',(-18.06212578095,24.865253722546,
    7.541799146002));
#2790 = CARTESIAN_POINT('',(-18.02783581454,24.961445870083,
    7.85802387421));
#2791 = CARTESIAN_POINT('',(-17.98503434712,25.073701705269,
    8.170356231739));
#2792 = CARTESIAN_POINT('',(-17.93187595873,25.202216750629,
    8.478454003628));
#2793 = CARTESIAN_POINT('',(-17.8661157365,25.347352703061,
    8.782047654925));
#2794 = CARTESIAN_POINT('',(-17.76193029528,25.556906610489,
    9.167703530007));
#2795 = CARTESIAN_POINT('',(-17.73690200924,25.608195367279,
    9.258956469538));
#2796 = CARTESIAN_POINT('',(-17.71053684823,25.661976490382,
    9.351163000483));
#2797 = CARTESIAN_POINT('',(-17.68287304589,25.717444495967,
    9.442733586246));
#2798 = CARTESIAN_POINT('',(-17.65388872891,25.774210577249,
    9.53303979293));
#2799 = CARTESIAN_POINT('',(-17.62353216515,25.832138983617,
    9.621971947082));
#2800 = CARTESIAN_POINT('',(-17.59174311129,25.891218716695,
    9.709615282309));
#2801 = CARTESIAN_POINT('',(-17.5584652574,25.951470539733,
    9.796044573486));
#2802 = CARTESIAN_POINT('',(-17.5236497712,26.012889304265,
    9.881237259962));
#2803 = CARTESIAN_POINT('',(-17.48724993963,26.075421590497,
    9.965105056488));
#2804 = CARTESIAN_POINT('',(-17.28081690657,26.420301569447,
    10.412986712038));
#2805 = CARTESIAN_POINT('',(-17.08025569435,26.721893022603,
    10.752022168265));
#2806 = CARTESIAN_POINT('',(-16.84386149433,27.036370404712,
    11.058777312849));
#2807 = CARTESIAN_POINT('',(-16.56661330471,27.357505069279,
    11.330810052023));
#2808 = CARTESIAN_POINT('',(-16.24898225914,27.667328161812,
    11.558269863095));
#2809 = CARTESIAN_POINT('',(-15.88875113894,27.958974208099,
    11.747574555355));
#2810 = CARTESIAN_POINT('',(-15.48799014229,28.212998477113,
    11.891935845714));
#2811 = CARTESIAN_POINT('',(-15.05248144182,28.412044810453,
    11.99703158195));
#2812 = CARTESIAN_POINT('',(-14.59788197958,28.544611082416,
    12.064468873827));
#2813 = CARTESIAN_POINT('',(-14.13941028179,28.608614835651,
    12.097041559161));
#2814 = CARTESIAN_POINT('',(-13.69049424569,28.608614835652,
    12.097041559161));
#2815 = CARTESIAN_POINT('',(-16.92665358552,24.625,5.099921516297));
#2816 = CARTESIAN_POINT('',(-16.92665358552,24.625,5.147307134663));
#2817 = CARTESIAN_POINT('',(-16.92665358552,24.625,5.194307965424));
#2818 = CARTESIAN_POINT('',(-16.92665358552,24.625,5.240924008578));
#2819 = CARTESIAN_POINT('',(-16.92665358552,24.625,5.287155264126));
#2820 = CARTESIAN_POINT('',(-16.92665358552,24.625,5.333001732069));
#2821 = CARTESIAN_POINT('',(-16.92665358552,24.625,5.378463412406));
#2822 = CARTESIAN_POINT('',(-16.92665358552,24.625,5.423540305136));
#2823 = CARTESIAN_POINT('',(-16.92665358552,24.625,5.468232410261));
#2824 = CARTESIAN_POINT('',(-16.92665358552,24.625,5.51253972778));
#2825 = CARTESIAN_POINT('',(-16.92665358552,24.625,5.556462257693));
#2826 = CARTESIAN_POINT('',(-16.92665358552,24.625,5.91176489053));
#2827 = CARTESIAN_POINT('',(-16.9246343389,24.639643541907,6.22312568988
    ));
#2828 = CARTESIAN_POINT('',(-16.92064817939,24.668807814054,
    6.533820479006));
#2829 = CARTESIAN_POINT('',(-16.91441515335,24.712597421854,
    6.843714915993));
#2830 = CARTESIAN_POINT('',(-16.90545269359,24.771128492262,
    7.15256977345));
#2831 = CARTESIAN_POINT('',(-16.89306861158,24.844530688192,
    7.460049058814));
#2832 = CARTESIAN_POINT('',(-16.8762705081,24.933029918444,
    7.765782575605));
#2833 = CARTESIAN_POINT('',(-16.85364497804,25.036978692614,
    8.069346612465));
#2834 = CARTESIAN_POINT('',(-16.82325692611,25.156718408629,
    8.370077591779));
#2835 = CARTESIAN_POINT('',(-16.78261066789,25.292187700969,
    8.666683203478));
#2836 = CARTESIAN_POINT('',(-16.71306855352,25.485720606541,
    9.040706844804));
#2837 = CARTESIAN_POINT('',(-16.69615093785,25.530646630156,
    9.124784403043));
#2838 = CARTESIAN_POINT('',(-16.6780238249,25.576653473238,
    9.208097552008));
#2839 = CARTESIAN_POINT('',(-16.65871040525,25.623550604142,
    9.290276137342));
#2840 = CARTESIAN_POINT('',(-16.63819390229,25.671244259844,
    9.371197494653));
#2841 = CARTESIAN_POINT('',(-16.61643254842,25.719685132029,
    9.450852964426));
#2842 = CARTESIAN_POINT('',(-16.59337172988,25.768831835663,
    9.529256322172));
#2843 = CARTESIAN_POINT('',(-16.56895354536,25.818629504416,
    9.60639292169));
#2844 = CARTESIAN_POINT('',(-16.543124057,25.869002873772,9.682208486176
    ));
#2845 = CARTESIAN_POINT('',(-16.51583856137,25.919863215588,
    9.756636572764));
#2846 = CARTESIAN_POINT('',(-16.36048184527,26.19666179039,
    10.150935463388));
#2847 = CARTESIAN_POINT('',(-16.20455391749,26.430846594143,
    10.446058384316));
#2848 = CARTESIAN_POINT('',(-16.01560242327,26.666648466203,
    10.711147501142));
#2849 = CARTESIAN_POINT('',(-15.79127792774,26.894720530668,
    10.94308988509));
#2850 = CARTESIAN_POINT('',(-15.53263005078,27.104079816275,
    11.136854699332));
#2851 = CARTESIAN_POINT('',(-15.2470512871,27.279313723489,
    11.292707403815));
#2852 = CARTESIAN_POINT('',(-14.94717002276,27.419657784682,
    11.416618015547));
#2853 = CARTESIAN_POINT('',(-14.63631172139,27.523564100167,
    11.507633248027));
#2854 = CARTESIAN_POINT('',(-14.31971578474,27.591816672638,
    11.56743404769));
#2855 = CARTESIAN_POINT('',(-14.0025845653,27.625000000015,
    11.596480800432));
#2856 = CARTESIAN_POINT('',(-13.69049424569,27.625000000014,
    11.596480800432));
#2857 = CARTESIAN_POINT('',(-16.47156867836,25.750000000002,
    5.099921516297));
#2858 = CARTESIAN_POINT('',(-16.47156867836,25.750000000002,
    5.154716512953));
#2859 = CARTESIAN_POINT('',(-16.47156867836,25.750000000002,
    5.207644846345));
#2860 = CARTESIAN_POINT('',(-16.47156867836,25.750000000002,
    5.258706516473));
#2861 = CARTESIAN_POINT('',(-16.47156867836,25.750000000002,
    5.307901523337));
#2862 = CARTESIAN_POINT('',(-16.47156867836,25.750000000003,
    5.355229866938));
#2863 = CARTESIAN_POINT('',(-16.47156867836,25.750000000003,
    5.400691547274));
#2864 = CARTESIAN_POINT('',(-16.47156867836,25.750000000003,
    5.444286564347));
#2865 = CARTESIAN_POINT('',(-16.47156867836,25.750000000003,
    5.486014918156));
#2866 = CARTESIAN_POINT('',(-16.47156867836,25.750000000002,
    5.525876608701));
#2867 = CARTESIAN_POINT('',(-16.47156867836,25.750000000002,
    5.563871635982));
#2868 = CARTESIAN_POINT('',(-16.47156867836,25.750000000001,
    5.858707844185));
#2869 = CARTESIAN_POINT('',(-16.46819702321,25.758315999546,
    6.117441357924));
#2870 = CARTESIAN_POINT('',(-16.46148995616,25.774930822545,
    6.376442303414));
#2871 = CARTESIAN_POINT('',(-16.4512240368,25.799989737222,
    6.635949530957));
#2872 = CARTESIAN_POINT('',(-16.43703743606,25.833712809056,
    6.896148329906));
#2873 = CARTESIAN_POINT('',(-16.41840799699,25.876413241529,
    7.157218220746));
#2874 = CARTESIAN_POINT('',(-16.39455426473,25.928543706781,
    7.419359362752));
#2875 = CARTESIAN_POINT('',(-16.36432569047,25.990692670307,
    7.682677752379));
#2876 = CARTESIAN_POINT('',(-16.3261482131,26.06345271175,7.946809386772
    ));
#2877 = CARTESIAN_POINT('',(-16.27809142293,26.147082845635,
    8.210163567478));
#2878 = CARTESIAN_POINT('',(-16.20060580428,26.268288682567,
    8.544178595849));
#2879 = CARTESIAN_POINT('',(-16.18213073599,26.296466069741,
    8.61790068696));
#2880 = CARTESIAN_POINT('',(-16.16272553782,26.325295983249,
    8.690027152103));
#2881 = CARTESIAN_POINT('',(-16.14237088166,26.354727531169,
    8.760782262924));
#2882 = CARTESIAN_POINT('',(-16.1210237346,26.384743998606,
    8.830347412073));
#2883 = CARTESIAN_POINT('',(-16.09863450089,26.415334898953,
    8.898817851687));
#2884 = CARTESIAN_POINT('',(-16.07515845301,26.44647803312,
    8.966187962052));
#2885 = CARTESIAN_POINT('',(-16.05056144965,26.47813155301,
    9.032365049225));
#2886 = CARTESIAN_POINT('',(-16.02481994294,26.510236033299,
    9.097211672959));
#2887 = CARTESIAN_POINT('',(-15.99791527286,26.542726547881,
    9.160616503716));
#2888 = CARTESIAN_POINT('',(-15.84547400305,26.720862360117,
    9.496923641453));
#2889 = CARTESIAN_POINT('',(-15.69789266216,26.872718316656,
    9.742784940658));
#2890 = CARTESIAN_POINT('',(-15.52500943651,27.026075581263,
    9.955298457549));
#2891 = CARTESIAN_POINT('',(-15.3280351407,27.173382774414,
    10.128267662819));
#2892 = CARTESIAN_POINT('',(-15.10621475435,27.307967697425,
    10.261577356227));
#2893 = CARTESIAN_POINT('',(-14.87383857501,27.416402677641,
    10.350405380478));
#2894 = CARTESIAN_POINT('',(-14.63462929954,27.502877186395,
    10.414745881129));
#2895 = CARTESIAN_POINT('',(-14.39527388063,27.565074791636,
    10.455117055168));
#2896 = CARTESIAN_POINT('',(-14.15647924146,27.605521311979,
    10.480637047178));
#2897 = CARTESIAN_POINT('',(-13.92104710007,27.625000000012,
    10.492823599094));
#2898 = CARTESIAN_POINT('',(-13.69049424569,27.625000000013,
    10.492823599094));
#2899 = ADVANCED_FACE('',(#2900),#2952,.T.);
#2900 = FACE_BOUND('',#2901,.T.);
#2901 = EDGE_LOOP('',(#2902,#2909,#2950,#2951));
#2902 = ORIENTED_EDGE('',*,*,#2903,.T.);
#2903 = EDGE_CURVE('',#1369,#1025,#2904,.T.);
#2904 = CIRCLE('',#2905,1.8);
#2905 = AXIS2_PLACEMENT_3D('',#2906,#2907,#2908);
#2906 = CARTESIAN_POINT('',(-24.4095057543,29.425000000013,
    10.492823599091));
#2907 = DIRECTION('',(1.,0.,0.));
#2908 = DIRECTION('',(0.,-0.453547313534,0.891232200039));
#2909 = ORIENTED_EDGE('',*,*,#2910,.T.);
#2910 = EDGE_CURVE('',#1025,#602,#2911,.T.);
#2911 = B_SPLINE_CURVE_WITH_KNOTS('',10,(#2912,#2913,#2914,#2915,#2916,
    #2917,#2918,#2919,#2920,#2921,#2922,#2923,#2924,#2925,#2926,#2927,
    #2928,#2929,#2930,#2931,#2932,#2933,#2934,#2935,#2936,#2937,#2938,
    #2939,#2940,#2941,#2942,#2943,#2944,#2945,#2946,#2947,#2948,#2949),
  .UNSPECIFIED.,.F.,.F.,(11,9,9,9,11),(16.711803962007,20.901009447965,
    21.85067778457,25.092619432622,25.545354144202),.UNSPECIFIED.);
#2912 = CARTESIAN_POINT('',(-24.4095057543,27.625000000013,
    10.492823599094));
#2913 = CARTESIAN_POINT('',(-24.15605725414,27.625000000011,
    10.492823599093));
#2914 = CARTESIAN_POINT('',(-23.89663757736,27.601183357306,
    10.477887869474));
#2915 = CARTESIAN_POINT('',(-23.63347347788,27.551879992688,
    10.447026758159));
#2916 = CARTESIAN_POINT('',(-23.36972843911,27.474367015885,
    10.395225704781));
#2917 = CARTESIAN_POINT('',(-23.10913695933,27.370001638004,
    10.315788541456));
#2918 = CARTESIAN_POINT('',(-22.85574884723,27.232751526444,
    10.194314465631));
#2919 = CARTESIAN_POINT('',(-22.62925555995,27.07249578801,
    10.016881790442));
#2920 = CARTESIAN_POINT('',(-22.43319905611,26.904162866886,
    9.792607488055));
#2921 = CARTESIAN_POINT('',(-22.26790505786,26.736352980356,
    9.525886412176));
#2922 = CARTESIAN_POINT('',(-22.10001403642,26.540338818916,
    9.156172765092));
#2923 = CARTESIAN_POINT('',(-22.07044908954,26.504528505716,
    9.086092019642));
#2924 = CARTESIAN_POINT('',(-22.0423122111,26.469200847967,
    9.014242720632));
#2925 = CARTESIAN_POINT('',(-22.01557789791,26.43444795996,8.94079810046
    ));
#2926 = CARTESIAN_POINT('',(-21.99020952182,26.400346849134,
    8.865945134367));
#2927 = CARTESIAN_POINT('',(-21.96615210681,26.366942521733,
    8.789771498643));
#2928 = CARTESIAN_POINT('',(-21.94333689634,26.334252034134,
    8.712210187382));
#2929 = CARTESIAN_POINT('',(-21.92169771038,26.302289489216,
    8.633041787532));
#2930 = CARTESIAN_POINT('',(-21.90119909269,26.271111978312,
    8.551954412458));
#2931 = CARTESIAN_POINT('',(-21.81591265549,26.137703772109,
    8.184318413562));
#2932 = CARTESIAN_POINT('',(-21.76450534471,26.046953340104,
    7.894034224831));
#2933 = CARTESIAN_POINT('',(-21.72486270378,25.969595168004,
    7.603421475841));
#2934 = CARTESIAN_POINT('',(-21.69435030816,25.905085717115,
    7.314181691132));
#2935 = CARTESIAN_POINT('',(-21.67096014096,25.852519501657,
    7.026415313245));
#2936 = CARTESIAN_POINT('',(-21.65336550988,25.811144798681,
    6.739827867304));
#2937 = CARTESIAN_POINT('',(-21.6407441828,25.780468360969,
    6.454162424149));
#2938 = CARTESIAN_POINT('',(-21.63255226236,25.760164011521,
    6.169188637195));
#2939 = CARTESIAN_POINT('',(-21.62843132164,25.750000000003,
    5.884578628603));
#2940 = CARTESIAN_POINT('',(-21.62843132164,25.750000000002,
    5.560258808662));
#2941 = CARTESIAN_POINT('',(-21.62843132164,25.750000000002,
    5.518236140522));
#2942 = CARTESIAN_POINT('',(-21.62843132163,25.750000000002,
    5.473931995582));
#2943 = CARTESIAN_POINT('',(-21.62843132163,25.750000000002,
    5.42734637384));
#2944 = CARTESIAN_POINT('',(-21.62843132163,25.750000000002,
    5.378479275298));
#2945 = CARTESIAN_POINT('',(-21.62843132163,25.750000000002,
    5.327330699954));
#2946 = CARTESIAN_POINT('',(-21.62843132164,25.750000000002,
    5.273900647809));
#2947 = CARTESIAN_POINT('',(-21.62843132164,25.750000000002,
    5.218189118863));
#2948 = CARTESIAN_POINT('',(-21.62843132164,25.750000000002,
    5.160196113116));
#2949 = CARTESIAN_POINT('',(-21.62843132164,25.750000000002,
    5.099921630568));
#2950 = ORIENTED_EDGE('',*,*,#601,.F.);
#2951 = ORIENTED_EDGE('',*,*,#1376,.F.);
#2952 = ( BOUNDED_SURFACE() B_SPLINE_SURFACE(2,10,(
    (#2953,#2954,#2955,#2956,#2957,#2958,#2959,#2960,#2961,#2962,#2963
      ,#2964,#2965,#2966,#2967,#2968,#2969,#2970,#2971,#2972,#2973,#2974
      ,#2975,#2976,#2977,#2978,#2979,#2980,#2981,#2982,#2983,#2984,#2985
      ,#2986,#2987,#2988,#2989,#2990)
    ,(#2991,#2992,#2993,#2994,#2995,#2996,#2997,#2998,#2999,#3000,#3001
      ,#3002,#3003,#3004,#3005,#3006,#3007,#3008,#3009,#3010,#3011,#3012
      ,#3013,#3014,#3015,#3016,#3017,#3018,#3019,#3020,#3021,#3022,#3023
      ,#3024,#3025,#3026,#3027,#3028)
    ,(#3029,#3030,#3031,#3032,#3033,#3034,#3035,#3036,#3037,#3038,#3039
      ,#3040,#3041,#3042,#3043,#3044,#3045,#3046,#3047,#3048,#3049,#3050
      ,#3051,#3052,#3053,#3054,#3055,#3056,#3057,#3058,#3059,#3060,#3061
      ,#3062,#3063,#3064,#3065,#3066
)),.UNSPECIFIED.,.F.,.F.,.F.) B_SPLINE_SURFACE_WITH_KNOTS((3,3),(11,9,9,
    9,11),(0.,8.380815470615),(16.711803962007,20.901009447965,
    21.85067778457,25.092619432622,25.545354144202),.UNSPECIFIED.) 
GEOMETRIC_REPRESENTATION_ITEM() RATIONAL_B_SPLINE_SURFACE((
    (1.,1.,1.,1.,1.,1.,1.,1.,1.,1.,1.,1.,1.,1.,1.,1.,1.,1.,1.,1.,1.,1.
      ,1.,1.,1.,1.,1.,1.,1.,1.,1.,1.,1.,1.,1.,1.,1.,1.)
    ,(0.852510209187,0.852510209187,0.855160025487,0.860687088205
      ,0.868295319117,0.876188206132,0.881058983405,0.883028386418
      ,0.882053297258,0.878832881683,0.872956884019,0.871791976054
      ,0.870550742774,0.869247428036,0.86789822676,0.866513790524
      ,0.865093838403,0.863623872999,0.862074001703,0.854684752741
      ,0.849197321359,0.844288011465,0.840035661031,0.836447994826
      ,0.833542230091,0.831349945824,0.829890364805,0.829156197588
      ,0.829156197588,0.829156197588,0.829156197588,0.829156197588
      ,0.829156197588,0.829156197588,0.829156197588,0.829156197588
      ,0.829156197588,0.829156197588)
    ,(1.,1.,1.,1.,1.,1.,1.,1.,1.,1.,1.,1.,1.,1.,1.,1.,1.,1.,1.,1.,1.,1.
      ,1.,1.,1.,1.,1.,1.,1.,1.,1.,1.,1.,1.,1.,1.,1.,1.
))) REPRESENTATION_ITEM('') SURFACE() );
#2953 = CARTESIAN_POINT('',(-24.4095057543,28.608614835652,
    12.097041559161));
#2954 = CARTESIAN_POINT('',(-23.91600888407,28.60861483565,
    12.097041559161));
#2955 = CARTESIAN_POINT('',(-23.41086508276,28.530503188313,
    12.057324530967));
#2956 = CARTESIAN_POINT('',(-22.91229667519,28.367832442357,
    11.974312999869));
#2957 = CARTESIAN_POINT('',(-22.44249412898,28.1257700897,
    11.846163438439));
#2958 = CARTESIAN_POINT('',(-22.0204100169,27.820525168385,
    11.664552124492));
#2959 = CARTESIAN_POINT('',(-21.65114743099,27.487149844532,
    11.434498768578));
#2960 = CARTESIAN_POINT('',(-21.33087708345,27.133262487895,
    11.150213382802));
#2961 = CARTESIAN_POINT('',(-21.06195973063,26.784420920168,
    10.820875626326));
#2962 = CARTESIAN_POINT('',(-20.83730411386,26.450341046521,
    10.451632633112));
#2963 = CARTESIAN_POINT('',(-20.60994468561,26.070785697674,
    9.959165976517));
#2964 = CARTESIAN_POINT('',(-20.5699496047,26.001900905057,9.86652301238
    ));
#2965 = CARTESIAN_POINT('',(-20.53189632075,25.934398098835,
    9.772251684121));
#2966 = CARTESIAN_POINT('',(-20.49572145696,25.868346030494,
    9.676494139497));
#2967 = CARTESIAN_POINT('',(-20.46135382899,25.803732348954,
    9.579247483279));
#2968 = CARTESIAN_POINT('',(-20.42870936443,25.740517351823,
    9.480347168403));
#2969 = CARTESIAN_POINT('',(-20.39770471442,25.678766720978,
    9.379714634218));
#2970 = CARTESIAN_POINT('',(-20.36828955699,25.618863241849,
    9.277869191602));
#2971 = CARTESIAN_POINT('',(-20.34049759263,25.561797506951,
    9.176704155136));
#2972 = CARTESIAN_POINT('',(-20.22582204915,25.331134731728,
    8.752202066519));
#2973 = CARTESIAN_POINT('',(-20.1553025101,25.173566902117,
    8.417618697175));
#2974 = CARTESIAN_POINT('',(-20.09983914802,25.036250883328,
    8.077629125511));
#2975 = CARTESIAN_POINT('',(-20.05634978376,24.918699449287,
    7.73253224332));
#2976 = CARTESIAN_POINT('',(-20.02247795794,24.820715475365,
    7.38285340472));
#2977 = CARTESIAN_POINT('',(-19.99669083058,24.742329690877,
    7.029511948313));
#2978 = CARTESIAN_POINT('',(-19.97804749701,24.683620928279,
    6.673629456419));
#2979 = CARTESIAN_POINT('',(-19.96589966779,24.644557708062,
    6.316231547718));
#2980 = CARTESIAN_POINT('',(-19.95978666204,24.625,5.958096000082));
#2981 = CARTESIAN_POINT('',(-19.95978666204,24.625,5.549992163057));
#2982 = CARTESIAN_POINT('',(-19.95978666204,24.625,5.499984326114));
#2983 = CARTESIAN_POINT('',(-19.95978666204,24.625,5.44997648917));
#2984 = CARTESIAN_POINT('',(-19.95978666204,24.625,5.399968652227));
#2985 = CARTESIAN_POINT('',(-19.95978666204,24.625,5.349960815284));
#2986 = CARTESIAN_POINT('',(-19.95978666204,24.625,5.299952978341));
#2987 = CARTESIAN_POINT('',(-19.95978666204,24.625,5.249945141398));
#2988 = CARTESIAN_POINT('',(-19.95978666204,24.625,5.199937304454));
#2989 = CARTESIAN_POINT('',(-19.95978666204,24.625,5.149929467511));
#2990 = CARTESIAN_POINT('',(-19.95978666204,24.625,5.099921630568));
#2991 = CARTESIAN_POINT('',(-24.4095057543,27.625000000014,
    11.596480800432));
#2992 = CARTESIAN_POINT('',(-24.06642245515,27.625000000014,
    11.596480800432));
#2993 = CARTESIAN_POINT('',(-23.71742224753,27.584493421942,
    11.56103041593));
#2994 = CARTESIAN_POINT('',(-23.36972554906,27.501176433772,
    11.487966926963));
#2995 = CARTESIAN_POINT('',(-23.03167385611,27.373442630239,
    11.376325661496));
#2996 = CARTESIAN_POINT('',(-22.70648265573,27.203220806185,
    11.22479958082));
#2997 = CARTESIAN_POINT('',(-22.40428886519,26.986229853079,
    11.032666399403));
#2998 = CARTESIAN_POINT('',(-22.14449261764,26.73825874563,
    10.789489628623));
#2999 = CARTESIAN_POINT('',(-21.9282850215,26.479109335833,
    10.505825786129));
#3000 = CARTESIAN_POINT('',(-21.75311065107,26.220575566147,
    10.184732170249));
#3001 = CARTESIAN_POINT('',(-21.58202736041,25.916129467707,
    9.75137792819));
#3002 = CARTESIAN_POINT('',(-21.55206849945,25.860055036644,
    9.669131984661));
#3003 = CARTESIAN_POINT('',(-21.52389729298,25.804592984536,
    9.585185855832));
#3004 = CARTESIAN_POINT('',(-21.4974494948,25.749867952386,
    9.499643023855));
#3005 = CARTESIAN_POINT('',(-21.47264646317,25.695976533009,9.4125684229
    ));
#3006 = CARTESIAN_POINT('',(-21.44940581821,25.642980552312,
    9.323953119523));
#3007 = CARTESIAN_POINT('',(-21.42765681375,25.590931138773,
    9.233765099316));
#3008 = CARTESIAN_POINT('',(-21.40736110117,25.539925000798,
    9.142088447416));
#3009 = CARTESIAN_POINT('',(-21.38853946041,25.490194351609,
    9.04935347426));
#3010 = CARTESIAN_POINT('',(-21.31196213376,25.277084594112,
    8.637494791163));
#3011 = CARTESIAN_POINT('',(-21.26886607557,25.129798400654,
    8.310269787251));
#3012 = CARTESIAN_POINT('',(-21.23786419646,25.001969085182,
    7.978476029457));
#3013 = CARTESIAN_POINT('',(-21.21561163606,24.893436702937,
    7.643628460841));
#3014 = CARTESIAN_POINT('',(-21.1996669186,24.803600956499,
    7.306410121267));
#3015 = CARTESIAN_POINT('',(-21.18838239369,24.732025754787,
    6.967317826672));
#3016 = CARTESIAN_POINT('',(-21.18067613825,24.678508081286,
    6.62683933715));
#3017 = CARTESIAN_POINT('',(-21.17581401745,24.642894824495,
    6.285333825272));
#3018 = CARTESIAN_POINT('',(-21.17334641447,24.625,5.942941379583));
#3019 = CARTESIAN_POINT('',(-21.17334641447,24.625,5.552108494406));
#3020 = CARTESIAN_POINT('',(-21.17334641447,24.625,5.503746692956));
#3021 = CARTESIAN_POINT('',(-21.17334641447,24.625,5.454914595651));
#3022 = CARTESIAN_POINT('',(-21.17334641447,24.625,5.405612202491));
#3023 = CARTESIAN_POINT('',(-21.17334641447,24.625,5.355839513475));
#3024 = CARTESIAN_POINT('',(-21.17334641447,24.625,5.305596528604));
#3025 = CARTESIAN_POINT('',(-21.17334641447,24.625,5.254883247878));
#3026 = CARTESIAN_POINT('',(-21.17334641447,24.625,5.203699671297));
#3027 = CARTESIAN_POINT('',(-21.17334641447,24.625,5.15204579886));
#3028 = CARTESIAN_POINT('',(-21.17334641447,24.625,5.099921630568));
#3029 = CARTESIAN_POINT('',(-24.4095057543,27.625000000013,
    10.492823599094));
#3030 = CARTESIAN_POINT('',(-24.15605725414,27.625000000011,
    10.492823599093));
#3031 = CARTESIAN_POINT('',(-23.89663757736,27.601183357306,
    10.477887869474));
#3032 = CARTESIAN_POINT('',(-23.63347347788,27.551879992688,
    10.447026758159));
#3033 = CARTESIAN_POINT('',(-23.36972843911,27.474367015885,
    10.395225704781));
#3034 = CARTESIAN_POINT('',(-23.10913695933,27.370001638004,
    10.315788541456));
#3035 = CARTESIAN_POINT('',(-22.85574884723,27.232751526444,
    10.194314465631));
#3036 = CARTESIAN_POINT('',(-22.62925555995,27.07249578801,
    10.016881790442));
#3037 = CARTESIAN_POINT('',(-22.43319905611,26.904162866886,
    9.792607488055));
#3038 = CARTESIAN_POINT('',(-22.26790505786,26.736352980356,
    9.525886412176));
#3039 = CARTESIAN_POINT('',(-22.10001403642,26.540338818916,
    9.156172765092));
#3040 = CARTESIAN_POINT('',(-22.07044908954,26.504528505716,
    9.086092019642));
#3041 = CARTESIAN_POINT('',(-22.0423122111,26.469200847967,
    9.014242720632));
#3042 = CARTESIAN_POINT('',(-22.01557789791,26.43444795996,8.94079810046
    ));
#3043 = CARTESIAN_POINT('',(-21.99020952182,26.400346849134,
    8.865945134367));
#3044 = CARTESIAN_POINT('',(-21.96615210681,26.366942521733,
    8.789771498643));
#3045 = CARTESIAN_POINT('',(-21.94333689634,26.334252034134,
    8.712210187382));
#3046 = CARTESIAN_POINT('',(-21.92169771038,26.302289489216,
    8.633041787532));
#3047 = CARTESIAN_POINT('',(-21.90119909269,26.271111978312,
    8.551954412458));
#3048 = CARTESIAN_POINT('',(-21.81591265549,26.137703772109,
    8.184318413562));
#3049 = CARTESIAN_POINT('',(-21.76450534471,26.046953340104,
    7.894034224831));
#3050 = CARTESIAN_POINT('',(-21.72486270378,25.969595168004,
    7.603421475841));
#3051 = CARTESIAN_POINT('',(-21.69435030816,25.905085717115,
    7.314181691132));
#3052 = CARTESIAN_POINT('',(-21.67096014096,25.852519501657,
    7.026415313245));
#3053 = CARTESIAN_POINT('',(-21.65336550988,25.811144798681,
    6.739827867304));
#3054 = CARTESIAN_POINT('',(-21.6407441828,25.780468360969,
    6.454162424149));
#3055 = CARTESIAN_POINT('',(-21.63255226236,25.760164011521,
    6.169188637195));
#3056 = CARTESIAN_POINT('',(-21.62843132164,25.750000000003,
    5.884578628603));
#3057 = CARTESIAN_POINT('',(-21.62843132164,25.750000000002,
    5.560258808662));
#3058 = CARTESIAN_POINT('',(-21.62843132164,25.750000000002,
    5.518236140522));
#3059 = CARTESIAN_POINT('',(-21.62843132163,25.750000000002,
    5.473931995582));
#3060 = CARTESIAN_POINT('',(-21.62843132163,25.750000000002,
    5.42734637384));
#3061 = CARTESIAN_POINT('',(-21.62843132163,25.750000000002,
    5.378479275298));
#3062 = CARTESIAN_POINT('',(-21.62843132163,25.750000000002,
    5.327330699954));
#3063 = CARTESIAN_POINT('',(-21.62843132164,25.750000000002,
    5.273900647809));
#3064 = CARTESIAN_POINT('',(-21.62843132164,25.750000000002,
    5.218189118863));
#3065 = CARTESIAN_POINT('',(-21.62843132164,25.750000000002,
    5.160196113116));
#3066 = CARTESIAN_POINT('',(-21.62843132164,25.750000000002,
    5.099921630568));
#3067 = ADVANCED_FACE('',(#3068),#3073,.T.);
#3068 = FACE_BOUND('',#3069,.T.);
#3069 = EDGE_LOOP('',(#3070,#3071,#3072));
#3070 = ORIENTED_EDGE('',*,*,#624,.T.);
#3071 = ORIENTED_EDGE('',*,*,#2910,.F.);
#3072 = ORIENTED_EDGE('',*,*,#1024,.F.);
#3073 = ( BOUNDED_SURFACE() B_SPLINE_SURFACE(2,2,(
    (#3074,#3075,#3076,#3077,#3078)
    ,(#3079,#3080,#3081,#3082,#3083)
    ,(#3084,#3085,#3086,#3087,#3088
)),.UNSPECIFIED.,.F.,.F.,.F.) B_SPLINE_SURFACE_WITH_KNOTS((3,3),(3,1,1,3
    ),(0.,5.894041293693),(-0.360715327175,3.913265111261E-14,
    5.894041293693,6.254756620868),.UNSPECIFIED.) 
GEOMETRIC_REPRESENTATION_ITEM() RATIONAL_B_SPLINE_SURFACE((
    (1.,1.,1.,1.,1.)
    ,(0.796795033908,0.796795033908,0.796795033908,0.796795033908
      ,0.796795033908)
,(1.,1.,1.,1.,1.))) REPRESENTATION_ITEM('') SURFACE() );
#3074 = CARTESIAN_POINT('',(-24.4095057543,27.625000000005,
    5.239284672825));
#3075 = CARTESIAN_POINT('',(-24.4095057543,27.625000000006,
    5.419642336413));
#3076 = CARTESIAN_POINT('',(-24.4095057543,27.62500000001,8.547020646847
    ));
#3077 = CARTESIAN_POINT('',(-24.4095057543,27.625000000015,
    11.674398957281));
#3078 = CARTESIAN_POINT('',(-24.4095057543,27.625000000015,
    11.854756620868));
#3079 = CARTESIAN_POINT('',(-22.13445513489,27.625000000005,
    5.239284672825));
#3080 = CARTESIAN_POINT('',(-22.13445513489,27.625000000006,
    5.419642336412));
#3081 = CARTESIAN_POINT('',(-22.13445513489,27.62500000001,
    8.547020646847));
#3082 = CARTESIAN_POINT('',(-22.13445513489,27.625000000015,
    11.674398957281));
#3083 = CARTESIAN_POINT('',(-22.1344551349,27.625000000015,
    11.854756620868));
#3084 = CARTESIAN_POINT('',(-21.52072689599,25.434293956367,
    5.239284672825));
#3085 = CARTESIAN_POINT('',(-21.52072689599,25.434293956368,
    5.419642336413));
#3086 = CARTESIAN_POINT('',(-21.52072689599,25.434293956372,
    8.547020646847));
#3087 = CARTESIAN_POINT('',(-21.52072689599,25.434293956377,
    11.674398957281));
#3088 = CARTESIAN_POINT('',(-21.52072689599,25.434293956377,
    11.854756620868));
#3089 = ADVANCED_FACE('',(#3090),#3115,.T.);
#3090 = FACE_BOUND('',#3091,.T.);
#3091 = EDGE_LOOP('',(#3092,#3100,#3108,#3114));
#3092 = ORIENTED_EDGE('',*,*,#3093,.T.);
#3093 = EDGE_CURVE('',#660,#3094,#3096,.T.);
#3094 = VERTEX_POINT('',#3095);
#3095 = CARTESIAN_POINT('',(-34.975,46.1,8.6));
#3096 = LINE('',#3097,#3098);
#3097 = CARTESIAN_POINT('',(-34.975,46.1,5.6));
#3098 = VECTOR('',#3099,1.);
#3099 = DIRECTION('',(0.,0.,1.));
#3100 = ORIENTED_EDGE('',*,*,#3101,.T.);
#3101 = EDGE_CURVE('',#3094,#3102,#3104,.T.);
#3102 = VERTEX_POINT('',#3103);
#3103 = CARTESIAN_POINT('',(-38.19828045892,46.1,8.6));
#3104 = LINE('',#3105,#3106);
#3105 = CARTESIAN_POINT('',(-34.975,46.1,8.6));
#3106 = VECTOR('',#3107,1.);
#3107 = DIRECTION('',(-1.,0.,0.));
#3108 = ORIENTED_EDGE('',*,*,#3109,.F.);
#3109 = EDGE_CURVE('',#662,#3102,#3110,.T.);
#3110 = LINE('',#3111,#3112);
#3111 = CARTESIAN_POINT('',(-38.19828045892,46.1,5.6));
#3112 = VECTOR('',#3113,1.);
#3113 = DIRECTION('',(0.,0.,1.));
#3114 = ORIENTED_EDGE('',*,*,#659,.F.);
#3115 = PLANE('',#3116);
#3116 = AXIS2_PLACEMENT_3D('',#3117,#3118,#3119);
#3117 = CARTESIAN_POINT('',(-34.975,46.1,5.6));
#3118 = DIRECTION('',(-0.,-1.,-0.));
#3119 = DIRECTION('',(-1.,0.,0.));
#3120 = ADVANCED_FACE('',(#3121),#3190,.T.);
#3121 = FACE_BOUND('',#3122,.T.);
#3122 = EDGE_LOOP('',(#3123,#3133,#3139,#3140,#3141,#3184));
#3123 = ORIENTED_EDGE('',*,*,#3124,.F.);
#3124 = EDGE_CURVE('',#3125,#3127,#3129,.T.);
#3125 = VERTEX_POINT('',#3126);
#3126 = CARTESIAN_POINT('',(-38.19828045892,30.376092303283,
    10.349092663524));
#3127 = VERTEX_POINT('',#3128);
#3128 = CARTESIAN_POINT('',(-38.19828045892,48.866,12.619367861201));
#3129 = LINE('',#3130,#3131);
#3130 = CARTESIAN_POINT('',(-38.19828045892,30.376092303283,
    10.349092663524));
#3131 = VECTOR('',#3132,1.);
#3132 = DIRECTION('',(0.,0.992546151641,0.121869343405));
#3133 = ORIENTED_EDGE('',*,*,#3134,.T.);
#3134 = EDGE_CURVE('',#3125,#670,#3135,.T.);
#3135 = LINE('',#3136,#3137);
#3136 = CARTESIAN_POINT('',(-38.19828045892,30.376092303283,
    10.349092663524));
#3137 = VECTOR('',#3138,1.);
#3138 = DIRECTION('',(0.,0.,-1.));
#3139 = ORIENTED_EDGE('',*,*,#669,.T.);
#3140 = ORIENTED_EDGE('',*,*,#3109,.T.);
#3141 = ORIENTED_EDGE('',*,*,#3142,.T.);
#3142 = EDGE_CURVE('',#3102,#3143,#3145,.T.);
#3143 = VERTEX_POINT('',#3144);
#3144 = CARTESIAN_POINT('',(-38.19828045892,48.866,11.524599022842));
#3145 = B_SPLINE_CURVE_WITH_KNOTS('',7,(#3146,#3147,#3148,#3149,#3150,
    #3151,#3152,#3153,#3154,#3155,#3156,#3157,#3158,#3159,#3160,#3161,
    #3162,#3163,#3164,#3165,#3166,#3167,#3168,#3169,#3170,#3171,#3172,
    #3173,#3174,#3175,#3176,#3177,#3178,#3179,#3180,#3181,#3182,#3183),
  .UNSPECIFIED.,.F.,.F.,(8,6,6,6,6,6,8),(0.,0.439364278758,
    0.744425304951,0.961682757379,0.980278973253,0.989589553747,1.),
  .UNSPECIFIED.);
#3146 = CARTESIAN_POINT('',(-38.19828045892,46.1,8.6));
#3147 = CARTESIAN_POINT('',(-38.19828045892,46.281623652105,
    8.792037727937));
#3148 = CARTESIAN_POINT('',(-38.19828045892,46.463238598677,
    8.984066251175));
#3149 = CARTESIAN_POINT('',(-38.19828045892,46.644845158193,
    9.176085906454));
#3150 = CARTESIAN_POINT('',(-38.19828045892,46.826440495078,
    9.36809369561));
#3151 = CARTESIAN_POINT('',(-38.19828045892,47.008018792963,
    9.560083468771));
#3152 = CARTESIAN_POINT('',(-38.19828045892,47.189570360844,
    9.752044979263));
#3153 = CARTESIAN_POINT('',(-38.19828045892,47.497105886474,
    10.077214211999));
#3154 = CARTESIAN_POINT('',(-38.19828045892,47.623105751095,
    10.210438753195));
#3155 = CARTESIAN_POINT('',(-38.19828045892,47.749079863388,
    10.343636065456));
#3156 = CARTESIAN_POINT('',(-38.19828045892,47.875020116672,
    10.476797577276));
#3157 = CARTESIAN_POINT('',(-38.19828045892,48.000908186061,
    10.60990391304));
#3158 = CARTESIAN_POINT('',(-38.19828045892,48.126714984271,
    10.742924317635));
#3159 = CARTESIAN_POINT('',(-38.19828045892,48.341898881443,
    10.97044659363));
#3160 = CARTESIAN_POINT('',(-38.19828045892,48.431319957124,
    11.064994963318));
#3161 = CARTESIAN_POINT('',(-38.19828045892,48.520658778434,
    11.159456362272));
#3162 = CARTESIAN_POINT('',(-38.19828045892,48.609888410315,
    11.253802311009));
#3163 = CARTESIAN_POINT('',(-38.19828045892,48.698948774343,
    11.347969286284));
#3164 = CARTESIAN_POINT('',(-38.19828045892,48.787744029917,
    11.441855952114));
#3165 = CARTESIAN_POINT('',(-38.19828045892,48.883688101132,
    11.543301337841));
#3166 = CARTESIAN_POINT('',(-38.19828045892,48.891249778073,
    11.551296591996));
#3167 = CARTESIAN_POINT('',(-38.19828045892,48.898808168246,
    11.559288370924));
#3168 = CARTESIAN_POINT('',(-38.19828045892,48.906363146646,
    11.567276542451));
#3169 = CARTESIAN_POINT('',(-38.19828045892,48.913914581053,
    11.575260966778));
#3170 = CARTESIAN_POINT('',(-38.19828045892,48.921462332033,
    11.583241496475));
#3171 = CARTESIAN_POINT('',(-38.19828045892,48.932783273126,
    11.595211566344));
#3172 = CARTESIAN_POINT('',(-38.19828045892,48.936560235324,
    11.599205094889));
#3173 = CARTESIAN_POINT('',(-38.19828045892,48.940337138964,
    11.603198561518));
#3174 = CARTESIAN_POINT('',(-38.19828045892,48.944113983478,
    11.60719196563));
#3175 = CARTESIAN_POINT('',(-38.19828045892,48.947890768294,
    11.611185306621));
#3176 = CARTESIAN_POINT('',(-38.19828045892,48.951667492835,
    11.615178583881));
#3177 = CARTESIAN_POINT('',(-38.19828045892,48.959666960285,
    11.623636730912));
#3178 = CARTESIAN_POINT('',(-38.19828045892,48.96388846966,
    11.62810029642));
#3179 = CARTESIAN_POINT('',(-38.19828045892,48.968108609793,
    11.632562414174));
#3180 = CARTESIAN_POINT('',(-38.19828045892,48.972327329802,
    11.637023030376));
#3181 = CARTESIAN_POINT('',(-38.19828045892,48.97654460278,
    11.641482116577));
#3182 = CARTESIAN_POINT('',(-38.19828045892,48.980760425792,
    11.645939669672));
#3183 = CARTESIAN_POINT('',(-38.19828045892,48.984974819878,
    11.650395711909));
#3184 = ORIENTED_EDGE('',*,*,#3185,.F.);
#3185 = EDGE_CURVE('',#3127,#3143,#3186,.T.);
#3186 = LINE('',#3187,#3188);
#3187 = CARTESIAN_POINT('',(-38.19828045892,48.866,12.619367861201));
#3188 = VECTOR('',#3189,1.);
#3189 = DIRECTION('',(0.,0.,-1.));
#3190 = PLANE('',#3191);
#3191 = AXIS2_PLACEMENT_3D('',#3192,#3193,#3194);
#3192 = CARTESIAN_POINT('',(-38.19828045892,30.376092303283,
    10.349092663524));
#3193 = DIRECTION('',(1.,0.,0.));
#3194 = DIRECTION('',(0.,0.992546151641,0.121869343405));
#3195 = ADVANCED_FACE('',(#3196),#3381,.T.);
#3196 = FACE_BOUND('',#3197,.T.);
#3197 = EDGE_LOOP('',(#3198,#3208,#3216,#3224,#3232,#3240,#3248,#3256,
    #3262,#3263,#3264,#3272,#3280,#3288,#3296,#3304,#3312,#3320,#3328,
    #3336,#3344,#3352,#3360,#3368,#3374,#3375));
#3198 = ORIENTED_EDGE('',*,*,#3199,.F.);
#3199 = EDGE_CURVE('',#3200,#3202,#3204,.T.);
#3200 = VERTEX_POINT('',#3201);
#3201 = CARTESIAN_POINT('',(30.475,30.376092303283,4.2));
#3202 = VERTEX_POINT('',#3203);
#3203 = CARTESIAN_POINT('',(36.975,30.376092303283,4.2));
#3204 = LINE('',#3205,#3206);
#3205 = CARTESIAN_POINT('',(-36.975,30.376092303283,4.2));
#3206 = VECTOR('',#3207,1.);
#3207 = DIRECTION('',(1.,0.,0.));
#3208 = ORIENTED_EDGE('',*,*,#3209,.F.);
#3209 = EDGE_CURVE('',#3210,#3200,#3212,.T.);
#3210 = VERTEX_POINT('',#3211);
#3211 = CARTESIAN_POINT('',(30.475,30.376092303283,0.4));
#3212 = LINE('',#3213,#3214);
#3213 = CARTESIAN_POINT('',(30.475,30.376092303283,4.242349796376));
#3214 = VECTOR('',#3215,1.);
#3215 = DIRECTION('',(0.,4.E-16,1.));
#3216 = ORIENTED_EDGE('',*,*,#3217,.F.);
#3217 = EDGE_CURVE('',#3218,#3210,#3220,.T.);
#3218 = VERTEX_POINT('',#3219);
#3219 = CARTESIAN_POINT('',(17.675,30.376092303283,0.4));
#3220 = LINE('',#3221,#3222);
#3221 = CARTESIAN_POINT('',(17.175,30.376092303283,0.4));
#3222 = VECTOR('',#3223,1.);
#3223 = DIRECTION('',(1.,0.,0.));
#3224 = ORIENTED_EDGE('',*,*,#3225,.F.);
#3225 = EDGE_CURVE('',#3226,#3218,#3228,.T.);
#3226 = VERTEX_POINT('',#3227);
#3227 = CARTESIAN_POINT('',(17.675,30.376092303283,4.2));
#3228 = LINE('',#3229,#3230);
#3229 = CARTESIAN_POINT('',(17.675,30.376092303283,4.242349796376));
#3230 = VECTOR('',#3231,1.);
#3231 = DIRECTION('',(0.,-4.E-16,-1.));
#3232 = ORIENTED_EDGE('',*,*,#3233,.F.);
#3233 = EDGE_CURVE('',#3234,#3226,#3236,.T.);
#3234 = VERTEX_POINT('',#3235);
#3235 = CARTESIAN_POINT('',(-27.675,30.376092303283,4.2));
#3236 = LINE('',#3237,#3238);
#3237 = CARTESIAN_POINT('',(-2.515424717741,30.376092303283,4.2));
#3238 = VECTOR('',#3239,1.);
#3239 = DIRECTION('',(1.,0.,0.));
#3240 = ORIENTED_EDGE('',*,*,#3241,.F.);
#3241 = EDGE_CURVE('',#3242,#3234,#3244,.T.);
#3242 = VERTEX_POINT('',#3243);
#3243 = CARTESIAN_POINT('',(-27.675,30.376092303283,0.4));
#3244 = LINE('',#3245,#3246);
#3245 = CARTESIAN_POINT('',(-27.675,30.376092303283,4.242349796376));
#3246 = VECTOR('',#3247,1.);
#3247 = DIRECTION('',(0.,4.E-16,1.));
#3248 = ORIENTED_EDGE('',*,*,#3249,.T.);
#3249 = EDGE_CURVE('',#3242,#3250,#3252,.T.);
#3250 = VERTEX_POINT('',#3251);
#3251 = CARTESIAN_POINT('',(-36.475,30.376092303283,0.4));
#3252 = LINE('',#3253,#3254);
#3253 = CARTESIAN_POINT('',(-27.175,30.376092303283,0.4));
#3254 = VECTOR('',#3255,1.);
#3255 = DIRECTION('',(-1.,0.,0.));
#3256 = ORIENTED_EDGE('',*,*,#3257,.F.);
#3257 = EDGE_CURVE('',#678,#3250,#3258,.T.);
#3258 = LINE('',#3259,#3260);
#3259 = CARTESIAN_POINT('',(-36.475,30.376092303283,4.592349796376));
#3260 = VECTOR('',#3261,1.);
#3261 = DIRECTION('',(0.,-4.E-16,-1.));
#3262 = ORIENTED_EDGE('',*,*,#677,.F.);
#3263 = ORIENTED_EDGE('',*,*,#3134,.F.);
#3264 = ORIENTED_EDGE('',*,*,#3265,.F.);
#3265 = EDGE_CURVE('',#3266,#3125,#3268,.T.);
#3266 = VERTEX_POINT('',#3267);
#3267 = CARTESIAN_POINT('',(-24.09,30.376092303283,10.349092663524));
#3268 = LINE('',#3269,#3270);
#3269 = CARTESIAN_POINT('',(38.198280458922,30.376092303283,
    10.349092663524));
#3270 = VECTOR('',#3271,1.);
#3271 = DIRECTION('',(-1.,0.,0.));
#3272 = ORIENTED_EDGE('',*,*,#3273,.T.);
#3273 = EDGE_CURVE('',#3266,#3274,#3276,.T.);
#3274 = VERTEX_POINT('',#3275);
#3275 = CARTESIAN_POINT('',(-24.09,30.376092303283,6.520555326781));
#3276 = LINE('',#3277,#3278);
#3277 = CARTESIAN_POINT('',(-24.09,30.376092303283,8.328136955842));
#3278 = VECTOR('',#3279,1.);
#3279 = DIRECTION('',(0.,-4.E-16,-1.));
#3280 = ORIENTED_EDGE('',*,*,#3281,.T.);
#3281 = EDGE_CURVE('',#3274,#3282,#3284,.T.);
#3282 = VERTEX_POINT('',#3283);
#3283 = CARTESIAN_POINT('',(-20.09,30.376092303283,6.520555326781));
#3284 = LINE('',#3285,#3286);
#3285 = CARTESIAN_POINT('',(-11.12944571998,30.376092303283,
    6.520555326781));
#3286 = VECTOR('',#3287,1.);
#3287 = DIRECTION('',(1.,0.,0.));
#3288 = ORIENTED_EDGE('',*,*,#3289,.T.);
#3289 = EDGE_CURVE('',#3282,#3290,#3292,.T.);
#3290 = VERTEX_POINT('',#3291);
#3291 = CARTESIAN_POINT('',(-20.09,30.376092303283,7.52806515224));
#3292 = LINE('',#3293,#3294);
#3293 = CARTESIAN_POINT('',(-20.09,30.376092303283,6.999507015247));
#3294 = VECTOR('',#3295,1.);
#3295 = DIRECTION('',(0.,4.E-16,1.));
#3296 = ORIENTED_EDGE('',*,*,#3297,.T.);
#3297 = EDGE_CURVE('',#3290,#3298,#3300,.T.);
#3298 = VERTEX_POINT('',#3299);
#3299 = CARTESIAN_POINT('',(-18.09,30.376092303283,7.52806515224));
#3300 = LINE('',#3301,#3302);
#3301 = CARTESIAN_POINT('',(-10.78542471774,30.376092303283,
    7.52806515224));
#3302 = VECTOR('',#3303,1.);
#3303 = DIRECTION('',(1.,0.,0.));
#3304 = ORIENTED_EDGE('',*,*,#3305,.T.);
#3305 = EDGE_CURVE('',#3298,#3306,#3308,.T.);
#3306 = VERTEX_POINT('',#3307);
#3307 = CARTESIAN_POINT('',(-18.09,30.376092303283,10.349092663524));
#3308 = LINE('',#3309,#3310);
#3309 = CARTESIAN_POINT('',(-18.09,30.376092303283,8.389071627545));
#3310 = VECTOR('',#3311,1.);
#3311 = DIRECTION('',(0.,4.E-16,1.));
#3312 = ORIENTED_EDGE('',*,*,#3313,.F.);
#3313 = EDGE_CURVE('',#3314,#3306,#3316,.T.);
#3314 = VERTEX_POINT('',#3315);
#3315 = CARTESIAN_POINT('',(16.8,30.376092303283,10.349092663524));
#3316 = LINE('',#3317,#3318);
#3317 = CARTESIAN_POINT('',(38.198280458922,30.376092303283,
    10.349092663524));
#3318 = VECTOR('',#3319,1.);
#3319 = DIRECTION('',(-1.,0.,0.));
#3320 = ORIENTED_EDGE('',*,*,#3321,.T.);
#3321 = EDGE_CURVE('',#3314,#3322,#3324,.T.);
#3322 = VERTEX_POINT('',#3323);
#3323 = CARTESIAN_POINT('',(16.8,30.376092303283,7.729567117331));
#3324 = LINE('',#3325,#3326);
#3325 = CARTESIAN_POINT('',(16.8,30.376092303283,10.313825576416));
#3326 = VECTOR('',#3327,1.);
#3327 = DIRECTION('',(0.,0.,-1.));
#3328 = ORIENTED_EDGE('',*,*,#3329,.T.);
#3329 = EDGE_CURVE('',#3322,#3330,#3332,.T.);
#3330 = VERTEX_POINT('',#3331);
#3331 = CARTESIAN_POINT('',(21.01,30.376092303283,7.729567117331));
#3332 = LINE('',#3333,#3334);
#3333 = CARTESIAN_POINT('',(9.437075282259,30.376092303283,
    7.729567117331));
#3334 = VECTOR('',#3335,1.);
#3335 = DIRECTION('',(1.,0.,0.));
#3336 = ORIENTED_EDGE('',*,*,#3337,.F.);
#3337 = EDGE_CURVE('',#3338,#3330,#3340,.T.);
#3338 = VERTEX_POINT('',#3339);
#3339 = CARTESIAN_POINT('',(21.01,30.376092303283,8.938578907882));
#3340 = LINE('',#3341,#3342);
#3341 = CARTESIAN_POINT('',(21.01,30.376092303283,7.633354649693));
#3342 = VECTOR('',#3343,1.);
#3343 = DIRECTION('',(0.,-4.E-16,-1.));
#3344 = ORIENTED_EDGE('',*,*,#3345,.T.);
#3345 = EDGE_CURVE('',#3338,#3346,#3348,.T.);
#3346 = VERTEX_POINT('',#3347);
#3347 = CARTESIAN_POINT('',(30.3,30.376092303283,8.938578907882));
#3348 = LINE('',#3349,#3350);
#3349 = CARTESIAN_POINT('',(17.308604456272,30.376092303283,
    8.938578907882));
#3350 = VECTOR('',#3351,1.);
#3351 = DIRECTION('',(1.,0.,0.));
#3352 = ORIENTED_EDGE('',*,*,#3353,.T.);
#3353 = EDGE_CURVE('',#3346,#3354,#3356,.T.);
#3354 = VERTEX_POINT('',#3355);
#3355 = CARTESIAN_POINT('',(30.3,30.376092303283,10.349092663524));
#3356 = LINE('',#3357,#3358);
#3357 = CARTESIAN_POINT('',(30.3,30.376092303283,10.64896627078));
#3358 = VECTOR('',#3359,1.);
#3359 = DIRECTION('',(0.,0.,1.));
#3360 = ORIENTED_EDGE('',*,*,#3361,.F.);
#3361 = EDGE_CURVE('',#3362,#3354,#3364,.T.);
#3362 = VERTEX_POINT('',#3363);
#3363 = CARTESIAN_POINT('',(38.198280458922,30.376092303283,
    10.349092663524));
#3364 = LINE('',#3365,#3366);
#3365 = CARTESIAN_POINT('',(38.198280458922,30.376092303283,
    10.349092663524));
#3366 = VECTOR('',#3367,1.);
#3367 = DIRECTION('',(-1.,0.,0.));
#3368 = ORIENTED_EDGE('',*,*,#3369,.T.);
#3369 = EDGE_CURVE('',#3362,#710,#3370,.T.);
#3370 = LINE('',#3371,#3372);
#3371 = CARTESIAN_POINT('',(38.198280458922,30.376092303283,
    10.349092663524));
#3372 = VECTOR('',#3373,1.);
#3373 = DIRECTION('',(0.,0.,-1.));
#3374 = ORIENTED_EDGE('',*,*,#709,.T.);
#3375 = ORIENTED_EDGE('',*,*,#3376,.T.);
#3376 = EDGE_CURVE('',#702,#3202,#3377,.T.);
#3377 = LINE('',#3378,#3379);
#3378 = CARTESIAN_POINT('',(36.975,30.376092303283,5.6));
#3379 = VECTOR('',#3380,1.);
#3380 = DIRECTION('',(0.,0.,-1.));
#3381 = PLANE('',#3382);
#3382 = AXIS2_PLACEMENT_3D('',#3383,#3384,#3385);
#3383 = CARTESIAN_POINT('',(-3.084943548144E-02,30.376092303283,
    6.384699592753));
#3384 = DIRECTION('',(0.,1.,-4.E-16));
#3385 = DIRECTION('',(0.,4.E-16,1.));
#3386 = ADVANCED_FACE('',(#3387),#3421,.F.);
#3387 = FACE_BOUND('',#3388,.F.);
#3388 = EDGE_LOOP('',(#3389,#3399,#3405,#3406,#3407,#3415));
#3389 = ORIENTED_EDGE('',*,*,#3390,.F.);
#3390 = EDGE_CURVE('',#3391,#3393,#3395,.T.);
#3391 = VERTEX_POINT('',#3392);
#3392 = CARTESIAN_POINT('',(-36.475,29.976092303283,-1.21532681052E-14)
  );
#3393 = VERTEX_POINT('',#3394);
#3394 = CARTESIAN_POINT('',(-36.475,27.625,-2.772974442438E-14));
#3395 = LINE('',#3396,#3397);
#3396 = CARTESIAN_POINT('',(-36.475,28.625,-1.665334536938E-16));
#3397 = VECTOR('',#3398,1.);
#3398 = DIRECTION('',(0.,-1.,2.22044604925E-16));
#3399 = ORIENTED_EDGE('',*,*,#3400,.T.);
#3400 = EDGE_CURVE('',#3391,#3250,#3401,.T.);
#3401 = LINE('',#3402,#3403);
#3402 = CARTESIAN_POINT('',(-36.475,30.438319227462,0.462226924179));
#3403 = VECTOR('',#3404,1.);
#3404 = DIRECTION('',(0.,0.707106781187,0.707106781187));
#3405 = ORIENTED_EDGE('',*,*,#3257,.F.);
#3406 = ORIENTED_EDGE('',*,*,#685,.T.);
#3407 = ORIENTED_EDGE('',*,*,#3408,.F.);
#3408 = EDGE_CURVE('',#3409,#686,#3411,.T.);
#3409 = VERTEX_POINT('',#3410);
#3410 = CARTESIAN_POINT('',(-36.475,28.625,1.000000000003));
#3411 = LINE('',#3412,#3413);
#3412 = CARTESIAN_POINT('',(-36.475,28.625,3.413701492537));
#3413 = VECTOR('',#3414,1.);
#3414 = DIRECTION('',(0.,0.,1.));
#3415 = ORIENTED_EDGE('',*,*,#3416,.T.);
#3416 = EDGE_CURVE('',#3409,#3393,#3417,.T.);
#3417 = LINE('',#3418,#3419);
#3418 = CARTESIAN_POINT('',(-36.475,29.074999999999,1.450000000004));
#3419 = VECTOR('',#3420,1.);
#3420 = DIRECTION('',(0.,-0.707106781185,-0.707106781188));
#3421 = PLANE('',#3422);
#3422 = AXIS2_PLACEMENT_3D('',#3423,#3424,#3425);
#3423 = CARTESIAN_POINT('',(-36.475,28.625,2.8));
#3424 = DIRECTION('',(1.,0.,0.));
#3425 = DIRECTION('',(0.,0.,1.));
#3426 = ADVANCED_FACE('',(#3427),#3493,.T.);
#3427 = FACE_BOUND('',#3428,.T.);
#3428 = EDGE_LOOP('',(#3429,#3437,#3438,#3439,#3447,#3455,#3463,#3471,
    #3479,#3487));
#3429 = ORIENTED_EDGE('',*,*,#3430,.F.);
#3430 = EDGE_CURVE('',#694,#3431,#3433,.T.);
#3431 = VERTEX_POINT('',#3432);
#3432 = CARTESIAN_POINT('',(36.975,28.625,4.2));
#3433 = LINE('',#3434,#3435);
#3434 = CARTESIAN_POINT('',(36.975,28.625,5.6));
#3435 = VECTOR('',#3436,1.);
#3436 = DIRECTION('',(0.,0.,-1.));
#3437 = ORIENTED_EDGE('',*,*,#693,.T.);
#3438 = ORIENTED_EDGE('',*,*,#3408,.F.);
#3439 = ORIENTED_EDGE('',*,*,#3440,.T.);
#3440 = EDGE_CURVE('',#3409,#3441,#3443,.T.);
#3441 = VERTEX_POINT('',#3442);
#3442 = CARTESIAN_POINT('',(-27.675,28.625,1.000000000003));
#3443 = LINE('',#3444,#3445);
#3444 = CARTESIAN_POINT('',(-36.975,28.625,1.000000000003));
#3445 = VECTOR('',#3446,1.);
#3446 = DIRECTION('',(1.,-1.399E-14,1.55E-15));
#3447 = ORIENTED_EDGE('',*,*,#3448,.F.);
#3448 = EDGE_CURVE('',#3449,#3441,#3451,.T.);
#3449 = VERTEX_POINT('',#3450);
#3450 = CARTESIAN_POINT('',(-27.675,28.625,4.2));
#3451 = LINE('',#3452,#3453);
#3452 = CARTESIAN_POINT('',(-27.675,28.625,3.063701492537));
#3453 = VECTOR('',#3454,1.);
#3454 = DIRECTION('',(0.,0.,-1.));
#3455 = ORIENTED_EDGE('',*,*,#3456,.F.);
#3456 = EDGE_CURVE('',#3457,#3449,#3459,.T.);
#3457 = VERTEX_POINT('',#3458);
#3458 = CARTESIAN_POINT('',(17.675,28.625,4.2));
#3459 = LINE('',#3460,#3461);
#3460 = CARTESIAN_POINT('',(-2.700597014925,28.625,4.2));
#3461 = VECTOR('',#3462,1.);
#3462 = DIRECTION('',(-1.,0.,0.));
#3463 = ORIENTED_EDGE('',*,*,#3464,.F.);
#3464 = EDGE_CURVE('',#3465,#3457,#3467,.T.);
#3465 = VERTEX_POINT('',#3466);
#3466 = CARTESIAN_POINT('',(17.675,28.624999999999,1.000000000003));
#3467 = LINE('',#3468,#3469);
#3468 = CARTESIAN_POINT('',(17.675,28.625,3.063701492537));
#3469 = VECTOR('',#3470,1.);
#3470 = DIRECTION('',(0.,0.,1.));
#3471 = ORIENTED_EDGE('',*,*,#3472,.T.);
#3472 = EDGE_CURVE('',#3465,#3473,#3475,.T.);
#3473 = VERTEX_POINT('',#3474);
#3474 = CARTESIAN_POINT('',(30.475,28.624999999999,1.000000000003));
#3475 = LINE('',#3476,#3477);
#3476 = CARTESIAN_POINT('',(-36.975,28.625,1.000000000003));
#3477 = VECTOR('',#3478,1.);
#3478 = DIRECTION('',(1.,-1.399E-14,1.55E-15));
#3479 = ORIENTED_EDGE('',*,*,#3480,.F.);
#3480 = EDGE_CURVE('',#3481,#3473,#3483,.T.);
#3481 = VERTEX_POINT('',#3482);
#3482 = CARTESIAN_POINT('',(30.475,28.625,4.2));
#3483 = LINE('',#3484,#3485);
#3484 = CARTESIAN_POINT('',(30.475,28.625,3.063701492537));
#3485 = VECTOR('',#3486,1.);
#3486 = DIRECTION('',(0.,0.,-1.));
#3487 = ORIENTED_EDGE('',*,*,#3488,.F.);
#3488 = EDGE_CURVE('',#3431,#3481,#3489,.T.);
#3489 = LINE('',#3490,#3491);
#3490 = CARTESIAN_POINT('',(15.286902985075,28.625,4.2));
#3491 = VECTOR('',#3492,1.);
#3492 = DIRECTION('',(-1.,0.,0.));
#3493 = PLANE('',#3494);
#3494 = AXIS2_PLACEMENT_3D('',#3495,#3496,#3497);
#3495 = CARTESIAN_POINT('',(-0.401194029851,28.625,4.027402985075));
#3496 = DIRECTION('',(-0.,-1.,-0.));
#3497 = DIRECTION('',(0.,0.,-1.));
#3498 = ADVANCED_FACE('',(#3499),#3510,.F.);
#3499 = FACE_BOUND('',#3500,.F.);
#3500 = EDGE_LOOP('',(#3501,#3502,#3508,#3509));
#3501 = ORIENTED_EDGE('',*,*,#3376,.T.);
#3502 = ORIENTED_EDGE('',*,*,#3503,.T.);
#3503 = EDGE_CURVE('',#3202,#3431,#3504,.T.);
#3504 = LINE('',#3505,#3506);
#3505 = CARTESIAN_POINT('',(36.975,30.376092303283,4.2));
#3506 = VECTOR('',#3507,1.);
#3507 = DIRECTION('',(0.,-1.,0.));
#3508 = ORIENTED_EDGE('',*,*,#3430,.F.);
#3509 = ORIENTED_EDGE('',*,*,#701,.F.);
#3510 = PLANE('',#3511);
#3511 = AXIS2_PLACEMENT_3D('',#3512,#3513,#3514);
#3512 = CARTESIAN_POINT('',(36.975,30.376092303283,5.6));
#3513 = DIRECTION('',(-1.,-0.,-0.));
#3514 = DIRECTION('',(0.,-1.,0.));
#3515 = ADVANCED_FACE('',(#3516),#3585,.T.);
#3516 = FACE_BOUND('',#3517,.T.);
#3517 = EDGE_LOOP('',(#3518,#3526,#3534,#3577,#3583,#3584));
#3518 = ORIENTED_EDGE('',*,*,#3519,.F.);
#3519 = EDGE_CURVE('',#3520,#3362,#3522,.T.);
#3520 = VERTEX_POINT('',#3521);
#3521 = CARTESIAN_POINT('',(38.198280458922,48.866,12.619367861201));
#3522 = LINE('',#3523,#3524);
#3523 = CARTESIAN_POINT('',(38.198280458922,48.866,12.619367861201));
#3524 = VECTOR('',#3525,1.);
#3525 = DIRECTION('',(0.,-0.992546151641,-0.121869343405));
#3526 = ORIENTED_EDGE('',*,*,#3527,.T.);
#3527 = EDGE_CURVE('',#3520,#3528,#3530,.T.);
#3528 = VERTEX_POINT('',#3529);
#3529 = CARTESIAN_POINT('',(38.198280458922,48.866,11.524599022842));
#3530 = LINE('',#3531,#3532);
#3531 = CARTESIAN_POINT('',(38.198280458922,48.866,12.619367861201));
#3532 = VECTOR('',#3533,1.);
#3533 = DIRECTION('',(0.,0.,-1.));
#3534 = ORIENTED_EDGE('',*,*,#3535,.F.);
#3535 = EDGE_CURVE('',#3536,#3528,#3538,.T.);
#3536 = VERTEX_POINT('',#3537);
#3537 = CARTESIAN_POINT('',(38.198280458922,46.1,8.6));
#3538 = B_SPLINE_CURVE_WITH_KNOTS('',7,(#3539,#3540,#3541,#3542,#3543,
    #3544,#3545,#3546,#3547,#3548,#3549,#3550,#3551,#3552,#3553,#3554,
    #3555,#3556,#3557,#3558,#3559,#3560,#3561,#3562,#3563,#3564,#3565,
    #3566,#3567,#3568,#3569,#3570,#3571,#3572,#3573,#3574,#3575,#3576),
  .UNSPECIFIED.,.F.,.F.,(8,6,6,6,6,6,8),(0.,0.439364278758,
    0.744425304951,0.961682757379,0.980278973253,0.989589553747,1.),
  .UNSPECIFIED.);
#3539 = CARTESIAN_POINT('',(38.198280458922,46.1,8.6));
#3540 = CARTESIAN_POINT('',(38.198280458922,46.281623652105,
    8.792037727937));
#3541 = CARTESIAN_POINT('',(38.198280458922,46.463238598677,
    8.984066251175));
#3542 = CARTESIAN_POINT('',(38.198280458922,46.644845158193,
    9.176085906454));
#3543 = CARTESIAN_POINT('',(38.198280458922,46.826440495078,
    9.36809369561));
#3544 = CARTESIAN_POINT('',(38.198280458922,47.008018792963,
    9.560083468771));
#3545 = CARTESIAN_POINT('',(38.198280458922,47.189570360844,
    9.752044979263));
#3546 = CARTESIAN_POINT('',(38.198280458922,47.497105886474,
    10.077214211999));
#3547 = CARTESIAN_POINT('',(38.198280458922,47.623105751094,
    10.210438753194));
#3548 = CARTESIAN_POINT('',(38.198280458922,47.749079863389,
    10.343636065457));
#3549 = CARTESIAN_POINT('',(38.198280458922,47.875020116672,
    10.476797577275));
#3550 = CARTESIAN_POINT('',(38.198280458922,48.000908186061,
    10.60990391304));
#3551 = CARTESIAN_POINT('',(38.198280458922,48.126714984271,
    10.742924317635));
#3552 = CARTESIAN_POINT('',(38.198280458922,48.341898881444,
    10.97044659363));
#3553 = CARTESIAN_POINT('',(38.198280458922,48.431319957124,
    11.064994963318));
#3554 = CARTESIAN_POINT('',(38.198280458922,48.520658778435,
    11.159456362272));
#3555 = CARTESIAN_POINT('',(38.198280458922,48.609888410314,
    11.253802311008));
#3556 = CARTESIAN_POINT('',(38.198280458922,48.698948774343,
    11.347969286284));
#3557 = CARTESIAN_POINT('',(38.198280458922,48.787744029917,
    11.441855952114));
#3558 = CARTESIAN_POINT('',(38.198280458922,48.883688101132,
    11.543301337841));
#3559 = CARTESIAN_POINT('',(38.198280458922,48.891249778073,
    11.551296591996));
#3560 = CARTESIAN_POINT('',(38.198280458922,48.898808168246,
    11.559288370924));
#3561 = CARTESIAN_POINT('',(38.198280458922,48.906363146646,
    11.567276542451));
#3562 = CARTESIAN_POINT('',(38.198280458922,48.913914581053,
    11.575260966778));
#3563 = CARTESIAN_POINT('',(38.198280458922,48.921462332033,
    11.583241496475));
#3564 = CARTESIAN_POINT('',(38.198280458922,48.932783273126,
    11.595211566344));
#3565 = CARTESIAN_POINT('',(38.198280458922,48.936560235324,
    11.599205094889));
#3566 = CARTESIAN_POINT('',(38.198280458922,48.940337138964,
    11.603198561518));
#3567 = CARTESIAN_POINT('',(38.198280458922,48.944113983478,
    11.60719196563));
#3568 = CARTESIAN_POINT('',(38.198280458922,48.947890768294,
    11.611185306621));
#3569 = CARTESIAN_POINT('',(38.198280458922,48.951667492835,
    11.615178583881));
#3570 = CARTESIAN_POINT('',(38.198280458922,48.959666960285,
    11.623636730912));
#3571 = CARTESIAN_POINT('',(38.198280458922,48.96388846966,
    11.62810029642));
#3572 = CARTESIAN_POINT('',(38.198280458922,48.968108609793,
    11.632562414174));
#3573 = CARTESIAN_POINT('',(38.198280458922,48.972327329802,
    11.637023030376));
#3574 = CARTESIAN_POINT('',(38.198280458922,48.97654460278,
    11.641482116577));
#3575 = CARTESIAN_POINT('',(38.198280458922,48.980760425792,
    11.645939669672));
#3576 = CARTESIAN_POINT('',(38.198280458922,48.984974819878,
    11.650395711909));
#3577 = ORIENTED_EDGE('',*,*,#3578,.F.);
#3578 = EDGE_CURVE('',#718,#3536,#3579,.T.);
#3579 = LINE('',#3580,#3581);
#3580 = CARTESIAN_POINT('',(38.198280458922,46.1,5.6));
#3581 = VECTOR('',#3582,1.);
#3582 = DIRECTION('',(0.,0.,1.));
#3583 = ORIENTED_EDGE('',*,*,#717,.T.);
#3584 = ORIENTED_EDGE('',*,*,#3369,.F.);
#3585 = PLANE('',#3586);
#3586 = AXIS2_PLACEMENT_3D('',#3587,#3588,#3589);
#3587 = CARTESIAN_POINT('',(38.198280458922,48.866,12.619367861201));
#3588 = DIRECTION('',(-1.,0.,0.));
#3589 = DIRECTION('',(-0.,-0.992546151641,-0.121869343405));
#3590 = ADVANCED_FACE('',(#3591),#3609,.T.);
#3591 = FACE_BOUND('',#3592,.T.);
#3592 = EDGE_LOOP('',(#3593,#3594,#3602,#3608));
#3593 = ORIENTED_EDGE('',*,*,#3578,.T.);
#3594 = ORIENTED_EDGE('',*,*,#3595,.T.);
#3595 = EDGE_CURVE('',#3536,#3596,#3598,.T.);
#3596 = VERTEX_POINT('',#3597);
#3597 = CARTESIAN_POINT('',(34.975,46.1,8.6));
#3598 = LINE('',#3599,#3600);
#3599 = CARTESIAN_POINT('',(38.198280458922,46.1,8.6));
#3600 = VECTOR('',#3601,1.);
#3601 = DIRECTION('',(-1.,0.,0.));
#3602 = ORIENTED_EDGE('',*,*,#3603,.F.);
#3603 = EDGE_CURVE('',#726,#3596,#3604,.T.);
#3604 = LINE('',#3605,#3606);
#3605 = CARTESIAN_POINT('',(34.975,46.1,5.6));
#3606 = VECTOR('',#3607,1.);
#3607 = DIRECTION('',(0.,0.,1.));
#3608 = ORIENTED_EDGE('',*,*,#725,.F.);
#3609 = PLANE('',#3610);
#3610 = AXIS2_PLACEMENT_3D('',#3611,#3612,#3613);
#3611 = CARTESIAN_POINT('',(38.198280458922,46.1,5.6));
#3612 = DIRECTION('',(-0.,-1.,-0.));
#3613 = DIRECTION('',(-1.,0.,0.));
#3614 = ADVANCED_FACE('',(#3615),#3634,.T.);
#3615 = FACE_BOUND('',#3616,.T.);
#3616 = EDGE_LOOP('',(#3617,#3618,#3627,#3633));
#3617 = ORIENTED_EDGE('',*,*,#3603,.T.);
#3618 = ORIENTED_EDGE('',*,*,#3619,.T.);
#3619 = EDGE_CURVE('',#3596,#3620,#3622,.T.);
#3620 = VERTEX_POINT('',#3621);
#3621 = CARTESIAN_POINT('',(34.075,47.,8.6));
#3622 = CIRCLE('',#3623,0.9);
#3623 = AXIS2_PLACEMENT_3D('',#3624,#3625,#3626);
#3624 = CARTESIAN_POINT('',(34.975,47.,8.6));
#3625 = DIRECTION('',(0.,0.,-1.));
#3626 = DIRECTION('',(1.,0.,0.));
#3627 = ORIENTED_EDGE('',*,*,#3628,.F.);
#3628 = EDGE_CURVE('',#734,#3620,#3629,.T.);
#3629 = LINE('',#3630,#3631);
#3630 = CARTESIAN_POINT('',(34.075,47.,5.6));
#3631 = VECTOR('',#3632,1.);
#3632 = DIRECTION('',(0.,0.,1.));
#3633 = ORIENTED_EDGE('',*,*,#733,.F.);
#3634 = CYLINDRICAL_SURFACE('',#3635,0.9);
#3635 = AXIS2_PLACEMENT_3D('',#3636,#3637,#3638);
#3636 = CARTESIAN_POINT('',(34.975,47.,5.6));
#3637 = DIRECTION('',(0.,0.,-1.));
#3638 = DIRECTION('',(1.,0.,0.));
#3639 = ADVANCED_FACE('',(#3640),#3666,.T.);
#3640 = FACE_BOUND('',#3641,.T.);
#3641 = EDGE_LOOP('',(#3642,#3643,#3651,#3659,#3665));
#3642 = ORIENTED_EDGE('',*,*,#3628,.T.);
#3643 = ORIENTED_EDGE('',*,*,#3644,.T.);
#3644 = EDGE_CURVE('',#3620,#3645,#3647,.T.);
#3645 = VERTEX_POINT('',#3646);
#3646 = CARTESIAN_POINT('',(34.075,49.182645292605,8.6));
#3647 = LINE('',#3648,#3649);
#3648 = CARTESIAN_POINT('',(34.075,47.,8.6));
#3649 = VECTOR('',#3650,1.);
#3650 = DIRECTION('',(0.,1.,0.));
#3651 = ORIENTED_EDGE('',*,*,#3652,.T.);
#3652 = EDGE_CURVE('',#3645,#3653,#3655,.T.);
#3653 = VERTEX_POINT('',#3654);
#3654 = CARTESIAN_POINT('',(34.075,49.980907696717,8.6));
#3655 = LINE('',#3656,#3657);
#3656 = CARTESIAN_POINT('',(34.075,47.,8.6));
#3657 = VECTOR('',#3658,1.);
#3658 = DIRECTION('',(0.,1.,0.));
#3659 = ORIENTED_EDGE('',*,*,#3660,.F.);
#3660 = EDGE_CURVE('',#743,#3653,#3661,.T.);
#3661 = LINE('',#3662,#3663);
#3662 = CARTESIAN_POINT('',(34.075,49.980907696717,5.6));
#3663 = VECTOR('',#3664,1.);
#3664 = DIRECTION('',(0.,0.,1.));
#3665 = ORIENTED_EDGE('',*,*,#742,.F.);
#3666 = PLANE('',#3667);
#3667 = AXIS2_PLACEMENT_3D('',#3668,#3669,#3670);
#3668 = CARTESIAN_POINT('',(34.075,47.,5.6));
#3669 = DIRECTION('',(-1.,0.,0.));
#3670 = DIRECTION('',(0.,1.,0.));
#3671 = ADVANCED_FACE('',(#3672,#3793),#3827,.T.);
#3672 = FACE_BOUND('',#3673,.T.);
#3673 = EDGE_LOOP('',(#3674,#3684,#3692,#3704,#3735,#3741,#3742,#3743,
    #3774,#3787));
#3674 = ORIENTED_EDGE('',*,*,#3675,.F.);
#3675 = EDGE_CURVE('',#3676,#3678,#3680,.T.);
#3676 = VERTEX_POINT('',#3677);
#3677 = CARTESIAN_POINT('',(-37.075,49.980907696717,12.75626131319));
#3678 = VERTEX_POINT('',#3679);
#3679 = CARTESIAN_POINT('',(37.075,49.980907696717,12.75626131319));
#3680 = LINE('',#3681,#3682);
#3681 = CARTESIAN_POINT('',(-37.075,49.980907696717,12.75626131319));
#3682 = VECTOR('',#3683,1.);
#3683 = DIRECTION('',(1.,0.,0.));
#3684 = ORIENTED_EDGE('',*,*,#3685,.T.);
#3685 = EDGE_CURVE('',#3676,#3686,#3688,.T.);
#3686 = VERTEX_POINT('',#3687);
#3687 = CARTESIAN_POINT('',(-37.075,49.980907696717,11.772016293755));
#3688 = LINE('',#3689,#3690);
#3689 = CARTESIAN_POINT('',(-37.075,49.980907696717,12.75626131319));
#3690 = VECTOR('',#3691,1.);
#3691 = DIRECTION('',(0.,0.,-1.));
#3692 = ORIENTED_EDGE('',*,*,#3693,.F.);
#3693 = EDGE_CURVE('',#3694,#3686,#3696,.T.);
#3694 = VERTEX_POINT('',#3695);
#3695 = CARTESIAN_POINT('',(-37.04973710361,49.980907696717,
    11.745304854104));
#3696 = B_SPLINE_CURVE_WITH_KNOTS('',6,(#3697,#3698,#3699,#3700,#3701,
    #3702,#3703),.UNSPECIFIED.,.F.,.F.,(7,7),(0.,1.),
  .PIECEWISE_BEZIER_KNOTS.);
#3697 = CARTESIAN_POINT('',(-37.04973710361,49.980907696717,
    11.745304854104));
#3698 = CARTESIAN_POINT('',(-37.05446795342,49.980907696717,
    11.750306964992));
#3699 = CARTESIAN_POINT('',(-37.0583224712,49.980907696717,
    11.754382496061));
#3700 = CARTESIAN_POINT('',(-37.06258789266,49.980907696717,
    11.758892491521));
#3701 = CARTESIAN_POINT('',(-37.06750885356,49.980907696717,
    11.764095614239));
#3702 = CARTESIAN_POINT('',(-37.07226905335,49.980907696717,
    11.769128758008));
#3703 = CARTESIAN_POINT('',(-37.075,49.980907696717,11.772016293755));
#3704 = ORIENTED_EDGE('',*,*,#3705,.F.);
#3705 = EDGE_CURVE('',#3706,#3694,#3708,.T.);
#3706 = VERTEX_POINT('',#3707);
#3707 = CARTESIAN_POINT('',(-34.075,49.980907696717,8.6));
#3708 = B_SPLINE_CURVE_WITH_KNOTS('',7,(#3709,#3710,#3711,#3712,#3713,
    #3714,#3715,#3716,#3717,#3718,#3719,#3720,#3721,#3722,#3723,#3724,
    #3725,#3726,#3727,#3728,#3729,#3730,#3731,#3732,#3733,#3734),
  .UNSPECIFIED.,.F.,.F.,(8,6,6,6,8),(0.,0.383756584913,0.651441383905,
    0.851815113766,1.),.UNSPECIFIED.);
#3709 = CARTESIAN_POINT('',(-34.075,49.980907696717,8.6));
#3710 = CARTESIAN_POINT('',(-34.24575217857,49.980907696717,
    8.775272184193));
#3711 = CARTESIAN_POINT('',(-34.41639926431,49.980907696717,
    8.950578634377));
#3712 = CARTESIAN_POINT('',(-34.58692850283,49.980907696717,
    9.125932666113));
#3713 = CARTESIAN_POINT('',(-34.75731270606,49.980907696717,
    9.301340268444));
#3714 = CARTESIAN_POINT('',(-34.92750501267,49.980907696717,9.4768011735
    ));
#3715 = CARTESIAN_POINT('',(-35.09743697773,49.980907696717,
    9.652309552388));
#3716 = CARTESIAN_POINT('',(-35.38526388985,49.980907696717,
    9.950313594297));
#3717 = CARTESIAN_POINT('',(-35.50333002525,49.980907696717,
    10.072764616283));
#3718 = CARTESIAN_POINT('',(-35.6211730041,49.980907696717,
    10.195234004137));
#3719 = CARTESIAN_POINT('',(-35.73873641151,49.980907696717,
    10.317714014835));
#3720 = CARTESIAN_POINT('',(-35.85591557732,49.980907696717,
    10.440167106344));
#3721 = CARTESIAN_POINT('',(-35.9725528565,49.980907696717,
    10.562525847401));
#3722 = CARTESIAN_POINT('',(-36.17510034992,49.980907696717,
    10.776131257517));
#3723 = CARTESIAN_POINT('',(-36.26128401332,49.980907696717,
    10.867382164053));
#3724 = CARTESIAN_POINT('',(-36.34691348336,49.980907696717,
    10.958480641194));
#3725 = CARTESIAN_POINT('',(-36.43182139615,49.980907696717,
    11.049343921133));
#3726 = CARTESIAN_POINT('',(-36.51568717291,49.980907696717,
    11.139759652278));
#3727 = CARTESIAN_POINT('',(-36.59801176324,49.980907696717,
    11.229374703112));
#3728 = CARTESIAN_POINT('',(-36.73729591129,49.980907696717,
    11.382984503095));
#3729 = CARTESIAN_POINT('',(-36.79525926315,49.980907696717,
    11.44755303583));
#3730 = CARTESIAN_POINT('',(-36.85164235227,49.980907696717,
    11.511134209687));
#3731 = CARTESIAN_POINT('',(-36.90594241381,49.980907696717,
    11.573304590035));
#3732 = CARTESIAN_POINT('',(-36.95750161897,49.980907696717,
    11.633483572039));
#3733 = CARTESIAN_POINT('',(-37.00561637477,49.980907696717,
    11.691013558259));
#3734 = CARTESIAN_POINT('',(-37.04973710361,49.980907696717,
    11.745304854104));
#3735 = ORIENTED_EDGE('',*,*,#3736,.F.);
#3736 = EDGE_CURVE('',#751,#3706,#3737,.T.);
#3737 = LINE('',#3738,#3739);
#3738 = CARTESIAN_POINT('',(-34.075,49.980907696717,5.6));
#3739 = VECTOR('',#3740,1.);
#3740 = DIRECTION('',(0.,0.,1.));
#3741 = ORIENTED_EDGE('',*,*,#750,.T.);
#3742 = ORIENTED_EDGE('',*,*,#3660,.T.);
#3743 = ORIENTED_EDGE('',*,*,#3744,.T.);
#3744 = EDGE_CURVE('',#3653,#3745,#3747,.T.);
#3745 = VERTEX_POINT('',#3746);
#3746 = CARTESIAN_POINT('',(37.049737103618,49.980907696717,
    11.745304854104));
#3747 = B_SPLINE_CURVE_WITH_KNOTS('',7,(#3748,#3749,#3750,#3751,#3752,
    #3753,#3754,#3755,#3756,#3757,#3758,#3759,#3760,#3761,#3762,#3763,
    #3764,#3765,#3766,#3767,#3768,#3769,#3770,#3771,#3772,#3773),
  .UNSPECIFIED.,.F.,.F.,(8,6,6,6,8),(0.,0.383756584912,0.651441383905,
    0.851815113766,1.),.UNSPECIFIED.);
#3748 = CARTESIAN_POINT('',(34.075,49.980907696717,8.6));
#3749 = CARTESIAN_POINT('',(34.245752178574,49.980907696717,
    8.775272184193));
#3750 = CARTESIAN_POINT('',(34.416399264316,49.980907696717,
    8.950578634376));
#3751 = CARTESIAN_POINT('',(34.586928502836,49.980907696717,
    9.125932666114));
#3752 = CARTESIAN_POINT('',(34.757312706069,49.980907696717,
    9.301340268443));
#3753 = CARTESIAN_POINT('',(34.927505012671,49.980907696717,9.4768011735
    ));
#3754 = CARTESIAN_POINT('',(35.097436977739,49.980907696717,
    9.652309552388));
#3755 = CARTESIAN_POINT('',(35.385263889856,49.980907696717,
    9.950313594297));
#3756 = CARTESIAN_POINT('',(35.50333002525,49.980907696717,
    10.072764616281));
#3757 = CARTESIAN_POINT('',(35.621173004108,49.980907696717,
    10.19523400414));
#3758 = CARTESIAN_POINT('',(35.738736411513,49.980907696717,
    10.317714014832));
#3759 = CARTESIAN_POINT('',(35.855915577327,49.980907696717,
    10.440167106345));
#3760 = CARTESIAN_POINT('',(35.972552856499,49.980907696717,
    10.562525847401));
#3761 = CARTESIAN_POINT('',(36.175100349921,49.980907696717,
    10.776131257517));
#3762 = CARTESIAN_POINT('',(36.261284013322,49.980907696717,
    10.867382164052));
#3763 = CARTESIAN_POINT('',(36.346913483365,49.980907696717,
    10.958480641194));
#3764 = CARTESIAN_POINT('',(36.431821396153,49.980907696717,
    11.049343921133));
#3765 = CARTESIAN_POINT('',(36.515687172913,49.980907696717,
    11.139759652278));
#3766 = CARTESIAN_POINT('',(36.598011763245,49.980907696717,
    11.229374703112));
#3767 = CARTESIAN_POINT('',(36.737295911295,49.980907696717,
    11.382984503096));
#3768 = CARTESIAN_POINT('',(36.795259263151,49.980907696717,
    11.44755303583));
#3769 = CARTESIAN_POINT('',(36.851642352272,49.980907696717,
    11.511134209687));
#3770 = CARTESIAN_POINT('',(36.905942413811,49.980907696717,
    11.573304590035));
#3771 = CARTESIAN_POINT('',(36.957501618972,49.980907696717,
    11.633483572038));
#3772 = CARTESIAN_POINT('',(37.005616374779,49.980907696717,
    11.691013558259));
#3773 = CARTESIAN_POINT('',(37.049737103618,49.980907696717,
    11.745304854104));
#3774 = ORIENTED_EDGE('',*,*,#3775,.F.);
#3775 = EDGE_CURVE('',#3776,#3745,#3778,.T.);
#3776 = VERTEX_POINT('',#3777);
#3777 = CARTESIAN_POINT('',(37.075,49.980907696717,11.772016293755));
#3778 = B_SPLINE_CURVE_WITH_KNOTS('',7,(#3779,#3780,#3781,#3782,#3783,
    #3784,#3785,#3786),.UNSPECIFIED.,.F.,.F.,(8,8),(0.,1.),
  .PIECEWISE_BEZIER_KNOTS.);
#3779 = CARTESIAN_POINT('',(37.075,49.980907696717,11.772016293755));
#3780 = CARTESIAN_POINT('',(37.072586113232,49.980907696717,
    11.769463997702));
#3781 = CARTESIAN_POINT('',(37.069073303226,49.980907696717,
    11.765749767509));
#3782 = CARTESIAN_POINT('',(37.064785183806,49.980907696717,
    11.76121577262));
#3783 = CARTESIAN_POINT('',(37.059963920896,49.980907696717,
    11.75611806445));
#3784 = CARTESIAN_POINT('',(37.055025889424,49.980907696717,
    11.750896892355));
#3785 = CARTESIAN_POINT('',(37.05098496422,49.980907696717,
    11.746624265492));
#3786 = CARTESIAN_POINT('',(37.049737103618,49.980907696717,
    11.745304854104));
#3787 = ORIENTED_EDGE('',*,*,#3788,.F.);
#3788 = EDGE_CURVE('',#3678,#3776,#3789,.T.);
#3789 = LINE('',#3790,#3791);
#3790 = CARTESIAN_POINT('',(37.075,49.980907696717,12.75626131319));
#3791 = VECTOR('',#3792,1.);
#3792 = DIRECTION('',(0.,0.,-1.));
#3793 = FACE_BOUND('',#3794,.T.);
#3794 = EDGE_LOOP('',(#3795,#3805,#3813,#3821));
#3795 = ORIENTED_EDGE('',*,*,#3796,.T.);
#3796 = EDGE_CURVE('',#3797,#3799,#3801,.T.);
#3797 = VERTEX_POINT('',#3798);
#3798 = CARTESIAN_POINT('',(-20.,49.980907696717,7.373589056934));
#3799 = VERTEX_POINT('',#3800);
#3800 = CARTESIAN_POINT('',(-20.,49.980907696717,10.074082715001));
#3801 = LINE('',#3802,#3803);
#3802 = CARTESIAN_POINT('',(-20.,49.980907696717,10.768341910704));
#3803 = VECTOR('',#3804,1.);
#3804 = DIRECTION('',(0.,0.,1.));
#3805 = ORIENTED_EDGE('',*,*,#3806,.T.);
#3806 = EDGE_CURVE('',#3799,#3807,#3809,.T.);
#3807 = VERTEX_POINT('',#3808);
#3808 = CARTESIAN_POINT('',(20.,49.980907696717,10.074082715001));
#3809 = LINE('',#3810,#3811);
#3810 = CARTESIAN_POINT('',(-28.5375,49.980907696717,10.074082715001));
#3811 = VECTOR('',#3812,1.);
#3812 = DIRECTION('',(1.,0.,0.));
#3813 = ORIENTED_EDGE('',*,*,#3814,.F.);
#3814 = EDGE_CURVE('',#3815,#3807,#3817,.T.);
#3815 = VERTEX_POINT('',#3816);
#3816 = CARTESIAN_POINT('',(20.,49.980907696717,7.373589056934));
#3817 = LINE('',#3818,#3819);
#3818 = CARTESIAN_POINT('',(20.,49.980907696717,10.768341910704));
#3819 = VECTOR('',#3820,1.);
#3820 = DIRECTION('',(0.,0.,1.));
#3821 = ORIENTED_EDGE('',*,*,#3822,.T.);
#3822 = EDGE_CURVE('',#3815,#3797,#3823,.T.);
#3823 = LINE('',#3824,#3825);
#3824 = CARTESIAN_POINT('',(-28.5375,49.980907696717,7.373589056934));
#3825 = VECTOR('',#3826,1.);
#3826 = DIRECTION('',(-1.,0.,0.));
#3827 = PLANE('',#3828);
#3828 = AXIS2_PLACEMENT_3D('',#3829,#3830,#3831);
#3829 = CARTESIAN_POINT('',(-37.075,49.980907696717,12.75626131319));
#3830 = DIRECTION('',(0.,-1.,0.));
#3831 = DIRECTION('',(1.,0.,0.));
#3832 = ADVANCED_FACE('',(#3833),#3859,.F.);
#3833 = FACE_BOUND('',#3834,.F.);
#3834 = EDGE_LOOP('',(#3835,#3843,#3851,#3857,#3858));
#3835 = ORIENTED_EDGE('',*,*,#3836,.T.);
#3836 = EDGE_CURVE('',#759,#3837,#3839,.T.);
#3837 = VERTEX_POINT('',#3838);
#3838 = CARTESIAN_POINT('',(-34.075,47.,8.6));
#3839 = LINE('',#3840,#3841);
#3840 = CARTESIAN_POINT('',(-34.075,47.,5.6));
#3841 = VECTOR('',#3842,1.);
#3842 = DIRECTION('',(0.,0.,1.));
#3843 = ORIENTED_EDGE('',*,*,#3844,.T.);
#3844 = EDGE_CURVE('',#3837,#3845,#3847,.T.);
#3845 = VERTEX_POINT('',#3846);
#3846 = CARTESIAN_POINT('',(-34.075,49.182645292605,8.6));
#3847 = LINE('',#3848,#3849);
#3848 = CARTESIAN_POINT('',(-34.075,47.,8.6));
#3849 = VECTOR('',#3850,1.);
#3850 = DIRECTION('',(0.,1.,0.));
#3851 = ORIENTED_EDGE('',*,*,#3852,.T.);
#3852 = EDGE_CURVE('',#3845,#3706,#3853,.T.);
#3853 = LINE('',#3854,#3855);
#3854 = CARTESIAN_POINT('',(-34.075,47.,8.6));
#3855 = VECTOR('',#3856,1.);
#3856 = DIRECTION('',(0.,1.,0.));
#3857 = ORIENTED_EDGE('',*,*,#3736,.F.);
#3858 = ORIENTED_EDGE('',*,*,#758,.F.);
#3859 = PLANE('',#3860);
#3860 = AXIS2_PLACEMENT_3D('',#3861,#3862,#3863);
#3861 = CARTESIAN_POINT('',(-34.075,47.,5.6));
#3862 = DIRECTION('',(-1.,0.,0.));
#3863 = DIRECTION('',(0.,1.,0.));
#3864 = ADVANCED_FACE('',(#3865),#3877,.T.);
#3865 = FACE_BOUND('',#3866,.T.);
#3866 = EDGE_LOOP('',(#3867,#3868,#3875,#3876));
#3867 = ORIENTED_EDGE('',*,*,#3836,.T.);
#3868 = ORIENTED_EDGE('',*,*,#3869,.T.);
#3869 = EDGE_CURVE('',#3837,#3094,#3870,.T.);
#3870 = CIRCLE('',#3871,0.9);
#3871 = AXIS2_PLACEMENT_3D('',#3872,#3873,#3874);
#3872 = CARTESIAN_POINT('',(-34.975,47.,8.6));
#3873 = DIRECTION('',(0.,0.,-1.));
#3874 = DIRECTION('',(1.,0.,0.));
#3875 = ORIENTED_EDGE('',*,*,#3093,.F.);
#3876 = ORIENTED_EDGE('',*,*,#766,.F.);
#3877 = CYLINDRICAL_SURFACE('',#3878,0.9);
#3878 = AXIS2_PLACEMENT_3D('',#3879,#3880,#3881);
#3879 = CARTESIAN_POINT('',(-34.975,47.,5.6));
#3880 = DIRECTION('',(0.,0.,-1.));
#3881 = DIRECTION('',(1.,0.,0.));
#3882 = ADVANCED_FACE('',(#3883),#3902,.F.);
#3883 = FACE_BOUND('',#3884,.F.);
#3884 = EDGE_LOOP('',(#3885,#3893,#3900,#3901));
#3885 = ORIENTED_EDGE('',*,*,#3886,.T.);
#3886 = EDGE_CURVE('',#776,#3887,#3889,.T.);
#3887 = VERTEX_POINT('',#3888);
#3888 = CARTESIAN_POINT('',(38.175,48.65,9.));
#3889 = LINE('',#3890,#3891);
#3890 = CARTESIAN_POINT('',(38.175,48.65,5.6));
#3891 = VECTOR('',#3892,1.);
#3892 = DIRECTION('',(0.,0.,1.));
#3893 = ORIENTED_EDGE('',*,*,#3894,.T.);
#3894 = EDGE_CURVE('',#3887,#3887,#3895,.T.);
#3895 = CIRCLE('',#3896,1.55);
#3896 = AXIS2_PLACEMENT_3D('',#3897,#3898,#3899);
#3897 = CARTESIAN_POINT('',(36.625,48.65,9.));
#3898 = DIRECTION('',(0.,0.,-1.));
#3899 = DIRECTION('',(1.,0.,0.));
#3900 = ORIENTED_EDGE('',*,*,#3886,.F.);
#3901 = ORIENTED_EDGE('',*,*,#775,.F.);
#3902 = CYLINDRICAL_SURFACE('',#3903,1.55);
#3903 = AXIS2_PLACEMENT_3D('',#3904,#3905,#3906);
#3904 = CARTESIAN_POINT('',(36.625,48.65,5.6));
#3905 = DIRECTION('',(0.,0.,-1.));
#3906 = DIRECTION('',(1.,0.,0.));
#3907 = ADVANCED_FACE('',(#3908),#3931,.F.);
#3908 = FACE_BOUND('',#3909,.F.);
#3909 = EDGE_LOOP('',(#3910,#3911,#3919,#3926,#3927,#3928,#3929,#3930));
#3910 = ORIENTED_EDGE('',*,*,#824,.F.);
#3911 = ORIENTED_EDGE('',*,*,#3912,.T.);
#3912 = EDGE_CURVE('',#789,#3913,#3915,.T.);
#3913 = VERTEX_POINT('',#3914);
#3914 = CARTESIAN_POINT('',(-35.075,48.65,9.));
#3915 = LINE('',#3916,#3917);
#3916 = CARTESIAN_POINT('',(-35.075,48.65,5.6));
#3917 = VECTOR('',#3918,1.);
#3918 = DIRECTION('',(0.,0.,1.));
#3919 = ORIENTED_EDGE('',*,*,#3920,.T.);
#3920 = EDGE_CURVE('',#3913,#3913,#3921,.T.);
#3921 = CIRCLE('',#3922,1.55);
#3922 = AXIS2_PLACEMENT_3D('',#3923,#3924,#3925);
#3923 = CARTESIAN_POINT('',(-36.625,48.65,9.));
#3924 = DIRECTION('',(0.,0.,-1.));
#3925 = DIRECTION('',(1.,0.,0.));
#3926 = ORIENTED_EDGE('',*,*,#3912,.F.);
#3927 = ORIENTED_EDGE('',*,*,#786,.F.);
#3928 = ORIENTED_EDGE('',*,*,#797,.F.);
#3929 = ORIENTED_EDGE('',*,*,#806,.F.);
#3930 = ORIENTED_EDGE('',*,*,#815,.F.);
#3931 = CYLINDRICAL_SURFACE('',#3932,1.55);
#3932 = AXIS2_PLACEMENT_3D('',#3933,#3934,#3935);
#3933 = CARTESIAN_POINT('',(-36.625,48.65,5.6));
#3934 = DIRECTION('',(0.,0.,-1.));
#3935 = DIRECTION('',(1.,0.,0.));
#3936 = ADVANCED_FACE('',(#3937),#3943,.T.);
#3937 = FACE_BOUND('',#3938,.T.);
#3938 = EDGE_LOOP('',(#3939,#3940,#3941,#3942));
#3939 = ORIENTED_EDGE('',*,*,#841,.T.);
#3940 = ORIENTED_EDGE('',*,*,#1034,.T.);
#3941 = ORIENTED_EDGE('',*,*,#2903,.F.);
#3942 = ORIENTED_EDGE('',*,*,#1368,.F.);
#3943 = CYLINDRICAL_SURFACE('',#3944,1.8);
#3944 = AXIS2_PLACEMENT_3D('',#3945,#3946,#3947);
#3945 = CARTESIAN_POINT('',(-32.74049424569,29.425000000013,
    10.492823599091));
#3946 = DIRECTION('',(1.,0.,0.));
#3947 = DIRECTION('',(0.,-0.453547313534,0.891232200039));
#3948 = ADVANCED_FACE('',(#3949),#3955,.T.);
#3949 = FACE_BOUND('',#3950,.T.);
#3950 = EDGE_LOOP('',(#3951,#3952,#3953,#3954));
#3951 = ORIENTED_EDGE('',*,*,#2766,.T.);
#3952 = ORIENTED_EDGE('',*,*,#2673,.T.);
#3953 = ORIENTED_EDGE('',*,*,#2473,.F.);
#3954 = ORIENTED_EDGE('',*,*,#1098,.F.);
#3955 = CYLINDRICAL_SURFACE('',#3956,1.8);
#3956 = AXIS2_PLACEMENT_3D('',#3957,#3958,#3959);
#3957 = CARTESIAN_POINT('',(-13.69049424569,29.425000000013,
    10.492823599091));
#3958 = DIRECTION('',(1.,0.,0.));
#3959 = DIRECTION('',(0.,-0.453547313534,0.891232200039));
#3960 = ADVANCED_FACE('',(#3961,#4024,#4128,#4162,#4215),#4268,.F.);
#3961 = FACE_BOUND('',#3962,.F.);
#3962 = EDGE_LOOP('',(#3963,#3964,#3972,#3991,#3999,#4018));
#3963 = ORIENTED_EDGE('',*,*,#1351,.F.);
#3964 = ORIENTED_EDGE('',*,*,#3965,.T.);
#3965 = EDGE_CURVE('',#1352,#3966,#3968,.T.);
#3966 = VERTEX_POINT('',#3967);
#3967 = CARTESIAN_POINT('',(-39.375,49.002504525276,14.607396922147));
#3968 = LINE('',#3969,#3970);
#3969 = CARTESIAN_POINT('',(-39.375,28.625,12.105353976714));
#3970 = VECTOR('',#3971,1.);
#3971 = DIRECTION('',(-3.4E-16,0.992546151641,0.121869343405));
#3972 = ORIENTED_EDGE('',*,*,#3973,.T.);
#3973 = EDGE_CURVE('',#3966,#3974,#3976,.T.);
#3974 = VERTEX_POINT('',#3975);
#3975 = CARTESIAN_POINT('',(-37.07499999999,51.405963078687,
    14.902504525276));
#3976 = B_SPLINE_CURVE_WITH_KNOTS('',7,(#3977,#3978,#3979,#3980,#3981,
    #3982,#3983,#3984,#3985,#3986,#3987,#3988,#3989,#3990),
  .UNSPECIFIED.,.F.,.F.,(8,6,8),(20.530536027548,20.628405550004,
    25.516533818942),.UNSPECIFIED.);
#3977 = CARTESIAN_POINT('',(-39.375,49.002504525276,14.607396922147));
#3978 = CARTESIAN_POINT('',(-39.375,49.016432450237,14.609107056298));
#3979 = CARTESIAN_POINT('',(-39.37499914544,49.030385401218,
    14.610820263257));
#3980 = CARTESIAN_POINT('',(-39.3750023349,49.044177176496,
    14.612513680329));
#3981 = CARTESIAN_POINT('',(-39.37499881579,49.058495562733,
    14.614271757096));
#3982 = CARTESIAN_POINT('',(-39.3749935641,49.071518332679,
    14.615870752185));
#3983 = CARTESIAN_POINT('',(-39.37502161361,49.088024727818,
    14.617897482664));
#3984 = CARTESIAN_POINT('',(-39.37399505093,49.620736421018,
    14.683306254002));
#3985 = CARTESIAN_POINT('',(-39.23898217923,50.136936424873,
    14.746687644813));
#3986 = CARTESIAN_POINT('',(-38.96789231958,50.613123464969,
    14.805156061439));
#3987 = CARTESIAN_POINT('',(-38.57740732714,51.001804792158,
    14.852880127529));
#3988 = CARTESIAN_POINT('',(-38.1046024392,51.271147812521,
    14.885951292017));
#3989 = CARTESIAN_POINT('',(-37.58976827583,51.405963078686,
    14.902504525276));
#3990 = CARTESIAN_POINT('',(-37.07499999999,51.405963078687,
    14.902504525276));
#3991 = ORIENTED_EDGE('',*,*,#3992,.T.);
#3992 = EDGE_CURVE('',#3974,#3993,#3995,.T.);
#3993 = VERTEX_POINT('',#3994);
#3994 = CARTESIAN_POINT('',(37.075,51.405963078687,14.902504525276));
#3995 = LINE('',#3996,#3997);
#3996 = CARTESIAN_POINT('',(-37.075,51.405963078687,14.902504525276));
#3997 = VECTOR('',#3998,1.);
#3998 = DIRECTION('',(1.,0.,0.));
#3999 = ORIENTED_EDGE('',*,*,#4000,.T.);
#4000 = EDGE_CURVE('',#3993,#4001,#4003,.T.);
#4001 = VERTEX_POINT('',#4002);
#4002 = CARTESIAN_POINT('',(39.375,49.002504525276,14.607396922147));
#4003 = B_SPLINE_CURVE_WITH_KNOTS('',7,(#4004,#4005,#4006,#4007,#4008,
    #4009,#4010,#4011,#4012,#4013,#4014,#4015,#4016,#4017),
  .UNSPECIFIED.,.F.,.F.,(8,6,8),(99.666533818931,104.55466208785,
    104.65253161031),.UNSPECIFIED.);
#4004 = CARTESIAN_POINT('',(37.074999999999,51.405963078687,
    14.902504525276));
#4005 = CARTESIAN_POINT('',(37.589768275828,51.405963078686,
    14.902504525276));
#4006 = CARTESIAN_POINT('',(38.104602439209,51.271147812523,
    14.885951292017));
#4007 = CARTESIAN_POINT('',(38.577407327136,51.001804792152,
    14.852880127528));
#4008 = CARTESIAN_POINT('',(38.967892319587,50.613123464979,
    14.805156061441));
#4009 = CARTESIAN_POINT('',(39.238982179237,50.136936424864,
    14.746687644812));
#4010 = CARTESIAN_POINT('',(39.373995050938,49.620736421022,
    14.683306254002));
#4011 = CARTESIAN_POINT('',(39.375021613614,49.088024727817,
    14.617897482664));
#4012 = CARTESIAN_POINT('',(39.374993564108,49.07151833268,
    14.615870752185));
#4013 = CARTESIAN_POINT('',(39.374998815796,49.058495562732,
    14.614271757095));
#4014 = CARTESIAN_POINT('',(39.3750023349,49.044177176497,
    14.612513680329));
#4015 = CARTESIAN_POINT('',(39.374999145448,49.030385401218,
    14.610820263257));
#4016 = CARTESIAN_POINT('',(39.375,49.016432450237,14.609107056298));
#4017 = CARTESIAN_POINT('',(39.375,49.002504525276,14.607396922147));
#4018 = ORIENTED_EDGE('',*,*,#4019,.T.);
#4019 = EDGE_CURVE('',#4001,#1343,#4020,.T.);
#4020 = LINE('',#4021,#4022);
#4021 = CARTESIAN_POINT('',(39.375,49.1,14.619367861201));
#4022 = VECTOR('',#4023,1.);
#4023 = DIRECTION('',(-0.,-0.992546151641,-0.121869343405));
#4024 = FACE_BOUND('',#4025,.F.);
#4025 = EDGE_LOOP('',(#4026,#4037,#4045,#4054,#4062,#4071,#4079,#4088,
    #4096,#4105,#4113,#4122));
#4026 = ORIENTED_EDGE('',*,*,#4027,.T.);
#4027 = EDGE_CURVE('',#4028,#4030,#4032,.T.);
#4028 = VERTEX_POINT('',#4029);
#4029 = CARTESIAN_POINT('',(26.731541095734,49.746372516516,
    14.698732426821));
#4030 = VERTEX_POINT('',#4031);
#4031 = CARTESIAN_POINT('',(26.631541095734,49.647117901352,
    14.686545492481));
#4032 = CIRCLE('',#4033,0.1);
#4033 = AXIS2_PLACEMENT_3D('',#4034,#4035,#4036);
#4034 = CARTESIAN_POINT('',(26.731541095734,49.647117901352,
    14.686545492481));
#4035 = DIRECTION('',(0.,-0.121869343405,0.992546151641));
#4036 = DIRECTION('',(-1.,0.,0.));
#4037 = ORIENTED_EDGE('',*,*,#4038,.T.);
#4038 = EDGE_CURVE('',#4030,#4039,#4041,.T.);
#4039 = VERTEX_POINT('',#4040);
#4040 = CARTESIAN_POINT('',(26.631541095734,48.335053467707,
    14.525444237119));
#4041 = LINE('',#4042,#4043);
#4042 = CARTESIAN_POINT('',(26.631541095734,45.079436258258,
    14.125704707589));
#4043 = VECTOR('',#4044,1.);
#4044 = DIRECTION('',(0.,-0.992546151641,-0.121869343405));
#4045 = ORIENTED_EDGE('',*,*,#4046,.T.);
#4046 = EDGE_CURVE('',#4039,#4047,#4049,.T.);
#4047 = VERTEX_POINT('',#4048);
#4048 = CARTESIAN_POINT('',(26.731541095734,48.235798852543,
    14.513257302779));
#4049 = CIRCLE('',#4050,0.1);
#4050 = AXIS2_PLACEMENT_3D('',#4051,#4052,#4053);
#4051 = CARTESIAN_POINT('',(26.731541095734,48.335053467707,
    14.525444237119));
#4052 = DIRECTION('',(0.,-0.121869343405,0.992546151641));
#4053 = DIRECTION('',(-1.,0.,0.));
#4054 = ORIENTED_EDGE('',*,*,#4055,.T.);
#4055 = EDGE_CURVE('',#4047,#4056,#4058,.T.);
#4056 = VERTEX_POINT('',#4057);
#4057 = CARTESIAN_POINT('',(28.112037548029,48.235798852543,
    14.513257302779));
#4058 = LINE('',#4059,#4060);
#4059 = CARTESIAN_POINT('',(13.315770547867,48.235798852543,
    14.513257302779));
#4060 = VECTOR('',#4061,1.);
#4061 = DIRECTION('',(1.,0.,0.));
#4062 = ORIENTED_EDGE('',*,*,#4063,.F.);
#4063 = EDGE_CURVE('',#4064,#4056,#4066,.T.);
#4064 = VERTEX_POINT('',#4065);
#4065 = CARTESIAN_POINT('',(28.182748226147,48.206727848826,
    14.509687832352));
#4066 = CIRCLE('',#4067,0.1);
#4067 = AXIS2_PLACEMENT_3D('',#4068,#4069,#4070);
#4068 = CARTESIAN_POINT('',(28.112037548029,48.136544237379,
    14.501070368438));
#4069 = DIRECTION('',(0.,-0.121869343405,0.992546151641));
#4070 = DIRECTION('',(0.,0.992546151641,0.121869343405));
#4071 = ORIENTED_EDGE('',*,*,#4072,.T.);
#4072 = EDGE_CURVE('',#4064,#4073,#4075,.T.);
#4073 = VERTEX_POINT('',#4074);
#4074 = CARTESIAN_POINT('',(29.058906628969,47.337100197877,
    14.402910983082));
#4075 = LINE('',#4076,#4077);
#4076 = CARTESIAN_POINT('',(23.085606793559,53.265875962113,
    15.130873111985));
#4077 = VECTOR('',#4078,1.);
#4078 = DIRECTION('',(0.707106781187,-0.701836114466,-8.617463914053E-02
    ));
#4079 = ORIENTED_EDGE('',*,*,#4080,.T.);
#4080 = EDGE_CURVE('',#4073,#4081,#4083,.T.);
#4081 = VERTEX_POINT('',#4082);
#4082 = CARTESIAN_POINT('',(29.229617307087,47.407283809324,
    14.411528446996));
#4083 = CIRCLE('',#4084,0.1);
#4084 = AXIS2_PLACEMENT_3D('',#4085,#4086,#4087);
#4085 = CARTESIAN_POINT('',(29.129617307087,47.407283809324,
    14.411528446996));
#4086 = DIRECTION('',(6.938893903907E-18,-0.121869343405,0.992546151641)
  );
#4087 = DIRECTION('',(-0.707106781187,-0.701836114466,
    -8.617463914053E-02));
#4088 = ORIENTED_EDGE('',*,*,#4089,.T.);
#4089 = EDGE_CURVE('',#4081,#4090,#4092,.T.);
#4090 = VERTEX_POINT('',#4091);
#4091 = CARTESIAN_POINT('',(29.229617307087,50.574887559735,
    14.800461282604));
#4092 = LINE('',#4093,#4094);
#4093 = CARTESIAN_POINT('',(29.229617307087,43.790080985633,
    13.967391786592));
#4094 = VECTOR('',#4095,1.);
#4095 = DIRECTION('',(0.,0.992546151641,0.121869343405));
#4096 = ORIENTED_EDGE('',*,*,#4097,.T.);
#4097 = EDGE_CURVE('',#4090,#4098,#4100,.T.);
#4098 = VERTEX_POINT('',#4099);
#4099 = CARTESIAN_POINT('',(29.058906628969,50.645071171182,
    14.809078746518));
#4100 = CIRCLE('',#4101,0.1);
#4101 = AXIS2_PLACEMENT_3D('',#4102,#4103,#4104);
#4102 = CARTESIAN_POINT('',(29.129617307087,50.574887559735,
    14.800461282604));
#4103 = DIRECTION('',(0.,-0.121869343405,0.992546151641));
#4104 = DIRECTION('',(1.,0.,0.));
#4105 = ORIENTED_EDGE('',*,*,#4106,.F.);
#4106 = EDGE_CURVE('',#4107,#4098,#4109,.T.);
#4107 = VERTEX_POINT('',#4108);
#4108 = CARTESIAN_POINT('',(28.182748226147,49.775443520233,
    14.702301897248));
#4109 = LINE('',#4110,#4111);
#4110 = CARTESIAN_POINT('',(18.764102110707,40.427002564682,
    13.554457679393));
#4111 = VECTOR('',#4112,1.);
#4112 = DIRECTION('',(0.707106781187,0.701836114466,8.617463914053E-02)
  );
#4113 = ORIENTED_EDGE('',*,*,#4114,.F.);
#4114 = EDGE_CURVE('',#4115,#4107,#4117,.T.);
#4115 = VERTEX_POINT('',#4116);
#4116 = CARTESIAN_POINT('',(28.112037548029,49.746372516516,
    14.698732426821));
#4117 = CIRCLE('',#4118,0.1);
#4118 = AXIS2_PLACEMENT_3D('',#4119,#4120,#4121);
#4119 = CARTESIAN_POINT('',(28.112037548029,49.84562713168,
    14.710919361162));
#4120 = DIRECTION('',(-6.938893903907E-18,-0.121869343405,0.992546151641
    ));
#4121 = DIRECTION('',(0.707106781187,-0.701836114466,-8.617463914053E-02
    ));
#4122 = ORIENTED_EDGE('',*,*,#4123,.T.);
#4123 = EDGE_CURVE('',#4115,#4028,#4124,.T.);
#4124 = LINE('',#4125,#4126);
#4125 = CARTESIAN_POINT('',(14.076729452133,49.746372516516,
    14.698732426821));
#4126 = VECTOR('',#4127,1.);
#4127 = DIRECTION('',(-1.,0.,0.));
#4128 = FACE_BOUND('',#4129,.F.);
#4129 = EDGE_LOOP('',(#4130,#4140,#4148,#4156));
#4130 = ORIENTED_EDGE('',*,*,#4131,.T.);
#4131 = EDGE_CURVE('',#4132,#4134,#4136,.T.);
#4132 = VERTEX_POINT('',#4133);
#4133 = CARTESIAN_POINT('',(15.41,47.967667975355,14.480334970759));
#4134 = VERTEX_POINT('',#4135);
#4135 = CARTESIAN_POINT('',(-15.41,47.967667975355,14.480334970759));
#4136 = LINE('',#4137,#4138);
#4137 = CARTESIAN_POINT('',(15.41,47.967667975355,14.480334970759));
#4138 = VECTOR('',#4139,1.);
#4139 = DIRECTION('',(-1.,0.,0.));
#4140 = ORIENTED_EDGE('',*,*,#4141,.T.);
#4141 = EDGE_CURVE('',#4134,#4142,#4144,.T.);
#4142 = VERTEX_POINT('',#4143);
#4143 = CARTESIAN_POINT('',(-15.41,31.987674933929,12.518238541936));
#4144 = LINE('',#4145,#4146);
#4145 = CARTESIAN_POINT('',(-15.41,47.967667975355,14.480334970759));
#4146 = VECTOR('',#4147,1.);
#4147 = DIRECTION('',(0.,-0.992546151641,-0.121869343405));
#4148 = ORIENTED_EDGE('',*,*,#4149,.T.);
#4149 = EDGE_CURVE('',#4142,#4150,#4152,.T.);
#4150 = VERTEX_POINT('',#4151);
#4151 = CARTESIAN_POINT('',(15.41,31.987674933929,12.518238541936));
#4152 = LINE('',#4153,#4154);
#4153 = CARTESIAN_POINT('',(-15.41,31.987674933929,12.518238541936));
#4154 = VECTOR('',#4155,1.);
#4155 = DIRECTION('',(1.,0.,0.));
#4156 = ORIENTED_EDGE('',*,*,#4157,.T.);
#4157 = EDGE_CURVE('',#4150,#4132,#4158,.T.);
#4158 = LINE('',#4159,#4160);
#4159 = CARTESIAN_POINT('',(15.41,31.987674933929,12.518238541936));
#4160 = VECTOR('',#4161,1.);
#4161 = DIRECTION('',(0.,0.992546151641,0.121869343405));
#4162 = FACE_BOUND('',#4163,.F.);
#4163 = EDGE_LOOP('',(#4164,#4175,#4183,#4192,#4200,#4209));
#4164 = ORIENTED_EDGE('',*,*,#4165,.T.);
#4165 = EDGE_CURVE('',#4166,#4168,#4170,.T.);
#4166 = VERTEX_POINT('',#4167);
#4167 = CARTESIAN_POINT('',(-26.30589745962,47.850612334651,
    14.465962345314));
#4168 = VERTEX_POINT('',#4169);
#4169 = CARTESIAN_POINT('',(-26.21929491924,47.701730411905,
    14.447681943803));
#4170 = CIRCLE('',#4171,0.1);
#4171 = AXIS2_PLACEMENT_3D('',#4172,#4173,#4174);
#4172 = CARTESIAN_POINT('',(-26.21929491924,47.800985027069,
    14.459868878143));
#4173 = DIRECTION('',(0.,-0.121869343405,0.992546151641));
#4174 = DIRECTION('',(0.,-0.992546151641,-0.121869343405));
#4175 = ORIENTED_EDGE('',*,*,#4176,.T.);
#4176 = EDGE_CURVE('',#4168,#4177,#4179,.T.);
#4177 = VERTEX_POINT('',#4178);
#4178 = CARTESIAN_POINT('',(-23.56570508075,47.701730411905,
    14.447681943803));
#4179 = LINE('',#4180,#4181);
#4180 = CARTESIAN_POINT('',(-13.19625,47.701730411905,14.447681943803));
#4181 = VECTOR('',#4182,1.);
#4182 = DIRECTION('',(1.,0.,0.));
#4183 = ORIENTED_EDGE('',*,*,#4184,.T.);
#4184 = EDGE_CURVE('',#4177,#4185,#4187,.T.);
#4185 = VERTEX_POINT('',#4186);
#4186 = CARTESIAN_POINT('',(-23.47910254037,47.850612334651,
    14.465962345314));
#4187 = CIRCLE('',#4188,0.1);
#4188 = AXIS2_PLACEMENT_3D('',#4189,#4190,#4191);
#4189 = CARTESIAN_POINT('',(-23.56570508075,47.800985027069,
    14.459868878143));
#4190 = DIRECTION('',(0.,-0.121869343405,0.992546151641));
#4191 = DIRECTION('',(0.,-0.992546151641,-0.121869343405));
#4192 = ORIENTED_EDGE('',*,*,#4193,.T.);
#4193 = EDGE_CURVE('',#4185,#4194,#4196,.T.);
#4194 = VERTEX_POINT('',#4195);
#4195 = CARTESIAN_POINT('',(-24.80589745962,50.131559034408,
    14.746027384286));
#4196 = LINE('',#4197,#4198);
#4197 = CARTESIAN_POINT('',(-18.87842108103,39.941395138294,
    13.494832584773));
#4198 = VECTOR('',#4199,1.);
#4199 = DIRECTION('',(-0.5,0.85957018175,0.105541947331));
#4200 = ORIENTED_EDGE('',*,*,#4201,.T.);
#4201 = EDGE_CURVE('',#4194,#4202,#4204,.T.);
#4202 = VERTEX_POINT('',#4203);
#4203 = CARTESIAN_POINT('',(-24.97910254037,50.131559034408,
    14.746027384286));
#4204 = CIRCLE('',#4205,0.1);
#4205 = AXIS2_PLACEMENT_3D('',#4206,#4207,#4208);
#4206 = CARTESIAN_POINT('',(-24.8925,50.081931726826,14.739933917116));
#4207 = DIRECTION('',(-6.938893903907E-18,-0.121869343405,0.992546151641
    ));
#4208 = DIRECTION('',(0.866025403784,0.496273075821,6.093467170257E-02)
  );
#4209 = ORIENTED_EDGE('',*,*,#4210,.T.);
#4210 = EDGE_CURVE('',#4202,#4166,#4211,.T.);
#4211 = LINE('',#4212,#4213);
#4212 = CARTESIAN_POINT('',(-23.93345391896,51.929175785523,
    14.966746967744));
#4213 = VECTOR('',#4214,1.);
#4214 = DIRECTION('',(-0.5,-0.85957018175,-0.105541947331));
#4215 = FACE_BOUND('',#4216,.F.);
#4216 = EDGE_LOOP('',(#4217,#4228,#4236,#4245,#4253,#4262));
#4217 = ORIENTED_EDGE('',*,*,#4218,.T.);
#4218 = EDGE_CURVE('',#4219,#4221,#4223,.T.);
#4219 = VERTEX_POINT('',#4220);
#4220 = CARTESIAN_POINT('',(-31.21929491924,50.280440957154,
    14.764307785797));
#4221 = VERTEX_POINT('',#4222);
#4222 = CARTESIAN_POINT('',(-31.30589745962,50.131559034408,
    14.746027384286));
#4223 = CIRCLE('',#4224,0.1);
#4224 = AXIS2_PLACEMENT_3D('',#4225,#4226,#4227);
#4225 = CARTESIAN_POINT('',(-31.21929491924,50.18118634199,
    14.752120851456));
#4226 = DIRECTION('',(0.,-0.121869343405,0.992546151641));
#4227 = DIRECTION('',(-0.866025403784,-0.496273075821,
    -6.093467170258E-02));
#4228 = ORIENTED_EDGE('',*,*,#4229,.T.);
#4229 = EDGE_CURVE('',#4221,#4230,#4232,.T.);
#4230 = VERTEX_POINT('',#4231);
#4231 = CARTESIAN_POINT('',(-29.97910254037,47.850612334651,
    14.465962345314));
#4232 = LINE('',#4233,#4234);
#4233 = CARTESIAN_POINT('',(-25.31592108103,39.833948865575,
    13.481639841357));
#4234 = VECTOR('',#4235,1.);
#4235 = DIRECTION('',(0.5,-0.85957018175,-0.105541947331));
#4236 = ORIENTED_EDGE('',*,*,#4237,.T.);
#4237 = EDGE_CURVE('',#4230,#4238,#4240,.T.);
#4238 = VERTEX_POINT('',#4239);
#4239 = CARTESIAN_POINT('',(-29.80589745962,47.850612334651,
    14.465962345314));
#4240 = CIRCLE('',#4241,0.1);
#4241 = AXIS2_PLACEMENT_3D('',#4242,#4243,#4244);
#4242 = CARTESIAN_POINT('',(-29.8925,47.900239642233,14.472055812484));
#4243 = DIRECTION('',(0.,-0.121869343405,0.992546151641));
#4244 = DIRECTION('',(-0.866025403784,-0.496273075821,
    -6.093467170258E-02));
#4245 = ORIENTED_EDGE('',*,*,#4246,.T.);
#4246 = EDGE_CURVE('',#4238,#4247,#4249,.T.);
#4247 = VERTEX_POINT('',#4248);
#4248 = CARTESIAN_POINT('',(-28.47910254037,50.131559034408,
    14.746027384286));
#4249 = LINE('',#4250,#4251);
#4250 = CARTESIAN_POINT('',(-27.74595391896,51.391944421929,
    14.900783250661));
#4251 = VECTOR('',#4252,1.);
#4252 = DIRECTION('',(0.5,0.85957018175,0.105541947331));
#4253 = ORIENTED_EDGE('',*,*,#4254,.T.);
#4254 = EDGE_CURVE('',#4247,#4255,#4257,.T.);
#4255 = VERTEX_POINT('',#4256);
#4256 = CARTESIAN_POINT('',(-28.56570508075,50.280440957154,
    14.764307785797));
#4257 = CIRCLE('',#4258,0.1);
#4258 = AXIS2_PLACEMENT_3D('',#4259,#4260,#4261);
#4259 = CARTESIAN_POINT('',(-28.56570508075,50.18118634199,
    14.752120851456));
#4260 = DIRECTION('',(-6.938893903907E-18,-0.121869343405,0.992546151641
    ));
#4261 = DIRECTION('',(0.866025403784,-0.496273075821,-6.093467170257E-02
    ));
#4262 = ORIENTED_EDGE('',*,*,#4263,.T.);
#4263 = EDGE_CURVE('',#4255,#4219,#4264,.T.);
#4264 = LINE('',#4265,#4266);
#4265 = CARTESIAN_POINT('',(-14.19625,50.280440957155,14.764307785797));
#4266 = VECTOR('',#4267,1.);
#4267 = DIRECTION('',(-1.,-3.995990806508E-14,-4.906459765491E-15));
#4268 = PLANE('',#4269);
#4269 = AXIS2_PLACEMENT_3D('',#4270,#4271,#4272);
#4270 = CARTESIAN_POINT('',(0.,40.4125,13.552676988357));
#4271 = DIRECTION('',(0.,0.121869343405,-0.992546151641));
#4272 = DIRECTION('',(0.,-0.992546151641,-0.121869343405));
#4273 = ADVANCED_FACE('',(#4274),#4280,.T.);
#4274 = FACE_BOUND('',#4275,.T.);
#4275 = EDGE_LOOP('',(#4276,#4277,#4278,#4279));
#4276 = ORIENTED_EDGE('',*,*,#2336,.T.);
#4277 = ORIENTED_EDGE('',*,*,#2243,.T.);
#4278 = ORIENTED_EDGE('',*,*,#2043,.F.);
#4279 = ORIENTED_EDGE('',*,*,#1195,.F.);
#4280 = CYLINDRICAL_SURFACE('',#4281,1.8);
#4281 = AXIS2_PLACEMENT_3D('',#4282,#4283,#4284);
#4282 = CARTESIAN_POINT('',(5.359505754304,29.425000000013,
    10.492823599091));
#4283 = DIRECTION('',(1.,0.,0.));
#4284 = DIRECTION('',(0.,-0.453547313534,0.891232200039));
#4285 = ADVANCED_FACE('',(#4286),#4292,.T.);
#4286 = FACE_BOUND('',#4287,.T.);
#4287 = EDGE_LOOP('',(#4288,#4289,#4290,#4291));
#4288 = ORIENTED_EDGE('',*,*,#1906,.T.);
#4289 = ORIENTED_EDGE('',*,*,#1813,.T.);
#4290 = ORIENTED_EDGE('',*,*,#1613,.F.);
#4291 = ORIENTED_EDGE('',*,*,#1292,.F.);
#4292 = CYLINDRICAL_SURFACE('',#4293,1.8);
#4293 = AXIS2_PLACEMENT_3D('',#4294,#4295,#4296);
#4294 = CARTESIAN_POINT('',(24.409505754304,29.425000000013,
    10.492823599091));
#4295 = DIRECTION('',(1.,0.,0.));
#4296 = DIRECTION('',(0.,-0.453547313534,0.891232200039));
#4297 = ADVANCED_FACE('',(#4298),#4309,.F.);
#4298 = FACE_BOUND('',#4299,.F.);
#4299 = EDGE_LOOP('',(#4300,#4301,#4307,#4308));
#4300 = ORIENTED_EDGE('',*,*,#1451,.T.);
#4301 = ORIENTED_EDGE('',*,*,#4302,.T.);
#4302 = EDGE_CURVE('',#1452,#3966,#4303,.T.);
#4303 = LINE('',#4304,#4305);
#4304 = CARTESIAN_POINT('',(-39.775,49.051252262638,14.21037846149));
#4305 = VECTOR('',#4306,1.);
#4306 = DIRECTION('',(0.707106781187,-8.617463914053E-02,0.701836114466)
  );
#4307 = ORIENTED_EDGE('',*,*,#3965,.F.);
#4308 = ORIENTED_EDGE('',*,*,#1425,.F.);
#4309 = PLANE('',#4310);
#4310 = AXIS2_PLACEMENT_3D('',#4311,#4312,#4313);
#4311 = CARTESIAN_POINT('',(-39.775,28.673747737362,11.708335516057));
#4312 = DIRECTION('',(0.707106781187,8.617463914053E-02,-0.701836114466)
  );
#4313 = DIRECTION('',(-4.302114220422E-16,0.992546151641,0.121869343405)
  );
#4314 = ADVANCED_FACE('',(#4315),#4325,.T.);
#4315 = FACE_BOUND('',#4316,.T.);
#4316 = EDGE_LOOP('',(#4317,#4318,#4319,#4324));
#4317 = ORIENTED_EDGE('',*,*,#4302,.T.);
#4318 = ORIENTED_EDGE('',*,*,#3973,.T.);
#4319 = ORIENTED_EDGE('',*,*,#4320,.F.);
#4320 = EDGE_CURVE('',#1479,#3974,#4321,.T.);
#4321 = B_SPLINE_CURVE_WITH_KNOTS('',1,(#4322,#4323),.UNSPECIFIED.,.F.,
  .F.,(2,2),(0.,4.985997791395),.PIECEWISE_BEZIER_KNOTS.);
#4322 = CARTESIAN_POINT('',(-37.075,52.2,14.2));
#4323 = CARTESIAN_POINT('',(-37.07499999999,51.405963078687,
    14.902504525276));
#4324 = ORIENTED_EDGE('',*,*,#1486,.F.);
#4325 = B_SPLINE_SURFACE_WITH_KNOTS('',1,7,(
    (#4326,#4327,#4328,#4329,#4330,#4331,#4332,#4333,#4334,#4335,#4336
      ,#4337,#4338,#4339)
    ,(#4340,#4341,#4342,#4343,#4344,#4345,#4346,#4347,#4348,#4349,#4350
      ,#4351,#4352,#4353
    )),.UNSPECIFIED.,.F.,.F.,.F.,(2,2),(8,6,8),(0.,4.985997791395),(
    20.530536027548,20.628405550004,25.516533818942),.UNSPECIFIED.);
#4326 = CARTESIAN_POINT('',(-40.175,49.1,13.813360000834));
#4327 = CARTESIAN_POINT('',(-40.175,49.11392792496,13.815070134984));
#4328 = CARTESIAN_POINT('',(-40.17492697917,49.127856129121,
    13.816780309657));
#4329 = CARTESIAN_POINT('',(-40.17478104106,49.141782634142,
    13.81849023896));
#4330 = CARTESIAN_POINT('',(-40.17456183855,49.155714087403,
    13.820200919422));
#4331 = CARTESIAN_POINT('',(-40.1742700379,49.169636053643,
    13.821910386483));
#4332 = CARTESIAN_POINT('',(-40.1739045955,49.183571988366,
    13.823622037311));
#4333 = CARTESIAN_POINT('',(-40.1515904591,49.892751546495,
    13.910738790838));
#4334 = CARTESIAN_POINT('',(-39.94773901559,50.577381920803,
    13.995483459936));
#4335 = CARTESIAN_POINT('',(-39.56934970888,51.191577940053,
    14.072458513095));
#4336 = CARTESIAN_POINT('',(-39.04571234085,51.688145709628,
    14.13505361891));
#4337 = CARTESIAN_POINT('',(-38.42219161274,52.029128839562,
    14.178344425464));
#4338 = CARTESIAN_POINT('',(-37.74859305683,52.2,14.2));
#4339 = CARTESIAN_POINT('',(-37.075,52.2,14.2));
#4340 = CARTESIAN_POINT('',(-39.375,49.002504525276,14.607396922147));
#4341 = CARTESIAN_POINT('',(-39.375,49.016432450237,14.609107056298));
#4342 = CARTESIAN_POINT('',(-39.37499914544,49.030385401218,
    14.610820263257));
#4343 = CARTESIAN_POINT('',(-39.3750023349,49.044177176496,
    14.612513680329));
#4344 = CARTESIAN_POINT('',(-39.37499881579,49.058495562733,
    14.614271757096));
#4345 = CARTESIAN_POINT('',(-39.3749935641,49.071518332679,
    14.615870752185));
#4346 = CARTESIAN_POINT('',(-39.37502161361,49.088024727818,
    14.617897482664));
#4347 = CARTESIAN_POINT('',(-39.37399505093,49.620736421018,
    14.683306254002));
#4348 = CARTESIAN_POINT('',(-39.23898217923,50.136936424873,
    14.746687644813));
#4349 = CARTESIAN_POINT('',(-38.96789231958,50.613123464969,
    14.805156061439));
#4350 = CARTESIAN_POINT('',(-38.57740732714,51.001804792158,
    14.852880127529));
#4351 = CARTESIAN_POINT('',(-38.1046024392,51.271147812521,
    14.885951292017));
#4352 = CARTESIAN_POINT('',(-37.58976827583,51.405963078686,
    14.902504525276));
#4353 = CARTESIAN_POINT('',(-37.07499999999,51.405963078687,
    14.902504525276));
#4354 = ADVANCED_FACE('',(#4355),#4366,.F.);
#4355 = FACE_BOUND('',#4356,.F.);
#4356 = EDGE_LOOP('',(#4357,#4358,#4359,#4365));
#4357 = ORIENTED_EDGE('',*,*,#4320,.F.);
#4358 = ORIENTED_EDGE('',*,*,#1512,.T.);
#4359 = ORIENTED_EDGE('',*,*,#4360,.T.);
#4360 = EDGE_CURVE('',#1513,#3993,#4361,.T.);
#4361 = LINE('',#4362,#4363);
#4362 = CARTESIAN_POINT('',(37.075,51.802981539343,14.551252262638));
#4363 = VECTOR('',#4364,1.);
#4364 = DIRECTION('',(0.,-0.748955720789,0.662620048216));
#4365 = ORIENTED_EDGE('',*,*,#3992,.F.);
#4366 = PLANE('',#4367);
#4367 = AXIS2_PLACEMENT_3D('',#4368,#4369,#4370);
#4368 = CARTESIAN_POINT('',(-37.075,51.802981539343,14.551252262638));
#4369 = DIRECTION('',(0.,-0.662620048216,-0.748955720789));
#4370 = DIRECTION('',(1.,0.,0.));
#4371 = ADVANCED_FACE('',(#4372),#4382,.T.);
#4372 = FACE_BOUND('',#4373,.T.);
#4373 = EDGE_LOOP('',(#4374,#4375,#4376,#4381));
#4374 = ORIENTED_EDGE('',*,*,#4360,.T.);
#4375 = ORIENTED_EDGE('',*,*,#4000,.T.);
#4376 = ORIENTED_EDGE('',*,*,#4377,.F.);
#4377 = EDGE_CURVE('',#1538,#4001,#4378,.T.);
#4378 = B_SPLINE_CURVE_WITH_KNOTS('',1,(#4379,#4380),.UNSPECIFIED.,.F.,
  .F.,(2,2),(0.,4.985997791382),.PIECEWISE_BEZIER_KNOTS.);
#4379 = CARTESIAN_POINT('',(40.175,49.1,13.813360000834));
#4380 = CARTESIAN_POINT('',(39.375,49.002504525276,14.607396922147));
#4381 = ORIENTED_EDGE('',*,*,#1545,.F.);
#4382 = B_SPLINE_SURFACE_WITH_KNOTS('',1,7,(
    (#4383,#4384,#4385,#4386,#4387,#4388,#4389,#4390,#4391,#4392,#4393
      ,#4394,#4395,#4396)
    ,(#4397,#4398,#4399,#4400,#4401,#4402,#4403,#4404,#4405,#4406,#4407
      ,#4408,#4409,#4410
    )),.UNSPECIFIED.,.F.,.F.,.F.,(2,2),(8,6,8),(0.,4.985997791382),(
    99.666533818931,104.55466208785,104.65253161031),.UNSPECIFIED.);
#4383 = CARTESIAN_POINT('',(37.075,52.2,14.2));
#4384 = CARTESIAN_POINT('',(37.748593056833,52.2,14.2));
#4385 = CARTESIAN_POINT('',(38.422191612744,52.029128839563,
    14.178344425464));
#4386 = CARTESIAN_POINT('',(39.045712340854,51.688145709626,
    14.13505361891));
#4387 = CARTESIAN_POINT('',(39.569349708891,51.191577940054,
    14.072458513095));
#4388 = CARTESIAN_POINT('',(39.947739015598,50.577381920802,
    13.995483459936));
#4389 = CARTESIAN_POINT('',(40.151590459107,49.892751546496,
    13.910738790838));
#4390 = CARTESIAN_POINT('',(40.173904595504,49.183571988365,
    13.823622037311));
#4391 = CARTESIAN_POINT('',(40.174270037903,49.169636053645,
    13.821910386483));
#4392 = CARTESIAN_POINT('',(40.174561838558,49.155714087401,
    13.820200919422));
#4393 = CARTESIAN_POINT('',(40.174781041066,49.141782634143,
    13.81849023896));
#4394 = CARTESIAN_POINT('',(40.174926979173,49.127856129119,
    13.816780309657));
#4395 = CARTESIAN_POINT('',(40.175,49.113927924961,13.815070134985));
#4396 = CARTESIAN_POINT('',(40.175,49.1,13.813360000834));
#4397 = CARTESIAN_POINT('',(37.074999999999,51.405963078687,
    14.902504525276));
#4398 = CARTESIAN_POINT('',(37.589768275828,51.405963078686,
    14.902504525276));
#4399 = CARTESIAN_POINT('',(38.104602439209,51.271147812523,
    14.885951292017));
#4400 = CARTESIAN_POINT('',(38.577407327136,51.001804792152,
    14.852880127528));
#4401 = CARTESIAN_POINT('',(38.967892319587,50.613123464979,
    14.805156061441));
#4402 = CARTESIAN_POINT('',(39.238982179237,50.136936424864,
    14.746687644812));
#4403 = CARTESIAN_POINT('',(39.373995050938,49.620736421022,
    14.683306254002));
#4404 = CARTESIAN_POINT('',(39.375021613614,49.088024727817,
    14.617897482664));
#4405 = CARTESIAN_POINT('',(39.374993564108,49.07151833268,
    14.615870752185));
#4406 = CARTESIAN_POINT('',(39.374998815796,49.058495562732,
    14.614271757095));
#4407 = CARTESIAN_POINT('',(39.3750023349,49.044177176497,
    14.612513680329));
#4408 = CARTESIAN_POINT('',(39.374999145448,49.030385401218,
    14.610820263257));
#4409 = CARTESIAN_POINT('',(39.375,49.016432450237,14.609107056298));
#4410 = CARTESIAN_POINT('',(39.375,49.002504525276,14.607396922147));
#4411 = ADVANCED_FACE('',(#4412),#4418,.F.);
#4412 = FACE_BOUND('',#4413,.F.);
#4413 = EDGE_LOOP('',(#4414,#4415,#4416,#4417));
#4414 = ORIENTED_EDGE('',*,*,#1570,.T.);
#4415 = ORIENTED_EDGE('',*,*,#1595,.F.);
#4416 = ORIENTED_EDGE('',*,*,#4019,.F.);
#4417 = ORIENTED_EDGE('',*,*,#4377,.F.);
#4418 = PLANE('',#4419);
#4419 = AXIS2_PLACEMENT_3D('',#4420,#4421,#4422);
#4420 = CARTESIAN_POINT('',(39.775,49.148747737362,14.222349400544));
#4421 = DIRECTION('',(-0.707106781187,8.617463914053E-02,-0.701836114466
    ));
#4422 = DIRECTION('',(-2.081668171172E-17,-0.992546151641,
    -0.121869343405));
#4423 = ADVANCED_FACE('',(#4424),#4480,.T.);
#4424 = FACE_BOUND('',#4425,.T.);
#4425 = EDGE_LOOP('',(#4426,#4427,#4434,#4479));
#4426 = ORIENTED_EDGE('',*,*,#3101,.F.);
#4427 = ORIENTED_EDGE('',*,*,#4428,.T.);
#4428 = EDGE_CURVE('',#3094,#4429,#4431,.T.);
#4429 = VERTEX_POINT('',#4430);
#4430 = CARTESIAN_POINT('',(-37.86270919483,49.660826356024,
    12.36499974018));
#4431 = B_SPLINE_CURVE_WITH_KNOTS('',1,(#4432,#4433),.UNSPECIFIED.,.F.,
  .F.,(2,2),(0.,1.),.PIECEWISE_BEZIER_KNOTS.);
#4432 = CARTESIAN_POINT('',(-34.975,46.1,8.6));
#4433 = CARTESIAN_POINT('',(-38.04295154753,49.883082711027,12.6));
#4434 = ORIENTED_EDGE('',*,*,#4435,.T.);
#4435 = EDGE_CURVE('',#4429,#3143,#4436,.T.);
#4436 = B_SPLINE_CURVE_WITH_KNOTS('',6,(#4437,#4438,#4439,#4440,#4441,
    #4442,#4443,#4444,#4445,#4446,#4447,#4448,#4449,#4450,#4451,#4452,
    #4453,#4454,#4455,#4456,#4457,#4458,#4459,#4460,#4461,#4462,#4463,
    #4464,#4465,#4466,#4467,#4468,#4469,#4470,#4471,#4472,#4473,#4474,
    #4475,#4476,#4477,#4478),.UNSPECIFIED.,.F.,.F.,(7,5,5,5,5,5,5,5,7),(
    0.,0.245170415109,0.42013191356,0.579798756592,0.697693666525,
    0.787561547846,0.831089103002,0.91517107499,1.),.UNSPECIFIED.);
#4437 = CARTESIAN_POINT('',(-37.86270919483,49.660826356024,
    12.36499974018));
#4438 = CARTESIAN_POINT('',(-37.87375030804,49.650046624665,
    12.353601912342));
#4439 = CARTESIAN_POINT('',(-37.88512265689,49.638586703322,
    12.341484893267));
#4440 = CARTESIAN_POINT('',(-37.89685420889,49.626357653704,
    12.328554645052));
#4441 = CARTESIAN_POINT('',(-37.90897603185,49.613248211142,
    12.314693523249));
#4442 = CARTESIAN_POINT('',(-37.92152328089,49.599118728408,
    12.299753873432));
#4443 = CARTESIAN_POINT('',(-37.94382265689,49.572811516754,
    12.271938238762));
#4444 = CARTESIAN_POINT('',(-37.95334575717,49.561234381336,
    12.259697284701));
#4445 = CARTESIAN_POINT('',(-37.96312026525,49.548960823638,
    12.246719976368));
#4446 = CARTESIAN_POINT('',(-37.97316128188,49.535903520963,
    12.232913984088));
#4447 = CARTESIAN_POINT('',(-37.9834832466,49.521950730389,
    12.218161157741));
#4448 = CARTESIAN_POINT('',(-38.00378661787,49.493269043519,
    12.187834898379));
#4449 = CARTESIAN_POINT('',(-38.01371735728,49.478716521629,
    12.172447952862));
#4450 = CARTESIAN_POINT('',(-38.02390218501,49.463182020996,
    12.156022723154));
#4451 = CARTESIAN_POINT('',(-38.03434640343,49.446526858201,
    12.138412573901));
#4452 = CARTESIAN_POINT('',(-38.04504798267,49.42858206322,
    12.119438846545));
#4453 = CARTESIAN_POINT('',(-38.06406367812,49.394745774547,
    12.083662426881));
#4454 = CARTESIAN_POINT('',(-38.07226839983,49.379548141963,
    12.06759338082));
#4455 = CARTESIAN_POINT('',(-38.08059296663,49.363431699833,
    12.050552841809));
#4456 = CARTESIAN_POINT('',(-38.08902052505,49.346292311091,
    12.03243070169));
#4457 = CARTESIAN_POINT('',(-38.09751918367,49.328012965037,
    12.013103240517));
#4458 = CARTESIAN_POINT('',(-38.11252795842,49.293558569417,
    11.976673272418));
#4459 = CARTESIAN_POINT('',(-38.11902941127,49.277918559496,
    11.96013648365));
#4460 = CARTESIAN_POINT('',(-38.12551639525,49.261485168273,
    11.942760822076));
#4461 = CARTESIAN_POINT('',(-38.13195419898,49.244202505973,
    11.92448719327));
#4462 = CARTESIAN_POINT('',(-38.13829549316,49.226022858585,
    11.905265147361));
#4463 = CARTESIAN_POINT('',(-38.14747332298,49.197658790932,
    11.87527471911));
#4464 = CARTESIAN_POINT('',(-38.15043088174,49.188185978643,
    11.865258747467));
#4465 = CARTESIAN_POINT('',(-38.15334406637,49.178492285814,
    11.855009230267));
#4466 = CARTESIAN_POINT('',(-38.15620497214,49.168575967751,
    11.844524322777));
#4467 = CARTESIAN_POINT('',(-38.15900495365,49.158436931329,
    11.833803926532));
#4468 = CARTESIAN_POINT('',(-38.16700751763,49.12806399281,
    11.801689441243));
#4469 = CARTESIAN_POINT('',(-38.17201904811,49.107222461769,
    11.779652882559));
#4470 = CARTESIAN_POINT('',(-38.1767004751,49.085572028497,
    11.75676104019));
#4471 = CARTESIAN_POINT('',(-38.18097611113,49.063154687846,
    11.733058316922));
#4472 = CARTESIAN_POINT('',(-38.18477141583,49.040041672528,
    11.708620029859));
#4473 = CARTESIAN_POINT('',(-38.19129963176,48.992428941292,
    11.658277243436));
#4474 = CARTESIAN_POINT('',(-38.19402392777,48.967911802966,
    11.632354322687));
#4475 = CARTESIAN_POINT('',(-38.19612665122,48.942898167069,
    11.605906435809));
#4476 = CARTESIAN_POINT('',(-38.19755687357,48.917500986664,
    11.579053012456));
#4477 = CARTESIAN_POINT('',(-38.19828045892,48.891832573012,
    11.551912803676));
#4478 = CARTESIAN_POINT('',(-38.19828045892,48.866,11.524599022842));
#4479 = ORIENTED_EDGE('',*,*,#3142,.F.);
#4480 = B_SPLINE_SURFACE_WITH_KNOTS('',1,1,(
    (#4481,#4482)
    ,(#4483,#4484
    )),.UNSPECIFIED.,.F.,.F.,.F.,(2,2),(2,2),(-3.223280458922,0.),(0.,1.
    ),.PIECEWISE_BEZIER_KNOTS.);
#4481 = CARTESIAN_POINT('',(-38.19828045892,46.1,8.6));
#4482 = CARTESIAN_POINT('',(-38.30628010248,49.883082711027,12.6));
#4483 = CARTESIAN_POINT('',(-34.975,46.1,8.6));
#4484 = CARTESIAN_POINT('',(-38.04295154753,49.883082711027,12.6));
#4485 = ADVANCED_FACE('',(#4486,#4600),#4666,.T.);
#4486 = FACE_BOUND('',#4487,.T.);
#4487 = EDGE_LOOP('',(#4488,#4495,#4496,#4497,#4505,#4513,#4521,#4529,
    #4537,#4545,#4551,#4552,#4560,#4568,#4576,#4584,#4590,#4591,#4592,
    #4599));
#4488 = ORIENTED_EDGE('',*,*,#4489,.F.);
#4489 = EDGE_CURVE('',#3520,#3678,#4490,.T.);
#4490 = CIRCLE('',#4491,1.123280458922);
#4491 = AXIS2_PLACEMENT_3D('',#4492,#4493,#4494);
#4492 = CARTESIAN_POINT('',(37.075,48.866,12.619367861201));
#4493 = DIRECTION('',(0.,-0.121869343405,0.992546151641));
#4494 = DIRECTION('',(1.,0.,0.));
#4495 = ORIENTED_EDGE('',*,*,#3519,.T.);
#4496 = ORIENTED_EDGE('',*,*,#3361,.T.);
#4497 = ORIENTED_EDGE('',*,*,#4498,.F.);
#4498 = EDGE_CURVE('',#4499,#3354,#4501,.T.);
#4499 = VERTEX_POINT('',#4500);
#4500 = CARTESIAN_POINT('',(30.3,34.268095235834,10.82697053463));
#4501 = LINE('',#4502,#4503);
#4502 = CARTESIAN_POINT('',(30.3,35.260641387475,10.948839878036));
#4503 = VECTOR('',#4504,1.);
#4504 = DIRECTION('',(0.,-0.992546151641,-0.121869343405));
#4505 = ORIENTED_EDGE('',*,*,#4506,.F.);
#4506 = EDGE_CURVE('',#4507,#4499,#4509,.T.);
#4507 = VERTEX_POINT('',#4508);
#4508 = CARTESIAN_POINT('',(25.46,34.268095235834,10.82697053463));
#4509 = LINE('',#4510,#4511);
#4510 = CARTESIAN_POINT('',(22.3,34.268095235834,10.82697053463));
#4511 = VECTOR('',#4512,1.);
#4512 = DIRECTION('',(1.,0.,0.));
#4513 = ORIENTED_EDGE('',*,*,#4514,.T.);
#4514 = EDGE_CURVE('',#4507,#4515,#4517,.T.);
#4515 = VERTEX_POINT('',#4516);
#4516 = CARTESIAN_POINT('',(25.46,30.694929089925,10.388240898372));
#4517 = LINE('',#4518,#4519);
#4518 = CARTESIAN_POINT('',(25.46,35.260641387475,10.948839878036));
#4519 = VECTOR('',#4520,1.);
#4520 = DIRECTION('',(-0.,-0.992546151641,-0.121869343405));
#4521 = ORIENTED_EDGE('',*,*,#4522,.T.);
#4522 = EDGE_CURVE('',#4515,#4523,#4525,.T.);
#4523 = VERTEX_POINT('',#4524);
#4524 = CARTESIAN_POINT('',(20.559999999889,30.694929089925,
    10.388240898372));
#4525 = LINE('',#4526,#4527);
#4526 = CARTESIAN_POINT('',(25.46,30.694929089925,10.388240898372));
#4527 = VECTOR('',#4528,1.);
#4528 = DIRECTION('',(-1.,0.,0.));
#4529 = ORIENTED_EDGE('',*,*,#4530,.F.);
#4530 = EDGE_CURVE('',#4531,#4523,#4533,.T.);
#4531 = VERTEX_POINT('',#4532);
#4532 = CARTESIAN_POINT('',(20.559999999889,35.260641387475,
    10.948839878036));
#4533 = LINE('',#4534,#4535);
#4534 = CARTESIAN_POINT('',(20.559999999889,35.260641387475,
    10.948839878036));
#4535 = VECTOR('',#4536,1.);
#4536 = DIRECTION('',(-0.,-0.992546151641,-0.121869343405));
#4537 = ORIENTED_EDGE('',*,*,#4538,.F.);
#4538 = EDGE_CURVE('',#4539,#4531,#4541,.T.);
#4539 = VERTEX_POINT('',#4540);
#4540 = CARTESIAN_POINT('',(16.8,35.260641387475,10.948839878036));
#4541 = LINE('',#4542,#4543);
#4542 = CARTESIAN_POINT('',(22.3,35.260641387475,10.948839878036));
#4543 = VECTOR('',#4544,1.);
#4544 = DIRECTION('',(1.,0.,0.));
#4545 = ORIENTED_EDGE('',*,*,#4546,.F.);
#4546 = EDGE_CURVE('',#3314,#4539,#4547,.T.);
#4547 = LINE('',#4548,#4549);
#4548 = CARTESIAN_POINT('',(16.8,29.801637553448,10.278558489307));
#4549 = VECTOR('',#4550,1.);
#4550 = DIRECTION('',(0.,0.992546151641,0.121869343405));
#4551 = ORIENTED_EDGE('',*,*,#3313,.T.);
#4552 = ORIENTED_EDGE('',*,*,#4553,.F.);
#4553 = EDGE_CURVE('',#4554,#3306,#4556,.T.);
#4554 = VERTEX_POINT('',#4555);
#4555 = CARTESIAN_POINT('',(-18.09,30.737302202041,10.393443662337));
#4556 = LINE('',#4557,#4558);
#4557 = CARTESIAN_POINT('',(-18.09,30.737302202041,10.393443662337));
#4558 = VECTOR('',#4559,1.);
#4559 = DIRECTION('',(0.,-0.992546151641,-0.121869343405));
#4560 = ORIENTED_EDGE('',*,*,#4561,.F.);
#4561 = EDGE_CURVE('',#4562,#4554,#4564,.T.);
#4562 = VERTEX_POINT('',#4563);
#4563 = CARTESIAN_POINT('',(-21.09,30.737302202041,10.393443662337));
#4564 = LINE('',#4565,#4566);
#4565 = CARTESIAN_POINT('',(-21.09,30.737302202041,10.393443662337));
#4566 = VECTOR('',#4567,1.);
#4567 = DIRECTION('',(1.,0.,0.));
#4568 = ORIENTED_EDGE('',*,*,#4569,.F.);
#4569 = EDGE_CURVE('',#4570,#4562,#4572,.T.);
#4570 = VERTEX_POINT('',#4571);
#4571 = CARTESIAN_POINT('',(-21.09,33.714940656965,10.759051692553));
#4572 = LINE('',#4573,#4574);
#4573 = CARTESIAN_POINT('',(-21.09,33.714940656965,10.759051692553));
#4574 = VECTOR('',#4575,1.);
#4575 = DIRECTION('',(0.,-0.992546151641,-0.121869343405));
#4576 = ORIENTED_EDGE('',*,*,#4577,.F.);
#4577 = EDGE_CURVE('',#4578,#4570,#4580,.T.);
#4578 = VERTEX_POINT('',#4579);
#4579 = CARTESIAN_POINT('',(-24.09,33.714940656965,10.759051692553));
#4580 = LINE('',#4581,#4582);
#4581 = CARTESIAN_POINT('',(-24.09,33.714940656965,10.759051692553));
#4582 = VECTOR('',#4583,1.);
#4583 = DIRECTION('',(1.,0.,0.));
#4584 = ORIENTED_EDGE('',*,*,#4585,.F.);
#4585 = EDGE_CURVE('',#3266,#4578,#4586,.T.);
#4586 = LINE('',#4587,#4588);
#4587 = CARTESIAN_POINT('',(-24.09,29.7447560504,10.271574318932));
#4588 = VECTOR('',#4589,1.);
#4589 = DIRECTION('',(0.,0.992546151641,0.121869343405));
#4590 = ORIENTED_EDGE('',*,*,#3265,.T.);
#4591 = ORIENTED_EDGE('',*,*,#3124,.T.);
#4592 = ORIENTED_EDGE('',*,*,#4593,.F.);
#4593 = EDGE_CURVE('',#3676,#3127,#4594,.T.);
#4594 = CIRCLE('',#4595,1.123280458922);
#4595 = AXIS2_PLACEMENT_3D('',#4596,#4597,#4598);
#4596 = CARTESIAN_POINT('',(-37.075,48.866,12.619367861201));
#4597 = DIRECTION('',(0.,-0.121869343405,0.992546151641));
#4598 = DIRECTION('',(1.,0.,0.));
#4599 = ORIENTED_EDGE('',*,*,#3675,.T.);
#4600 = FACE_BOUND('',#4601,.T.);
#4601 = EDGE_LOOP('',(#4602,#4612,#4620,#4628,#4636,#4644,#4652,#4660));
#4602 = ORIENTED_EDGE('',*,*,#4603,.T.);
#4603 = EDGE_CURVE('',#4604,#4606,#4608,.T.);
#4604 = VERTEX_POINT('',#4605);
#4605 = CARTESIAN_POINT('',(-15.01,47.809096010272,12.489596368906));
#4606 = VERTEX_POINT('',#4607);
#4607 = CARTESIAN_POINT('',(-15.01,44.63294832502,12.099614470009));
#4608 = LINE('',#4609,#4610);
#4609 = CARTESIAN_POINT('',(-15.01,43.967494163826,12.017906973026));
#4610 = VECTOR('',#4611,1.);
#4611 = DIRECTION('',(-4.6E-16,-0.992546151641,-0.121869343405));
#4612 = ORIENTED_EDGE('',*,*,#4613,.F.);
#4613 = EDGE_CURVE('',#4614,#4606,#4616,.T.);
#4614 = VERTEX_POINT('',#4615);
#4615 = CARTESIAN_POINT('',(-22.29,44.63294832502,12.099614470009));
#4616 = LINE('',#4617,#4618);
#4617 = CARTESIAN_POINT('',(-22.29,44.63294832502,12.099614470009));
#4618 = VECTOR('',#4619,1.);
#4619 = DIRECTION('',(1.,0.,0.));
#4620 = ORIENTED_EDGE('',*,*,#4621,.F.);
#4621 = EDGE_CURVE('',#4622,#4614,#4624,.T.);
#4622 = VERTEX_POINT('',#4623);
#4623 = CARTESIAN_POINT('',(-22.29,35.799287575412,11.014977313703));
#4624 = LINE('',#4625,#4626);
#4625 = CARTESIAN_POINT('',(-22.29,35.799287575412,11.014977313703));
#4626 = VECTOR('',#4627,1.);
#4627 = DIRECTION('',(0.,0.992546151641,0.121869343405));
#4628 = ORIENTED_EDGE('',*,*,#4629,.F.);
#4629 = EDGE_CURVE('',#4630,#4622,#4632,.T.);
#4630 = VERTEX_POINT('',#4631);
#4631 = CARTESIAN_POINT('',(-15.01,35.799287575412,11.014977313703));
#4632 = LINE('',#4633,#4634);
#4633 = CARTESIAN_POINT('',(-14.61,35.799287575412,11.014977313703));
#4634 = VECTOR('',#4635,1.);
#4635 = DIRECTION('',(-1.,0.,-0.));
#4636 = ORIENTED_EDGE('',*,*,#4637,.T.);
#4637 = EDGE_CURVE('',#4630,#4638,#4640,.T.);
#4638 = VERTEX_POINT('',#4639);
#4639 = CARTESIAN_POINT('',(-15.01,32.62313989016,10.624995414807));
#4640 = LINE('',#4641,#4642);
#4641 = CARTESIAN_POINT('',(-15.01,43.967494163826,12.017906973026));
#4642 = VECTOR('',#4643,1.);
#4643 = DIRECTION('',(-4.6E-16,-0.992546151641,-0.121869343405));
#4644 = ORIENTED_EDGE('',*,*,#4645,.T.);
#4645 = EDGE_CURVE('',#4638,#4646,#4648,.T.);
#4646 = VERTEX_POINT('',#4647);
#4647 = CARTESIAN_POINT('',(15.01,32.62313989016,10.624995414807));
#4648 = LINE('',#4649,#4650);
#4649 = CARTESIAN_POINT('',(-7.505,32.62313989016,10.624995414807));
#4650 = VECTOR('',#4651,1.);
#4651 = DIRECTION('',(1.,-4.7E-16,-6.E-17));
#4652 = ORIENTED_EDGE('',*,*,#4653,.T.);
#4653 = EDGE_CURVE('',#4646,#4654,#4656,.T.);
#4654 = VERTEX_POINT('',#4655);
#4655 = CARTESIAN_POINT('',(15.01,47.809096010272,12.489596368906));
#4656 = LINE('',#4657,#4658);
#4657 = CARTESIAN_POINT('',(15.01,36.37451610377,11.085606495977));
#4658 = VECTOR('',#4659,1.);
#4659 = DIRECTION('',(4.6E-16,0.992546151641,0.121869343405));
#4660 = ORIENTED_EDGE('',*,*,#4661,.T.);
#4661 = EDGE_CURVE('',#4654,#4604,#4662,.T.);
#4662 = LINE('',#4663,#4664);
#4663 = CARTESIAN_POINT('',(7.505,47.809096010272,12.489596368906));
#4664 = VECTOR('',#4665,1.);
#4665 = DIRECTION('',(-1.,4.7E-16,6.E-17));
#4666 = PLANE('',#4667);
#4667 = AXIS2_PLACEMENT_3D('',#4668,#4669,#4670);
#4668 = CARTESIAN_POINT('',(1.101219706522,39.514623266381,
    11.471163175126));
#4669 = DIRECTION('',(0.,0.121869343405,-0.992546151641));
#4670 = DIRECTION('',(0.,-0.992546151641,-0.121869343405));
#4671 = ADVANCED_FACE('',(#4672),#4721,.F.);
#4672 = FACE_BOUND('',#4673,.F.);
#4673 = EDGE_LOOP('',(#4674,#4675,#4676,#4708,#4719,#4720));
#4674 = ORIENTED_EDGE('',*,*,#4593,.F.);
#4675 = ORIENTED_EDGE('',*,*,#3685,.T.);
#4676 = ORIENTED_EDGE('',*,*,#4677,.T.);
#4677 = EDGE_CURVE('',#3686,#4678,#4680,.T.);
#4678 = VERTEX_POINT('',#4679);
#4679 = CARTESIAN_POINT('',(-37.72063964313,49.778337516942,
    12.454676116389));
#4680 = B_SPLINE_CURVE_WITH_KNOTS('',6,(#4681,#4682,#4683,#4684,#4685,
    #4686,#4687,#4688,#4689,#4690,#4691,#4692,#4693,#4694,#4695,#4696,
    #4697,#4698,#4699,#4700,#4701,#4702,#4703,#4704,#4705,#4706,#4707),
  .UNSPECIFIED.,.F.,.F.,(7,5,5,5,5,7),(0.,0.185782000691,0.32904120177,
    0.527852742973,0.791367479369,1.),.UNSPECIFIED.);
#4681 = CARTESIAN_POINT('',(-37.075,49.980907696717,11.772016293755));
#4682 = CARTESIAN_POINT('',(-37.11219670064,49.980907696717,
    11.811345807262));
#4683 = CARTESIAN_POINT('',(-37.14820863666,49.979440587423,
    11.849422623205));
#4684 = CARTESIAN_POINT('',(-37.18273244152,49.976681829254,
    11.885925980384));
#4685 = CARTESIAN_POINT('',(-37.21560915112,49.97286184188,
    11.920687799897));
#4686 = CARTESIAN_POINT('',(-37.24678223044,49.968194501228,
    11.953648305075));
#4687 = CARTESIAN_POINT('',(-37.29899020137,49.95875733889,
    12.008849816554));
#4688 = CARTESIAN_POINT('',(-37.32071856401,49.954254266359,
    12.031824056662));
#4689 = CARTESIAN_POINT('',(-37.34146050116,49.949439984516,
    12.05375531087));
#4690 = CARTESIAN_POINT('',(-37.36125337893,49.944384243088,
    12.074683087796));
#4691 = CARTESIAN_POINT('',(-37.38014752081,49.93914353782,
    12.094660596428));
#4692 = CARTESIAN_POINT('',(-37.42324684483,49.926291684446,
    12.140231182443));
#4693 = CARTESIAN_POINT('',(-37.44666551877,49.91855109121,
    12.164992654211));
#4694 = CARTESIAN_POINT('',(-37.46860681254,49.910654415135,
    12.188192034662));
#4695 = CARTESIAN_POINT('',(-37.48921477297,49.902679685054,
    12.209981630087));
#4696 = CARTESIAN_POINT('',(-37.50862265583,49.894677825146,
    12.230502336972));
#4697 = CARTESIAN_POINT('',(-37.55124514879,49.876085175488,
    12.275568751018));
#4698 = CARTESIAN_POINT('',(-37.57363535792,49.865502633566,
    12.299242787086));
#4699 = CARTESIAN_POINT('',(-37.59440194848,49.85501399498,
    12.321200108287));
#4700 = CARTESIAN_POINT('',(-37.61375471589,49.844658386388,
    12.341662539475));
#4701 = CARTESIAN_POINT('',(-37.63186722633,49.834457423005,
    12.360813598886));
#4702 = CARTESIAN_POINT('',(-37.66235748638,49.816471550194,
    12.39305213278));
#4703 = CARTESIAN_POINT('',(-37.67514238256,49.808626937713,
    12.406570099108));
#4704 = CARTESIAN_POINT('',(-37.68730953375,49.800890283957,
    12.419434899717));
#4705 = CARTESIAN_POINT('',(-37.69891675935,49.793263479889,
    12.431707669298));
#4706 = CARTESIAN_POINT('',(-37.71001260383,49.785746325297,
    12.443439735784));
#4707 = CARTESIAN_POINT('',(-37.72063964313,49.778337516942,
    12.454676116389));
#4708 = ORIENTED_EDGE('',*,*,#4709,.T.);
#4709 = EDGE_CURVE('',#4678,#4429,#4710,.T.);
#4710 = B_SPLINE_CURVE_WITH_KNOTS('',7,(#4711,#4712,#4713,#4714,#4715,
    #4716,#4717,#4718),.UNSPECIFIED.,.F.,.F.,(8,8),(0.,1.),
  .PIECEWISE_BEZIER_KNOTS.);
#4711 = CARTESIAN_POINT('',(-37.72063964313,49.778337516942,
    12.454676116389));
#4712 = CARTESIAN_POINT('',(-37.73906342204,49.765493088376,
    12.44709354739));
#4713 = CARTESIAN_POINT('',(-37.75858928689,49.751241834071,
    12.438789011294));
#4714 = CARTESIAN_POINT('',(-37.77898444003,49.735570157368,
    12.429102832776));
#4715 = CARTESIAN_POINT('',(-37.79995456433,49.718519058522,
    12.417470346536));
#4716 = CARTESIAN_POINT('',(-37.82121811141,49.700156511672,
    12.403345077046));
#4717 = CARTESIAN_POINT('',(-37.84235416184,49.680699514036,
    12.386012400521));
#4718 = CARTESIAN_POINT('',(-37.86270919483,49.660826356024,
    12.36499974018));
#4719 = ORIENTED_EDGE('',*,*,#4435,.T.);
#4720 = ORIENTED_EDGE('',*,*,#3185,.F.);
#4721 = SURFACE_OF_LINEAR_EXTRUSION('',#4722,#4727);
#4722 = CIRCLE('',#4723,1.123280458922);
#4723 = AXIS2_PLACEMENT_3D('',#4724,#4725,#4726);
#4724 = CARTESIAN_POINT('',(-37.075,48.866,12.619367861201));
#4725 = DIRECTION('',(0.,-0.121869343405,0.992546151641));
#4726 = DIRECTION('',(1.,0.,0.));
#4727 = VECTOR('',#4728,1.);
#4728 = DIRECTION('',(0.,0.,1.));
#4729 = ADVANCED_FACE('',(#4730),#4741,.T.);
#4730 = FACE_BOUND('',#4731,.T.);
#4731 = EDGE_LOOP('',(#4732,#4733,#4739,#4740));
#4732 = ORIENTED_EDGE('',*,*,#3488,.T.);
#4733 = ORIENTED_EDGE('',*,*,#4734,.T.);
#4734 = EDGE_CURVE('',#3481,#3200,#4735,.T.);
#4735 = LINE('',#4736,#4737);
#4736 = CARTESIAN_POINT('',(30.475,28.625,4.2));
#4737 = VECTOR('',#4738,1.);
#4738 = DIRECTION('',(0.,1.,-2.22044604925E-16));
#4739 = ORIENTED_EDGE('',*,*,#3199,.T.);
#4740 = ORIENTED_EDGE('',*,*,#3503,.T.);
#4741 = PLANE('',#4742);
#4742 = AXIS2_PLACEMENT_3D('',#4743,#4744,#4745);
#4743 = CARTESIAN_POINT('',(33.725,29.500546151641,4.2));
#4744 = DIRECTION('',(-2.790658588228E-16,-0.,-1.));
#4745 = DIRECTION('',(-1.,0.,2.790658588228E-16));
#4746 = ADVANCED_FACE('',(#4747),#4765,.F.);
#4747 = FACE_BOUND('',#4748,.F.);
#4748 = EDGE_LOOP('',(#4749,#4750,#4758,#4764));
#4749 = ORIENTED_EDGE('',*,*,#4498,.F.);
#4750 = ORIENTED_EDGE('',*,*,#4751,.T.);
#4751 = EDGE_CURVE('',#4499,#4752,#4754,.T.);
#4752 = VERTEX_POINT('',#4753);
#4753 = CARTESIAN_POINT('',(30.3,34.438712316601,9.437405922333));
#4754 = LINE('',#4755,#4756);
#4755 = CARTESIAN_POINT('',(30.3,34.268095235834,10.82697053463));
#4756 = VECTOR('',#4757,1.);
#4757 = DIRECTION('',(0.,0.121869343405,-0.992546151641));
#4758 = ORIENTED_EDGE('',*,*,#4759,.T.);
#4759 = EDGE_CURVE('',#4752,#3346,#4760,.T.);
#4760 = LINE('',#4761,#4762);
#4761 = CARTESIAN_POINT('',(30.3,35.431258468242,9.559275265738));
#4762 = VECTOR('',#4763,1.);
#4763 = DIRECTION('',(0.,-0.992546151641,-0.121869343405));
#4764 = ORIENTED_EDGE('',*,*,#3353,.T.);
#4765 = PLANE('',#4766);
#4766 = AXIS2_PLACEMENT_3D('',#4767,#4768,#4769);
#4767 = CARTESIAN_POINT('',(30.3,35.260641387475,10.948839878036));
#4768 = DIRECTION('',(-1.,0.,0.));
#4769 = DIRECTION('',(-0.,-0.992546151641,-0.121869343405));
#4770 = ADVANCED_FACE('',(#4771),#4837,.T.);
#4771 = FACE_BOUND('',#4772,.T.);
#4772 = EDGE_LOOP('',(#4773,#4783,#4789,#4790,#4791,#4799,#4807,#4815,
    #4823,#4831));
#4773 = ORIENTED_EDGE('',*,*,#4774,.F.);
#4774 = EDGE_CURVE('',#4775,#4777,#4779,.T.);
#4775 = VERTEX_POINT('',#4776);
#4776 = CARTESIAN_POINT('',(24.301421356237,34.438712316601,
    9.437405922333));
#4777 = VERTEX_POINT('',#4778);
#4778 = CARTESIAN_POINT('',(24.301421356237,30.865546170692,
    8.998676286074));
#4779 = LINE('',#4780,#4781);
#4780 = CARTESIAN_POINT('',(24.301421356237,35.431258468242,
    9.559275265738));
#4781 = VECTOR('',#4782,1.);
#4782 = DIRECTION('',(-0.,-0.992546151641,-0.121869343405));
#4783 = ORIENTED_EDGE('',*,*,#4784,.T.);
#4784 = EDGE_CURVE('',#4775,#4752,#4785,.T.);
#4785 = LINE('',#4786,#4787);
#4786 = CARTESIAN_POINT('',(16.8,34.438712316601,9.437405922333));
#4787 = VECTOR('',#4788,1.);
#4788 = DIRECTION('',(1.,0.,0.));
#4789 = ORIENTED_EDGE('',*,*,#4759,.T.);
#4790 = ORIENTED_EDGE('',*,*,#3345,.F.);
#4791 = ORIENTED_EDGE('',*,*,#4792,.T.);
#4792 = EDGE_CURVE('',#3338,#4793,#4795,.T.);
#4793 = VERTEX_POINT('',#4794);
#4794 = CARTESIAN_POINT('',(21.01,30.907919282808,9.003879050039));
#4795 = LINE('',#4796,#4797);
#4796 = CARTESIAN_POINT('',(21.01,29.915373131167,8.882009706634));
#4797 = VECTOR('',#4798,1.);
#4798 = DIRECTION('',(0.,0.992546151641,0.121869343405));
#4799 = ORIENTED_EDGE('',*,*,#4800,.T.);
#4800 = EDGE_CURVE('',#4793,#4801,#4803,.T.);
#4801 = VERTEX_POINT('',#4802);
#4802 = CARTESIAN_POINT('',(16.8,30.907919282808,9.003879050039));
#4803 = LINE('',#4804,#4805);
#4804 = CARTESIAN_POINT('',(21.01,30.907919282808,9.003879050039));
#4805 = VECTOR('',#4806,1.);
#4806 = DIRECTION('',(-1.,0.,-0.));
#4807 = ORIENTED_EDGE('',*,*,#4808,.T.);
#4808 = EDGE_CURVE('',#4801,#4809,#4811,.T.);
#4809 = VERTEX_POINT('',#4810);
#4810 = CARTESIAN_POINT('',(16.8,35.431258468242,9.559275265738));
#4811 = LINE('',#4812,#4813);
#4812 = CARTESIAN_POINT('',(16.8,29.972254634215,8.888993877009));
#4813 = VECTOR('',#4814,1.);
#4814 = DIRECTION('',(0.,0.992546151641,0.121869343405));
#4815 = ORIENTED_EDGE('',*,*,#4816,.T.);
#4816 = EDGE_CURVE('',#4809,#4817,#4819,.T.);
#4817 = VERTEX_POINT('',#4818);
#4818 = CARTESIAN_POINT('',(21.718578643749,35.431258468242,
    9.559275265738));
#4819 = LINE('',#4820,#4821);
#4820 = CARTESIAN_POINT('',(16.8,35.431258468242,9.559275265738));
#4821 = VECTOR('',#4822,1.);
#4822 = DIRECTION('',(1.,0.,0.));
#4823 = ORIENTED_EDGE('',*,*,#4824,.T.);
#4824 = EDGE_CURVE('',#4817,#4825,#4827,.T.);
#4825 = VERTEX_POINT('',#4826);
#4826 = CARTESIAN_POINT('',(21.718578643749,30.865546170692,
    8.998676286074));
#4827 = LINE('',#4828,#4829);
#4828 = CARTESIAN_POINT('',(21.718578643749,35.431258468242,
    9.559275265738));
#4829 = VECTOR('',#4830,1.);
#4830 = DIRECTION('',(-0.,-0.992546151641,-0.121869343405));
#4831 = ORIENTED_EDGE('',*,*,#4832,.F.);
#4832 = EDGE_CURVE('',#4777,#4825,#4833,.T.);
#4833 = LINE('',#4834,#4835);
#4834 = CARTESIAN_POINT('',(23.279999999976,30.865546170692,
    8.998676286074));
#4835 = VECTOR('',#4836,1.);
#4836 = DIRECTION('',(-1.,0.,0.));
#4837 = PLANE('',#4838);
#4838 = AXIS2_PLACEMENT_3D('',#4839,#4840,#4841);
#4839 = CARTESIAN_POINT('',(23.55,32.903675385763,9.24892708681));
#4840 = DIRECTION('',(0.,0.121869343405,-0.992546151641));
#4841 = DIRECTION('',(0.,-0.992546151641,-0.121869343405));
#4842 = ADVANCED_FACE('',(#4843),#4861,.T.);
#4843 = FACE_BOUND('',#4844,.T.);
#4844 = EDGE_LOOP('',(#4845,#4846,#4847,#4855));
#4845 = ORIENTED_EDGE('',*,*,#4792,.F.);
#4846 = ORIENTED_EDGE('',*,*,#3337,.T.);
#4847 = ORIENTED_EDGE('',*,*,#4848,.T.);
#4848 = EDGE_CURVE('',#3330,#4849,#4851,.T.);
#4849 = VERTEX_POINT('',#4850);
#4850 = CARTESIAN_POINT('',(21.01,31.054162494895,7.81282366807));
#4851 = LINE('',#4852,#4853);
#4852 = CARTESIAN_POINT('',(21.01,30.061616343253,7.690954324665));
#4853 = VECTOR('',#4854,1.);
#4854 = DIRECTION('',(0.,0.992546151641,0.121869343405));
#4855 = ORIENTED_EDGE('',*,*,#4856,.F.);
#4856 = EDGE_CURVE('',#4793,#4849,#4857,.T.);
#4857 = LINE('',#4858,#4859);
#4858 = CARTESIAN_POINT('',(21.01,30.907919282808,9.003879050039));
#4859 = VECTOR('',#4860,1.);
#4860 = DIRECTION('',(0.,0.121869343405,-0.992546151641));
#4861 = PLANE('',#4862);
#4862 = AXIS2_PLACEMENT_3D('',#4863,#4864,#4865);
#4863 = CARTESIAN_POINT('',(21.01,29.915373131167,8.882009706634));
#4864 = DIRECTION('',(1.,0.,0.));
#4865 = DIRECTION('',(0.,0.992546151641,0.121869343405));
#4866 = ADVANCED_FACE('',(#4867),#4885,.F.);
#4867 = FACE_BOUND('',#4868,.F.);
#4868 = EDGE_LOOP('',(#4869,#4870,#4878,#4884));
#4869 = ORIENTED_EDGE('',*,*,#4848,.T.);
#4870 = ORIENTED_EDGE('',*,*,#4871,.T.);
#4871 = EDGE_CURVE('',#4849,#4872,#4874,.T.);
#4872 = VERTEX_POINT('',#4873);
#4873 = CARTESIAN_POINT('',(16.8,31.054162494895,7.81282366807));
#4874 = LINE('',#4875,#4876);
#4875 = CARTESIAN_POINT('',(21.01,31.054162494895,7.81282366807));
#4876 = VECTOR('',#4877,1.);
#4877 = DIRECTION('',(-1.,0.,-0.));
#4878 = ORIENTED_EDGE('',*,*,#4879,.T.);
#4879 = EDGE_CURVE('',#4872,#3322,#4880,.T.);
#4880 = LINE('',#4881,#4882);
#4881 = CARTESIAN_POINT('',(16.8,31.054162494895,7.81282366807));
#4882 = VECTOR('',#4883,1.);
#4883 = DIRECTION('',(0.,-0.992546151641,-0.121869343405));
#4884 = ORIENTED_EDGE('',*,*,#3329,.T.);
#4885 = PLANE('',#4886);
#4886 = AXIS2_PLACEMENT_3D('',#4887,#4888,#4889);
#4887 = CARTESIAN_POINT('',(18.905,30.557889419074,7.751888996367));
#4888 = DIRECTION('',(0.,-0.121869343405,0.992546151641));
#4889 = DIRECTION('',(0.,0.992546151641,0.121869343405));
#4890 = ADVANCED_FACE('',(#4891),#4909,.T.);
#4891 = FACE_BOUND('',#4892,.T.);
#4892 = EDGE_LOOP('',(#4893,#4894,#4900,#4901,#4907,#4908));
#4893 = ORIENTED_EDGE('',*,*,#4546,.T.);
#4894 = ORIENTED_EDGE('',*,*,#4895,.T.);
#4895 = EDGE_CURVE('',#4539,#4809,#4896,.T.);
#4896 = LINE('',#4897,#4898);
#4897 = CARTESIAN_POINT('',(16.8,35.260641387475,10.948839878036));
#4898 = VECTOR('',#4899,1.);
#4899 = DIRECTION('',(0.,0.121869343405,-0.992546151641));
#4900 = ORIENTED_EDGE('',*,*,#4808,.F.);
#4901 = ORIENTED_EDGE('',*,*,#4902,.T.);
#4902 = EDGE_CURVE('',#4801,#4872,#4903,.T.);
#4903 = LINE('',#4904,#4905);
#4904 = CARTESIAN_POINT('',(16.8,30.907919282808,9.003879050039));
#4905 = VECTOR('',#4906,1.);
#4906 = DIRECTION('',(0.,0.121869343405,-0.992546151641));
#4907 = ORIENTED_EDGE('',*,*,#4879,.T.);
#4908 = ORIENTED_EDGE('',*,*,#3321,.F.);
#4909 = PLANE('',#4910);
#4910 = AXIS2_PLACEMENT_3D('',#4911,#4912,#4913);
#4911 = CARTESIAN_POINT('',(16.8,32.499796552165,9.631122119021));
#4912 = DIRECTION('',(-1.,-0.,-0.));
#4913 = DIRECTION('',(0.,0.,-1.));
#4914 = ADVANCED_FACE('',(#4915),#4933,.F.);
#4915 = FACE_BOUND('',#4916,.F.);
#4916 = EDGE_LOOP('',(#4917,#4918,#4926,#4932));
#4917 = ORIENTED_EDGE('',*,*,#4553,.F.);
#4918 = ORIENTED_EDGE('',*,*,#4919,.T.);
#4919 = EDGE_CURVE('',#4554,#4920,#4922,.T.);
#4920 = VERTEX_POINT('',#4921);
#4921 = CARTESIAN_POINT('',(-18.09,31.078536363576,7.614314437741));
#4922 = LINE('',#4923,#4924);
#4923 = CARTESIAN_POINT('',(-18.09,30.737302202041,10.393443662337));
#4924 = VECTOR('',#4925,1.);
#4925 = DIRECTION('',(0.,0.121869343405,-0.992546151641));
#4926 = ORIENTED_EDGE('',*,*,#4927,.T.);
#4927 = EDGE_CURVE('',#4920,#3298,#4928,.T.);
#4928 = LINE('',#4929,#4930);
#4929 = CARTESIAN_POINT('',(-18.09,31.078536363576,7.614314437741));
#4930 = VECTOR('',#4931,1.);
#4931 = DIRECTION('',(0.,-0.992546151641,-0.121869343405));
#4932 = ORIENTED_EDGE('',*,*,#3305,.T.);
#4933 = PLANE('',#4934);
#4934 = AXIS2_PLACEMENT_3D('',#4935,#4936,#4937);
#4935 = CARTESIAN_POINT('',(-18.09,30.737302202041,10.393443662337));
#4936 = DIRECTION('',(-1.,0.,0.));
#4937 = DIRECTION('',(-0.,-0.992546151641,-0.121869343405));
#4938 = ADVANCED_FACE('',(#4939),#4957,.F.);
#4939 = FACE_BOUND('',#4940,.F.);
#4940 = EDGE_LOOP('',(#4941,#4949,#4950,#4951));
#4941 = ORIENTED_EDGE('',*,*,#4942,.T.);
#4942 = EDGE_CURVE('',#4943,#3290,#4945,.T.);
#4943 = VERTEX_POINT('',#4944);
#4944 = CARTESIAN_POINT('',(-20.09,31.078536363576,7.614314437741));
#4945 = LINE('',#4946,#4947);
#4946 = CARTESIAN_POINT('',(-20.09,31.078536363576,7.614314437741));
#4947 = VECTOR('',#4948,1.);
#4948 = DIRECTION('',(0.,-0.992546151641,-0.121869343405));
#4949 = ORIENTED_EDGE('',*,*,#3297,.T.);
#4950 = ORIENTED_EDGE('',*,*,#4927,.F.);
#4951 = ORIENTED_EDGE('',*,*,#4952,.F.);
#4952 = EDGE_CURVE('',#4943,#4920,#4953,.T.);
#4953 = LINE('',#4954,#4955);
#4954 = CARTESIAN_POINT('',(-21.09,31.078536363576,7.614314437741));
#4955 = VECTOR('',#4956,1.);
#4956 = DIRECTION('',(1.,0.,0.));
#4957 = PLANE('',#4958);
#4958 = AXIS2_PLACEMENT_3D('',#4959,#4960,#4961);
#4959 = CARTESIAN_POINT('',(-21.54,31.624436746978,7.681342576614));
#4960 = DIRECTION('',(0.,-0.121869343405,0.992546151641));
#4961 = DIRECTION('',(0.,0.992546151641,0.121869343405));
#4962 = ADVANCED_FACE('',(#4963),#4981,.F.);
#4963 = FACE_BOUND('',#4964,.F.);
#4964 = EDGE_LOOP('',(#4965,#4966,#4974,#4980));
#4965 = ORIENTED_EDGE('',*,*,#4942,.F.);
#4966 = ORIENTED_EDGE('',*,*,#4967,.T.);
#4967 = EDGE_CURVE('',#4943,#4968,#4970,.T.);
#4968 = VERTEX_POINT('',#4969);
#4969 = CARTESIAN_POINT('',(-20.09,31.200405706981,6.6217682861));
#4970 = LINE('',#4971,#4972);
#4971 = CARTESIAN_POINT('',(-20.09,31.078536363576,7.614314437741));
#4972 = VECTOR('',#4973,1.);
#4973 = DIRECTION('',(0.,0.121869343405,-0.992546151641));
#4974 = ORIENTED_EDGE('',*,*,#4975,.T.);
#4975 = EDGE_CURVE('',#4968,#3282,#4976,.T.);
#4976 = LINE('',#4977,#4978);
#4977 = CARTESIAN_POINT('',(-20.09,31.200405706981,6.6217682861));
#4978 = VECTOR('',#4979,1.);
#4979 = DIRECTION('',(0.,-0.992546151641,-0.121869343405));
#4980 = ORIENTED_EDGE('',*,*,#3289,.T.);
#4981 = PLANE('',#4982);
#4982 = AXIS2_PLACEMENT_3D('',#4983,#4984,#4985);
#4983 = CARTESIAN_POINT('',(-20.09,31.078536363576,7.614314437741));
#4984 = DIRECTION('',(-1.,0.,0.));
#4985 = DIRECTION('',(-0.,-0.992546151641,-0.121869343405));
#4986 = ADVANCED_FACE('',(#4987),#5021,.F.);
#4987 = FACE_BOUND('',#4988,.F.);
#4988 = EDGE_LOOP('',(#4989,#4997,#5005,#5013,#5019,#5020));
#4989 = ORIENTED_EDGE('',*,*,#4990,.F.);
#4990 = EDGE_CURVE('',#4991,#4968,#4993,.T.);
#4991 = VERTEX_POINT('',#4992);
#4992 = CARTESIAN_POINT('',(-20.69,31.795933397966,6.694889892143));
#4993 = LINE('',#4994,#4995);
#4994 = CARTESIAN_POINT('',(-20.69,31.795933397966,6.694889892143));
#4995 = VECTOR('',#4996,1.);
#4996 = DIRECTION('',(0.707106781187,-0.701836114466,-8.617463914053E-02
    ));
#4997 = ORIENTED_EDGE('',*,*,#4998,.F.);
#4998 = EDGE_CURVE('',#4999,#4991,#5001,.T.);
#4999 = VERTEX_POINT('',#5000);
#5000 = CARTESIAN_POINT('',(-20.69,34.178044161905,6.987376316316));
#5001 = LINE('',#5002,#5003);
#5002 = CARTESIAN_POINT('',(-20.69,34.178044161905,6.987376316316));
#5003 = VECTOR('',#5004,1.);
#5004 = DIRECTION('',(0.,-0.992546151641,-0.121869343405));
#5005 = ORIENTED_EDGE('',*,*,#5006,.F.);
#5006 = EDGE_CURVE('',#5007,#4999,#5009,.T.);
#5007 = VERTEX_POINT('',#5008);
#5008 = CARTESIAN_POINT('',(-24.09,34.178044161905,6.987376316316));
#5009 = LINE('',#5010,#5011);
#5010 = CARTESIAN_POINT('',(-24.09,34.178044161905,6.987376316316));
#5011 = VECTOR('',#5012,1.);
#5012 = DIRECTION('',(1.,0.,0.));
#5013 = ORIENTED_EDGE('',*,*,#5014,.F.);
#5014 = EDGE_CURVE('',#3274,#5007,#5015,.T.);
#5015 = LINE('',#5016,#5017);
#5016 = CARTESIAN_POINT('',(-24.09,30.001688570867,6.474584328896));
#5017 = VECTOR('',#5018,1.);
#5018 = DIRECTION('',(0.,0.992546151641,0.121869343405));
#5019 = ORIENTED_EDGE('',*,*,#3281,.T.);
#5020 = ORIENTED_EDGE('',*,*,#4975,.F.);
#5021 = PLANE('',#5022);
#5022 = AXIS2_PLACEMENT_3D('',#5023,#5024,#5025);
#5023 = CARTESIAN_POINT('',(-22.22804200448,32.002717282441,6.7202797606
    ));
#5024 = DIRECTION('',(0.,-0.121869343405,0.992546151641));
#5025 = DIRECTION('',(0.,0.992546151641,0.121869343405));
#5026 = ADVANCED_FACE('',(#5027),#5038,.T.);
#5027 = FACE_BOUND('',#5028,.T.);
#5028 = EDGE_LOOP('',(#5029,#5030,#5031,#5032));
#5029 = ORIENTED_EDGE('',*,*,#5014,.F.);
#5030 = ORIENTED_EDGE('',*,*,#3273,.F.);
#5031 = ORIENTED_EDGE('',*,*,#4585,.T.);
#5032 = ORIENTED_EDGE('',*,*,#5033,.T.);
#5033 = EDGE_CURVE('',#4578,#5007,#5034,.T.);
#5034 = LINE('',#5035,#5036);
#5035 = CARTESIAN_POINT('',(-24.09,33.714940656965,10.759051692553));
#5036 = VECTOR('',#5037,1.);
#5037 = DIRECTION('',(0.,0.121869343405,-0.992546151641));
#5038 = PLANE('',#5039);
#5039 = AXIS2_PLACEMENT_3D('',#5040,#5041,#5042);
#5040 = CARTESIAN_POINT('',(-24.09,32.161499737789,8.59378916987));
#5041 = DIRECTION('',(-1.,-4.E-16,3.21E-15));
#5042 = DIRECTION('',(-3.21E-15,0.,-1.));
#5043 = ADVANCED_FACE('',(#5044),#5062,.T.);
#5044 = FACE_BOUND('',#5045,.F.);
#5045 = EDGE_LOOP('',(#5046,#5054,#5055,#5056));
#5046 = ORIENTED_EDGE('',*,*,#5047,.F.);
#5047 = EDGE_CURVE('',#3242,#5048,#5050,.T.);
#5048 = VERTEX_POINT('',#5049);
#5049 = CARTESIAN_POINT('',(-27.675,29.976092303283,-1.21532681052E-14)
  );
#5050 = LINE('',#5051,#5052);
#5051 = CARTESIAN_POINT('',(-27.675,30.263319227462,0.287226924179));
#5052 = VECTOR('',#5053,1.);
#5053 = DIRECTION('',(0.,-0.707106781187,-0.707106781187));
#5054 = ORIENTED_EDGE('',*,*,#3249,.T.);
#5055 = ORIENTED_EDGE('',*,*,#3400,.F.);
#5056 = ORIENTED_EDGE('',*,*,#5057,.F.);
#5057 = EDGE_CURVE('',#5048,#3391,#5058,.T.);
#5058 = LINE('',#5059,#5060);
#5059 = CARTESIAN_POINT('',(-27.175,29.976092303283,-2.384E-14));
#5060 = VECTOR('',#5061,1.);
#5061 = DIRECTION('',(-1.,0.,0.));
#5062 = PLANE('',#5063);
#5063 = AXIS2_PLACEMENT_3D('',#5064,#5065,#5066);
#5064 = CARTESIAN_POINT('',(-27.175,30.176092303283,0.2));
#5065 = DIRECTION('',(8.8E-16,0.707106781187,-0.707106781187));
#5066 = DIRECTION('',(1.,-6.222539674442E-16,6.222539674442E-16));
#5067 = ADVANCED_FACE('',(#5068),#5093,.F.);
#5068 = FACE_BOUND('',#5069,.F.);
#5069 = EDGE_LOOP('',(#5070,#5071,#5077,#5078,#5079,#5087));
#5070 = ORIENTED_EDGE('',*,*,#3448,.F.);
#5071 = ORIENTED_EDGE('',*,*,#5072,.T.);
#5072 = EDGE_CURVE('',#3449,#3234,#5073,.T.);
#5073 = LINE('',#5074,#5075);
#5074 = CARTESIAN_POINT('',(-27.675,28.625,4.2));
#5075 = VECTOR('',#5076,1.);
#5076 = DIRECTION('',(0.,1.,-2.22044604925E-16));
#5077 = ORIENTED_EDGE('',*,*,#3241,.F.);
#5078 = ORIENTED_EDGE('',*,*,#5047,.T.);
#5079 = ORIENTED_EDGE('',*,*,#5080,.T.);
#5080 = EDGE_CURVE('',#5048,#5081,#5083,.T.);
#5081 = VERTEX_POINT('',#5082);
#5082 = CARTESIAN_POINT('',(-27.675,27.625,-2.090974442438E-14));
#5083 = LINE('',#5084,#5085);
#5084 = CARTESIAN_POINT('',(-27.675,28.625,-1.665334536938E-16));
#5085 = VECTOR('',#5086,1.);
#5086 = DIRECTION('',(0.,-1.,2.22044604925E-16));
#5087 = ORIENTED_EDGE('',*,*,#5088,.T.);
#5088 = EDGE_CURVE('',#5081,#3441,#5089,.T.);
#5089 = LINE('',#5090,#5091);
#5090 = CARTESIAN_POINT('',(-27.675,28.899999999999,1.275000000003));
#5091 = VECTOR('',#5092,1.);
#5092 = DIRECTION('',(0.,0.707106781185,0.707106781188));
#5093 = PLANE('',#5094);
#5094 = AXIS2_PLACEMENT_3D('',#5095,#5096,#5097);
#5095 = CARTESIAN_POINT('',(-27.675,28.625,2.1));
#5096 = DIRECTION('',(-1.,-0.,-0.));
#5097 = DIRECTION('',(0.,0.,-1.));
#5098 = ADVANCED_FACE('',(#5099),#5110,.T.);
#5099 = FACE_BOUND('',#5100,.T.);
#5100 = EDGE_LOOP('',(#5101,#5102,#5108,#5109));
#5101 = ORIENTED_EDGE('',*,*,#3233,.T.);
#5102 = ORIENTED_EDGE('',*,*,#5103,.T.);
#5103 = EDGE_CURVE('',#3226,#3457,#5104,.T.);
#5104 = LINE('',#5105,#5106);
#5105 = CARTESIAN_POINT('',(17.675,28.625,4.2));
#5106 = VECTOR('',#5107,1.);
#5107 = DIRECTION('',(0.,-1.,2.22044604925E-16));
#5108 = ORIENTED_EDGE('',*,*,#3456,.T.);
#5109 = ORIENTED_EDGE('',*,*,#5072,.T.);
#5110 = PLANE('',#5111);
#5111 = AXIS2_PLACEMENT_3D('',#5112,#5113,#5114);
#5112 = CARTESIAN_POINT('',(-5.,29.500546151641,4.2));
#5113 = DIRECTION('',(-0.,-0.,-1.));
#5114 = DIRECTION('',(-1.,0.,0.));
#5115 = ADVANCED_FACE('',(#5116),#5143,.F.);
#5116 = FACE_BOUND('',#5117,.F.);
#5117 = EDGE_LOOP('',(#5118,#5126,#5134,#5140,#5141,#5142));
#5118 = ORIENTED_EDGE('',*,*,#5119,.T.);
#5119 = EDGE_CURVE('',#3465,#5120,#5122,.T.);
#5120 = VERTEX_POINT('',#5121);
#5121 = CARTESIAN_POINT('',(17.675,27.624999999999,1.431977230246E-14));
#5122 = LINE('',#5123,#5124);
#5123 = CARTESIAN_POINT('',(17.675,28.899999999999,1.275000000004));
#5124 = VECTOR('',#5125,1.);
#5125 = DIRECTION('',(0.,-0.707106781185,-0.707106781188));
#5126 = ORIENTED_EDGE('',*,*,#5127,.T.);
#5127 = EDGE_CURVE('',#5120,#5128,#5130,.T.);
#5128 = VERTEX_POINT('',#5129);
#5129 = CARTESIAN_POINT('',(17.675,29.976092303283,1.530499862165E-14));
#5130 = LINE('',#5131,#5132);
#5131 = CARTESIAN_POINT('',(17.675,28.625,0.));
#5132 = VECTOR('',#5133,1.);
#5133 = DIRECTION('',(0.,1.,-2.22044604925E-16));
#5134 = ORIENTED_EDGE('',*,*,#5135,.F.);
#5135 = EDGE_CURVE('',#3218,#5128,#5136,.T.);
#5136 = LINE('',#5137,#5138);
#5137 = CARTESIAN_POINT('',(17.675,30.263319227462,0.287226924179));
#5138 = VECTOR('',#5139,1.);
#5139 = DIRECTION('',(0.,-0.707106781187,-0.707106781187));
#5140 = ORIENTED_EDGE('',*,*,#3225,.F.);
#5141 = ORIENTED_EDGE('',*,*,#5103,.T.);
#5142 = ORIENTED_EDGE('',*,*,#3464,.F.);
#5143 = PLANE('',#5144);
#5144 = AXIS2_PLACEMENT_3D('',#5145,#5146,#5147);
#5145 = CARTESIAN_POINT('',(17.675,28.625,2.1));
#5146 = DIRECTION('',(1.,0.,0.));
#5147 = DIRECTION('',(0.,0.,1.));
#5148 = ADVANCED_FACE('',(#5149),#5167,.T.);
#5149 = FACE_BOUND('',#5150,.T.);
#5150 = EDGE_LOOP('',(#5151,#5152,#5153,#5161));
#5151 = ORIENTED_EDGE('',*,*,#5135,.F.);
#5152 = ORIENTED_EDGE('',*,*,#3217,.T.);
#5153 = ORIENTED_EDGE('',*,*,#5154,.F.);
#5154 = EDGE_CURVE('',#5155,#3210,#5157,.T.);
#5155 = VERTEX_POINT('',#5156);
#5156 = CARTESIAN_POINT('',(30.475,29.976092303283,1.530499862165E-14));
#5157 = LINE('',#5158,#5159);
#5158 = CARTESIAN_POINT('',(30.475,30.263319227462,0.287226924179));
#5159 = VECTOR('',#5160,1.);
#5160 = DIRECTION('',(0.,0.707106781187,0.707106781187));
#5161 = ORIENTED_EDGE('',*,*,#5162,.F.);
#5162 = EDGE_CURVE('',#5128,#5155,#5163,.T.);
#5163 = LINE('',#5164,#5165);
#5164 = CARTESIAN_POINT('',(17.175,29.976092303283,3.091E-14));
#5165 = VECTOR('',#5166,1.);
#5166 = DIRECTION('',(1.,0.,0.));
#5167 = PLANE('',#5168);
#5168 = AXIS2_PLACEMENT_3D('',#5169,#5170,#5171);
#5169 = CARTESIAN_POINT('',(17.175,30.176092303283,0.2));
#5170 = DIRECTION('',(8.8E-16,0.707106781187,-0.707106781187));
#5171 = DIRECTION('',(1.,-6.222539674442E-16,6.222539674442E-16));
#5172 = ADVANCED_FACE('',(#5173),#5193,.F.);
#5173 = FACE_BOUND('',#5174,.F.);
#5174 = EDGE_LOOP('',(#5175,#5176,#5177,#5178,#5179,#5187));
#5175 = ORIENTED_EDGE('',*,*,#3480,.F.);
#5176 = ORIENTED_EDGE('',*,*,#4734,.T.);
#5177 = ORIENTED_EDGE('',*,*,#3209,.F.);
#5178 = ORIENTED_EDGE('',*,*,#5154,.F.);
#5179 = ORIENTED_EDGE('',*,*,#5180,.F.);
#5180 = EDGE_CURVE('',#5181,#5155,#5183,.T.);
#5181 = VERTEX_POINT('',#5182);
#5182 = CARTESIAN_POINT('',(30.475,27.624999999999,2.423977230246E-14));
#5183 = LINE('',#5184,#5185);
#5184 = CARTESIAN_POINT('',(30.475,28.625,0.));
#5185 = VECTOR('',#5186,1.);
#5186 = DIRECTION('',(0.,1.,-2.22044604925E-16));
#5187 = ORIENTED_EDGE('',*,*,#5188,.T.);
#5188 = EDGE_CURVE('',#5181,#3473,#5189,.T.);
#5189 = LINE('',#5190,#5191);
#5190 = CARTESIAN_POINT('',(30.475,28.899999999999,1.275000000004));
#5191 = VECTOR('',#5192,1.);
#5192 = DIRECTION('',(0.,0.707106781185,0.707106781188));
#5193 = PLANE('',#5194);
#5194 = AXIS2_PLACEMENT_3D('',#5195,#5196,#5197);
#5195 = CARTESIAN_POINT('',(30.475,28.625,2.1));
#5196 = DIRECTION('',(-1.,-0.,-0.));
#5197 = DIRECTION('',(0.,0.,-1.));
#5198 = ADVANCED_FACE('',(#5199),#5210,.T.);
#5199 = FACE_BOUND('',#5200,.T.);
#5200 = EDGE_LOOP('',(#5201,#5202,#5203,#5209));
#5201 = ORIENTED_EDGE('',*,*,#5057,.F.);
#5202 = ORIENTED_EDGE('',*,*,#5080,.T.);
#5203 = ORIENTED_EDGE('',*,*,#5204,.F.);
#5204 = EDGE_CURVE('',#3393,#5081,#5205,.T.);
#5205 = LINE('',#5206,#5207);
#5206 = CARTESIAN_POINT('',(-36.975,27.625,-5.629E-14));
#5207 = VECTOR('',#5208,1.);
#5208 = DIRECTION('',(1.,-1.399E-14,1.55E-15));
#5209 = ORIENTED_EDGE('',*,*,#3390,.F.);
#5210 = PLANE('',#5211);
#5211 = AXIS2_PLACEMENT_3D('',#5212,#5213,#5214);
#5212 = CARTESIAN_POINT('',(-3.048337874497,28.476684436777,4.E-15));
#5213 = DIRECTION('',(1.23E-15,1.24E-15,-1.));
#5214 = DIRECTION('',(0.,-1.,-1.24E-15));
#5215 = ADVANCED_FACE('',(#5216),#5222,.F.);
#5216 = FACE_BOUND('',#5217,.F.);
#5217 = EDGE_LOOP('',(#5218,#5219,#5220,#5221));
#5218 = ORIENTED_EDGE('',*,*,#3416,.F.);
#5219 = ORIENTED_EDGE('',*,*,#3440,.T.);
#5220 = ORIENTED_EDGE('',*,*,#5088,.F.);
#5221 = ORIENTED_EDGE('',*,*,#5204,.F.);
#5222 = PLANE('',#5223);
#5223 = AXIS2_PLACEMENT_3D('',#5224,#5225,#5226);
#5224 = CARTESIAN_POINT('',(-36.975,28.625,1.000000000003));
#5225 = DIRECTION('',(1.099E-14,0.707106781188,-0.707106781185));
#5226 = DIRECTION('',(-8.79E-15,-0.707106781185,-0.707106781188));
#5227 = ADVANCED_FACE('',(#5228),#5239,.F.);
#5228 = FACE_BOUND('',#5229,.F.);
#5229 = EDGE_LOOP('',(#5230,#5231,#5232,#5233));
#5230 = ORIENTED_EDGE('',*,*,#5119,.F.);
#5231 = ORIENTED_EDGE('',*,*,#3472,.T.);
#5232 = ORIENTED_EDGE('',*,*,#5188,.F.);
#5233 = ORIENTED_EDGE('',*,*,#5234,.F.);
#5234 = EDGE_CURVE('',#5120,#5181,#5235,.T.);
#5235 = LINE('',#5236,#5237);
#5236 = CARTESIAN_POINT('',(-36.975,27.625,-5.629E-14));
#5237 = VECTOR('',#5238,1.);
#5238 = DIRECTION('',(1.,-1.399E-14,1.55E-15));
#5239 = PLANE('',#5240);
#5240 = AXIS2_PLACEMENT_3D('',#5241,#5242,#5243);
#5241 = CARTESIAN_POINT('',(-36.975,28.625,1.000000000003));
#5242 = DIRECTION('',(1.099E-14,0.707106781188,-0.707106781185));
#5243 = DIRECTION('',(-8.79E-15,-0.707106781185,-0.707106781188));
#5244 = ADVANCED_FACE('',(#5245),#5301,.T.);
#5245 = FACE_BOUND('',#5246,.T.);
#5246 = EDGE_LOOP('',(#5247,#5248,#5249,#5296));
#5247 = ORIENTED_EDGE('',*,*,#3595,.F.);
#5248 = ORIENTED_EDGE('',*,*,#3535,.T.);
#5249 = ORIENTED_EDGE('',*,*,#5250,.T.);
#5250 = EDGE_CURVE('',#3528,#5251,#5253,.T.);
#5251 = VERTEX_POINT('',#5252);
#5252 = CARTESIAN_POINT('',(37.862709194837,49.660826356024,
    12.36499974018));
#5253 = B_SPLINE_CURVE_WITH_KNOTS('',6,(#5254,#5255,#5256,#5257,#5258,
    #5259,#5260,#5261,#5262,#5263,#5264,#5265,#5266,#5267,#5268,#5269,
    #5270,#5271,#5272,#5273,#5274,#5275,#5276,#5277,#5278,#5279,#5280,
    #5281,#5282,#5283,#5284,#5285,#5286,#5287,#5288,#5289,#5290,#5291,
    #5292,#5293,#5294,#5295),.UNSPECIFIED.,.F.,.F.,(7,5,5,5,5,5,5,5,7),(
    0.,8.474694436933E-02,0.168341925486,0.211325121374,0.299590702135,
    0.418117963049,0.576722899484,0.751021115543,1.),.UNSPECIFIED.);
#5254 = CARTESIAN_POINT('',(38.198280458922,48.866,11.524599022842));
#5255 = CARTESIAN_POINT('',(38.198280458922,48.891807584924,
    11.551886382802));
#5256 = CARTESIAN_POINT('',(38.197558272528,48.91745130901,
    11.579000486347));
#5257 = CARTESIAN_POINT('',(38.196130801752,48.942824433285,
    11.605828474221));
#5258 = CARTESIAN_POINT('',(38.194032063586,48.967814984574,
    11.632251952848));
#5259 = CARTESIAN_POINT('',(38.191312804761,48.992310328952,
    11.658151830011));
#5260 = CARTESIAN_POINT('',(38.184811913854,49.039768405949,
    11.708331094512));
#5261 = CARTESIAN_POINT('',(38.18104414563,49.062754126999,
    11.73263478841));
#5262 = CARTESIAN_POINT('',(38.176800931092,49.085053186352,
    11.756212448278));
#5263 = CARTESIAN_POINT('',(38.172155461125,49.106595284539,
    11.778989743761));
#5264 = CARTESIAN_POINT('',(38.16718212368,49.127338667512,
    11.800922526687));
#5265 = CARTESIAN_POINT('',(38.159257650428,49.157508149447,
    11.832821889445));
#5266 = CARTESIAN_POINT('',(38.156497632778,49.167537487526,
    11.843426297379));
#5267 = CARTESIAN_POINT('',(38.153677637468,49.17734967637,
    11.853801105009));
#5268 = CARTESIAN_POINT('',(38.150806025212,49.186944714868,
    11.863946311161));
#5269 = CARTESIAN_POINT('',(38.1478904562,49.196324188215,
    11.873863591922));
#5270 = CARTESIAN_POINT('',(38.138874823933,49.224315778214,
    11.90346018511));
#5271 = CARTESIAN_POINT('',(38.132656085665,49.242242804172,
    11.922415124589));
#5272 = CARTESIAN_POINT('',(38.126340721191,49.259301807214,
    11.940452269791));
#5273 = CARTESIAN_POINT('',(38.119974334856,49.275537346237,
    11.957618734564));
#5274 = CARTESIAN_POINT('',(38.113590659677,49.291002039819,
    11.97397015457));
#5275 = CARTESIAN_POINT('',(38.098649071149,49.325553164411,
    12.010502397962));
#5276 = CARTESIAN_POINT('',(38.090098009679,49.34405955389,
    12.030069920951));
#5277 = CARTESIAN_POINT('',(38.081615652748,49.361403035474,
    12.048407856342));
#5278 = CARTESIAN_POINT('',(38.073235539984,49.37770329139,
    12.065642748795));
#5279 = CARTESIAN_POINT('',(38.064975442428,49.393067082577,
    12.081887480787));
#5280 = CARTESIAN_POINT('',(38.045962517314,49.427023520005,
    12.117790938387));
#5281 = CARTESIAN_POINT('',(38.035314059448,49.444946131822,
    12.136741210624));
#5282 = CARTESIAN_POINT('',(38.024919127859,49.461585050131,
    12.154334183953));
#5283 = CARTESIAN_POINT('',(38.014780258797,49.477107802251,
    12.170746991502));
#5284 = CARTESIAN_POINT('',(38.004892566622,49.491652024154,
    12.186125161121));
#5285 = CARTESIAN_POINT('',(37.984643627492,49.52036518555,
    12.216484699719));
#5286 = CARTESIAN_POINT('',(37.974334207723,49.534352292562,
    12.231273810167));
#5287 = CARTESIAN_POINT('',(37.964304686926,49.547441516123,
    12.245113553636));
#5288 = CARTESIAN_POINT('',(37.954540853456,49.559744881711,
    12.258122379008));
#5289 = CARTESIAN_POINT('',(37.945027755946,49.571349955512,
    12.270392873403));
#5290 = CARTESIAN_POINT('',(37.922498872755,49.598018806501,
    12.29859088336));
#5291 = CARTESIAN_POINT('',(37.909729799241,49.612432357077,
    12.31383088912));
#5292 = CARTESIAN_POINT('',(37.897401173474,49.625787218886,
    12.327951502207));
#5293 = CARTESIAN_POINT('',(37.885476049699,49.638230500728,
    12.341108266456));
#5294 = CARTESIAN_POINT('',(37.87392183007,49.64987916317,
    12.353424848812));
#5295 = CARTESIAN_POINT('',(37.862709194837,49.660826356024,
    12.36499974018));
#5296 = ORIENTED_EDGE('',*,*,#5297,.F.);
#5297 = EDGE_CURVE('',#3596,#5251,#5298,.T.);
#5298 = B_SPLINE_CURVE_WITH_KNOTS('',1,(#5299,#5300),.UNSPECIFIED.,.F.,
  .F.,(2,2),(0.,1.),.PIECEWISE_BEZIER_KNOTS.);
#5299 = CARTESIAN_POINT('',(34.975,46.1,8.6));
#5300 = CARTESIAN_POINT('',(38.042951547533,49.883082711027,12.6));
#5301 = B_SPLINE_SURFACE_WITH_KNOTS('',1,1,(
    (#5302,#5303)
    ,(#5304,#5305
    )),.UNSPECIFIED.,.F.,.F.,.F.,(2,2),(2,2),(-3.223280458922,0.),(0.,1.
    ),.PIECEWISE_BEZIER_KNOTS.);
#5302 = CARTESIAN_POINT('',(34.975,46.1,8.6));
#5303 = CARTESIAN_POINT('',(38.042951547533,49.883082711027,12.6));
#5304 = CARTESIAN_POINT('',(38.198280458922,46.1,8.6));
#5305 = CARTESIAN_POINT('',(38.30628010248,49.883082711027,12.6));
#5306 = ADVANCED_FACE('',(#5307),#5351,.F.);
#5307 = FACE_BOUND('',#5308,.F.);
#5308 = EDGE_LOOP('',(#5309,#5310,#5311,#5312,#5325,#5350));
#5309 = ORIENTED_EDGE('',*,*,#4489,.F.);
#5310 = ORIENTED_EDGE('',*,*,#3527,.T.);
#5311 = ORIENTED_EDGE('',*,*,#5250,.T.);
#5312 = ORIENTED_EDGE('',*,*,#5313,.T.);
#5313 = EDGE_CURVE('',#5251,#5314,#5316,.T.);
#5314 = VERTEX_POINT('',#5315);
#5315 = CARTESIAN_POINT('',(37.72063964313,49.778337516942,
    12.454676116389));
#5316 = B_SPLINE_CURVE_WITH_KNOTS('',7,(#5317,#5318,#5319,#5320,#5321,
    #5322,#5323,#5324),.UNSPECIFIED.,.F.,.F.,(8,8),(0.,1.),
  .PIECEWISE_BEZIER_KNOTS.);
#5317 = CARTESIAN_POINT('',(37.862709194837,49.660826356024,
    12.36499974018));
#5318 = CARTESIAN_POINT('',(37.842354162842,49.680699513061,
    12.38601239949));
#5319 = CARTESIAN_POINT('',(37.821218111808,49.700156511414,
    12.403345077096));
#5320 = CARTESIAN_POINT('',(37.799954563192,49.71851905959,
    12.417470347433));
#5321 = CARTESIAN_POINT('',(37.778984438988,49.735570158068,
    12.429102833096));
#5322 = CARTESIAN_POINT('',(37.75858928692,49.751241834001,
    12.438789011285));
#5323 = CARTESIAN_POINT('',(37.739063422813,49.765493087842,
    12.447093547075));
#5324 = CARTESIAN_POINT('',(37.72063964313,49.778337516942,
    12.454676116389));
#5325 = ORIENTED_EDGE('',*,*,#5326,.T.);
#5326 = EDGE_CURVE('',#5314,#3776,#5327,.T.);
#5327 = B_SPLINE_CURVE_WITH_KNOTS('',6,(#5328,#5329,#5330,#5331,#5332,
    #5333,#5334,#5335,#5336,#5337,#5338,#5339,#5340,#5341,#5342,#5343,
    #5344,#5345,#5346,#5347,#5348,#5349),.UNSPECIFIED.,.F.,.F.,(7,5,5,5,
    7),(0.,0.302387509528,0.518932691132,0.752442914615,1.),
  .UNSPECIFIED.);
#5328 = CARTESIAN_POINT('',(37.72063964313,49.778337516942,
    12.454676116389));
#5329 = CARTESIAN_POINT('',(37.705238088186,49.789074954314,
    12.438391455312));
#5330 = CARTESIAN_POINT('',(37.688852663373,49.800039247785,
    12.421066510483));
#5331 = CARTESIAN_POINT('',(37.671353416348,49.811235709354,
    12.402563878253));
#5332 = CARTESIAN_POINT('',(37.652580930561,49.822662584374,
    12.382715001323));
#5333 = CARTESIAN_POINT('',(37.632338442634,49.834309242668,
    12.361311834146));
#5334 = CARTESIAN_POINT('',(37.594603790456,49.85461368841,
    12.32141352363));
#5335 = CARTESIAN_POINT('',(37.577964542806,49.863180246549,
    12.303820202075));
#5336 = CARTESIAN_POINT('',(37.560329775237,49.871827638669,
    12.285174278721));
#5337 = CARTESIAN_POINT('',(37.541582769131,49.88053476761,
    12.265352342444));
#5338 = CARTESIAN_POINT('',(37.521584310086,49.889265011345,
    12.244207196464));
#5339 = CARTESIAN_POINT('',(37.477066289025,49.907333911698,
    12.197136567074));
#5340 = CARTESIAN_POINT('',(37.45232481411,49.916662626101,
    12.170976446553));
#5341 = CARTESIAN_POINT('',(37.425718019812,49.925873470944,
    12.142844051541));
#5342 = CARTESIAN_POINT('',(37.397012541756,49.934848223465,
    12.112492636836));
#5343 = CARTESIAN_POINT('',(37.365962347824,49.943400156468,
    12.079662063144));
#5344 = CARTESIAN_POINT('',(37.296746082747,49.959570866203,
    12.006477022939));
#5345 = CARTESIAN_POINT('',(37.258241817805,49.967108215861,
    11.965764971013));
#5346 = CARTESIAN_POINT('',(37.216688581017,49.97350458802,
    11.921829122963));
#5347 = CARTESIAN_POINT('',(37.172055594334,49.97830079693,
    11.874636935964));
#5348 = CARTESIAN_POINT('',(37.124580217735,49.980907696717,
    11.824439379922));
#5349 = CARTESIAN_POINT('',(37.075,49.980907696717,11.772016293755));
#5350 = ORIENTED_EDGE('',*,*,#3788,.F.);
#5351 = SURFACE_OF_LINEAR_EXTRUSION('',#5352,#5357);
#5352 = CIRCLE('',#5353,1.123280458922);
#5353 = AXIS2_PLACEMENT_3D('',#5354,#5355,#5356);
#5354 = CARTESIAN_POINT('',(37.075,48.866,12.619367861201));
#5355 = DIRECTION('',(0.,-0.121869343405,0.992546151641));
#5356 = DIRECTION('',(1.,0.,0.));
#5357 = VECTOR('',#5358,1.);
#5358 = DIRECTION('',(0.,0.,1.));
#5359 = ADVANCED_FACE('',(#5360),#5370,.T.);
#5360 = FACE_BOUND('',#5361,.T.);
#5361 = EDGE_LOOP('',(#5362,#5363,#5364,#5365));
#5362 = ORIENTED_EDGE('',*,*,#3619,.F.);
#5363 = ORIENTED_EDGE('',*,*,#5297,.T.);
#5364 = ORIENTED_EDGE('',*,*,#5313,.T.);
#5365 = ORIENTED_EDGE('',*,*,#5366,.F.);
#5366 = EDGE_CURVE('',#3620,#5314,#5367,.T.);
#5367 = B_SPLINE_CURVE_WITH_KNOTS('',1,(#5368,#5369),.UNSPECIFIED.,.F.,
  .F.,(2,2),(0.,1.),.PIECEWISE_BEZIER_KNOTS.);
#5368 = CARTESIAN_POINT('',(34.075,47.,8.6));
#5369 = CARTESIAN_POINT('',(37.858082711027,49.883082711027,12.6));
#5370 = B_SPLINE_SURFACE_WITH_KNOTS('',7,1,(
    (#5371,#5372)
    ,(#5373,#5374)
    ,(#5375,#5376)
    ,(#5377,#5378)
    ,(#5379,#5380)
    ,(#5381,#5382)
    ,(#5383,#5384)
    ,(#5385,#5386
    )),.UNSPECIFIED.,.F.,.F.,.F.,(8,8),(2,2),(3.14159265359,
    4.712388980385),(0.,1.),.PIECEWISE_BEZIER_KNOTS.);
#5371 = CARTESIAN_POINT('',(34.075,47.,8.6));
#5372 = CARTESIAN_POINT('',(37.858082711027,49.883082711027,12.6));
#5373 = CARTESIAN_POINT('',(34.075,46.798040472269,8.6));
#5374 = CARTESIAN_POINT('',(37.884492544813,49.883082711027,12.6));
#5375 = CARTESIAN_POINT('',(34.127873997897,46.596081921516,8.6));
#5376 = CARTESIAN_POINT('',(37.9109023786,49.883082711027,12.6));
#5377 = CARTESIAN_POINT('',(34.233613550017,46.410727753257,8.6));
#5378 = CARTESIAN_POINT('',(37.937312212387,49.883082711027,12.6));
#5379 = CARTESIAN_POINT('',(34.38572775326,46.25861355002,8.6));
#5380 = CARTESIAN_POINT('',(37.963722046173,49.883082711027,12.6));
#5381 = CARTESIAN_POINT('',(34.571081921514,46.152873997895,8.6));
#5382 = CARTESIAN_POINT('',(37.99013187996,49.883082711027,12.6));
#5383 = CARTESIAN_POINT('',(34.773040472269,46.1,8.6));
#5384 = CARTESIAN_POINT('',(38.016541713747,49.883082711027,12.6));
#5385 = CARTESIAN_POINT('',(34.975,46.1,8.6));
#5386 = CARTESIAN_POINT('',(38.042951547533,49.883082711027,12.6));
#5387 = ADVANCED_FACE('',(#5388),#5399,.T.);
#5388 = FACE_BOUND('',#5389,.T.);
#5389 = EDGE_LOOP('',(#5390,#5391,#5392,#5393,#5394));
#5390 = ORIENTED_EDGE('',*,*,#3644,.F.);
#5391 = ORIENTED_EDGE('',*,*,#5366,.T.);
#5392 = ORIENTED_EDGE('',*,*,#5326,.T.);
#5393 = ORIENTED_EDGE('',*,*,#3775,.T.);
#5394 = ORIENTED_EDGE('',*,*,#5395,.F.);
#5395 = EDGE_CURVE('',#3645,#3745,#5396,.T.);
#5396 = B_SPLINE_CURVE_WITH_KNOTS('',1,(#5397,#5398),.UNSPECIFIED.,.F.,
  .F.,(2,2),(0.,1.),.PIECEWISE_BEZIER_KNOTS.);
#5397 = CARTESIAN_POINT('',(34.075,49.182645292605,8.6));
#5398 = CARTESIAN_POINT('',(37.858082711027,50.19782498569,12.6));
#5399 = B_SPLINE_SURFACE_WITH_KNOTS('',1,1,(
    (#5400,#5401)
    ,(#5402,#5403
    )),.UNSPECIFIED.,.F.,.F.,.F.,(2,2),(2,2),(-2.182645292605,0.),(0.,1.
    ),.PIECEWISE_BEZIER_KNOTS.);
#5400 = CARTESIAN_POINT('',(34.075,49.182645292605,8.6));
#5401 = CARTESIAN_POINT('',(37.858082711027,50.19782498569,12.6));
#5402 = CARTESIAN_POINT('',(34.075,47.,8.6));
#5403 = CARTESIAN_POINT('',(37.858082711027,49.883082711027,12.6));
#5404 = ADVANCED_FACE('',(#5405),#5410,.T.);
#5405 = FACE_BOUND('',#5406,.T.);
#5406 = EDGE_LOOP('',(#5407,#5408,#5409));
#5407 = ORIENTED_EDGE('',*,*,#3652,.F.);
#5408 = ORIENTED_EDGE('',*,*,#5395,.T.);
#5409 = ORIENTED_EDGE('',*,*,#3744,.F.);
#5410 = B_SPLINE_SURFACE_WITH_KNOTS('',1,1,(
    (#5411,#5412)
    ,(#5413,#5414
    )),.UNSPECIFIED.,.F.,.F.,.F.,(2,2),(2,2),(-2.980907696717,
    -2.182645292605),(0.,1.),.PIECEWISE_BEZIER_KNOTS.);
#5411 = CARTESIAN_POINT('',(34.075,49.980907696717,8.6));
#5412 = CARTESIAN_POINT('',(37.971846025181,50.19782498569,12.6));
#5413 = CARTESIAN_POINT('',(34.075,49.182645292605,8.6));
#5414 = CARTESIAN_POINT('',(37.858082711027,50.19782498569,12.6));
#5415 = ADVANCED_FACE('',(#5416),#5425,.T.);
#5416 = FACE_BOUND('',#5417,.T.);
#5417 = EDGE_LOOP('',(#5418,#5423,#5424));
#5418 = ORIENTED_EDGE('',*,*,#5419,.F.);
#5419 = EDGE_CURVE('',#3845,#3694,#5420,.T.);
#5420 = B_SPLINE_CURVE_WITH_KNOTS('',1,(#5421,#5422),.UNSPECIFIED.,.F.,
  .F.,(2,2),(0.,1.),.PIECEWISE_BEZIER_KNOTS.);
#5421 = CARTESIAN_POINT('',(-34.075,49.182645292605,8.6));
#5422 = CARTESIAN_POINT('',(-37.85808271102,50.19782498569,12.6));
#5423 = ORIENTED_EDGE('',*,*,#3852,.T.);
#5424 = ORIENTED_EDGE('',*,*,#3705,.T.);
#5425 = B_SPLINE_SURFACE_WITH_KNOTS('',1,1,(
    (#5426,#5427)
    ,(#5428,#5429
    )),.UNSPECIFIED.,.F.,.F.,.F.,(2,2),(2,2),(2.182645292605,
    2.980907696717),(0.,1.),.PIECEWISE_BEZIER_KNOTS.);
#5426 = CARTESIAN_POINT('',(-34.075,49.182645292605,8.6));
#5427 = CARTESIAN_POINT('',(-37.85808271102,50.19782498569,12.6));
#5428 = CARTESIAN_POINT('',(-34.075,49.980907696717,8.6));
#5429 = CARTESIAN_POINT('',(-37.97184602518,50.19782498569,12.6));
#5430 = ADVANCED_FACE('',(#5431),#5442,.T.);
#5431 = FACE_BOUND('',#5432,.T.);
#5432 = EDGE_LOOP('',(#5433,#5438,#5439,#5440,#5441));
#5433 = ORIENTED_EDGE('',*,*,#5434,.F.);
#5434 = EDGE_CURVE('',#3837,#4678,#5435,.T.);
#5435 = B_SPLINE_CURVE_WITH_KNOTS('',1,(#5436,#5437),.UNSPECIFIED.,.F.,
  .F.,(2,2),(0.,1.),.PIECEWISE_BEZIER_KNOTS.);
#5436 = CARTESIAN_POINT('',(-34.075,47.,8.6));
#5437 = CARTESIAN_POINT('',(-37.85808271102,49.883082711027,12.6));
#5438 = ORIENTED_EDGE('',*,*,#3844,.T.);
#5439 = ORIENTED_EDGE('',*,*,#5419,.T.);
#5440 = ORIENTED_EDGE('',*,*,#3693,.T.);
#5441 = ORIENTED_EDGE('',*,*,#4677,.T.);
#5442 = B_SPLINE_SURFACE_WITH_KNOTS('',1,1,(
    (#5443,#5444)
    ,(#5445,#5446
    )),.UNSPECIFIED.,.F.,.F.,.F.,(2,2),(2,2),(0.,2.182645292605),(0.,1.)
  ,.PIECEWISE_BEZIER_KNOTS.);
#5443 = CARTESIAN_POINT('',(-34.075,47.,8.6));
#5444 = CARTESIAN_POINT('',(-37.85808271102,49.883082711027,12.6));
#5445 = CARTESIAN_POINT('',(-34.075,49.182645292605,8.6));
#5446 = CARTESIAN_POINT('',(-37.85808271102,50.19782498569,12.6));
#5447 = ADVANCED_FACE('',(#5448),#5481,.F.);
#5448 = FACE_BOUND('',#5449,.F.);
#5449 = EDGE_LOOP('',(#5450,#5451,#5459,#5467,#5475));
#5450 = ORIENTED_EDGE('',*,*,#3796,.T.);
#5451 = ORIENTED_EDGE('',*,*,#5452,.T.);
#5452 = EDGE_CURVE('',#3799,#5453,#5455,.T.);
#5453 = VERTEX_POINT('',#5454);
#5454 = CARTESIAN_POINT('',(-20.,49.97111583157,10.061549699142));
#5455 = LINE('',#5456,#5457);
#5456 = CARTESIAN_POINT('',(-20.,50.214907696717,10.373589056934));
#5457 = VECTOR('',#5458,1.);
#5458 = DIRECTION('',(0.,-0.615661475326,-0.788010753607));
#5459 = ORIENTED_EDGE('',*,*,#5460,.T.);
#5460 = EDGE_CURVE('',#5453,#5461,#5463,.T.);
#5461 = VERTEX_POINT('',#5462);
#5462 = CARTESIAN_POINT('',(-20.,49.571798076546,9.760642187566));
#5463 = LINE('',#5464,#5465);
#5464 = CARTESIAN_POINT('',(-20.,49.97111583157,10.061549699142));
#5465 = VECTOR('',#5466,1.);
#5466 = DIRECTION('',(0.,-0.798635510047,-0.601815023152));
#5467 = ORIENTED_EDGE('',*,*,#5468,.T.);
#5468 = EDGE_CURVE('',#5461,#5469,#5471,.T.);
#5469 = VERTEX_POINT('',#5470);
#5470 = CARTESIAN_POINT('',(-20.,49.571798076546,7.373589056934));
#5471 = LINE('',#5472,#5473);
#5472 = CARTESIAN_POINT('',(-20.,49.571798076546,9.760642187566));
#5473 = VECTOR('',#5474,1.);
#5474 = DIRECTION('',(0.,0.,-1.));
#5475 = ORIENTED_EDGE('',*,*,#5476,.T.);
#5476 = EDGE_CURVE('',#5469,#3797,#5477,.T.);
#5477 = LINE('',#5478,#5479);
#5478 = CARTESIAN_POINT('',(-20.,49.571798076546,7.373589056934));
#5479 = VECTOR('',#5480,1.);
#5480 = DIRECTION('',(0.,1.,0.));
#5481 = PLANE('',#5482);
#5482 = AXIS2_PLACEMENT_3D('',#5483,#5484,#5485);
#5483 = CARTESIAN_POINT('',(-20.,49.92442495513,8.780422508217));
#5484 = DIRECTION('',(1.,0.,0.));
#5485 = DIRECTION('',(0.,0.,1.));
#5486 = ADVANCED_FACE('',(#5487),#5505,.F.);
#5487 = FACE_BOUND('',#5488,.F.);
#5488 = EDGE_LOOP('',(#5489,#5490,#5498,#5504));
#5489 = ORIENTED_EDGE('',*,*,#5476,.F.);
#5490 = ORIENTED_EDGE('',*,*,#5491,.T.);
#5491 = EDGE_CURVE('',#5469,#5492,#5494,.T.);
#5492 = VERTEX_POINT('',#5493);
#5493 = CARTESIAN_POINT('',(20.,49.571798076546,7.373589056934));
#5494 = LINE('',#5495,#5496);
#5495 = CARTESIAN_POINT('',(-20.,49.571798076546,7.373589056934));
#5496 = VECTOR('',#5497,1.);
#5497 = DIRECTION('',(1.,0.,0.));
#5498 = ORIENTED_EDGE('',*,*,#5499,.T.);
#5499 = EDGE_CURVE('',#5492,#3815,#5500,.T.);
#5500 = LINE('',#5501,#5502);
#5501 = CARTESIAN_POINT('',(20.,49.571798076546,7.373589056934));
#5502 = VECTOR('',#5503,1.);
#5503 = DIRECTION('',(0.,1.,0.));
#5504 = ORIENTED_EDGE('',*,*,#3822,.T.);
#5505 = PLANE('',#5506);
#5506 = AXIS2_PLACEMENT_3D('',#5507,#5508,#5509);
#5507 = CARTESIAN_POINT('',(-20.,49.571798076546,7.373589056934));
#5508 = DIRECTION('',(0.,0.,1.));
#5509 = DIRECTION('',(0.,1.,0.));
#5510 = ADVANCED_FACE('',(#5511),#5529,.F.);
#5511 = FACE_BOUND('',#5512,.F.);
#5512 = EDGE_LOOP('',(#5513,#5514,#5515,#5523));
#5513 = ORIENTED_EDGE('',*,*,#5452,.F.);
#5514 = ORIENTED_EDGE('',*,*,#3806,.T.);
#5515 = ORIENTED_EDGE('',*,*,#5516,.T.);
#5516 = EDGE_CURVE('',#3807,#5517,#5519,.T.);
#5517 = VERTEX_POINT('',#5518);
#5518 = CARTESIAN_POINT('',(20.,49.97111583157,10.061549699142));
#5519 = LINE('',#5520,#5521);
#5520 = CARTESIAN_POINT('',(20.,50.214907696717,10.373589056934));
#5521 = VECTOR('',#5522,1.);
#5522 = DIRECTION('',(0.,-0.615661475326,-0.788010753607));
#5523 = ORIENTED_EDGE('',*,*,#5524,.F.);
#5524 = EDGE_CURVE('',#5453,#5517,#5525,.T.);
#5525 = LINE('',#5526,#5527);
#5526 = CARTESIAN_POINT('',(-20.,49.97111583157,10.061549699142));
#5527 = VECTOR('',#5528,1.);
#5528 = DIRECTION('',(1.,0.,0.));
#5529 = PLANE('',#5530);
#5530 = AXIS2_PLACEMENT_3D('',#5531,#5532,#5533);
#5531 = CARTESIAN_POINT('',(-20.,50.214907696717,10.373589056934));
#5532 = DIRECTION('',(0.,0.788010753607,-0.615661475326));
#5533 = DIRECTION('',(0.,-0.615661475326,-0.788010753607));
#5534 = ADVANCED_FACE('',(#5535),#5554,.T.);
#5535 = FACE_BOUND('',#5536,.T.);
#5536 = EDGE_LOOP('',(#5537,#5538,#5539,#5547,#5553));
#5537 = ORIENTED_EDGE('',*,*,#3814,.T.);
#5538 = ORIENTED_EDGE('',*,*,#5516,.T.);
#5539 = ORIENTED_EDGE('',*,*,#5540,.T.);
#5540 = EDGE_CURVE('',#5517,#5541,#5543,.T.);
#5541 = VERTEX_POINT('',#5542);
#5542 = CARTESIAN_POINT('',(20.,49.571798076546,9.760642187566));
#5543 = LINE('',#5544,#5545);
#5544 = CARTESIAN_POINT('',(20.,49.97111583157,10.061549699142));
#5545 = VECTOR('',#5546,1.);
#5546 = DIRECTION('',(0.,-0.798635510047,-0.601815023152));
#5547 = ORIENTED_EDGE('',*,*,#5548,.T.);
#5548 = EDGE_CURVE('',#5541,#5492,#5549,.T.);
#5549 = LINE('',#5550,#5551);
#5550 = CARTESIAN_POINT('',(20.,49.571798076546,9.760642187566));
#5551 = VECTOR('',#5552,1.);
#5552 = DIRECTION('',(0.,0.,-1.));
#5553 = ORIENTED_EDGE('',*,*,#5499,.T.);
#5554 = PLANE('',#5555);
#5555 = AXIS2_PLACEMENT_3D('',#5556,#5557,#5558);
#5556 = CARTESIAN_POINT('',(20.,49.92442495513,8.780422508217));
#5557 = DIRECTION('',(1.,0.,0.));
#5558 = DIRECTION('',(0.,0.,1.));
#5559 = ADVANCED_FACE('',(#5560),#5566,.T.);
#5560 = FACE_BOUND('',#5561,.T.);
#5561 = EDGE_LOOP('',(#5562,#5563,#5564,#5565));
#5562 = ORIENTED_EDGE('',*,*,#3869,.F.);
#5563 = ORIENTED_EDGE('',*,*,#5434,.T.);
#5564 = ORIENTED_EDGE('',*,*,#4709,.T.);
#5565 = ORIENTED_EDGE('',*,*,#4428,.F.);
#5566 = B_SPLINE_SURFACE_WITH_KNOTS('',7,1,(
    (#5567,#5568)
    ,(#5569,#5570)
    ,(#5571,#5572)
    ,(#5573,#5574)
    ,(#5575,#5576)
    ,(#5577,#5578)
    ,(#5579,#5580)
    ,(#5581,#5582
    )),.UNSPECIFIED.,.F.,.F.,.F.,(8,8),(2,2),(4.712388980385,
    6.28318530718),(0.,1.),.PIECEWISE_BEZIER_KNOTS.);
#5567 = CARTESIAN_POINT('',(-34.975,46.1,8.6));
#5568 = CARTESIAN_POINT('',(-38.04295154753,49.883082711027,12.6));
#5569 = CARTESIAN_POINT('',(-34.77304047227,46.1,8.6));
#5570 = CARTESIAN_POINT('',(-38.01654171374,49.883082711027,12.6));
#5571 = CARTESIAN_POINT('',(-34.57108192151,46.152873997896,8.6));
#5572 = CARTESIAN_POINT('',(-37.99013187996,49.883082711027,12.6));
#5573 = CARTESIAN_POINT('',(-34.38572775326,46.258613550019,8.6));
#5574 = CARTESIAN_POINT('',(-37.96372204617,49.883082711027,12.6));
#5575 = CARTESIAN_POINT('',(-34.23361355001,46.410727753259,8.6));
#5576 = CARTESIAN_POINT('',(-37.93731221238,49.883082711027,12.6));
#5577 = CARTESIAN_POINT('',(-34.12787399789,46.596081921515,8.6));
#5578 = CARTESIAN_POINT('',(-37.9109023786,49.883082711027,12.6));
#5579 = CARTESIAN_POINT('',(-34.075,46.798040472269,8.6));
#5580 = CARTESIAN_POINT('',(-37.88449254481,49.883082711027,12.6));
#5581 = CARTESIAN_POINT('',(-34.075,47.,8.6));
#5582 = CARTESIAN_POINT('',(-37.85808271102,49.883082711027,12.6));
#5583 = ADVANCED_FACE('',(#5584),#5587,.F.);
#5584 = FACE_BOUND('',#5585,.T.);
#5585 = EDGE_LOOP('',(#5586));
#5586 = ORIENTED_EDGE('',*,*,#3894,.T.);
#5587 = PLANE('',#5588);
#5588 = AXIS2_PLACEMENT_3D('',#5589,#5590,#5591);
#5589 = CARTESIAN_POINT('',(8.8E-16,48.65,9.));
#5590 = DIRECTION('',(0.,0.,1.));
#5591 = DIRECTION('',(1.,0.,0.));
#5592 = ADVANCED_FACE('',(#5593),#5596,.F.);
#5593 = FACE_BOUND('',#5594,.T.);
#5594 = EDGE_LOOP('',(#5595));
#5595 = ORIENTED_EDGE('',*,*,#3920,.T.);
#5596 = PLANE('',#5597);
#5597 = AXIS2_PLACEMENT_3D('',#5598,#5599,#5600);
#5598 = CARTESIAN_POINT('',(8.8E-16,48.65,9.));
#5599 = DIRECTION('',(0.,0.,1.));
#5600 = DIRECTION('',(1.,0.,0.));
#5601 = ADVANCED_FACE('',(#5602),#5628,.F.);
#5602 = FACE_BOUND('',#5603,.T.);
#5603 = EDGE_LOOP('',(#5604,#5612,#5621,#5627));
#5604 = ORIENTED_EDGE('',*,*,#5605,.F.);
#5605 = EDGE_CURVE('',#5606,#4030,#5608,.T.);
#5606 = VERTEX_POINT('',#5607);
#5607 = CARTESIAN_POINT('',(26.631541095734,49.766947370874,
    13.710612780411));
#5608 = LINE('',#5609,#5610);
#5609 = CARTESIAN_POINT('',(26.631541095734,49.766947370874,
    13.710612780411));
#5610 = VECTOR('',#5611,1.);
#5611 = DIRECTION('',(0.,-0.121869343405,0.992546151641));
#5612 = ORIENTED_EDGE('',*,*,#5613,.T.);
#5613 = EDGE_CURVE('',#5606,#5614,#5616,.T.);
#5614 = VERTEX_POINT('',#5615);
#5615 = CARTESIAN_POINT('',(26.731541095734,49.866201986038,
    13.722799714751));
#5616 = CIRCLE('',#5617,0.1);
#5617 = AXIS2_PLACEMENT_3D('',#5618,#5619,#5620);
#5618 = CARTESIAN_POINT('',(26.731541095734,49.766947370874,
    13.710612780411));
#5619 = DIRECTION('',(0.,0.121869343405,-0.992546151641));
#5620 = DIRECTION('',(0.,-0.992546151641,-0.121869343405));
#5621 = ORIENTED_EDGE('',*,*,#5622,.T.);
#5622 = EDGE_CURVE('',#5614,#4028,#5623,.T.);
#5623 = LINE('',#5624,#5625);
#5624 = CARTESIAN_POINT('',(26.731541095734,49.866201986038,
    13.722799714751));
#5625 = VECTOR('',#5626,1.);
#5626 = DIRECTION('',(0.,-0.121869343405,0.992546151641));
#5627 = ORIENTED_EDGE('',*,*,#4027,.T.);
#5628 = CYLINDRICAL_SURFACE('',#5629,0.1);
#5629 = AXIS2_PLACEMENT_3D('',#5630,#5631,#5632);
#5630 = CARTESIAN_POINT('',(26.731541095734,49.766947370874,
    13.710612780411));
#5631 = DIRECTION('',(0.,-0.121869343405,0.992546151641));
#5632 = DIRECTION('',(-1.,0.,0.));
#5633 = ADVANCED_FACE('',(#5634),#5652,.T.);
#5634 = FACE_BOUND('',#5635,.T.);
#5635 = EDGE_LOOP('',(#5636,#5644,#5650,#5651));
#5636 = ORIENTED_EDGE('',*,*,#5637,.F.);
#5637 = EDGE_CURVE('',#5638,#5614,#5640,.T.);
#5638 = VERTEX_POINT('',#5639);
#5639 = CARTESIAN_POINT('',(28.112037548029,49.866201986038,
    13.722799714751));
#5640 = LINE('',#5641,#5642);
#5641 = CARTESIAN_POINT('',(28.153458904266,49.866201986038,
    13.722799714751));
#5642 = VECTOR('',#5643,1.);
#5643 = DIRECTION('',(-1.,0.,0.));
#5644 = ORIENTED_EDGE('',*,*,#5645,.T.);
#5645 = EDGE_CURVE('',#5638,#4115,#5646,.T.);
#5646 = LINE('',#5647,#5648);
#5647 = CARTESIAN_POINT('',(28.112037548029,49.866201986038,
    13.722799714751));
#5648 = VECTOR('',#5649,1.);
#5649 = DIRECTION('',(0.,-0.121869343405,0.992546151641));
#5650 = ORIENTED_EDGE('',*,*,#4123,.T.);
#5651 = ORIENTED_EDGE('',*,*,#5622,.F.);
#5652 = PLANE('',#5653);
#5653 = AXIS2_PLACEMENT_3D('',#5654,#5655,#5656);
#5654 = CARTESIAN_POINT('',(28.153458904266,49.866201986038,
    13.722799714751));
#5655 = DIRECTION('',(-0.,-0.992546151641,-0.121869343405));
#5656 = DIRECTION('',(-1.,0.,0.));
#5657 = ADVANCED_FACE('',(#5658),#5677,.T.);
#5658 = FACE_BOUND('',#5659,.F.);
#5659 = EDGE_LOOP('',(#5660,#5668,#5675,#5676));
#5660 = ORIENTED_EDGE('',*,*,#5661,.F.);
#5661 = EDGE_CURVE('',#5662,#4107,#5664,.T.);
#5662 = VERTEX_POINT('',#5663);
#5663 = CARTESIAN_POINT('',(28.182748226147,49.895272989756,
    13.726369185178));
#5664 = LINE('',#5665,#5666);
#5665 = CARTESIAN_POINT('',(28.182748226147,49.895272989756,
    13.726369185178));
#5666 = VECTOR('',#5667,1.);
#5667 = DIRECTION('',(0.,-0.121869343405,0.992546151641));
#5668 = ORIENTED_EDGE('',*,*,#5669,.T.);
#5669 = EDGE_CURVE('',#5662,#5638,#5670,.T.);
#5670 = CIRCLE('',#5671,0.1);
#5671 = AXIS2_PLACEMENT_3D('',#5672,#5673,#5674);
#5672 = CARTESIAN_POINT('',(28.112037548029,49.965456601202,
    13.734986649092));
#5673 = DIRECTION('',(0.,0.121869343405,-0.992546151641));
#5674 = DIRECTION('',(0.,-0.992546151641,-0.121869343405));
#5675 = ORIENTED_EDGE('',*,*,#5645,.T.);
#5676 = ORIENTED_EDGE('',*,*,#4114,.T.);
#5677 = CYLINDRICAL_SURFACE('',#5678,0.1);
#5678 = AXIS2_PLACEMENT_3D('',#5679,#5680,#5681);
#5679 = CARTESIAN_POINT('',(28.112037548029,49.965456601202,
    13.734986649092));
#5680 = DIRECTION('',(0.,-0.121869343405,0.992546151641));
#5681 = DIRECTION('',(0.707106781187,-0.701836114466,-8.617463914053E-02
    ));
#5682 = ADVANCED_FACE('',(#5683),#5701,.F.);
#5683 = FACE_BOUND('',#5684,.F.);
#5684 = EDGE_LOOP('',(#5685,#5693,#5694,#5695));
#5685 = ORIENTED_EDGE('',*,*,#5686,.F.);
#5686 = EDGE_CURVE('',#5662,#5687,#5689,.T.);
#5687 = VERTEX_POINT('',#5688);
#5688 = CARTESIAN_POINT('',(29.058906628969,50.764900640704,
    13.833146034448));
#5689 = LINE('',#5690,#5691);
#5690 = CARTESIAN_POINT('',(28.153458904266,49.866201986038,
    13.722799714751));
#5691 = VECTOR('',#5692,1.);
#5692 = DIRECTION('',(0.707106781187,0.701836114466,8.617463914053E-02)
  );
#5693 = ORIENTED_EDGE('',*,*,#5661,.T.);
#5694 = ORIENTED_EDGE('',*,*,#4106,.T.);
#5695 = ORIENTED_EDGE('',*,*,#5696,.F.);
#5696 = EDGE_CURVE('',#5687,#4098,#5697,.T.);
#5697 = LINE('',#5698,#5699);
#5698 = CARTESIAN_POINT('',(29.058906628969,50.764900640704,
    13.833146034448));
#5699 = VECTOR('',#5700,1.);
#5700 = DIRECTION('',(0.,-0.121869343405,0.992546151641));
#5701 = PLANE('',#5702);
#5702 = AXIS2_PLACEMENT_3D('',#5703,#5704,#5705);
#5703 = CARTESIAN_POINT('',(28.153458904266,49.866201986038,
    13.722799714751));
#5704 = DIRECTION('',(-0.707106781187,0.701836114466,8.617463914053E-02)
  );
#5705 = DIRECTION('',(0.707106781187,0.701836114466,8.617463914053E-02)
  );
#5706 = ADVANCED_FACE('',(#5707),#5726,.F.);
#5707 = FACE_BOUND('',#5708,.F.);
#5708 = EDGE_LOOP('',(#5709,#5717,#5724,#5725));
#5709 = ORIENTED_EDGE('',*,*,#5710,.F.);
#5710 = EDGE_CURVE('',#5711,#4090,#5713,.T.);
#5711 = VERTEX_POINT('',#5712);
#5712 = CARTESIAN_POINT('',(29.229617307087,50.694717029258,
    13.824528570534));
#5713 = LINE('',#5714,#5715);
#5714 = CARTESIAN_POINT('',(29.229617307087,50.694717029258,
    13.824528570534));
#5715 = VECTOR('',#5716,1.);
#5716 = DIRECTION('',(0.,-0.121869343405,0.992546151641));
#5717 = ORIENTED_EDGE('',*,*,#5718,.T.);
#5718 = EDGE_CURVE('',#5711,#5687,#5719,.T.);
#5719 = CIRCLE('',#5720,0.1);
#5720 = AXIS2_PLACEMENT_3D('',#5721,#5722,#5723);
#5721 = CARTESIAN_POINT('',(29.129617307087,50.694717029258,
    13.824528570534));
#5722 = DIRECTION('',(0.,-0.121869343405,0.992546151641));
#5723 = DIRECTION('',(0.,-0.992546151641,-0.121869343405));
#5724 = ORIENTED_EDGE('',*,*,#5696,.T.);
#5725 = ORIENTED_EDGE('',*,*,#4097,.F.);
#5726 = CYLINDRICAL_SURFACE('',#5727,0.1);
#5727 = AXIS2_PLACEMENT_3D('',#5728,#5729,#5730);
#5728 = CARTESIAN_POINT('',(29.129617307087,50.694717029258,
    13.824528570534));
#5729 = DIRECTION('',(0.,-0.121869343405,0.992546151641));
#5730 = DIRECTION('',(1.,0.,0.));
#5731 = ADVANCED_FACE('',(#5732),#5750,.T.);
#5732 = FACE_BOUND('',#5733,.T.);
#5733 = EDGE_LOOP('',(#5734,#5742,#5748,#5749));
#5734 = ORIENTED_EDGE('',*,*,#5735,.F.);
#5735 = EDGE_CURVE('',#5736,#5711,#5738,.T.);
#5736 = VERTEX_POINT('',#5737);
#5737 = CARTESIAN_POINT('',(29.229617307087,47.527113278846,
    13.435595734926));
#5738 = LINE('',#5739,#5740);
#5739 = CARTESIAN_POINT('',(29.229617307087,47.287491440788,
    13.406173872757));
#5740 = VECTOR('',#5741,1.);
#5741 = DIRECTION('',(0.,0.992546151641,0.121869343405));
#5742 = ORIENTED_EDGE('',*,*,#5743,.T.);
#5743 = EDGE_CURVE('',#5736,#4081,#5744,.T.);
#5744 = LINE('',#5745,#5746);
#5745 = CARTESIAN_POINT('',(29.229617307087,47.527113278846,
    13.435595734926));
#5746 = VECTOR('',#5747,1.);
#5747 = DIRECTION('',(0.,-0.121869343405,0.992546151641));
#5748 = ORIENTED_EDGE('',*,*,#4089,.T.);
#5749 = ORIENTED_EDGE('',*,*,#5710,.F.);
#5750 = PLANE('',#5751);
#5751 = AXIS2_PLACEMENT_3D('',#5752,#5753,#5754);
#5752 = CARTESIAN_POINT('',(29.229617307087,47.287491440788,
    13.406173872757));
#5753 = DIRECTION('',(-1.,0.,0.));
#5754 = DIRECTION('',(0.,0.992546151641,0.121869343405));
#5755 = ADVANCED_FACE('',(#5756),#5775,.F.);
#5756 = FACE_BOUND('',#5757,.F.);
#5757 = EDGE_LOOP('',(#5758,#5766,#5773,#5774));
#5758 = ORIENTED_EDGE('',*,*,#5759,.F.);
#5759 = EDGE_CURVE('',#5760,#4073,#5762,.T.);
#5760 = VERTEX_POINT('',#5761);
#5761 = CARTESIAN_POINT('',(29.058906628969,47.456929667399,
    13.426978271012));
#5762 = LINE('',#5763,#5764);
#5763 = CARTESIAN_POINT('',(29.058906628969,47.456929667399,
    13.426978271012));
#5764 = VECTOR('',#5765,1.);
#5765 = DIRECTION('',(0.,-0.121869343405,0.992546151641));
#5766 = ORIENTED_EDGE('',*,*,#5767,.T.);
#5767 = EDGE_CURVE('',#5760,#5736,#5768,.T.);
#5768 = CIRCLE('',#5769,0.1);
#5769 = AXIS2_PLACEMENT_3D('',#5770,#5771,#5772);
#5770 = CARTESIAN_POINT('',(29.129617307087,47.527113278846,
    13.435595734926));
#5771 = DIRECTION('',(0.,-0.121869343405,0.992546151641));
#5772 = DIRECTION('',(0.,-0.992546151641,-0.121869343405));
#5773 = ORIENTED_EDGE('',*,*,#5743,.T.);
#5774 = ORIENTED_EDGE('',*,*,#4080,.F.);
#5775 = CYLINDRICAL_SURFACE('',#5776,0.1);
#5776 = AXIS2_PLACEMENT_3D('',#5777,#5778,#5779);
#5777 = CARTESIAN_POINT('',(29.129617307087,47.527113278846,
    13.435595734926));
#5778 = DIRECTION('',(0.,-0.121869343405,0.992546151641));
#5779 = DIRECTION('',(-0.707106781187,-0.701836114466,
    -8.617463914053E-02));
#5780 = ADVANCED_FACE('',(#5781),#5799,.T.);
#5781 = FACE_BOUND('',#5782,.T.);
#5782 = EDGE_LOOP('',(#5783,#5791,#5797,#5798));
#5783 = ORIENTED_EDGE('',*,*,#5784,.F.);
#5784 = EDGE_CURVE('',#5785,#5760,#5787,.T.);
#5785 = VERTEX_POINT('',#5786);
#5786 = CARTESIAN_POINT('',(28.182748226147,48.326557318348,
    13.533755120282));
#5787 = LINE('',#5788,#5789);
#5788 = CARTESIAN_POINT('',(28.153458904266,48.355628322065,
    13.537324590709));
#5789 = VECTOR('',#5790,1.);
#5790 = DIRECTION('',(0.707106781187,-0.701836114466,-8.617463914053E-02
    ));
#5791 = ORIENTED_EDGE('',*,*,#5792,.T.);
#5792 = EDGE_CURVE('',#5785,#4064,#5793,.T.);
#5793 = LINE('',#5794,#5795);
#5794 = CARTESIAN_POINT('',(28.182748226147,48.326557318348,
    13.533755120282));
#5795 = VECTOR('',#5796,1.);
#5796 = DIRECTION('',(0.,-0.121869343405,0.992546151641));
#5797 = ORIENTED_EDGE('',*,*,#4072,.T.);
#5798 = ORIENTED_EDGE('',*,*,#5759,.F.);
#5799 = PLANE('',#5800);
#5800 = AXIS2_PLACEMENT_3D('',#5801,#5802,#5803);
#5801 = CARTESIAN_POINT('',(28.153458904266,48.355628322065,
    13.537324590709));
#5802 = DIRECTION('',(0.707106781187,0.701836114466,8.617463914053E-02)
  );
#5803 = DIRECTION('',(0.707106781187,-0.701836114466,-8.617463914053E-02
    ));
#5804 = ADVANCED_FACE('',(#5805),#5824,.T.);
#5805 = FACE_BOUND('',#5806,.F.);
#5806 = EDGE_LOOP('',(#5807,#5815,#5822,#5823));
#5807 = ORIENTED_EDGE('',*,*,#5808,.F.);
#5808 = EDGE_CURVE('',#5809,#4056,#5811,.T.);
#5809 = VERTEX_POINT('',#5810);
#5810 = CARTESIAN_POINT('',(28.112037548029,48.355628322065,
    13.537324590709));
#5811 = LINE('',#5812,#5813);
#5812 = CARTESIAN_POINT('',(28.112037548029,48.355628322065,
    13.537324590709));
#5813 = VECTOR('',#5814,1.);
#5814 = DIRECTION('',(0.,-0.121869343405,0.992546151641));
#5815 = ORIENTED_EDGE('',*,*,#5816,.T.);
#5816 = EDGE_CURVE('',#5809,#5785,#5817,.T.);
#5817 = CIRCLE('',#5818,0.1);
#5818 = AXIS2_PLACEMENT_3D('',#5819,#5820,#5821);
#5819 = CARTESIAN_POINT('',(28.112037548029,48.256373706901,
    13.525137656368));
#5820 = DIRECTION('',(0.,0.121869343405,-0.992546151641));
#5821 = DIRECTION('',(0.,-0.992546151641,-0.121869343405));
#5822 = ORIENTED_EDGE('',*,*,#5792,.T.);
#5823 = ORIENTED_EDGE('',*,*,#4063,.T.);
#5824 = CYLINDRICAL_SURFACE('',#5825,0.1);
#5825 = AXIS2_PLACEMENT_3D('',#5826,#5827,#5828);
#5826 = CARTESIAN_POINT('',(28.112037548029,48.256373706901,
    13.525137656368));
#5827 = DIRECTION('',(0.,-0.121869343405,0.992546151641));
#5828 = DIRECTION('',(0.,0.992546151641,0.121869343405));
#5829 = ADVANCED_FACE('',(#5830),#5848,.T.);
#5830 = FACE_BOUND('',#5831,.T.);
#5831 = EDGE_LOOP('',(#5832,#5840,#5846,#5847));
#5832 = ORIENTED_EDGE('',*,*,#5833,.F.);
#5833 = EDGE_CURVE('',#5834,#5809,#5836,.T.);
#5834 = VERTEX_POINT('',#5835);
#5835 = CARTESIAN_POINT('',(26.731541095734,48.355628322065,
    13.537324590709));
#5836 = LINE('',#5837,#5838);
#5837 = CARTESIAN_POINT('',(26.631541095734,48.355628322065,
    13.537324590709));
#5838 = VECTOR('',#5839,1.);
#5839 = DIRECTION('',(1.,0.,0.));
#5840 = ORIENTED_EDGE('',*,*,#5841,.T.);
#5841 = EDGE_CURVE('',#5834,#4047,#5842,.T.);
#5842 = LINE('',#5843,#5844);
#5843 = CARTESIAN_POINT('',(26.731541095734,48.355628322065,
    13.537324590709));
#5844 = VECTOR('',#5845,1.);
#5845 = DIRECTION('',(0.,-0.121869343405,0.992546151641));
#5846 = ORIENTED_EDGE('',*,*,#4055,.T.);
#5847 = ORIENTED_EDGE('',*,*,#5808,.F.);
#5848 = PLANE('',#5849);
#5849 = AXIS2_PLACEMENT_3D('',#5850,#5851,#5852);
#5850 = CARTESIAN_POINT('',(26.631541095734,48.355628322065,
    13.537324590709));
#5851 = DIRECTION('',(0.,0.992546151641,0.121869343405));
#5852 = DIRECTION('',(1.,0.,0.));
#5853 = ADVANCED_FACE('',(#5854),#5873,.F.);
#5854 = FACE_BOUND('',#5855,.F.);
#5855 = EDGE_LOOP('',(#5856,#5864,#5871,#5872));
#5856 = ORIENTED_EDGE('',*,*,#5857,.F.);
#5857 = EDGE_CURVE('',#5858,#4039,#5860,.T.);
#5858 = VERTEX_POINT('',#5859);
#5859 = CARTESIAN_POINT('',(26.631541095734,48.45488293723,
    13.549511525049));
#5860 = LINE('',#5861,#5862);
#5861 = CARTESIAN_POINT('',(26.631541095734,48.45488293723,
    13.549511525049));
#5862 = VECTOR('',#5863,1.);
#5863 = DIRECTION('',(0.,-0.121869343405,0.992546151641));
#5864 = ORIENTED_EDGE('',*,*,#5865,.T.);
#5865 = EDGE_CURVE('',#5858,#5834,#5866,.T.);
#5866 = CIRCLE('',#5867,0.1);
#5867 = AXIS2_PLACEMENT_3D('',#5868,#5869,#5870);
#5868 = CARTESIAN_POINT('',(26.731541095734,48.45488293723,
    13.549511525049));
#5869 = DIRECTION('',(0.,-0.121869343405,0.992546151641));
#5870 = DIRECTION('',(0.,-0.992546151641,-0.121869343405));
#5871 = ORIENTED_EDGE('',*,*,#5841,.T.);
#5872 = ORIENTED_EDGE('',*,*,#4046,.F.);
#5873 = CYLINDRICAL_SURFACE('',#5874,0.1);
#5874 = AXIS2_PLACEMENT_3D('',#5875,#5876,#5877);
#5875 = CARTESIAN_POINT('',(26.731541095734,48.45488293723,
    13.549511525049));
#5876 = DIRECTION('',(0.,-0.121869343405,0.992546151641));
#5877 = DIRECTION('',(-1.,0.,0.));
#5878 = ADVANCED_FACE('',(#5879),#5890,.T.);
#5879 = FACE_BOUND('',#5880,.T.);
#5880 = EDGE_LOOP('',(#5881,#5887,#5888,#5889));
#5881 = ORIENTED_EDGE('',*,*,#5882,.F.);
#5882 = EDGE_CURVE('',#5606,#5858,#5883,.T.);
#5883 = LINE('',#5884,#5885);
#5884 = CARTESIAN_POINT('',(26.631541095734,49.866201986038,
    13.722799714751));
#5885 = VECTOR('',#5886,1.);
#5886 = DIRECTION('',(0.,-0.992546151641,-0.121869343405));
#5887 = ORIENTED_EDGE('',*,*,#5605,.T.);
#5888 = ORIENTED_EDGE('',*,*,#4038,.T.);
#5889 = ORIENTED_EDGE('',*,*,#5857,.F.);
#5890 = PLANE('',#5891);
#5891 = AXIS2_PLACEMENT_3D('',#5892,#5893,#5894);
#5892 = CARTESIAN_POINT('',(26.631541095734,49.866201986038,
    13.722799714751));
#5893 = DIRECTION('',(1.,0.,0.));
#5894 = DIRECTION('',(0.,-0.992546151641,-0.121869343405));
#5895 = ADVANCED_FACE('',(#5896),#5921,.F.);
#5896 = FACE_BOUND('',#5897,.F.);
#5897 = EDGE_LOOP('',(#5898,#5906,#5914,#5920));
#5898 = ORIENTED_EDGE('',*,*,#5899,.T.);
#5899 = EDGE_CURVE('',#4132,#5900,#5902,.T.);
#5900 = VERTEX_POINT('',#5901);
#5901 = CARTESIAN_POINT('',(15.41,48.08953731876,13.487788819117));
#5902 = LINE('',#5903,#5904);
#5903 = CARTESIAN_POINT('',(15.41,47.967667975355,14.480334970759));
#5904 = VECTOR('',#5905,1.);
#5905 = DIRECTION('',(0.,0.121869343405,-0.992546151641));
#5906 = ORIENTED_EDGE('',*,*,#5907,.T.);
#5907 = EDGE_CURVE('',#5900,#5908,#5910,.T.);
#5908 = VERTEX_POINT('',#5909);
#5909 = CARTESIAN_POINT('',(-15.41,48.08953731876,13.487788819117));
#5910 = LINE('',#5911,#5912);
#5911 = CARTESIAN_POINT('',(15.41,48.08953731876,13.487788819117));
#5912 = VECTOR('',#5913,1.);
#5913 = DIRECTION('',(-1.,0.,0.));
#5914 = ORIENTED_EDGE('',*,*,#5915,.F.);
#5915 = EDGE_CURVE('',#4134,#5908,#5916,.T.);
#5916 = LINE('',#5917,#5918);
#5917 = CARTESIAN_POINT('',(-15.41,47.967667975355,14.480334970759));
#5918 = VECTOR('',#5919,1.);
#5919 = DIRECTION('',(0.,0.121869343405,-0.992546151641));
#5920 = ORIENTED_EDGE('',*,*,#4131,.F.);
#5921 = PLANE('',#5922);
#5922 = AXIS2_PLACEMENT_3D('',#5923,#5924,#5925);
#5923 = CARTESIAN_POINT('',(15.41,47.967667975355,14.480334970759));
#5924 = DIRECTION('',(0.,0.992546151641,0.121869343405));
#5925 = DIRECTION('',(-1.,0.,0.));
#5926 = ADVANCED_FACE('',(#5927),#5945,.F.);
#5927 = FACE_BOUND('',#5928,.F.);
#5928 = EDGE_LOOP('',(#5929,#5937,#5943,#5944));
#5929 = ORIENTED_EDGE('',*,*,#5930,.T.);
#5930 = EDGE_CURVE('',#4150,#5931,#5933,.T.);
#5931 = VERTEX_POINT('',#5932);
#5932 = CARTESIAN_POINT('',(15.41,32.109544277334,11.525692390294));
#5933 = LINE('',#5934,#5935);
#5934 = CARTESIAN_POINT('',(15.41,31.987674933929,12.518238541936));
#5935 = VECTOR('',#5936,1.);
#5936 = DIRECTION('',(0.,0.121869343405,-0.992546151641));
#5937 = ORIENTED_EDGE('',*,*,#5938,.T.);
#5938 = EDGE_CURVE('',#5931,#5900,#5939,.T.);
#5939 = LINE('',#5940,#5941);
#5940 = CARTESIAN_POINT('',(15.41,32.109544277334,11.525692390294));
#5941 = VECTOR('',#5942,1.);
#5942 = DIRECTION('',(0.,0.992546151641,0.121869343405));
#5943 = ORIENTED_EDGE('',*,*,#5899,.F.);
#5944 = ORIENTED_EDGE('',*,*,#4157,.F.);
#5945 = PLANE('',#5946);
#5946 = AXIS2_PLACEMENT_3D('',#5947,#5948,#5949);
#5947 = CARTESIAN_POINT('',(15.41,31.987674933929,12.518238541936));
#5948 = DIRECTION('',(1.,0.,0.));
#5949 = DIRECTION('',(0.,0.992546151641,0.121869343405));
#5950 = ADVANCED_FACE('',(#5951),#5969,.F.);
#5951 = FACE_BOUND('',#5952,.F.);
#5952 = EDGE_LOOP('',(#5953,#5954,#5962,#5968));
#5953 = ORIENTED_EDGE('',*,*,#5915,.T.);
#5954 = ORIENTED_EDGE('',*,*,#5955,.T.);
#5955 = EDGE_CURVE('',#5908,#5956,#5958,.T.);
#5956 = VERTEX_POINT('',#5957);
#5957 = CARTESIAN_POINT('',(-15.41,32.109544277334,11.525692390294));
#5958 = LINE('',#5959,#5960);
#5959 = CARTESIAN_POINT('',(-15.41,48.08953731876,13.487788819117));
#5960 = VECTOR('',#5961,1.);
#5961 = DIRECTION('',(0.,-0.992546151641,-0.121869343405));
#5962 = ORIENTED_EDGE('',*,*,#5963,.F.);
#5963 = EDGE_CURVE('',#4142,#5956,#5964,.T.);
#5964 = LINE('',#5965,#5966);
#5965 = CARTESIAN_POINT('',(-15.41,31.987674933929,12.518238541936));
#5966 = VECTOR('',#5967,1.);
#5967 = DIRECTION('',(0.,0.121869343405,-0.992546151641));
#5968 = ORIENTED_EDGE('',*,*,#4141,.F.);
#5969 = PLANE('',#5970);
#5970 = AXIS2_PLACEMENT_3D('',#5971,#5972,#5973);
#5971 = CARTESIAN_POINT('',(-15.41,47.967667975355,14.480334970759));
#5972 = DIRECTION('',(-1.,0.,0.));
#5973 = DIRECTION('',(-0.,-0.992546151641,-0.121869343405));
#5974 = ADVANCED_FACE('',(#5975),#5986,.F.);
#5975 = FACE_BOUND('',#5976,.F.);
#5976 = EDGE_LOOP('',(#5977,#5978,#5984,#5985));
#5977 = ORIENTED_EDGE('',*,*,#5963,.T.);
#5978 = ORIENTED_EDGE('',*,*,#5979,.T.);
#5979 = EDGE_CURVE('',#5956,#5931,#5980,.T.);
#5980 = LINE('',#5981,#5982);
#5981 = CARTESIAN_POINT('',(-15.41,32.109544277334,11.525692390294));
#5982 = VECTOR('',#5983,1.);
#5983 = DIRECTION('',(1.,0.,0.));
#5984 = ORIENTED_EDGE('',*,*,#5930,.F.);
#5985 = ORIENTED_EDGE('',*,*,#4149,.F.);
#5986 = PLANE('',#5987);
#5987 = AXIS2_PLACEMENT_3D('',#5988,#5989,#5990);
#5988 = CARTESIAN_POINT('',(-15.41,31.987674933929,12.518238541936));
#5989 = DIRECTION('',(0.,-0.992546151641,-0.121869343405));
#5990 = DIRECTION('',(1.,0.,0.));
#5991 = ADVANCED_FACE('',(#5992),#6018,.F.);
#5992 = FACE_BOUND('',#5993,.T.);
#5993 = EDGE_LOOP('',(#5994,#6002,#6011,#6017));
#5994 = ORIENTED_EDGE('',*,*,#5995,.F.);
#5995 = EDGE_CURVE('',#5996,#4168,#5998,.T.);
#5996 = VERTEX_POINT('',#5997);
#5997 = CARTESIAN_POINT('',(-26.21929491924,47.821559881427,
    13.471749231733));
#5998 = LINE('',#5999,#6000);
#5999 = CARTESIAN_POINT('',(-26.21929491924,47.821559881427,
    13.471749231733));
#6000 = VECTOR('',#6001,1.);
#6001 = DIRECTION('',(0.,-0.121869343405,0.992546151641));
#6002 = ORIENTED_EDGE('',*,*,#6003,.T.);
#6003 = EDGE_CURVE('',#5996,#6004,#6006,.T.);
#6004 = VERTEX_POINT('',#6005);
#6005 = CARTESIAN_POINT('',(-26.30589745962,47.970441804173,
    13.490029633244));
#6006 = CIRCLE('',#6007,0.1);
#6007 = AXIS2_PLACEMENT_3D('',#6008,#6009,#6010);
#6008 = CARTESIAN_POINT('',(-26.21929491924,47.920814496591,
    13.483936166073));
#6009 = DIRECTION('',(0.,0.121869343405,-0.992546151641));
#6010 = DIRECTION('',(0.,-0.992546151641,-0.121869343405));
#6011 = ORIENTED_EDGE('',*,*,#6012,.T.);
#6012 = EDGE_CURVE('',#6004,#4166,#6013,.T.);
#6013 = LINE('',#6014,#6015);
#6014 = CARTESIAN_POINT('',(-26.30589745962,47.970441804173,
    13.490029633244));
#6015 = VECTOR('',#6016,1.);
#6016 = DIRECTION('',(0.,-0.121869343405,0.992546151641));
#6017 = ORIENTED_EDGE('',*,*,#4165,.T.);
#6018 = CYLINDRICAL_SURFACE('',#6019,0.1);
#6019 = AXIS2_PLACEMENT_3D('',#6020,#6021,#6022);
#6020 = CARTESIAN_POINT('',(-26.21929491924,47.920814496591,
    13.483936166073));
#6021 = DIRECTION('',(0.,-0.121869343405,0.992546151641));
#6022 = DIRECTION('',(0.,-0.992546151641,-0.121869343405));
#6023 = ADVANCED_FACE('',(#6024),#6042,.T.);
#6024 = FACE_BOUND('',#6025,.T.);
#6025 = EDGE_LOOP('',(#6026,#6034,#6040,#6041));
#6026 = ORIENTED_EDGE('',*,*,#6027,.F.);
#6027 = EDGE_CURVE('',#6028,#6004,#6030,.T.);
#6028 = VERTEX_POINT('',#6029);
#6029 = CARTESIAN_POINT('',(-24.97910254037,50.25138850393,
    13.770094672216));
#6030 = LINE('',#6031,#6032);
#6031 = CARTESIAN_POINT('',(-24.8925,50.400270426676,13.788375073727));
#6032 = VECTOR('',#6033,1.);
#6033 = DIRECTION('',(-0.5,-0.85957018175,-0.105541947331));
#6034 = ORIENTED_EDGE('',*,*,#6035,.T.);
#6035 = EDGE_CURVE('',#6028,#4202,#6036,.T.);
#6036 = LINE('',#6037,#6038);
#6037 = CARTESIAN_POINT('',(-24.97910254037,50.25138850393,
    13.770094672216));
#6038 = VECTOR('',#6039,1.);
#6039 = DIRECTION('',(0.,-0.121869343405,0.992546151641));
#6040 = ORIENTED_EDGE('',*,*,#4210,.T.);
#6041 = ORIENTED_EDGE('',*,*,#6012,.F.);
#6042 = PLANE('',#6043);
#6043 = AXIS2_PLACEMENT_3D('',#6044,#6045,#6046);
#6044 = CARTESIAN_POINT('',(-24.8925,50.400270426676,13.788375073727));
#6045 = DIRECTION('',(0.866025403784,-0.496273075821,-6.093467170257E-02
    ));
#6046 = DIRECTION('',(-0.5,-0.85957018175,-0.105541947331));
#6047 = ADVANCED_FACE('',(#6048),#6067,.F.);
#6048 = FACE_BOUND('',#6049,.F.);
#6049 = EDGE_LOOP('',(#6050,#6058,#6065,#6066));
#6050 = ORIENTED_EDGE('',*,*,#6051,.F.);
#6051 = EDGE_CURVE('',#6052,#4194,#6054,.T.);
#6052 = VERTEX_POINT('',#6053);
#6053 = CARTESIAN_POINT('',(-24.80589745962,50.25138850393,
    13.770094672216));
#6054 = LINE('',#6055,#6056);
#6055 = CARTESIAN_POINT('',(-24.80589745962,50.25138850393,
    13.770094672216));
#6056 = VECTOR('',#6057,1.);
#6057 = DIRECTION('',(0.,-0.121869343405,0.992546151641));
#6058 = ORIENTED_EDGE('',*,*,#6059,.T.);
#6059 = EDGE_CURVE('',#6052,#6028,#6060,.T.);
#6060 = CIRCLE('',#6061,0.1);
#6061 = AXIS2_PLACEMENT_3D('',#6062,#6063,#6064);
#6062 = CARTESIAN_POINT('',(-24.8925,50.201761196348,13.764001205046));
#6063 = DIRECTION('',(0.,-0.121869343405,0.992546151641));
#6064 = DIRECTION('',(0.,-0.992546151641,-0.121869343405));
#6065 = ORIENTED_EDGE('',*,*,#6035,.T.);
#6066 = ORIENTED_EDGE('',*,*,#4201,.F.);
#6067 = CYLINDRICAL_SURFACE('',#6068,0.1);
#6068 = AXIS2_PLACEMENT_3D('',#6069,#6070,#6071);
#6069 = CARTESIAN_POINT('',(-24.8925,50.201761196348,13.764001205046));
#6070 = DIRECTION('',(0.,-0.121869343405,0.992546151641));
#6071 = DIRECTION('',(0.866025403784,0.496273075821,6.093467170257E-02)
  );
#6072 = ADVANCED_FACE('',(#6073),#6091,.T.);
#6073 = FACE_BOUND('',#6074,.T.);
#6074 = EDGE_LOOP('',(#6075,#6083,#6089,#6090));
#6075 = ORIENTED_EDGE('',*,*,#6076,.F.);
#6076 = EDGE_CURVE('',#6077,#6052,#6079,.T.);
#6077 = VERTEX_POINT('',#6078);
#6078 = CARTESIAN_POINT('',(-23.47910254037,47.970441804173,
    13.490029633244));
#6079 = LINE('',#6080,#6081);
#6080 = CARTESIAN_POINT('',(-23.3925,47.821559881427,13.471749231733));
#6081 = VECTOR('',#6082,1.);
#6082 = DIRECTION('',(-0.5,0.85957018175,0.105541947331));
#6083 = ORIENTED_EDGE('',*,*,#6084,.T.);
#6084 = EDGE_CURVE('',#6077,#4185,#6085,.T.);
#6085 = LINE('',#6086,#6087);
#6086 = CARTESIAN_POINT('',(-23.47910254037,47.970441804173,
    13.490029633244));
#6087 = VECTOR('',#6088,1.);
#6088 = DIRECTION('',(0.,-0.121869343405,0.992546151641));
#6089 = ORIENTED_EDGE('',*,*,#4193,.T.);
#6090 = ORIENTED_EDGE('',*,*,#6051,.F.);
#6091 = PLANE('',#6092);
#6092 = AXIS2_PLACEMENT_3D('',#6093,#6094,#6095);
#6093 = CARTESIAN_POINT('',(-23.3925,47.821559881427,13.471749231733));
#6094 = DIRECTION('',(-0.866025403784,-0.496273075821,
    -6.093467170257E-02));
#6095 = DIRECTION('',(-0.5,0.85957018175,0.105541947331));
#6096 = ADVANCED_FACE('',(#6097),#6116,.F.);
#6097 = FACE_BOUND('',#6098,.F.);
#6098 = EDGE_LOOP('',(#6099,#6107,#6114,#6115));
#6099 = ORIENTED_EDGE('',*,*,#6100,.F.);
#6100 = EDGE_CURVE('',#6101,#4177,#6103,.T.);
#6101 = VERTEX_POINT('',#6102);
#6102 = CARTESIAN_POINT('',(-23.56570508075,47.821559881427,
    13.471749231733));
#6103 = LINE('',#6104,#6105);
#6104 = CARTESIAN_POINT('',(-23.56570508075,47.821559881427,
    13.471749231733));
#6105 = VECTOR('',#6106,1.);
#6106 = DIRECTION('',(0.,-0.121869343405,0.992546151641));
#6107 = ORIENTED_EDGE('',*,*,#6108,.T.);
#6108 = EDGE_CURVE('',#6101,#6077,#6109,.T.);
#6109 = CIRCLE('',#6110,0.1);
#6110 = AXIS2_PLACEMENT_3D('',#6111,#6112,#6113);
#6111 = CARTESIAN_POINT('',(-23.56570508075,47.920814496591,
    13.483936166073));
#6112 = DIRECTION('',(0.,-0.121869343405,0.992546151641));
#6113 = DIRECTION('',(0.,-0.992546151641,-0.121869343405));
#6114 = ORIENTED_EDGE('',*,*,#6084,.T.);
#6115 = ORIENTED_EDGE('',*,*,#4184,.F.);
#6116 = CYLINDRICAL_SURFACE('',#6117,0.1);
#6117 = AXIS2_PLACEMENT_3D('',#6118,#6119,#6120);
#6118 = CARTESIAN_POINT('',(-23.56570508075,47.920814496591,
    13.483936166073));
#6119 = DIRECTION('',(0.,-0.121869343405,0.992546151641));
#6120 = DIRECTION('',(0.,-0.992546151641,-0.121869343405));
#6121 = ADVANCED_FACE('',(#6122),#6133,.T.);
#6122 = FACE_BOUND('',#6123,.T.);
#6123 = EDGE_LOOP('',(#6124,#6130,#6131,#6132));
#6124 = ORIENTED_EDGE('',*,*,#6125,.F.);
#6125 = EDGE_CURVE('',#5996,#6101,#6126,.T.);
#6126 = LINE('',#6127,#6128);
#6127 = CARTESIAN_POINT('',(-26.3925,47.821559881427,13.471749231733));
#6128 = VECTOR('',#6129,1.);
#6129 = DIRECTION('',(1.,0.,0.));
#6130 = ORIENTED_EDGE('',*,*,#5995,.T.);
#6131 = ORIENTED_EDGE('',*,*,#4176,.T.);
#6132 = ORIENTED_EDGE('',*,*,#6100,.F.);
#6133 = PLANE('',#6134);
#6134 = AXIS2_PLACEMENT_3D('',#6135,#6136,#6137);
#6135 = CARTESIAN_POINT('',(-26.3925,47.821559881427,13.471749231733));
#6136 = DIRECTION('',(0.,0.992546151641,0.121869343405));
#6137 = DIRECTION('',(1.,0.,0.));
#6138 = ADVANCED_FACE('',(#6139),#6165,.F.);
#6139 = FACE_BOUND('',#6140,.T.);
#6140 = EDGE_LOOP('',(#6141,#6149,#6158,#6164));
#6141 = ORIENTED_EDGE('',*,*,#6142,.F.);
#6142 = EDGE_CURVE('',#6143,#4221,#6145,.T.);
#6143 = VERTEX_POINT('',#6144);
#6144 = CARTESIAN_POINT('',(-31.30589745962,50.25138850393,
    13.770094672216));
#6145 = LINE('',#6146,#6147);
#6146 = CARTESIAN_POINT('',(-31.30589745962,50.25138850393,
    13.770094672216));
#6147 = VECTOR('',#6148,1.);
#6148 = DIRECTION('',(0.,-0.121869343405,0.992546151641));
#6149 = ORIENTED_EDGE('',*,*,#6150,.T.);
#6150 = EDGE_CURVE('',#6143,#6151,#6153,.T.);
#6151 = VERTEX_POINT('',#6152);
#6152 = CARTESIAN_POINT('',(-31.21929491924,50.400270426676,
    13.788375073727));
#6153 = CIRCLE('',#6154,0.1);
#6154 = AXIS2_PLACEMENT_3D('',#6155,#6156,#6157);
#6155 = CARTESIAN_POINT('',(-31.21929491924,50.301015811512,
    13.776188139387));
#6156 = DIRECTION('',(0.,0.121869343405,-0.992546151641));
#6157 = DIRECTION('',(0.,-0.992546151641,-0.121869343405));
#6158 = ORIENTED_EDGE('',*,*,#6159,.T.);
#6159 = EDGE_CURVE('',#6151,#4219,#6160,.T.);
#6160 = LINE('',#6161,#6162);
#6161 = CARTESIAN_POINT('',(-31.21929491924,50.400270426676,
    13.788375073727));
#6162 = VECTOR('',#6163,1.);
#6163 = DIRECTION('',(0.,-0.121869343405,0.992546151641));
#6164 = ORIENTED_EDGE('',*,*,#4218,.T.);
#6165 = CYLINDRICAL_SURFACE('',#6166,0.1);
#6166 = AXIS2_PLACEMENT_3D('',#6167,#6168,#6169);
#6167 = CARTESIAN_POINT('',(-31.21929491924,50.301015811512,
    13.776188139387));
#6168 = DIRECTION('',(0.,-0.121869343405,0.992546151641));
#6169 = DIRECTION('',(-0.866025403784,-0.496273075821,
    -6.093467170258E-02));
#6170 = ADVANCED_FACE('',(#6171),#6189,.T.);
#6171 = FACE_BOUND('',#6172,.T.);
#6172 = EDGE_LOOP('',(#6173,#6181,#6187,#6188));
#6173 = ORIENTED_EDGE('',*,*,#6174,.F.);
#6174 = EDGE_CURVE('',#6175,#6151,#6177,.T.);
#6175 = VERTEX_POINT('',#6176);
#6176 = CARTESIAN_POINT('',(-28.56570508075,50.400270426676,
    13.788375073727));
#6177 = LINE('',#6178,#6179);
#6178 = CARTESIAN_POINT('',(-28.3925,50.400270426676,13.788375073727));
#6179 = VECTOR('',#6180,1.);
#6180 = DIRECTION('',(-1.,-3.995990806508E-14,-4.906459765491E-15));
#6181 = ORIENTED_EDGE('',*,*,#6182,.T.);
#6182 = EDGE_CURVE('',#6175,#4255,#6183,.T.);
#6183 = LINE('',#6184,#6185);
#6184 = CARTESIAN_POINT('',(-28.56570508075,50.400270426676,
    13.788375073727));
#6185 = VECTOR('',#6186,1.);
#6186 = DIRECTION('',(0.,-0.121869343405,0.992546151641));
#6187 = ORIENTED_EDGE('',*,*,#4263,.T.);
#6188 = ORIENTED_EDGE('',*,*,#6159,.F.);
#6189 = PLANE('',#6190);
#6190 = AXIS2_PLACEMENT_3D('',#6191,#6192,#6193);
#6191 = CARTESIAN_POINT('',(-28.3925,50.400270426676,13.788375073727));
#6192 = DIRECTION('',(4.026E-14,-0.992546151641,-0.121869343405));
#6193 = DIRECTION('',(-1.,-3.995948120039E-14,-4.909936299417E-15));
#6194 = ADVANCED_FACE('',(#6195),#6214,.F.);
#6195 = FACE_BOUND('',#6196,.F.);
#6196 = EDGE_LOOP('',(#6197,#6205,#6212,#6213));
#6197 = ORIENTED_EDGE('',*,*,#6198,.F.);
#6198 = EDGE_CURVE('',#6199,#4247,#6201,.T.);
#6199 = VERTEX_POINT('',#6200);
#6200 = CARTESIAN_POINT('',(-28.47910254037,50.25138850393,
    13.770094672216));
#6201 = LINE('',#6202,#6203);
#6202 = CARTESIAN_POINT('',(-28.47910254037,50.25138850393,
    13.770094672216));
#6203 = VECTOR('',#6204,1.);
#6204 = DIRECTION('',(0.,-0.121869343405,0.992546151641));
#6205 = ORIENTED_EDGE('',*,*,#6206,.T.);
#6206 = EDGE_CURVE('',#6199,#6175,#6207,.T.);
#6207 = CIRCLE('',#6208,0.1);
#6208 = AXIS2_PLACEMENT_3D('',#6209,#6210,#6211);
#6209 = CARTESIAN_POINT('',(-28.56570508075,50.301015811512,
    13.776188139387));
#6210 = DIRECTION('',(0.,-0.121869343405,0.992546151641));
#6211 = DIRECTION('',(0.,-0.992546151641,-0.121869343405));
#6212 = ORIENTED_EDGE('',*,*,#6182,.T.);
#6213 = ORIENTED_EDGE('',*,*,#4254,.F.);
#6214 = CYLINDRICAL_SURFACE('',#6215,0.1);
#6215 = AXIS2_PLACEMENT_3D('',#6216,#6217,#6218);
#6216 = CARTESIAN_POINT('',(-28.56570508075,50.301015811512,
    13.776188139387));
#6217 = DIRECTION('',(0.,-0.121869343405,0.992546151641));
#6218 = DIRECTION('',(0.866025403784,-0.496273075821,-6.093467170257E-02
    ));
#6219 = ADVANCED_FACE('',(#6220),#6238,.T.);
#6220 = FACE_BOUND('',#6221,.T.);
#6221 = EDGE_LOOP('',(#6222,#6230,#6236,#6237));
#6222 = ORIENTED_EDGE('',*,*,#6223,.F.);
#6223 = EDGE_CURVE('',#6224,#6199,#6226,.T.);
#6224 = VERTEX_POINT('',#6225);
#6225 = CARTESIAN_POINT('',(-29.80589745962,47.970441804173,
    13.490029633244));
#6226 = LINE('',#6227,#6228);
#6227 = CARTESIAN_POINT('',(-29.8925,47.821559881427,13.471749231733));
#6228 = VECTOR('',#6229,1.);
#6229 = DIRECTION('',(0.5,0.85957018175,0.105541947331));
#6230 = ORIENTED_EDGE('',*,*,#6231,.T.);
#6231 = EDGE_CURVE('',#6224,#4238,#6232,.T.);
#6232 = LINE('',#6233,#6234);
#6233 = CARTESIAN_POINT('',(-29.80589745962,47.970441804173,
    13.490029633244));
#6234 = VECTOR('',#6235,1.);
#6235 = DIRECTION('',(0.,-0.121869343405,0.992546151641));
#6236 = ORIENTED_EDGE('',*,*,#4246,.T.);
#6237 = ORIENTED_EDGE('',*,*,#6198,.F.);
#6238 = PLANE('',#6239);
#6239 = AXIS2_PLACEMENT_3D('',#6240,#6241,#6242);
#6240 = CARTESIAN_POINT('',(-29.8925,47.821559881427,13.471749231733));
#6241 = DIRECTION('',(-0.866025403784,0.496273075821,6.093467170257E-02)
  );
#6242 = DIRECTION('',(0.5,0.85957018175,0.105541947331));
#6243 = ADVANCED_FACE('',(#6244),#6263,.F.);
#6244 = FACE_BOUND('',#6245,.F.);
#6245 = EDGE_LOOP('',(#6246,#6254,#6261,#6262));
#6246 = ORIENTED_EDGE('',*,*,#6247,.F.);
#6247 = EDGE_CURVE('',#6248,#4230,#6250,.T.);
#6248 = VERTEX_POINT('',#6249);
#6249 = CARTESIAN_POINT('',(-29.97910254037,47.970441804173,
    13.490029633244));
#6250 = LINE('',#6251,#6252);
#6251 = CARTESIAN_POINT('',(-29.97910254037,47.970441804173,
    13.490029633244));
#6252 = VECTOR('',#6253,1.);
#6253 = DIRECTION('',(0.,-0.121869343405,0.992546151641));
#6254 = ORIENTED_EDGE('',*,*,#6255,.T.);
#6255 = EDGE_CURVE('',#6248,#6224,#6256,.T.);
#6256 = CIRCLE('',#6257,0.1);
#6257 = AXIS2_PLACEMENT_3D('',#6258,#6259,#6260);
#6258 = CARTESIAN_POINT('',(-29.8925,48.020069111755,13.496123100414));
#6259 = DIRECTION('',(0.,-0.121869343405,0.992546151641));
#6260 = DIRECTION('',(0.,-0.992546151641,-0.121869343405));
#6261 = ORIENTED_EDGE('',*,*,#6231,.T.);
#6262 = ORIENTED_EDGE('',*,*,#4237,.F.);
#6263 = CYLINDRICAL_SURFACE('',#6264,0.1);
#6264 = AXIS2_PLACEMENT_3D('',#6265,#6266,#6267);
#6265 = CARTESIAN_POINT('',(-29.8925,48.020069111755,13.496123100414));
#6266 = DIRECTION('',(0.,-0.121869343405,0.992546151641));
#6267 = DIRECTION('',(-0.866025403784,-0.496273075821,
    -6.093467170258E-02));
#6268 = ADVANCED_FACE('',(#6269),#6280,.T.);
#6269 = FACE_BOUND('',#6270,.T.);
#6270 = EDGE_LOOP('',(#6271,#6277,#6278,#6279));
#6271 = ORIENTED_EDGE('',*,*,#6272,.F.);
#6272 = EDGE_CURVE('',#6143,#6248,#6273,.T.);
#6273 = LINE('',#6274,#6275);
#6274 = CARTESIAN_POINT('',(-31.3925,50.400270426676,13.788375073727));
#6275 = VECTOR('',#6276,1.);
#6276 = DIRECTION('',(0.5,-0.85957018175,-0.105541947331));
#6277 = ORIENTED_EDGE('',*,*,#6142,.T.);
#6278 = ORIENTED_EDGE('',*,*,#4229,.T.);
#6279 = ORIENTED_EDGE('',*,*,#6247,.F.);
#6280 = PLANE('',#6281);
#6281 = AXIS2_PLACEMENT_3D('',#6282,#6283,#6284);
#6282 = CARTESIAN_POINT('',(-31.3925,50.400270426676,13.788375073727));
#6283 = DIRECTION('',(0.866025403784,0.496273075821,6.093467170258E-02)
  );
#6284 = DIRECTION('',(0.5,-0.85957018175,-0.105541947331));
#6285 = ADVANCED_FACE('',(#6286),#6306,.T.);
#6286 = FACE_BOUND('',#6287,.T.);
#6287 = EDGE_LOOP('',(#6288,#6296,#6297,#6298,#6299));
#6288 = ORIENTED_EDGE('',*,*,#6289,.T.);
#6289 = EDGE_CURVE('',#6290,#4507,#6292,.T.);
#6290 = VERTEX_POINT('',#6291);
#6291 = CARTESIAN_POINT('',(24.230710678119,34.417907918347,
    9.606844148943));
#6292 = LINE('',#6293,#6294);
#6293 = CARTESIAN_POINT('',(24.06,34.438712316601,9.437405922333));
#6294 = VECTOR('',#6295,1.);
#6295 = DIRECTION('',(0.707106781187,-8.617463914053E-02,0.701836114466)
  );
#6296 = ORIENTED_EDGE('',*,*,#4506,.T.);
#6297 = ORIENTED_EDGE('',*,*,#4751,.T.);
#6298 = ORIENTED_EDGE('',*,*,#4784,.F.);
#6299 = ORIENTED_EDGE('',*,*,#6300,.T.);
#6300 = EDGE_CURVE('',#4775,#6290,#6301,.T.);
#6301 = CIRCLE('',#6302,0.1);
#6302 = AXIS2_PLACEMENT_3D('',#6303,#6304,#6305);
#6303 = CARTESIAN_POINT('',(24.301421356237,34.426525382261,
    9.536660537497));
#6304 = DIRECTION('',(0.,0.992546151641,0.121869343405));
#6305 = DIRECTION('',(0.,0.121869343405,-0.992546151641));
#6306 = PLANE('',#6307);
#6307 = AXIS2_PLACEMENT_3D('',#6308,#6309,#6310);
#6308 = CARTESIAN_POINT('',(23.55,34.353403776217,10.132188228482));
#6309 = DIRECTION('',(-4.6E-16,0.992546151641,0.121869343405));
#6310 = DIRECTION('',(0.,-0.121869343405,0.992546151641));
#6311 = ADVANCED_FACE('',(#6312),#6330,.T.);
#6312 = FACE_BOUND('',#6313,.T.);
#6313 = EDGE_LOOP('',(#6314,#6315,#6323,#6329));
#6314 = ORIENTED_EDGE('',*,*,#6289,.F.);
#6315 = ORIENTED_EDGE('',*,*,#6316,.T.);
#6316 = EDGE_CURVE('',#6290,#6317,#6319,.T.);
#6317 = VERTEX_POINT('',#6318);
#6318 = CARTESIAN_POINT('',(24.230710678119,30.844741772438,
    9.168114512685));
#6319 = LINE('',#6320,#6321);
#6320 = CARTESIAN_POINT('',(24.230710678119,35.410454069988,
    9.728713492348));
#6321 = VECTOR('',#6322,1.);
#6322 = DIRECTION('',(-0.,-0.992546151641,-0.121869343405));
#6323 = ORIENTED_EDGE('',*,*,#6324,.T.);
#6324 = EDGE_CURVE('',#6317,#4515,#6325,.T.);
#6325 = LINE('',#6326,#6327);
#6326 = CARTESIAN_POINT('',(24.06,30.865546170692,8.998676286074));
#6327 = VECTOR('',#6328,1.);
#6328 = DIRECTION('',(0.707106781187,-8.617463914053E-02,0.701836114466)
  );
#6329 = ORIENTED_EDGE('',*,*,#4514,.F.);
#6330 = PLANE('',#6331);
#6331 = AXIS2_PLACEMENT_3D('',#6332,#6333,#6334);
#6332 = CARTESIAN_POINT('',(24.06,35.431258468242,9.559275265738));
#6333 = DIRECTION('',(-0.707106781187,-8.617463914053E-02,0.701836114466
    ));
#6334 = DIRECTION('',(0.707106781187,-8.617463914053E-02,0.701836114466)
  );
#6335 = ADVANCED_FACE('',(#6336),#6363,.T.);
#6336 = FACE_BOUND('',#6337,.T.);
#6337 = EDGE_LOOP('',(#6338,#6346,#6347,#6348,#6355,#6356));
#6338 = ORIENTED_EDGE('',*,*,#6339,.F.);
#6339 = EDGE_CURVE('',#4523,#6340,#6342,.T.);
#6340 = VERTEX_POINT('',#6341);
#6341 = CARTESIAN_POINT('',(21.789289321865,30.844741772437,
    9.168114512688));
#6342 = LINE('',#6343,#6344);
#6343 = CARTESIAN_POINT('',(20.559999999889,30.694929089925,
    10.388240898372));
#6344 = VECTOR('',#6345,1.);
#6345 = DIRECTION('',(0.707106781215,8.617463913712E-02,-0.701836114438)
  );
#6346 = ORIENTED_EDGE('',*,*,#4522,.F.);
#6347 = ORIENTED_EDGE('',*,*,#6324,.F.);
#6348 = ORIENTED_EDGE('',*,*,#6349,.F.);
#6349 = EDGE_CURVE('',#4777,#6317,#6350,.T.);
#6350 = CIRCLE('',#6351,0.1);
#6351 = AXIS2_PLACEMENT_3D('',#6352,#6353,#6354);
#6352 = CARTESIAN_POINT('',(24.301421356237,30.853359236352,
    9.097930901238));
#6353 = DIRECTION('',(0.,0.992546151641,0.121869343405));
#6354 = DIRECTION('',(0.,0.121869343405,-0.992546151641));
#6355 = ORIENTED_EDGE('',*,*,#4832,.T.);
#6356 = ORIENTED_EDGE('',*,*,#6357,.T.);
#6357 = EDGE_CURVE('',#4825,#6340,#6358,.T.);
#6358 = CIRCLE('',#6359,0.1);
#6359 = AXIS2_PLACEMENT_3D('',#6360,#6361,#6362);
#6360 = CARTESIAN_POINT('',(21.718578643749,30.853359236352,
    9.097930901238));
#6361 = DIRECTION('',(0.,-0.992546151641,-0.121869343405));
#6362 = DIRECTION('',(0.,0.121869343405,-0.992546151641));
#6363 = PLANE('',#6364);
#6364 = AXIS2_PLACEMENT_3D('',#6365,#6366,#6367);
#6365 = CARTESIAN_POINT('',(23.009999999953,30.758443075917,
    9.870960993432));
#6366 = DIRECTION('',(0.,0.992546151641,0.121869343405));
#6367 = DIRECTION('',(0.,-0.121869343405,0.992546151641));
#6368 = ADVANCED_FACE('',(#6369),#6387,.T.);
#6369 = FACE_BOUND('',#6370,.T.);
#6370 = EDGE_LOOP('',(#6371,#6379,#6380,#6381));
#6371 = ORIENTED_EDGE('',*,*,#6372,.F.);
#6372 = EDGE_CURVE('',#4531,#6373,#6375,.T.);
#6373 = VERTEX_POINT('',#6374);
#6374 = CARTESIAN_POINT('',(21.789289321865,35.410454069988,
    9.728713492351));
#6375 = LINE('',#6376,#6377);
#6376 = CARTESIAN_POINT('',(20.559999999889,35.260641387475,
    10.948839878036));
#6377 = VECTOR('',#6378,1.);
#6378 = DIRECTION('',(0.707106781215,8.617463913712E-02,-0.701836114438)
  );
#6379 = ORIENTED_EDGE('',*,*,#4530,.T.);
#6380 = ORIENTED_EDGE('',*,*,#6339,.T.);
#6381 = ORIENTED_EDGE('',*,*,#6382,.F.);
#6382 = EDGE_CURVE('',#6373,#6340,#6383,.T.);
#6383 = LINE('',#6384,#6385);
#6384 = CARTESIAN_POINT('',(21.789289321865,35.410454069988,
    9.728713492351));
#6385 = VECTOR('',#6386,1.);
#6386 = DIRECTION('',(-0.,-0.992546151641,-0.121869343405));
#6387 = PLANE('',#6388);
#6388 = AXIS2_PLACEMENT_3D('',#6389,#6390,#6391);
#6389 = CARTESIAN_POINT('',(20.559999999889,35.260641387475,
    10.948839878036));
#6390 = DIRECTION('',(0.707106781159,-8.617463914394E-02,0.701836114494)
  );
#6391 = DIRECTION('',(0.707106781215,8.617463913712E-02,-0.701836114438)
  );
#6392 = ADVANCED_FACE('',(#6393),#6406,.T.);
#6393 = FACE_BOUND('',#6394,.T.);
#6394 = EDGE_LOOP('',(#6395,#6396,#6397,#6398,#6399));
#6395 = ORIENTED_EDGE('',*,*,#4816,.F.);
#6396 = ORIENTED_EDGE('',*,*,#4895,.F.);
#6397 = ORIENTED_EDGE('',*,*,#4538,.T.);
#6398 = ORIENTED_EDGE('',*,*,#6372,.T.);
#6399 = ORIENTED_EDGE('',*,*,#6400,.F.);
#6400 = EDGE_CURVE('',#4817,#6373,#6401,.T.);
#6401 = CIRCLE('',#6402,0.1);
#6402 = AXIS2_PLACEMENT_3D('',#6403,#6404,#6405);
#6403 = CARTESIAN_POINT('',(21.718578643749,35.419071533902,
    9.658529880902));
#6404 = DIRECTION('',(0.,-0.992546151641,-0.121869343405));
#6405 = DIRECTION('',(0.,0.121869343405,-0.992546151641));
#6406 = PLANE('',#6407);
#6407 = AXIS2_PLACEMENT_3D('',#6408,#6409,#6410);
#6408 = CARTESIAN_POINT('',(23.55,35.345949927859,10.254057571887));
#6409 = DIRECTION('',(-4.6E-16,0.992546151641,0.121869343405));
#6410 = DIRECTION('',(0.,-0.121869343405,0.992546151641));
#6411 = ADVANCED_FACE('',(#6412),#6431,.F.);
#6412 = FACE_BOUND('',#6413,.F.);
#6413 = EDGE_LOOP('',(#6414,#6422,#6428,#6429,#6430));
#6414 = ORIENTED_EDGE('',*,*,#6415,.T.);
#6415 = EDGE_CURVE('',#4562,#6416,#6418,.T.);
#6416 = VERTEX_POINT('',#6417);
#6417 = CARTESIAN_POINT('',(-21.09,31.078536363576,7.614314437741));
#6418 = LINE('',#6419,#6420);
#6419 = CARTESIAN_POINT('',(-21.09,30.737302202041,10.393443662337));
#6420 = VECTOR('',#6421,1.);
#6421 = DIRECTION('',(0.,0.121869343405,-0.992546151641));
#6422 = ORIENTED_EDGE('',*,*,#6423,.T.);
#6423 = EDGE_CURVE('',#6416,#4943,#6424,.T.);
#6424 = LINE('',#6425,#6426);
#6425 = CARTESIAN_POINT('',(-21.09,31.078536363576,7.614314437741));
#6426 = VECTOR('',#6427,1.);
#6427 = DIRECTION('',(1.,0.,0.));
#6428 = ORIENTED_EDGE('',*,*,#4952,.T.);
#6429 = ORIENTED_EDGE('',*,*,#4919,.F.);
#6430 = ORIENTED_EDGE('',*,*,#4561,.F.);
#6431 = PLANE('',#6432);
#6432 = AXIS2_PLACEMENT_3D('',#6433,#6434,#6435);
#6433 = CARTESIAN_POINT('',(-21.09,30.737302202041,10.393443662337));
#6434 = DIRECTION('',(0.,-0.992546151641,-0.121869343405));
#6435 = DIRECTION('',(1.,0.,0.));
#6436 = ADVANCED_FACE('',(#6437),#6455,.F.);
#6437 = FACE_BOUND('',#6438,.F.);
#6438 = EDGE_LOOP('',(#6439,#6447,#6453,#6454));
#6439 = ORIENTED_EDGE('',*,*,#6440,.T.);
#6440 = EDGE_CURVE('',#4570,#6441,#6443,.T.);
#6441 = VERTEX_POINT('',#6442);
#6442 = CARTESIAN_POINT('',(-21.09,34.0561748185,7.979922467957));
#6443 = LINE('',#6444,#6445);
#6444 = CARTESIAN_POINT('',(-21.09,33.714940656965,10.759051692553));
#6445 = VECTOR('',#6446,1.);
#6446 = DIRECTION('',(0.,0.121869343405,-0.992546151641));
#6447 = ORIENTED_EDGE('',*,*,#6448,.T.);
#6448 = EDGE_CURVE('',#6441,#6416,#6449,.T.);
#6449 = LINE('',#6450,#6451);
#6450 = CARTESIAN_POINT('',(-21.09,34.0561748185,7.979922467957));
#6451 = VECTOR('',#6452,1.);
#6452 = DIRECTION('',(0.,-0.992546151641,-0.121869343405));
#6453 = ORIENTED_EDGE('',*,*,#6415,.F.);
#6454 = ORIENTED_EDGE('',*,*,#4569,.F.);
#6455 = PLANE('',#6456);
#6456 = AXIS2_PLACEMENT_3D('',#6457,#6458,#6459);
#6457 = CARTESIAN_POINT('',(-21.09,33.714940656965,10.759051692553));
#6458 = DIRECTION('',(-1.,0.,0.));
#6459 = DIRECTION('',(-0.,-0.992546151641,-0.121869343405));
#6460 = ADVANCED_FACE('',(#6461),#6481,.T.);
#6461 = FACE_BOUND('',#6462,.T.);
#6462 = EDGE_LOOP('',(#6463,#6464,#6465,#6466,#6474,#6480));
#6463 = ORIENTED_EDGE('',*,*,#5033,.F.);
#6464 = ORIENTED_EDGE('',*,*,#4577,.T.);
#6465 = ORIENTED_EDGE('',*,*,#6440,.T.);
#6466 = ORIENTED_EDGE('',*,*,#6467,.T.);
#6467 = EDGE_CURVE('',#6441,#6468,#6470,.T.);
#6468 = VERTEX_POINT('',#6469);
#6469 = CARTESIAN_POINT('',(-20.69,34.0561748185,7.979922467957));
#6470 = LINE('',#6471,#6472);
#6471 = CARTESIAN_POINT('',(-24.09,34.0561748185,7.979922467957));
#6472 = VECTOR('',#6473,1.);
#6473 = DIRECTION('',(1.,0.,0.));
#6474 = ORIENTED_EDGE('',*,*,#6475,.T.);
#6475 = EDGE_CURVE('',#6468,#4999,#6476,.T.);
#6476 = LINE('',#6477,#6478);
#6477 = CARTESIAN_POINT('',(-20.69,34.0561748185,7.979922467957));
#6478 = VECTOR('',#6479,1.);
#6479 = DIRECTION('',(0.,0.121869343405,-0.992546151641));
#6480 = ORIENTED_EDGE('',*,*,#5006,.F.);
#6481 = PLANE('',#6482);
#6482 = AXIS2_PLACEMENT_3D('',#6483,#6484,#6485);
#6483 = CARTESIAN_POINT('',(-22.46777777777,33.955971136144,
    8.796015970418));
#6484 = DIRECTION('',(-3.4E-16,0.992546151641,0.121869343405));
#6485 = DIRECTION('',(-6.162975822039E-33,-0.121869343405,0.992546151641
    ));
#6486 = ADVANCED_FACE('',(#6487),#6535,.T.);
#6487 = FACE_BOUND('',#6488,.T.);
#6488 = EDGE_LOOP('',(#6489,#6490,#6498,#6506,#6512,#6513,#6521,#6529));
#6489 = ORIENTED_EDGE('',*,*,#4603,.F.);
#6490 = ORIENTED_EDGE('',*,*,#6491,.T.);
#6491 = EDGE_CURVE('',#4604,#6492,#6494,.T.);
#6492 = VERTEX_POINT('',#6493);
#6493 = CARTESIAN_POINT('',(-15.01,47.692518858103,13.439041081755));
#6494 = LINE('',#6495,#6496);
#6495 = CARTESIAN_POINT('',(-15.01,47.814389077878,12.446487792659));
#6496 = VECTOR('',#6497,1.);
#6497 = DIRECTION('',(0.,-0.121869343405,0.992546151641));
#6498 = ORIENTED_EDGE('',*,*,#6499,.T.);
#6499 = EDGE_CURVE('',#6492,#6500,#6502,.T.);
#6500 = VERTEX_POINT('',#6501);
#6501 = CARTESIAN_POINT('',(-15.01,32.506562737991,11.574440127656));
#6502 = LINE('',#6503,#6504);
#6503 = CARTESIAN_POINT('',(-15.01,47.692518858103,13.439041081755));
#6504 = VECTOR('',#6505,1.);
#6505 = DIRECTION('',(-4.6E-16,-0.992546151641,-0.121869343405));
#6506 = ORIENTED_EDGE('',*,*,#6507,.F.);
#6507 = EDGE_CURVE('',#4638,#6500,#6508,.T.);
#6508 = LINE('',#6509,#6510);
#6509 = CARTESIAN_POINT('',(-15.01,32.628432957765,10.58188683856));
#6510 = VECTOR('',#6511,1.);
#6511 = DIRECTION('',(0.,-0.121869343405,0.992546151641));
#6512 = ORIENTED_EDGE('',*,*,#4637,.F.);
#6513 = ORIENTED_EDGE('',*,*,#6514,.F.);
#6514 = EDGE_CURVE('',#6515,#4630,#6517,.T.);
#6515 = VERTEX_POINT('',#6516);
#6516 = CARTESIAN_POINT('',(-15.01,35.75053983805,11.41199577436));
#6517 = LINE('',#6518,#6519);
#6518 = CARTESIAN_POINT('',(-15.01,35.801934109215,10.99342302558));
#6519 = VECTOR('',#6520,1.);
#6520 = DIRECTION('',(0.,0.121869343405,-0.992546151641));
#6521 = ORIENTED_EDGE('',*,*,#6522,.F.);
#6522 = EDGE_CURVE('',#6523,#6515,#6525,.T.);
#6523 = VERTEX_POINT('',#6524);
#6524 = CARTESIAN_POINT('',(-15.01,44.584200587658,12.496632930666));
#6525 = LINE('',#6526,#6527);
#6526 = CARTESIAN_POINT('',(-15.01,43.963859242882,12.420464591038));
#6527 = VECTOR('',#6528,1.);
#6528 = DIRECTION('',(-4.6E-16,-0.992546151641,-0.121869343405));
#6529 = ORIENTED_EDGE('',*,*,#6530,.F.);
#6530 = EDGE_CURVE('',#4606,#6523,#6531,.T.);
#6531 = LINE('',#6532,#6533);
#6532 = CARTESIAN_POINT('',(-15.01,44.635594858823,12.078060181886));
#6533 = VECTOR('',#6534,1.);
#6534 = DIRECTION('',(0.,-0.121869343405,0.992546151641));
#6535 = PLANE('',#6536);
#6536 = AXIS2_PLACEMENT_3D('',#6537,#6538,#6539);
#6537 = CARTESIAN_POINT('',(-15.01,47.814389077878,12.446487792659));
#6538 = DIRECTION('',(1.,-4.6E-16,-6.E-17));
#6539 = DIRECTION('',(-4.638833903593E-16,-0.992546151641,
    -0.121869343405));
#6540 = ADVANCED_FACE('',(#6541),#6559,.F.);
#6541 = FACE_BOUND('',#6542,.F.);
#6542 = EDGE_LOOP('',(#6543,#6544,#6552,#6558));
#6543 = ORIENTED_EDGE('',*,*,#4613,.F.);
#6544 = ORIENTED_EDGE('',*,*,#6545,.T.);
#6545 = EDGE_CURVE('',#4614,#6546,#6548,.T.);
#6546 = VERTEX_POINT('',#6547);
#6547 = CARTESIAN_POINT('',(-22.29,44.584200587658,12.496632930666));
#6548 = LINE('',#6549,#6550);
#6549 = CARTESIAN_POINT('',(-22.29,44.63294832502,12.099614470009));
#6550 = VECTOR('',#6551,1.);
#6551 = DIRECTION('',(0.,-0.121869343405,0.992546151641));
#6552 = ORIENTED_EDGE('',*,*,#6553,.T.);
#6553 = EDGE_CURVE('',#6546,#6523,#6554,.T.);
#6554 = LINE('',#6555,#6556);
#6555 = CARTESIAN_POINT('',(-22.29,44.584200587658,12.496632930666));
#6556 = VECTOR('',#6557,1.);
#6557 = DIRECTION('',(1.,0.,0.));
#6558 = ORIENTED_EDGE('',*,*,#6530,.F.);
#6559 = PLANE('',#6560);
#6560 = AXIS2_PLACEMENT_3D('',#6561,#6562,#6563);
#6561 = CARTESIAN_POINT('',(-22.29,44.63294832502,12.099614470009));
#6562 = DIRECTION('',(0.,0.992546151641,0.121869343405));
#6563 = DIRECTION('',(1.,0.,0.));
#6564 = ADVANCED_FACE('',(#6565),#6583,.F.);
#6565 = FACE_BOUND('',#6566,.F.);
#6566 = EDGE_LOOP('',(#6567,#6575,#6581,#6582));
#6567 = ORIENTED_EDGE('',*,*,#6568,.T.);
#6568 = EDGE_CURVE('',#4622,#6569,#6571,.T.);
#6569 = VERTEX_POINT('',#6570);
#6570 = CARTESIAN_POINT('',(-22.29,35.75053983805,11.41199577436));
#6571 = LINE('',#6572,#6573);
#6572 = CARTESIAN_POINT('',(-22.29,35.799287575412,11.014977313703));
#6573 = VECTOR('',#6574,1.);
#6574 = DIRECTION('',(0.,-0.121869343405,0.992546151641));
#6575 = ORIENTED_EDGE('',*,*,#6576,.T.);
#6576 = EDGE_CURVE('',#6569,#6546,#6577,.T.);
#6577 = LINE('',#6578,#6579);
#6578 = CARTESIAN_POINT('',(-22.29,35.75053983805,11.41199577436));
#6579 = VECTOR('',#6580,1.);
#6580 = DIRECTION('',(0.,0.992546151641,0.121869343405));
#6581 = ORIENTED_EDGE('',*,*,#6545,.F.);
#6582 = ORIENTED_EDGE('',*,*,#4621,.F.);
#6583 = PLANE('',#6584);
#6584 = AXIS2_PLACEMENT_3D('',#6585,#6586,#6587);
#6585 = CARTESIAN_POINT('',(-22.29,35.799287575412,11.014977313703));
#6586 = DIRECTION('',(-1.,0.,0.));
#6587 = DIRECTION('',(0.,0.992546151641,0.121869343405));
#6588 = ADVANCED_FACE('',(#6589),#6600,.F.);
#6589 = FACE_BOUND('',#6590,.F.);
#6590 = EDGE_LOOP('',(#6591,#6592,#6593,#6599));
#6591 = ORIENTED_EDGE('',*,*,#4629,.F.);
#6592 = ORIENTED_EDGE('',*,*,#6514,.F.);
#6593 = ORIENTED_EDGE('',*,*,#6594,.T.);
#6594 = EDGE_CURVE('',#6515,#6569,#6595,.T.);
#6595 = LINE('',#6596,#6597);
#6596 = CARTESIAN_POINT('',(-14.61,35.75053983805,11.41199577436));
#6597 = VECTOR('',#6598,1.);
#6598 = DIRECTION('',(-1.,0.,-0.));
#6599 = ORIENTED_EDGE('',*,*,#6568,.F.);
#6600 = PLANE('',#6601);
#6601 = AXIS2_PLACEMENT_3D('',#6602,#6603,#6604);
#6602 = CARTESIAN_POINT('',(-14.61,35.799287575412,11.014977313703));
#6603 = DIRECTION('',(0.,-0.992546151641,-0.121869343405));
#6604 = DIRECTION('',(-1.,0.,0.));
#6605 = ADVANCED_FACE('',(#6606),#6624,.T.);
#6606 = FACE_BOUND('',#6607,.T.);
#6607 = EDGE_LOOP('',(#6608,#6609,#6610,#6618));
#6608 = ORIENTED_EDGE('',*,*,#4645,.F.);
#6609 = ORIENTED_EDGE('',*,*,#6507,.T.);
#6610 = ORIENTED_EDGE('',*,*,#6611,.T.);
#6611 = EDGE_CURVE('',#6500,#6612,#6614,.T.);
#6612 = VERTEX_POINT('',#6613);
#6613 = CARTESIAN_POINT('',(15.01,32.506562737991,11.574440127656));
#6614 = LINE('',#6615,#6616);
#6615 = CARTESIAN_POINT('',(-15.01,32.506562737991,11.574440127656));
#6616 = VECTOR('',#6617,1.);
#6617 = DIRECTION('',(1.,-2.308989157896E-16,-8.880141151571E-17));
#6618 = ORIENTED_EDGE('',*,*,#6619,.F.);
#6619 = EDGE_CURVE('',#4646,#6612,#6620,.T.);
#6620 = LINE('',#6621,#6622);
#6621 = CARTESIAN_POINT('',(15.01,32.628432957765,10.58188683856));
#6622 = VECTOR('',#6623,1.);
#6623 = DIRECTION('',(0.,-0.121869343405,0.992546151641));
#6624 = PLANE('',#6625);
#6625 = AXIS2_PLACEMENT_3D('',#6626,#6627,#6628);
#6626 = CARTESIAN_POINT('',(-15.01,32.628432957765,10.58188683856));
#6627 = DIRECTION('',(4.7E-16,0.992546151641,0.121869343405));
#6628 = DIRECTION('',(1.,-4.662195387286E-16,-5.953581772278E-17));
#6629 = ADVANCED_FACE('',(#6630),#6648,.T.);
#6630 = FACE_BOUND('',#6631,.T.);
#6631 = EDGE_LOOP('',(#6632,#6633,#6634,#6642));
#6632 = ORIENTED_EDGE('',*,*,#4653,.F.);
#6633 = ORIENTED_EDGE('',*,*,#6619,.T.);
#6634 = ORIENTED_EDGE('',*,*,#6635,.T.);
#6635 = EDGE_CURVE('',#6612,#6636,#6638,.T.);
#6636 = VERTEX_POINT('',#6637);
#6637 = CARTESIAN_POINT('',(15.01,47.692518858103,13.439041081755));
#6638 = LINE('',#6639,#6640);
#6639 = CARTESIAN_POINT('',(15.01,32.506562737991,11.574440127656));
#6640 = VECTOR('',#6641,1.);
#6641 = DIRECTION('',(4.6E-16,0.992546151641,0.121869343405));
#6642 = ORIENTED_EDGE('',*,*,#6643,.F.);
#6643 = EDGE_CURVE('',#4654,#6636,#6644,.T.);
#6644 = LINE('',#6645,#6646);
#6645 = CARTESIAN_POINT('',(15.01,47.814389077878,12.446487792659));
#6646 = VECTOR('',#6647,1.);
#6647 = DIRECTION('',(0.,-0.121869343405,0.992546151641));
#6648 = PLANE('',#6649);
#6649 = AXIS2_PLACEMENT_3D('',#6650,#6651,#6652);
#6650 = CARTESIAN_POINT('',(15.01,32.628432957765,10.58188683856));
#6651 = DIRECTION('',(-1.,4.6E-16,6.E-17));
#6652 = DIRECTION('',(4.638833903593E-16,0.992546151641,0.121869343405)
  );
#6653 = ADVANCED_FACE('',(#6654),#6665,.T.);
#6654 = FACE_BOUND('',#6655,.T.);
#6655 = EDGE_LOOP('',(#6656,#6657,#6658,#6664));
#6656 = ORIENTED_EDGE('',*,*,#4661,.F.);
#6657 = ORIENTED_EDGE('',*,*,#6643,.T.);
#6658 = ORIENTED_EDGE('',*,*,#6659,.T.);
#6659 = EDGE_CURVE('',#6636,#6492,#6660,.T.);
#6660 = LINE('',#6661,#6662);
#6661 = CARTESIAN_POINT('',(15.01,47.692518858103,13.439041081755));
#6662 = VECTOR('',#6663,1.);
#6663 = DIRECTION('',(-1.,2.382110763939E-16,2.924864241724E-17));
#6664 = ORIENTED_EDGE('',*,*,#6491,.F.);
#6665 = PLANE('',#6666);
#6666 = AXIS2_PLACEMENT_3D('',#6667,#6668,#6669);
#6667 = CARTESIAN_POINT('',(15.01,47.814389077878,12.446487792659));
#6668 = DIRECTION('',(-4.7E-16,-0.992546151641,-0.121869343405));
#6669 = DIRECTION('',(-1.,4.662195387286E-16,5.953581772278E-17));
#6670 = ADVANCED_FACE('',(#6671),#6677,.T.);
#6671 = FACE_BOUND('',#6672,.F.);
#6672 = EDGE_LOOP('',(#6673,#6674,#6675,#6676));
#6673 = ORIENTED_EDGE('',*,*,#4774,.F.);
#6674 = ORIENTED_EDGE('',*,*,#6300,.T.);
#6675 = ORIENTED_EDGE('',*,*,#6316,.T.);
#6676 = ORIENTED_EDGE('',*,*,#6349,.F.);
#6677 = CYLINDRICAL_SURFACE('',#6678,0.1);
#6678 = AXIS2_PLACEMENT_3D('',#6679,#6680,#6681);
#6679 = CARTESIAN_POINT('',(24.301421356237,35.419071533902,
    9.658529880902));
#6680 = DIRECTION('',(-0.,-0.992546151641,-0.121869343405));
#6681 = DIRECTION('',(0.,0.121869343405,-0.992546151641));
#6682 = ADVANCED_FACE('',(#6683),#6689,.T.);
#6683 = FACE_BOUND('',#6684,.T.);
#6684 = EDGE_LOOP('',(#6685,#6686,#6687,#6688));
#6685 = ORIENTED_EDGE('',*,*,#6400,.T.);
#6686 = ORIENTED_EDGE('',*,*,#6382,.T.);
#6687 = ORIENTED_EDGE('',*,*,#6357,.F.);
#6688 = ORIENTED_EDGE('',*,*,#4824,.F.);
#6689 = CYLINDRICAL_SURFACE('',#6690,0.1);
#6690 = AXIS2_PLACEMENT_3D('',#6691,#6692,#6693);
#6691 = CARTESIAN_POINT('',(21.718578643749,35.419071533902,
    9.658529880902));
#6692 = DIRECTION('',(-0.,-0.992546151641,-0.121869343405));
#6693 = DIRECTION('',(0.,0.121869343405,-0.992546151641));
#6694 = ADVANCED_FACE('',(#6695),#6701,.T.);
#6695 = FACE_BOUND('',#6696,.T.);
#6696 = EDGE_LOOP('',(#6697,#6698,#6699,#6700));
#6697 = ORIENTED_EDGE('',*,*,#4856,.T.);
#6698 = ORIENTED_EDGE('',*,*,#4871,.T.);
#6699 = ORIENTED_EDGE('',*,*,#4902,.F.);
#6700 = ORIENTED_EDGE('',*,*,#4800,.F.);
#6701 = PLANE('',#6702);
#6702 = AXIS2_PLACEMENT_3D('',#6703,#6704,#6705);
#6703 = CARTESIAN_POINT('',(21.01,30.907919282808,9.003879050039));
#6704 = DIRECTION('',(0.,0.992546151641,0.121869343405));
#6705 = DIRECTION('',(-1.,0.,0.));
#6706 = ADVANCED_FACE('',(#6707),#6725,.F.);
#6707 = FACE_BOUND('',#6708,.F.);
#6708 = EDGE_LOOP('',(#6709,#6717,#6718,#6719));
#6709 = ORIENTED_EDGE('',*,*,#6710,.T.);
#6710 = EDGE_CURVE('',#6711,#4991,#6713,.T.);
#6711 = VERTEX_POINT('',#6712);
#6712 = CARTESIAN_POINT('',(-20.69,31.67406405456,7.687436043785));
#6713 = LINE('',#6714,#6715);
#6714 = CARTESIAN_POINT('',(-20.69,31.67406405456,7.687436043785));
#6715 = VECTOR('',#6716,1.);
#6716 = DIRECTION('',(0.,0.121869343405,-0.992546151641));
#6717 = ORIENTED_EDGE('',*,*,#4990,.T.);
#6718 = ORIENTED_EDGE('',*,*,#4967,.F.);
#6719 = ORIENTED_EDGE('',*,*,#6720,.F.);
#6720 = EDGE_CURVE('',#6711,#4943,#6721,.T.);
#6721 = LINE('',#6722,#6723);
#6722 = CARTESIAN_POINT('',(-20.69,31.67406405456,7.687436043785));
#6723 = VECTOR('',#6724,1.);
#6724 = DIRECTION('',(0.707106781187,-0.701836114466,-8.617463914053E-02
    ));
#6725 = PLANE('',#6726);
#6726 = AXIS2_PLACEMENT_3D('',#6727,#6728,#6729);
#6727 = CARTESIAN_POINT('',(-20.69,31.67406405456,7.687436043785));
#6728 = DIRECTION('',(-0.707106781187,-0.701836114466,
    -8.617463914053E-02));
#6729 = DIRECTION('',(0.707106781187,-0.701836114466,-8.617463914053E-02
    ));
#6730 = ADVANCED_FACE('',(#6731),#6742,.F.);
#6731 = FACE_BOUND('',#6732,.F.);
#6732 = EDGE_LOOP('',(#6733,#6734,#6735,#6736));
#6733 = ORIENTED_EDGE('',*,*,#6475,.T.);
#6734 = ORIENTED_EDGE('',*,*,#4998,.T.);
#6735 = ORIENTED_EDGE('',*,*,#6710,.F.);
#6736 = ORIENTED_EDGE('',*,*,#6737,.F.);
#6737 = EDGE_CURVE('',#6468,#6711,#6738,.T.);
#6738 = LINE('',#6739,#6740);
#6739 = CARTESIAN_POINT('',(-20.69,34.0561748185,7.979922467957));
#6740 = VECTOR('',#6741,1.);
#6741 = DIRECTION('',(0.,-0.992546151641,-0.121869343405));
#6742 = PLANE('',#6743);
#6743 = AXIS2_PLACEMENT_3D('',#6744,#6745,#6746);
#6744 = CARTESIAN_POINT('',(-20.69,34.0561748185,7.979922467957));
#6745 = DIRECTION('',(-1.,0.,0.));
#6746 = DIRECTION('',(-0.,-0.992546151641,-0.121869343405));
#6747 = ADVANCED_FACE('',(#6748),#6754,.T.);
#6748 = FACE_BOUND('',#6749,.T.);
#6749 = EDGE_LOOP('',(#6750,#6751,#6752,#6753));
#6750 = ORIENTED_EDGE('',*,*,#5127,.T.);
#6751 = ORIENTED_EDGE('',*,*,#5162,.T.);
#6752 = ORIENTED_EDGE('',*,*,#5180,.F.);
#6753 = ORIENTED_EDGE('',*,*,#5234,.F.);
#6754 = PLANE('',#6755);
#6755 = AXIS2_PLACEMENT_3D('',#6756,#6757,#6758);
#6756 = CARTESIAN_POINT('',(-3.048337874497,28.476684436777,4.E-15));
#6757 = DIRECTION('',(1.23E-15,1.24E-15,-1.));
#6758 = DIRECTION('',(0.,-1.,-1.24E-15));
#6759 = ADVANCED_FACE('',(#6760),#6771,.F.);
#6760 = FACE_BOUND('',#6761,.F.);
#6761 = EDGE_LOOP('',(#6762,#6768,#6769,#6770));
#6762 = ORIENTED_EDGE('',*,*,#6763,.T.);
#6763 = EDGE_CURVE('',#5461,#5541,#6764,.T.);
#6764 = LINE('',#6765,#6766);
#6765 = CARTESIAN_POINT('',(-20.,49.571798076546,9.760642187566));
#6766 = VECTOR('',#6767,1.);
#6767 = DIRECTION('',(1.,0.,0.));
#6768 = ORIENTED_EDGE('',*,*,#5548,.T.);
#6769 = ORIENTED_EDGE('',*,*,#5491,.F.);
#6770 = ORIENTED_EDGE('',*,*,#5468,.F.);
#6771 = PLANE('',#6772);
#6772 = AXIS2_PLACEMENT_3D('',#6773,#6774,#6775);
#6773 = CARTESIAN_POINT('',(-20.,49.571798076546,9.760642187566));
#6774 = DIRECTION('',(0.,1.,0.));
#6775 = DIRECTION('',(0.,0.,-1.));
#6776 = ADVANCED_FACE('',(#6777),#6783,.F.);
#6777 = FACE_BOUND('',#6778,.F.);
#6778 = EDGE_LOOP('',(#6779,#6780,#6781,#6782));
#6779 = ORIENTED_EDGE('',*,*,#5524,.T.);
#6780 = ORIENTED_EDGE('',*,*,#5540,.T.);
#6781 = ORIENTED_EDGE('',*,*,#6763,.F.);
#6782 = ORIENTED_EDGE('',*,*,#5460,.F.);
#6783 = PLANE('',#6784);
#6784 = AXIS2_PLACEMENT_3D('',#6785,#6786,#6787);
#6785 = CARTESIAN_POINT('',(-20.,49.97111583157,10.061549699142));
#6786 = DIRECTION('',(0.,0.601815023152,-0.798635510047));
#6787 = DIRECTION('',(0.,-0.798635510047,-0.601815023152));
#6788 = ADVANCED_FACE('',(#6789),#6803,.T.);
#6789 = FACE_BOUND('',#6790,.T.);
#6790 = EDGE_LOOP('',(#6791,#6792,#6793,#6794,#6795,#6796,#6797,#6798,
    #6799,#6800,#6801,#6802));
#6791 = ORIENTED_EDGE('',*,*,#5882,.T.);
#6792 = ORIENTED_EDGE('',*,*,#5865,.T.);
#6793 = ORIENTED_EDGE('',*,*,#5833,.T.);
#6794 = ORIENTED_EDGE('',*,*,#5816,.T.);
#6795 = ORIENTED_EDGE('',*,*,#5784,.T.);
#6796 = ORIENTED_EDGE('',*,*,#5767,.T.);
#6797 = ORIENTED_EDGE('',*,*,#5735,.T.);
#6798 = ORIENTED_EDGE('',*,*,#5718,.T.);
#6799 = ORIENTED_EDGE('',*,*,#5686,.F.);
#6800 = ORIENTED_EDGE('',*,*,#5669,.T.);
#6801 = ORIENTED_EDGE('',*,*,#5637,.T.);
#6802 = ORIENTED_EDGE('',*,*,#5613,.F.);
#6803 = PLANE('',#6804);
#6804 = AXIS2_PLACEMENT_3D('',#6805,#6806,#6807);
#6805 = CARTESIAN_POINT('',(-5.956425669619,49.110915154052,
    13.63006215273));
#6806 = DIRECTION('',(0.,-0.121869343405,0.992546151641));
#6807 = DIRECTION('',(0.,0.992546151641,0.121869343405));
#6808 = ADVANCED_FACE('',(#6809,#6815),#6821,.T.);
#6809 = FACE_BOUND('',#6810,.T.);
#6810 = EDGE_LOOP('',(#6811,#6812,#6813,#6814));
#6811 = ORIENTED_EDGE('',*,*,#5955,.T.);
#6812 = ORIENTED_EDGE('',*,*,#5979,.T.);
#6813 = ORIENTED_EDGE('',*,*,#5938,.T.);
#6814 = ORIENTED_EDGE('',*,*,#5907,.T.);
#6815 = FACE_BOUND('',#6816,.F.);
#6816 = EDGE_LOOP('',(#6817,#6818,#6819,#6820));
#6817 = ORIENTED_EDGE('',*,*,#6499,.T.);
#6818 = ORIENTED_EDGE('',*,*,#6611,.T.);
#6819 = ORIENTED_EDGE('',*,*,#6635,.T.);
#6820 = ORIENTED_EDGE('',*,*,#6659,.T.);
#6821 = PLANE('',#6822);
#6822 = AXIS2_PLACEMENT_3D('',#6823,#6824,#6825);
#6823 = CARTESIAN_POINT('',(6.47E-15,40.099540798047,12.506740604706));
#6824 = DIRECTION('',(0.,-0.121869343405,0.992546151641));
#6825 = DIRECTION('',(0.,0.992546151641,0.121869343405));
#6826 = ADVANCED_FACE('',(#6827),#6835,.T.);
#6827 = FACE_BOUND('',#6828,.T.);
#6828 = EDGE_LOOP('',(#6829,#6830,#6831,#6832,#6833,#6834));
#6829 = ORIENTED_EDGE('',*,*,#6125,.T.);
#6830 = ORIENTED_EDGE('',*,*,#6108,.T.);
#6831 = ORIENTED_EDGE('',*,*,#6076,.T.);
#6832 = ORIENTED_EDGE('',*,*,#6059,.T.);
#6833 = ORIENTED_EDGE('',*,*,#6027,.T.);
#6834 = ORIENTED_EDGE('',*,*,#6003,.F.);
#6835 = PLANE('',#6836);
#6836 = AXIS2_PLACEMENT_3D('',#6837,#6838,#6839);
#6837 = CARTESIAN_POINT('',(-5.956425669619,49.110915154052,
    13.63006215273));
#6838 = DIRECTION('',(0.,-0.121869343405,0.992546151641));
#6839 = DIRECTION('',(0.,0.992546151641,0.121869343405));
#6840 = ADVANCED_FACE('',(#6841),#6849,.T.);
#6841 = FACE_BOUND('',#6842,.T.);
#6842 = EDGE_LOOP('',(#6843,#6844,#6845,#6846,#6847,#6848));
#6843 = ORIENTED_EDGE('',*,*,#6272,.T.);
#6844 = ORIENTED_EDGE('',*,*,#6255,.T.);
#6845 = ORIENTED_EDGE('',*,*,#6223,.T.);
#6846 = ORIENTED_EDGE('',*,*,#6206,.T.);
#6847 = ORIENTED_EDGE('',*,*,#6174,.T.);
#6848 = ORIENTED_EDGE('',*,*,#6150,.F.);
#6849 = PLANE('',#6850);
#6850 = AXIS2_PLACEMENT_3D('',#6851,#6852,#6853);
#6851 = CARTESIAN_POINT('',(-5.956425669619,49.110915154052,
    13.63006215273));
#6852 = DIRECTION('',(0.,-0.121869343405,0.992546151641));
#6853 = DIRECTION('',(0.,0.992546151641,0.121869343405));
#6854 = ADVANCED_FACE('',(#6855),#6862,.T.);
#6855 = FACE_BOUND('',#6856,.T.);
#6856 = EDGE_LOOP('',(#6857,#6858,#6859,#6860,#6861));
#6857 = ORIENTED_EDGE('',*,*,#6720,.F.);
#6858 = ORIENTED_EDGE('',*,*,#6737,.F.);
#6859 = ORIENTED_EDGE('',*,*,#6467,.F.);
#6860 = ORIENTED_EDGE('',*,*,#6448,.T.);
#6861 = ORIENTED_EDGE('',*,*,#6423,.T.);
#6862 = PLANE('',#6863);
#6863 = AXIS2_PLACEMENT_3D('',#6864,#6865,#6866);
#6864 = CARTESIAN_POINT('',(-22.22804200448,31.880847939036,
    7.712825912242));
#6865 = DIRECTION('',(0.,-0.121869343405,0.992546151641));
#6866 = DIRECTION('',(0.,0.992546151641,0.121869343405));
#6867 = ADVANCED_FACE('',(#6868),#6874,.F.);
#6868 = FACE_BOUND('',#6869,.F.);
#6869 = EDGE_LOOP('',(#6870,#6871,#6872,#6873));
#6870 = ORIENTED_EDGE('',*,*,#6553,.F.);
#6871 = ORIENTED_EDGE('',*,*,#6576,.F.);
#6872 = ORIENTED_EDGE('',*,*,#6594,.F.);
#6873 = ORIENTED_EDGE('',*,*,#6522,.F.);
#6874 = PLANE('',#6875);
#6875 = AXIS2_PLACEMENT_3D('',#6876,#6877,#6878);
#6876 = CARTESIAN_POINT('',(-18.45,40.167370212854,11.954314352513));
#6877 = DIRECTION('',(0.,-0.121869343405,0.992546151641));
#6878 = DIRECTION('',(0.,0.992546151641,0.121869343405));
#6879 = ( GEOMETRIC_REPRESENTATION_CONTEXT(3) 
GLOBAL_UNCERTAINTY_ASSIGNED_CONTEXT((#6883)) 
GLOBAL_UNIT_ASSIGNED_CONTEXT((#6880,#6881,#6882)) REPRESENTATION_CONTEXT
('Context #1','3D Context with UNIT and UNCERTAINTY') );
#6880 = ( LENGTH_UNIT() NAMED_UNIT(*) SI_UNIT(.MILLI.,.METRE.) );
#6881 = ( NAMED_UNIT(*) PLANE_ANGLE_UNIT() SI_UNIT($,.RADIAN.) );
#6882 = ( NAMED_UNIT(*) SI_UNIT($,.STERADIAN.) SOLID_ANGLE_UNIT() );
#6883 = UNCERTAINTY_MEASURE_WITH_UNIT(LENGTH_MEASURE(5.E-05),#6880,
  'distance_accuracy_value','confusion accuracy');
#6884 = CONTEXT_DEPENDENT_SHAPE_REPRESENTATION(#6885,#6887);
#6885 = ( REPRESENTATION_RELATIONSHIP('','',#36,#10) 
REPRESENTATION_RELATIONSHIP_WITH_TRANSFORMATION(#6886) 
SHAPE_REPRESENTATION_RELATIONSHIP() );
#6886 = ITEM_DEFINED_TRANSFORMATION('','',#11,#15);
#6887 = PRODUCT_DEFINITION_SHAPE('Placement','Placement of an item',
  #6888);
#6888 = NEXT_ASSEMBLY_USAGE_OCCURRENCE('10',
  'infopanel-omsk-ledsvisible-io-description-cutted','',#5,#31,$);
#6889 = PRODUCT_RELATED_PRODUCT_CATEGORY('part',$,(#33));
#6890 = SHAPE_DEFINITION_REPRESENTATION(#6891,#6897);
#6891 = PRODUCT_DEFINITION_SHAPE('','',#6892);
#6892 = PRODUCT_DEFINITION('design','',#6893,#6896);
#6893 = PRODUCT_DEFINITION_FORMATION('','',#6894);
#6894 = PRODUCT('io-description-omsk004','io-description-omsk004','',(
    #6895));
#6895 = PRODUCT_CONTEXT('',#2,'mechanical');
#6896 = PRODUCT_DEFINITION_CONTEXT('part definition',#2,'design');
#6897 = SHAPE_REPRESENTATION('',(#11,#6898,#7324,#7546),#7768);
#6898 = MANIFOLD_SOLID_BREP('',#6899);
#6899 = CLOSED_SHELL('',(#6900,#6940,#7041,#7066,#7091,#7176,#7193,#7210
    ,#7227,#7244,#7261,#7278,#7295,#7312));
#6900 = ADVANCED_FACE('',(#6901),#6935,.F.);
#6901 = FACE_BOUND('',#6902,.F.);
#6902 = EDGE_LOOP('',(#6903,#6913,#6921,#6929));
#6903 = ORIENTED_EDGE('',*,*,#6904,.F.);
#6904 = EDGE_CURVE('',#6905,#6907,#6909,.T.);
#6905 = VERTEX_POINT('',#6906);
#6906 = CARTESIAN_POINT('',(26.631541095734,49.766947370874,
    13.710612780411));
#6907 = VERTEX_POINT('',#6908);
#6908 = CARTESIAN_POINT('',(26.631541095734,48.45488293723,
    13.549511525049));
#6909 = LINE('',#6910,#6911);
#6910 = CARTESIAN_POINT('',(26.631541095734,49.866201986038,
    13.722799714751));
#6911 = VECTOR('',#6912,1.);
#6912 = DIRECTION('',(0.,-0.992546151641,-0.121869343405));
#6913 = ORIENTED_EDGE('',*,*,#6914,.T.);
#6914 = EDGE_CURVE('',#6905,#6915,#6917,.T.);
#6915 = VERTEX_POINT('',#6916);
#6916 = CARTESIAN_POINT('',(26.631541095734,49.645078027469,
    14.703158932052));
#6917 = LINE('',#6918,#6919);
#6918 = CARTESIAN_POINT('',(26.631541095734,49.766947370874,
    13.710612780411));
#6919 = VECTOR('',#6920,1.);
#6920 = DIRECTION('',(0.,-0.121869343405,0.992546151641));
#6921 = ORIENTED_EDGE('',*,*,#6922,.T.);
#6922 = EDGE_CURVE('',#6915,#6923,#6925,.T.);
#6923 = VERTEX_POINT('',#6924);
#6924 = CARTESIAN_POINT('',(26.631541095734,48.333013593824,
    14.542057676691));
#6925 = LINE('',#6926,#6927);
#6926 = CARTESIAN_POINT('',(26.631541095734,49.744332642633,
    14.715345866393));
#6927 = VECTOR('',#6928,1.);
#6928 = DIRECTION('',(0.,-0.992546151641,-0.121869343405));
#6929 = ORIENTED_EDGE('',*,*,#6930,.F.);
#6930 = EDGE_CURVE('',#6907,#6923,#6931,.T.);
#6931 = LINE('',#6932,#6933);
#6932 = CARTESIAN_POINT('',(26.631541095734,48.45488293723,
    13.549511525049));
#6933 = VECTOR('',#6934,1.);
#6934 = DIRECTION('',(0.,-0.121869343405,0.992546151641));
#6935 = PLANE('',#6936);
#6936 = AXIS2_PLACEMENT_3D('',#6937,#6938,#6939);
#6937 = CARTESIAN_POINT('',(26.631541095734,49.866201986038,
    13.722799714751));
#6938 = DIRECTION('',(1.,0.,0.));
#6939 = DIRECTION('',(0.,-0.992546151641,-0.121869343405));
#6940 = ADVANCED_FACE('',(#6941),#7036,.F.);
#6941 = FACE_BOUND('',#6942,.F.);
#6942 = EDGE_LOOP('',(#6943,#6944,#6953,#6961,#6970,#6978,#6987,#6995,
    #7004,#7012,#7021,#7029));
#6943 = ORIENTED_EDGE('',*,*,#6904,.T.);
#6944 = ORIENTED_EDGE('',*,*,#6945,.T.);
#6945 = EDGE_CURVE('',#6907,#6946,#6948,.T.);
#6946 = VERTEX_POINT('',#6947);
#6947 = CARTESIAN_POINT('',(26.731541095734,48.355628322065,
    13.537324590709));
#6948 = CIRCLE('',#6949,0.1);
#6949 = AXIS2_PLACEMENT_3D('',#6950,#6951,#6952);
#6950 = CARTESIAN_POINT('',(26.731541095734,48.45488293723,
    13.549511525049));
#6951 = DIRECTION('',(0.,-0.121869343405,0.992546151641));
#6952 = DIRECTION('',(0.,-0.992546151641,-0.121869343405));
#6953 = ORIENTED_EDGE('',*,*,#6954,.T.);
#6954 = EDGE_CURVE('',#6946,#6955,#6957,.T.);
#6955 = VERTEX_POINT('',#6956);
#6956 = CARTESIAN_POINT('',(28.112037548029,48.355628322065,
    13.537324590709));
#6957 = LINE('',#6958,#6959);
#6958 = CARTESIAN_POINT('',(26.631541095734,48.355628322065,
    13.537324590709));
#6959 = VECTOR('',#6960,1.);
#6960 = DIRECTION('',(1.,0.,0.));
#6961 = ORIENTED_EDGE('',*,*,#6962,.T.);
#6962 = EDGE_CURVE('',#6955,#6963,#6965,.T.);
#6963 = VERTEX_POINT('',#6964);
#6964 = CARTESIAN_POINT('',(28.182748226147,48.326557318348,
    13.533755120282));
#6965 = CIRCLE('',#6966,0.1);
#6966 = AXIS2_PLACEMENT_3D('',#6967,#6968,#6969);
#6967 = CARTESIAN_POINT('',(28.112037548029,48.256373706901,
    13.525137656368));
#6968 = DIRECTION('',(-0.,0.121869343405,-0.992546151641));
#6969 = DIRECTION('',(0.,-0.992546151641,-0.121869343405));
#6970 = ORIENTED_EDGE('',*,*,#6971,.T.);
#6971 = EDGE_CURVE('',#6963,#6972,#6974,.T.);
#6972 = VERTEX_POINT('',#6973);
#6973 = CARTESIAN_POINT('',(29.058906628969,47.456929667399,
    13.426978271012));
#6974 = LINE('',#6975,#6976);
#6975 = CARTESIAN_POINT('',(28.153458904266,48.355628322065,
    13.537324590709));
#6976 = VECTOR('',#6977,1.);
#6977 = DIRECTION('',(0.707106781187,-0.701836114466,-8.617463914053E-02
    ));
#6978 = ORIENTED_EDGE('',*,*,#6979,.T.);
#6979 = EDGE_CURVE('',#6972,#6980,#6982,.T.);
#6980 = VERTEX_POINT('',#6981);
#6981 = CARTESIAN_POINT('',(29.229617307087,47.527113278846,
    13.435595734926));
#6982 = CIRCLE('',#6983,0.1);
#6983 = AXIS2_PLACEMENT_3D('',#6984,#6985,#6986);
#6984 = CARTESIAN_POINT('',(29.129617307087,47.527113278846,
    13.435595734926));
#6985 = DIRECTION('',(0.,-0.121869343405,0.992546151641));
#6986 = DIRECTION('',(0.,-0.992546151641,-0.121869343405));
#6987 = ORIENTED_EDGE('',*,*,#6988,.T.);
#6988 = EDGE_CURVE('',#6980,#6989,#6991,.T.);
#6989 = VERTEX_POINT('',#6990);
#6990 = CARTESIAN_POINT('',(29.229617307087,50.694717029258,
    13.824528570534));
#6991 = LINE('',#6992,#6993);
#6992 = CARTESIAN_POINT('',(29.229617307087,47.287491440788,
    13.406173872757));
#6993 = VECTOR('',#6994,1.);
#6994 = DIRECTION('',(0.,0.992546151641,0.121869343405));
#6995 = ORIENTED_EDGE('',*,*,#6996,.T.);
#6996 = EDGE_CURVE('',#6989,#6997,#6999,.T.);
#6997 = VERTEX_POINT('',#6998);
#6998 = CARTESIAN_POINT('',(29.058906628969,50.764900640704,
    13.833146034448));
#6999 = CIRCLE('',#7000,0.1);
#7000 = AXIS2_PLACEMENT_3D('',#7001,#7002,#7003);
#7001 = CARTESIAN_POINT('',(29.129617307087,50.694717029258,
    13.824528570534));
#7002 = DIRECTION('',(0.,-0.121869343405,0.992546151641));
#7003 = DIRECTION('',(0.,-0.992546151641,-0.121869343405));
#7004 = ORIENTED_EDGE('',*,*,#7005,.F.);
#7005 = EDGE_CURVE('',#7006,#6997,#7008,.T.);
#7006 = VERTEX_POINT('',#7007);
#7007 = CARTESIAN_POINT('',(28.182748226147,49.895272989756,
    13.726369185178));
#7008 = LINE('',#7009,#7010);
#7009 = CARTESIAN_POINT('',(28.153458904266,49.866201986038,
    13.722799714751));
#7010 = VECTOR('',#7011,1.);
#7011 = DIRECTION('',(0.707106781187,0.701836114466,8.617463914053E-02)
  );
#7012 = ORIENTED_EDGE('',*,*,#7013,.T.);
#7013 = EDGE_CURVE('',#7006,#7014,#7016,.T.);
#7014 = VERTEX_POINT('',#7015);
#7015 = CARTESIAN_POINT('',(28.112037548029,49.866201986038,
    13.722799714751));
#7016 = CIRCLE('',#7017,0.1);
#7017 = AXIS2_PLACEMENT_3D('',#7018,#7019,#7020);
#7018 = CARTESIAN_POINT('',(28.112037548029,49.965456601202,
    13.734986649092));
#7019 = DIRECTION('',(-0.,0.121869343405,-0.992546151641));
#7020 = DIRECTION('',(0.,-0.992546151641,-0.121869343405));
#7021 = ORIENTED_EDGE('',*,*,#7022,.T.);
#7022 = EDGE_CURVE('',#7014,#7023,#7025,.T.);
#7023 = VERTEX_POINT('',#7024);
#7024 = CARTESIAN_POINT('',(26.731541095734,49.866201986038,
    13.722799714751));
#7025 = LINE('',#7026,#7027);
#7026 = CARTESIAN_POINT('',(28.153458904266,49.866201986038,
    13.722799714751));
#7027 = VECTOR('',#7028,1.);
#7028 = DIRECTION('',(-1.,0.,0.));
#7029 = ORIENTED_EDGE('',*,*,#7030,.F.);
#7030 = EDGE_CURVE('',#6905,#7023,#7031,.T.);
#7031 = CIRCLE('',#7032,0.1);
#7032 = AXIS2_PLACEMENT_3D('',#7033,#7034,#7035);
#7033 = CARTESIAN_POINT('',(26.731541095734,49.766947370874,
    13.710612780411));
#7034 = DIRECTION('',(-0.,0.121869343405,-0.992546151641));
#7035 = DIRECTION('',(0.,-0.992546151641,-0.121869343405));
#7036 = PLANE('',#7037);
#7037 = AXIS2_PLACEMENT_3D('',#7038,#7039,#7040);
#7038 = CARTESIAN_POINT('',(-5.956425669619,49.110915154052,
    13.63006215273));
#7039 = DIRECTION('',(0.,-0.121869343405,0.992546151641));
#7040 = DIRECTION('',(0.,0.992546151641,0.121869343405));
#7041 = ADVANCED_FACE('',(#7042),#7061,.T.);
#7042 = FACE_BOUND('',#7043,.F.);
#7043 = EDGE_LOOP('',(#7044,#7045,#7053,#7060));
#7044 = ORIENTED_EDGE('',*,*,#7030,.T.);
#7045 = ORIENTED_EDGE('',*,*,#7046,.T.);
#7046 = EDGE_CURVE('',#7023,#7047,#7049,.T.);
#7047 = VERTEX_POINT('',#7048);
#7048 = CARTESIAN_POINT('',(26.731541095734,49.744332642633,
    14.715345866393));
#7049 = LINE('',#7050,#7051);
#7050 = CARTESIAN_POINT('',(26.731541095734,49.866201986038,
    13.722799714751));
#7051 = VECTOR('',#7052,1.);
#7052 = DIRECTION('',(0.,-0.121869343405,0.992546151641));
#7053 = ORIENTED_EDGE('',*,*,#7054,.F.);
#7054 = EDGE_CURVE('',#6915,#7047,#7055,.T.);
#7055 = CIRCLE('',#7056,0.1);
#7056 = AXIS2_PLACEMENT_3D('',#7057,#7058,#7059);
#7057 = CARTESIAN_POINT('',(26.731541095734,49.645078027469,
    14.703158932052));
#7058 = DIRECTION('',(-0.,0.121869343405,-0.992546151641));
#7059 = DIRECTION('',(0.,-0.992546151641,-0.121869343405));
#7060 = ORIENTED_EDGE('',*,*,#6914,.F.);
#7061 = CYLINDRICAL_SURFACE('',#7062,0.1);
#7062 = AXIS2_PLACEMENT_3D('',#7063,#7064,#7065);
#7063 = CARTESIAN_POINT('',(26.731541095734,49.766947370874,
    13.710612780411));
#7064 = DIRECTION('',(0.,-0.121869343405,0.992546151641));
#7065 = DIRECTION('',(-1.,0.,0.));
#7066 = ADVANCED_FACE('',(#7067),#7086,.T.);
#7067 = FACE_BOUND('',#7068,.T.);
#7068 = EDGE_LOOP('',(#7069,#7070,#7078,#7085));
#7069 = ORIENTED_EDGE('',*,*,#6945,.T.);
#7070 = ORIENTED_EDGE('',*,*,#7071,.T.);
#7071 = EDGE_CURVE('',#6946,#7072,#7074,.T.);
#7072 = VERTEX_POINT('',#7073);
#7073 = CARTESIAN_POINT('',(26.731541095734,48.23375897866,
    14.52987074235));
#7074 = LINE('',#7075,#7076);
#7075 = CARTESIAN_POINT('',(26.731541095734,48.355628322065,
    13.537324590709));
#7076 = VECTOR('',#7077,1.);
#7077 = DIRECTION('',(0.,-0.121869343405,0.992546151641));
#7078 = ORIENTED_EDGE('',*,*,#7079,.F.);
#7079 = EDGE_CURVE('',#6923,#7072,#7080,.T.);
#7080 = CIRCLE('',#7081,0.1);
#7081 = AXIS2_PLACEMENT_3D('',#7082,#7083,#7084);
#7082 = CARTESIAN_POINT('',(26.731541095734,48.333013593824,
    14.542057676691));
#7083 = DIRECTION('',(0.,-0.121869343405,0.992546151641));
#7084 = DIRECTION('',(0.,-0.992546151641,-0.121869343405));
#7085 = ORIENTED_EDGE('',*,*,#6930,.F.);
#7086 = CYLINDRICAL_SURFACE('',#7087,0.1);
#7087 = AXIS2_PLACEMENT_3D('',#7088,#7089,#7090);
#7088 = CARTESIAN_POINT('',(26.731541095734,48.45488293723,
    13.549511525049));
#7089 = DIRECTION('',(0.,-0.121869343405,0.992546151641));
#7090 = DIRECTION('',(-1.,0.,0.));
#7091 = ADVANCED_FACE('',(#7092),#7171,.T.);
#7092 = FACE_BOUND('',#7093,.T.);
#7093 = EDGE_LOOP('',(#7094,#7095,#7096,#7104,#7113,#7121,#7130,#7138,
    #7147,#7155,#7164,#7170));
#7094 = ORIENTED_EDGE('',*,*,#6922,.T.);
#7095 = ORIENTED_EDGE('',*,*,#7079,.T.);
#7096 = ORIENTED_EDGE('',*,*,#7097,.T.);
#7097 = EDGE_CURVE('',#7072,#7098,#7100,.T.);
#7098 = VERTEX_POINT('',#7099);
#7099 = CARTESIAN_POINT('',(28.112037548029,48.23375897866,
    14.52987074235));
#7100 = LINE('',#7101,#7102);
#7101 = CARTESIAN_POINT('',(26.631541095734,48.23375897866,
    14.52987074235));
#7102 = VECTOR('',#7103,1.);
#7103 = DIRECTION('',(1.,0.,0.));
#7104 = ORIENTED_EDGE('',*,*,#7105,.T.);
#7105 = EDGE_CURVE('',#7098,#7106,#7108,.T.);
#7106 = VERTEX_POINT('',#7107);
#7107 = CARTESIAN_POINT('',(28.182748226147,48.204687974943,
    14.526301271924));
#7108 = CIRCLE('',#7109,0.1);
#7109 = AXIS2_PLACEMENT_3D('',#7110,#7111,#7112);
#7110 = CARTESIAN_POINT('',(28.112037548029,48.134504363496,
    14.51768380801));
#7111 = DIRECTION('',(-0.,0.121869343405,-0.992546151641));
#7112 = DIRECTION('',(0.,-0.992546151641,-0.121869343405));
#7113 = ORIENTED_EDGE('',*,*,#7114,.T.);
#7114 = EDGE_CURVE('',#7106,#7115,#7117,.T.);
#7115 = VERTEX_POINT('',#7116);
#7116 = CARTESIAN_POINT('',(29.058906628969,47.335060323994,
    14.419524422653));
#7117 = LINE('',#7118,#7119);
#7118 = CARTESIAN_POINT('',(28.153458904266,48.23375897866,
    14.52987074235));
#7119 = VECTOR('',#7120,1.);
#7120 = DIRECTION('',(0.707106781187,-0.701836114466,-8.617463914053E-02
    ));
#7121 = ORIENTED_EDGE('',*,*,#7122,.T.);
#7122 = EDGE_CURVE('',#7115,#7123,#7125,.T.);
#7123 = VERTEX_POINT('',#7124);
#7124 = CARTESIAN_POINT('',(29.229617307087,47.405243935441,
    14.428141886567));
#7125 = CIRCLE('',#7126,0.1);
#7126 = AXIS2_PLACEMENT_3D('',#7127,#7128,#7129);
#7127 = CARTESIAN_POINT('',(29.129617307087,47.405243935441,
    14.428141886567));
#7128 = DIRECTION('',(0.,-0.121869343405,0.992546151641));
#7129 = DIRECTION('',(0.,-0.992546151641,-0.121869343405));
#7130 = ORIENTED_EDGE('',*,*,#7131,.T.);
#7131 = EDGE_CURVE('',#7123,#7132,#7134,.T.);
#7132 = VERTEX_POINT('',#7133);
#7133 = CARTESIAN_POINT('',(29.229617307087,50.572847685852,
    14.817074722176));
#7134 = LINE('',#7135,#7136);
#7135 = CARTESIAN_POINT('',(29.229617307087,47.165622097383,
    14.398720024398));
#7136 = VECTOR('',#7137,1.);
#7137 = DIRECTION('',(0.,0.992546151641,0.121869343405));
#7138 = ORIENTED_EDGE('',*,*,#7139,.T.);
#7139 = EDGE_CURVE('',#7132,#7140,#7142,.T.);
#7140 = VERTEX_POINT('',#7141);
#7141 = CARTESIAN_POINT('',(29.058906628969,50.643031297299,
    14.82569218609));
#7142 = CIRCLE('',#7143,0.1);
#7143 = AXIS2_PLACEMENT_3D('',#7144,#7145,#7146);
#7144 = CARTESIAN_POINT('',(29.129617307087,50.572847685852,
    14.817074722176));
#7145 = DIRECTION('',(0.,-0.121869343405,0.992546151641));
#7146 = DIRECTION('',(0.,-0.992546151641,-0.121869343405));
#7147 = ORIENTED_EDGE('',*,*,#7148,.F.);
#7148 = EDGE_CURVE('',#7149,#7140,#7151,.T.);
#7149 = VERTEX_POINT('',#7150);
#7150 = CARTESIAN_POINT('',(28.182748226147,49.77340364635,
    14.718915336819));
#7151 = LINE('',#7152,#7153);
#7152 = CARTESIAN_POINT('',(28.153458904266,49.744332642633,
    14.715345866393));
#7153 = VECTOR('',#7154,1.);
#7154 = DIRECTION('',(0.707106781187,0.701836114466,8.617463914053E-02)
  );
#7155 = ORIENTED_EDGE('',*,*,#7156,.T.);
#7156 = EDGE_CURVE('',#7149,#7157,#7159,.T.);
#7157 = VERTEX_POINT('',#7158);
#7158 = CARTESIAN_POINT('',(28.112037548029,49.744332642633,
    14.715345866393));
#7159 = CIRCLE('',#7160,0.1);
#7160 = AXIS2_PLACEMENT_3D('',#7161,#7162,#7163);
#7161 = CARTESIAN_POINT('',(28.112037548029,49.843587257797,
    14.727532800733));
#7162 = DIRECTION('',(-0.,0.121869343405,-0.992546151641));
#7163 = DIRECTION('',(0.,-0.992546151641,-0.121869343405));
#7164 = ORIENTED_EDGE('',*,*,#7165,.T.);
#7165 = EDGE_CURVE('',#7157,#7047,#7166,.T.);
#7166 = LINE('',#7167,#7168);
#7167 = CARTESIAN_POINT('',(28.153458904266,49.744332642633,
    14.715345866393));
#7168 = VECTOR('',#7169,1.);
#7169 = DIRECTION('',(-1.,0.,0.));
#7170 = ORIENTED_EDGE('',*,*,#7054,.F.);
#7171 = PLANE('',#7172);
#7172 = AXIS2_PLACEMENT_3D('',#7173,#7174,#7175);
#7173 = CARTESIAN_POINT('',(-5.956425669619,48.989045810647,
    14.622608304371));
#7174 = DIRECTION('',(0.,-0.121869343405,0.992546151641));
#7175 = DIRECTION('',(0.,0.992546151641,0.121869343405));
#7176 = ADVANCED_FACE('',(#7177),#7188,.F.);
#7177 = FACE_BOUND('',#7178,.F.);
#7178 = EDGE_LOOP('',(#7179,#7180,#7186,#7187));
#7179 = ORIENTED_EDGE('',*,*,#7022,.F.);
#7180 = ORIENTED_EDGE('',*,*,#7181,.T.);
#7181 = EDGE_CURVE('',#7014,#7157,#7182,.T.);
#7182 = LINE('',#7183,#7184);
#7183 = CARTESIAN_POINT('',(28.112037548029,49.866201986038,
    13.722799714751));
#7184 = VECTOR('',#7185,1.);
#7185 = DIRECTION('',(0.,-0.121869343405,0.992546151641));
#7186 = ORIENTED_EDGE('',*,*,#7165,.T.);
#7187 = ORIENTED_EDGE('',*,*,#7046,.F.);
#7188 = PLANE('',#7189);
#7189 = AXIS2_PLACEMENT_3D('',#7190,#7191,#7192);
#7190 = CARTESIAN_POINT('',(28.153458904266,49.866201986038,
    13.722799714751));
#7191 = DIRECTION('',(-0.,-0.992546151641,-0.121869343405));
#7192 = DIRECTION('',(-1.,0.,0.));
#7193 = ADVANCED_FACE('',(#7194),#7205,.F.);
#7194 = FACE_BOUND('',#7195,.F.);
#7195 = EDGE_LOOP('',(#7196,#7197,#7198,#7199));
#7196 = ORIENTED_EDGE('',*,*,#6954,.F.);
#7197 = ORIENTED_EDGE('',*,*,#7071,.T.);
#7198 = ORIENTED_EDGE('',*,*,#7097,.T.);
#7199 = ORIENTED_EDGE('',*,*,#7200,.F.);
#7200 = EDGE_CURVE('',#6955,#7098,#7201,.T.);
#7201 = LINE('',#7202,#7203);
#7202 = CARTESIAN_POINT('',(28.112037548029,48.355628322065,
    13.537324590709));
#7203 = VECTOR('',#7204,1.);
#7204 = DIRECTION('',(0.,-0.121869343405,0.992546151641));
#7205 = PLANE('',#7206);
#7206 = AXIS2_PLACEMENT_3D('',#7207,#7208,#7209);
#7207 = CARTESIAN_POINT('',(26.631541095734,48.355628322065,
    13.537324590709));
#7208 = DIRECTION('',(0.,0.992546151641,0.121869343405));
#7209 = DIRECTION('',(1.,0.,0.));
#7210 = ADVANCED_FACE('',(#7211),#7222,.F.);
#7211 = FACE_BOUND('',#7212,.T.);
#7212 = EDGE_LOOP('',(#7213,#7214,#7215,#7216));
#7213 = ORIENTED_EDGE('',*,*,#7013,.T.);
#7214 = ORIENTED_EDGE('',*,*,#7181,.T.);
#7215 = ORIENTED_EDGE('',*,*,#7156,.F.);
#7216 = ORIENTED_EDGE('',*,*,#7217,.F.);
#7217 = EDGE_CURVE('',#7006,#7149,#7218,.T.);
#7218 = LINE('',#7219,#7220);
#7219 = CARTESIAN_POINT('',(28.182748226147,49.895272989756,
    13.726369185178));
#7220 = VECTOR('',#7221,1.);
#7221 = DIRECTION('',(0.,-0.121869343405,0.992546151641));
#7222 = CYLINDRICAL_SURFACE('',#7223,0.1);
#7223 = AXIS2_PLACEMENT_3D('',#7224,#7225,#7226);
#7224 = CARTESIAN_POINT('',(28.112037548029,49.965456601202,
    13.734986649092));
#7225 = DIRECTION('',(0.,-0.121869343405,0.992546151641));
#7226 = DIRECTION('',(0.707106781187,-0.701836114466,-8.617463914053E-02
    ));
#7227 = ADVANCED_FACE('',(#7228),#7239,.F.);
#7228 = FACE_BOUND('',#7229,.T.);
#7229 = EDGE_LOOP('',(#7230,#7231,#7237,#7238));
#7230 = ORIENTED_EDGE('',*,*,#6962,.T.);
#7231 = ORIENTED_EDGE('',*,*,#7232,.T.);
#7232 = EDGE_CURVE('',#6963,#7106,#7233,.T.);
#7233 = LINE('',#7234,#7235);
#7234 = CARTESIAN_POINT('',(28.182748226147,48.326557318348,
    13.533755120282));
#7235 = VECTOR('',#7236,1.);
#7236 = DIRECTION('',(0.,-0.121869343405,0.992546151641));
#7237 = ORIENTED_EDGE('',*,*,#7105,.F.);
#7238 = ORIENTED_EDGE('',*,*,#7200,.F.);
#7239 = CYLINDRICAL_SURFACE('',#7240,0.1);
#7240 = AXIS2_PLACEMENT_3D('',#7241,#7242,#7243);
#7241 = CARTESIAN_POINT('',(28.112037548029,48.256373706901,
    13.525137656368));
#7242 = DIRECTION('',(0.,-0.121869343405,0.992546151641));
#7243 = DIRECTION('',(-0.,0.992546151641,0.121869343405));
#7244 = ADVANCED_FACE('',(#7245),#7256,.T.);
#7245 = FACE_BOUND('',#7246,.T.);
#7246 = EDGE_LOOP('',(#7247,#7248,#7249,#7250));
#7247 = ORIENTED_EDGE('',*,*,#7005,.F.);
#7248 = ORIENTED_EDGE('',*,*,#7217,.T.);
#7249 = ORIENTED_EDGE('',*,*,#7148,.T.);
#7250 = ORIENTED_EDGE('',*,*,#7251,.F.);
#7251 = EDGE_CURVE('',#6997,#7140,#7252,.T.);
#7252 = LINE('',#7253,#7254);
#7253 = CARTESIAN_POINT('',(29.058906628969,50.764900640704,
    13.833146034448));
#7254 = VECTOR('',#7255,1.);
#7255 = DIRECTION('',(0.,-0.121869343405,0.992546151641));
#7256 = PLANE('',#7257);
#7257 = AXIS2_PLACEMENT_3D('',#7258,#7259,#7260);
#7258 = CARTESIAN_POINT('',(28.153458904266,49.866201986038,
    13.722799714751));
#7259 = DIRECTION('',(-0.707106781187,0.701836114466,8.617463914053E-02)
  );
#7260 = DIRECTION('',(0.707106781187,0.701836114466,8.617463914053E-02)
  );
#7261 = ADVANCED_FACE('',(#7262),#7273,.F.);
#7262 = FACE_BOUND('',#7263,.F.);
#7263 = EDGE_LOOP('',(#7264,#7265,#7266,#7267));
#7264 = ORIENTED_EDGE('',*,*,#6971,.F.);
#7265 = ORIENTED_EDGE('',*,*,#7232,.T.);
#7266 = ORIENTED_EDGE('',*,*,#7114,.T.);
#7267 = ORIENTED_EDGE('',*,*,#7268,.F.);
#7268 = EDGE_CURVE('',#6972,#7115,#7269,.T.);
#7269 = LINE('',#7270,#7271);
#7270 = CARTESIAN_POINT('',(29.058906628969,47.456929667399,
    13.426978271012));
#7271 = VECTOR('',#7272,1.);
#7272 = DIRECTION('',(0.,-0.121869343405,0.992546151641));
#7273 = PLANE('',#7274);
#7274 = AXIS2_PLACEMENT_3D('',#7275,#7276,#7277);
#7275 = CARTESIAN_POINT('',(28.153458904266,48.355628322065,
    13.537324590709));
#7276 = DIRECTION('',(0.707106781187,0.701836114466,8.617463914053E-02)
  );
#7277 = DIRECTION('',(0.707106781187,-0.701836114466,-8.617463914053E-02
    ));
#7278 = ADVANCED_FACE('',(#7279),#7290,.T.);
#7279 = FACE_BOUND('',#7280,.T.);
#7280 = EDGE_LOOP('',(#7281,#7282,#7283,#7284));
#7281 = ORIENTED_EDGE('',*,*,#6996,.T.);
#7282 = ORIENTED_EDGE('',*,*,#7251,.T.);
#7283 = ORIENTED_EDGE('',*,*,#7139,.F.);
#7284 = ORIENTED_EDGE('',*,*,#7285,.F.);
#7285 = EDGE_CURVE('',#6989,#7132,#7286,.T.);
#7286 = LINE('',#7287,#7288);
#7287 = CARTESIAN_POINT('',(29.229617307087,50.694717029258,
    13.824528570534));
#7288 = VECTOR('',#7289,1.);
#7289 = DIRECTION('',(0.,-0.121869343405,0.992546151641));
#7290 = CYLINDRICAL_SURFACE('',#7291,0.1);
#7291 = AXIS2_PLACEMENT_3D('',#7292,#7293,#7294);
#7292 = CARTESIAN_POINT('',(29.129617307087,50.694717029258,
    13.824528570534));
#7293 = DIRECTION('',(0.,-0.121869343405,0.992546151641));
#7294 = DIRECTION('',(1.,0.,0.));
#7295 = ADVANCED_FACE('',(#7296),#7307,.T.);
#7296 = FACE_BOUND('',#7297,.T.);
#7297 = EDGE_LOOP('',(#7298,#7299,#7305,#7306));
#7298 = ORIENTED_EDGE('',*,*,#6979,.T.);
#7299 = ORIENTED_EDGE('',*,*,#7300,.T.);
#7300 = EDGE_CURVE('',#6980,#7123,#7301,.T.);
#7301 = LINE('',#7302,#7303);
#7302 = CARTESIAN_POINT('',(29.229617307087,47.527113278846,
    13.435595734926));
#7303 = VECTOR('',#7304,1.);
#7304 = DIRECTION('',(0.,-0.121869343405,0.992546151641));
#7305 = ORIENTED_EDGE('',*,*,#7122,.F.);
#7306 = ORIENTED_EDGE('',*,*,#7268,.F.);
#7307 = CYLINDRICAL_SURFACE('',#7308,0.1);
#7308 = AXIS2_PLACEMENT_3D('',#7309,#7310,#7311);
#7309 = CARTESIAN_POINT('',(29.129617307087,47.527113278846,
    13.435595734926));
#7310 = DIRECTION('',(0.,-0.121869343405,0.992546151641));
#7311 = DIRECTION('',(-0.707106781187,-0.701836114466,
    -8.617463914053E-02));
#7312 = ADVANCED_FACE('',(#7313),#7319,.F.);
#7313 = FACE_BOUND('',#7314,.F.);
#7314 = EDGE_LOOP('',(#7315,#7316,#7317,#7318));
#7315 = ORIENTED_EDGE('',*,*,#6988,.F.);
#7316 = ORIENTED_EDGE('',*,*,#7300,.T.);
#7317 = ORIENTED_EDGE('',*,*,#7131,.T.);
#7318 = ORIENTED_EDGE('',*,*,#7285,.F.);
#7319 = PLANE('',#7320);
#7320 = AXIS2_PLACEMENT_3D('',#7321,#7322,#7323);
#7321 = CARTESIAN_POINT('',(29.229617307087,47.287491440788,
    13.406173872757));
#7322 = DIRECTION('',(-1.,0.,0.));
#7323 = DIRECTION('',(0.,0.992546151641,0.121869343405));
#7324 = MANIFOLD_SOLID_BREP('',#7325);
#7325 = CLOSED_SHELL('',(#7326,#7366,#7416,#7441,#7466,#7500,#7517,#7534
    ));
#7326 = ADVANCED_FACE('',(#7327),#7361,.F.);
#7327 = FACE_BOUND('',#7328,.F.);
#7328 = EDGE_LOOP('',(#7329,#7339,#7347,#7355));
#7329 = ORIENTED_EDGE('',*,*,#7330,.F.);
#7330 = EDGE_CURVE('',#7331,#7333,#7335,.T.);
#7331 = VERTEX_POINT('',#7332);
#7332 = CARTESIAN_POINT('',(-31.30589745962,50.25138850393,
    13.770094672216));
#7333 = VERTEX_POINT('',#7334);
#7334 = CARTESIAN_POINT('',(-29.97910254037,47.970441804173,
    13.490029633244));
#7335 = LINE('',#7336,#7337);
#7336 = CARTESIAN_POINT('',(-31.3925,50.400270426676,13.788375073727));
#7337 = VECTOR('',#7338,1.);
#7338 = DIRECTION('',(0.5,-0.85957018175,-0.105541947331));
#7339 = ORIENTED_EDGE('',*,*,#7340,.T.);
#7340 = EDGE_CURVE('',#7331,#7341,#7343,.T.);
#7341 = VERTEX_POINT('',#7342);
#7342 = CARTESIAN_POINT('',(-31.30589745962,50.129519160525,
    14.762640823858));
#7343 = LINE('',#7344,#7345);
#7344 = CARTESIAN_POINT('',(-31.30589745962,50.25138850393,
    13.770094672216));
#7345 = VECTOR('',#7346,1.);
#7346 = DIRECTION('',(0.,-0.121869343405,0.992546151641));
#7347 = ORIENTED_EDGE('',*,*,#7348,.T.);
#7348 = EDGE_CURVE('',#7341,#7349,#7351,.T.);
#7349 = VERTEX_POINT('',#7350);
#7350 = CARTESIAN_POINT('',(-29.97910254037,47.848572460768,
    14.482575784885));
#7351 = LINE('',#7352,#7353);
#7352 = CARTESIAN_POINT('',(-31.3925,50.278401083271,14.780921225368));
#7353 = VECTOR('',#7354,1.);
#7354 = DIRECTION('',(0.5,-0.85957018175,-0.105541947331));
#7355 = ORIENTED_EDGE('',*,*,#7356,.F.);
#7356 = EDGE_CURVE('',#7333,#7349,#7357,.T.);
#7357 = LINE('',#7358,#7359);
#7358 = CARTESIAN_POINT('',(-29.97910254037,47.970441804173,
    13.490029633244));
#7359 = VECTOR('',#7360,1.);
#7360 = DIRECTION('',(0.,-0.121869343405,0.992546151641));
#7361 = PLANE('',#7362);
#7362 = AXIS2_PLACEMENT_3D('',#7363,#7364,#7365);
#7363 = CARTESIAN_POINT('',(-31.3925,50.400270426676,13.788375073727));
#7364 = DIRECTION('',(0.866025403784,0.496273075821,6.093467170258E-02)
  );
#7365 = DIRECTION('',(0.5,-0.85957018175,-0.105541947331));
#7366 = ADVANCED_FACE('',(#7367),#7411,.F.);
#7367 = FACE_BOUND('',#7368,.F.);
#7368 = EDGE_LOOP('',(#7369,#7370,#7379,#7387,#7396,#7404));
#7369 = ORIENTED_EDGE('',*,*,#7330,.T.);
#7370 = ORIENTED_EDGE('',*,*,#7371,.T.);
#7371 = EDGE_CURVE('',#7333,#7372,#7374,.T.);
#7372 = VERTEX_POINT('',#7373);
#7373 = CARTESIAN_POINT('',(-29.80589745962,47.970441804173,
    13.490029633244));
#7374 = CIRCLE('',#7375,0.1);
#7375 = AXIS2_PLACEMENT_3D('',#7376,#7377,#7378);
#7376 = CARTESIAN_POINT('',(-29.8925,48.020069111755,13.496123100414));
#7377 = DIRECTION('',(0.,-0.121869343405,0.992546151641));
#7378 = DIRECTION('',(0.,-0.992546151641,-0.121869343405));
#7379 = ORIENTED_EDGE('',*,*,#7380,.T.);
#7380 = EDGE_CURVE('',#7372,#7381,#7383,.T.);
#7381 = VERTEX_POINT('',#7382);
#7382 = CARTESIAN_POINT('',(-28.47910254037,50.25138850393,
    13.770094672216));
#7383 = LINE('',#7384,#7385);
#7384 = CARTESIAN_POINT('',(-29.8925,47.821559881427,13.471749231733));
#7385 = VECTOR('',#7386,1.);
#7386 = DIRECTION('',(0.5,0.85957018175,0.105541947331));
#7387 = ORIENTED_EDGE('',*,*,#7388,.T.);
#7388 = EDGE_CURVE('',#7381,#7389,#7391,.T.);
#7389 = VERTEX_POINT('',#7390);
#7390 = CARTESIAN_POINT('',(-28.56570508075,50.400270426676,
    13.788375073727));
#7391 = CIRCLE('',#7392,0.1);
#7392 = AXIS2_PLACEMENT_3D('',#7393,#7394,#7395);
#7393 = CARTESIAN_POINT('',(-28.56570508075,50.301015811512,
    13.776188139387));
#7394 = DIRECTION('',(0.,-0.121869343405,0.992546151641));
#7395 = DIRECTION('',(0.,-0.992546151641,-0.121869343405));
#7396 = ORIENTED_EDGE('',*,*,#7397,.T.);
#7397 = EDGE_CURVE('',#7389,#7398,#7400,.T.);
#7398 = VERTEX_POINT('',#7399);
#7399 = CARTESIAN_POINT('',(-31.21929491924,50.400270426676,
    13.788375073727));
#7400 = LINE('',#7401,#7402);
#7401 = CARTESIAN_POINT('',(-28.3925,50.400270426676,13.788375073727));
#7402 = VECTOR('',#7403,1.);
#7403 = DIRECTION('',(-1.,-3.995990806508E-14,-4.906459765491E-15));
#7404 = ORIENTED_EDGE('',*,*,#7405,.F.);
#7405 = EDGE_CURVE('',#7331,#7398,#7406,.T.);
#7406 = CIRCLE('',#7407,0.1);
#7407 = AXIS2_PLACEMENT_3D('',#7408,#7409,#7410);
#7408 = CARTESIAN_POINT('',(-31.21929491924,50.301015811512,
    13.776188139387));
#7409 = DIRECTION('',(-0.,0.121869343405,-0.992546151641));
#7410 = DIRECTION('',(0.,-0.992546151641,-0.121869343405));
#7411 = PLANE('',#7412);
#7412 = AXIS2_PLACEMENT_3D('',#7413,#7414,#7415);
#7413 = CARTESIAN_POINT('',(-5.956425669619,49.110915154052,
    13.63006215273));
#7414 = DIRECTION('',(0.,-0.121869343405,0.992546151641));
#7415 = DIRECTION('',(0.,0.992546151641,0.121869343405));
#7416 = ADVANCED_FACE('',(#7417),#7436,.T.);
#7417 = FACE_BOUND('',#7418,.F.);
#7418 = EDGE_LOOP('',(#7419,#7420,#7428,#7435));
#7419 = ORIENTED_EDGE('',*,*,#7405,.T.);
#7420 = ORIENTED_EDGE('',*,*,#7421,.T.);
#7421 = EDGE_CURVE('',#7398,#7422,#7424,.T.);
#7422 = VERTEX_POINT('',#7423);
#7423 = CARTESIAN_POINT('',(-31.21929491924,50.278401083271,
    14.780921225368));
#7424 = LINE('',#7425,#7426);
#7425 = CARTESIAN_POINT('',(-31.21929491924,50.400270426676,
    13.788375073727));
#7426 = VECTOR('',#7427,1.);
#7427 = DIRECTION('',(0.,-0.121869343405,0.992546151641));
#7428 = ORIENTED_EDGE('',*,*,#7429,.F.);
#7429 = EDGE_CURVE('',#7341,#7422,#7430,.T.);
#7430 = CIRCLE('',#7431,0.1);
#7431 = AXIS2_PLACEMENT_3D('',#7432,#7433,#7434);
#7432 = CARTESIAN_POINT('',(-31.21929491924,50.179146468107,
    14.768734291028));
#7433 = DIRECTION('',(-0.,0.121869343405,-0.992546151641));
#7434 = DIRECTION('',(0.,-0.992546151641,-0.121869343405));
#7435 = ORIENTED_EDGE('',*,*,#7340,.F.);
#7436 = CYLINDRICAL_SURFACE('',#7437,0.1);
#7437 = AXIS2_PLACEMENT_3D('',#7438,#7439,#7440);
#7438 = CARTESIAN_POINT('',(-31.21929491924,50.301015811512,
    13.776188139387));
#7439 = DIRECTION('',(0.,-0.121869343405,0.992546151641));
#7440 = DIRECTION('',(-0.866025403784,-0.496273075821,
    -6.093467170258E-02));
#7441 = ADVANCED_FACE('',(#7442),#7461,.T.);
#7442 = FACE_BOUND('',#7443,.T.);
#7443 = EDGE_LOOP('',(#7444,#7445,#7453,#7460));
#7444 = ORIENTED_EDGE('',*,*,#7371,.T.);
#7445 = ORIENTED_EDGE('',*,*,#7446,.T.);
#7446 = EDGE_CURVE('',#7372,#7447,#7449,.T.);
#7447 = VERTEX_POINT('',#7448);
#7448 = CARTESIAN_POINT('',(-29.80589745962,47.848572460768,
    14.482575784885));
#7449 = LINE('',#7450,#7451);
#7450 = CARTESIAN_POINT('',(-29.80589745962,47.970441804173,
    13.490029633244));
#7451 = VECTOR('',#7452,1.);
#7452 = DIRECTION('',(0.,-0.121869343405,0.992546151641));
#7453 = ORIENTED_EDGE('',*,*,#7454,.F.);
#7454 = EDGE_CURVE('',#7349,#7447,#7455,.T.);
#7455 = CIRCLE('',#7456,0.1);
#7456 = AXIS2_PLACEMENT_3D('',#7457,#7458,#7459);
#7457 = CARTESIAN_POINT('',(-29.8925,47.89819976835,14.488669252055));
#7458 = DIRECTION('',(0.,-0.121869343405,0.992546151641));
#7459 = DIRECTION('',(0.,-0.992546151641,-0.121869343405));
#7460 = ORIENTED_EDGE('',*,*,#7356,.F.);
#7461 = CYLINDRICAL_SURFACE('',#7462,0.1);
#7462 = AXIS2_PLACEMENT_3D('',#7463,#7464,#7465);
#7463 = CARTESIAN_POINT('',(-29.8925,48.020069111755,13.496123100414));
#7464 = DIRECTION('',(0.,-0.121869343405,0.992546151641));
#7465 = DIRECTION('',(-0.866025403784,-0.496273075821,
    -6.093467170258E-02));
#7466 = ADVANCED_FACE('',(#7467),#7495,.T.);
#7467 = FACE_BOUND('',#7468,.T.);
#7468 = EDGE_LOOP('',(#7469,#7470,#7471,#7479,#7488,#7494));
#7469 = ORIENTED_EDGE('',*,*,#7348,.T.);
#7470 = ORIENTED_EDGE('',*,*,#7454,.T.);
#7471 = ORIENTED_EDGE('',*,*,#7472,.T.);
#7472 = EDGE_CURVE('',#7447,#7473,#7475,.T.);
#7473 = VERTEX_POINT('',#7474);
#7474 = CARTESIAN_POINT('',(-28.47910254037,50.129519160525,
    14.762640823858));
#7475 = LINE('',#7476,#7477);
#7476 = CARTESIAN_POINT('',(-29.8925,47.699690538022,14.464295383374));
#7477 = VECTOR('',#7478,1.);
#7478 = DIRECTION('',(0.5,0.85957018175,0.105541947331));
#7479 = ORIENTED_EDGE('',*,*,#7480,.T.);
#7480 = EDGE_CURVE('',#7473,#7481,#7483,.T.);
#7481 = VERTEX_POINT('',#7482);
#7482 = CARTESIAN_POINT('',(-28.56570508075,50.278401083271,
    14.780921225368));
#7483 = CIRCLE('',#7484,0.1);
#7484 = AXIS2_PLACEMENT_3D('',#7485,#7486,#7487);
#7485 = CARTESIAN_POINT('',(-28.56570508075,50.179146468107,
    14.768734291028));
#7486 = DIRECTION('',(0.,-0.121869343405,0.992546151641));
#7487 = DIRECTION('',(0.,-0.992546151641,-0.121869343405));
#7488 = ORIENTED_EDGE('',*,*,#7489,.T.);
#7489 = EDGE_CURVE('',#7481,#7422,#7490,.T.);
#7490 = LINE('',#7491,#7492);
#7491 = CARTESIAN_POINT('',(-28.3925,50.278401083271,14.780921225368));
#7492 = VECTOR('',#7493,1.);
#7493 = DIRECTION('',(-1.,-3.995990806508E-14,-4.906459765491E-15));
#7494 = ORIENTED_EDGE('',*,*,#7429,.F.);
#7495 = PLANE('',#7496);
#7496 = AXIS2_PLACEMENT_3D('',#7497,#7498,#7499);
#7497 = CARTESIAN_POINT('',(-5.956425669619,48.989045810647,
    14.622608304371));
#7498 = DIRECTION('',(0.,-0.121869343405,0.992546151641));
#7499 = DIRECTION('',(0.,0.992546151641,0.121869343405));
#7500 = ADVANCED_FACE('',(#7501),#7512,.F.);
#7501 = FACE_BOUND('',#7502,.F.);
#7502 = EDGE_LOOP('',(#7503,#7504,#7510,#7511));
#7503 = ORIENTED_EDGE('',*,*,#7397,.F.);
#7504 = ORIENTED_EDGE('',*,*,#7505,.T.);
#7505 = EDGE_CURVE('',#7389,#7481,#7506,.T.);
#7506 = LINE('',#7507,#7508);
#7507 = CARTESIAN_POINT('',(-28.56570508075,50.400270426676,
    13.788375073727));
#7508 = VECTOR('',#7509,1.);
#7509 = DIRECTION('',(0.,-0.121869343405,0.992546151641));
#7510 = ORIENTED_EDGE('',*,*,#7489,.T.);
#7511 = ORIENTED_EDGE('',*,*,#7421,.F.);
#7512 = PLANE('',#7513);
#7513 = AXIS2_PLACEMENT_3D('',#7514,#7515,#7516);
#7514 = CARTESIAN_POINT('',(-28.3925,50.400270426676,13.788375073727));
#7515 = DIRECTION('',(4.026E-14,-0.992546151641,-0.121869343405));
#7516 = DIRECTION('',(-1.,-3.995948120039E-14,-4.909936299417E-15));
#7517 = ADVANCED_FACE('',(#7518),#7529,.F.);
#7518 = FACE_BOUND('',#7519,.F.);
#7519 = EDGE_LOOP('',(#7520,#7521,#7522,#7523));
#7520 = ORIENTED_EDGE('',*,*,#7380,.F.);
#7521 = ORIENTED_EDGE('',*,*,#7446,.T.);
#7522 = ORIENTED_EDGE('',*,*,#7472,.T.);
#7523 = ORIENTED_EDGE('',*,*,#7524,.F.);
#7524 = EDGE_CURVE('',#7381,#7473,#7525,.T.);
#7525 = LINE('',#7526,#7527);
#7526 = CARTESIAN_POINT('',(-28.47910254037,50.25138850393,
    13.770094672216));
#7527 = VECTOR('',#7528,1.);
#7528 = DIRECTION('',(0.,-0.121869343405,0.992546151641));
#7529 = PLANE('',#7530);
#7530 = AXIS2_PLACEMENT_3D('',#7531,#7532,#7533);
#7531 = CARTESIAN_POINT('',(-29.8925,47.821559881427,13.471749231733));
#7532 = DIRECTION('',(-0.866025403784,0.496273075821,6.093467170257E-02)
  );
#7533 = DIRECTION('',(0.5,0.85957018175,0.105541947331));
#7534 = ADVANCED_FACE('',(#7535),#7541,.T.);
#7535 = FACE_BOUND('',#7536,.T.);
#7536 = EDGE_LOOP('',(#7537,#7538,#7539,#7540));
#7537 = ORIENTED_EDGE('',*,*,#7388,.T.);
#7538 = ORIENTED_EDGE('',*,*,#7505,.T.);
#7539 = ORIENTED_EDGE('',*,*,#7480,.F.);
#7540 = ORIENTED_EDGE('',*,*,#7524,.F.);
#7541 = CYLINDRICAL_SURFACE('',#7542,0.1);
#7542 = AXIS2_PLACEMENT_3D('',#7543,#7544,#7545);
#7543 = CARTESIAN_POINT('',(-28.56570508075,50.301015811512,
    13.776188139387));
#7544 = DIRECTION('',(0.,-0.121869343405,0.992546151641));
#7545 = DIRECTION('',(0.866025403784,-0.496273075821,-6.093467170257E-02
    ));
#7546 = MANIFOLD_SOLID_BREP('',#7547);
#7547 = CLOSED_SHELL('',(#7548,#7588,#7638,#7663,#7688,#7722,#7739,#7756
    ));
#7548 = ADVANCED_FACE('',(#7549),#7583,.F.);
#7549 = FACE_BOUND('',#7550,.F.);
#7550 = EDGE_LOOP('',(#7551,#7561,#7569,#7577));
#7551 = ORIENTED_EDGE('',*,*,#7552,.F.);
#7552 = EDGE_CURVE('',#7553,#7555,#7557,.T.);
#7553 = VERTEX_POINT('',#7554);
#7554 = CARTESIAN_POINT('',(-26.21929491924,47.821559881427,
    13.471749231733));
#7555 = VERTEX_POINT('',#7556);
#7556 = CARTESIAN_POINT('',(-23.56570508075,47.821559881427,
    13.471749231733));
#7557 = LINE('',#7558,#7559);
#7558 = CARTESIAN_POINT('',(-26.3925,47.821559881427,13.471749231733));
#7559 = VECTOR('',#7560,1.);
#7560 = DIRECTION('',(1.,0.,0.));
#7561 = ORIENTED_EDGE('',*,*,#7562,.T.);
#7562 = EDGE_CURVE('',#7553,#7563,#7565,.T.);
#7563 = VERTEX_POINT('',#7564);
#7564 = CARTESIAN_POINT('',(-26.21929491924,47.699690538022,
    14.464295383374));
#7565 = LINE('',#7566,#7567);
#7566 = CARTESIAN_POINT('',(-26.21929491924,47.821559881427,
    13.471749231733));
#7567 = VECTOR('',#7568,1.);
#7568 = DIRECTION('',(0.,-0.121869343405,0.992546151641));
#7569 = ORIENTED_EDGE('',*,*,#7570,.T.);
#7570 = EDGE_CURVE('',#7563,#7571,#7573,.T.);
#7571 = VERTEX_POINT('',#7572);
#7572 = CARTESIAN_POINT('',(-23.56570508075,47.699690538022,
    14.464295383374));
#7573 = LINE('',#7574,#7575);
#7574 = CARTESIAN_POINT('',(-26.3925,47.699690538022,14.464295383374));
#7575 = VECTOR('',#7576,1.);
#7576 = DIRECTION('',(1.,0.,0.));
#7577 = ORIENTED_EDGE('',*,*,#7578,.F.);
#7578 = EDGE_CURVE('',#7555,#7571,#7579,.T.);
#7579 = LINE('',#7580,#7581);
#7580 = CARTESIAN_POINT('',(-23.56570508075,47.821559881427,
    13.471749231733));
#7581 = VECTOR('',#7582,1.);
#7582 = DIRECTION('',(0.,-0.121869343405,0.992546151641));
#7583 = PLANE('',#7584);
#7584 = AXIS2_PLACEMENT_3D('',#7585,#7586,#7587);
#7585 = CARTESIAN_POINT('',(-26.3925,47.821559881427,13.471749231733));
#7586 = DIRECTION('',(0.,0.992546151641,0.121869343405));
#7587 = DIRECTION('',(1.,0.,0.));
#7588 = ADVANCED_FACE('',(#7589),#7633,.F.);
#7589 = FACE_BOUND('',#7590,.F.);
#7590 = EDGE_LOOP('',(#7591,#7592,#7601,#7609,#7618,#7626));
#7591 = ORIENTED_EDGE('',*,*,#7552,.T.);
#7592 = ORIENTED_EDGE('',*,*,#7593,.T.);
#7593 = EDGE_CURVE('',#7555,#7594,#7596,.T.);
#7594 = VERTEX_POINT('',#7595);
#7595 = CARTESIAN_POINT('',(-23.47910254037,47.970441804173,
    13.490029633244));
#7596 = CIRCLE('',#7597,0.1);
#7597 = AXIS2_PLACEMENT_3D('',#7598,#7599,#7600);
#7598 = CARTESIAN_POINT('',(-23.56570508075,47.920814496591,
    13.483936166073));
#7599 = DIRECTION('',(0.,-0.121869343405,0.992546151641));
#7600 = DIRECTION('',(0.,-0.992546151641,-0.121869343405));
#7601 = ORIENTED_EDGE('',*,*,#7602,.T.);
#7602 = EDGE_CURVE('',#7594,#7603,#7605,.T.);
#7603 = VERTEX_POINT('',#7604);
#7604 = CARTESIAN_POINT('',(-24.80589745962,50.25138850393,
    13.770094672216));
#7605 = LINE('',#7606,#7607);
#7606 = CARTESIAN_POINT('',(-23.3925,47.821559881427,13.471749231733));
#7607 = VECTOR('',#7608,1.);
#7608 = DIRECTION('',(-0.5,0.85957018175,0.105541947331));
#7609 = ORIENTED_EDGE('',*,*,#7610,.T.);
#7610 = EDGE_CURVE('',#7603,#7611,#7613,.T.);
#7611 = VERTEX_POINT('',#7612);
#7612 = CARTESIAN_POINT('',(-24.97910254037,50.25138850393,
    13.770094672216));
#7613 = CIRCLE('',#7614,0.1);
#7614 = AXIS2_PLACEMENT_3D('',#7615,#7616,#7617);
#7615 = CARTESIAN_POINT('',(-24.8925,50.201761196348,13.764001205046));
#7616 = DIRECTION('',(0.,-0.121869343405,0.992546151641));
#7617 = DIRECTION('',(0.,-0.992546151641,-0.121869343405));
#7618 = ORIENTED_EDGE('',*,*,#7619,.T.);
#7619 = EDGE_CURVE('',#7611,#7620,#7622,.T.);
#7620 = VERTEX_POINT('',#7621);
#7621 = CARTESIAN_POINT('',(-26.30589745962,47.970441804173,
    13.490029633244));
#7622 = LINE('',#7623,#7624);
#7623 = CARTESIAN_POINT('',(-24.8925,50.400270426676,13.788375073727));
#7624 = VECTOR('',#7625,1.);
#7625 = DIRECTION('',(-0.5,-0.85957018175,-0.105541947331));
#7626 = ORIENTED_EDGE('',*,*,#7627,.F.);
#7627 = EDGE_CURVE('',#7553,#7620,#7628,.T.);
#7628 = CIRCLE('',#7629,0.1);
#7629 = AXIS2_PLACEMENT_3D('',#7630,#7631,#7632);
#7630 = CARTESIAN_POINT('',(-26.21929491924,47.920814496591,
    13.483936166073));
#7631 = DIRECTION('',(-0.,0.121869343405,-0.992546151641));
#7632 = DIRECTION('',(0.,-0.992546151641,-0.121869343405));
#7633 = PLANE('',#7634);
#7634 = AXIS2_PLACEMENT_3D('',#7635,#7636,#7637);
#7635 = CARTESIAN_POINT('',(-5.956425669619,49.110915154052,
    13.63006215273));
#7636 = DIRECTION('',(0.,-0.121869343405,0.992546151641));
#7637 = DIRECTION('',(0.,0.992546151641,0.121869343405));
#7638 = ADVANCED_FACE('',(#7639),#7658,.T.);
#7639 = FACE_BOUND('',#7640,.F.);
#7640 = EDGE_LOOP('',(#7641,#7642,#7650,#7657));
#7641 = ORIENTED_EDGE('',*,*,#7627,.T.);
#7642 = ORIENTED_EDGE('',*,*,#7643,.T.);
#7643 = EDGE_CURVE('',#7620,#7644,#7646,.T.);
#7644 = VERTEX_POINT('',#7645);
#7645 = CARTESIAN_POINT('',(-26.30589745962,47.848572460768,
    14.482575784885));
#7646 = LINE('',#7647,#7648);
#7647 = CARTESIAN_POINT('',(-26.30589745962,47.970441804173,
    13.490029633244));
#7648 = VECTOR('',#7649,1.);
#7649 = DIRECTION('',(0.,-0.121869343405,0.992546151641));
#7650 = ORIENTED_EDGE('',*,*,#7651,.F.);
#7651 = EDGE_CURVE('',#7563,#7644,#7652,.T.);
#7652 = CIRCLE('',#7653,0.1);
#7653 = AXIS2_PLACEMENT_3D('',#7654,#7655,#7656);
#7654 = CARTESIAN_POINT('',(-26.21929491924,47.798945153186,
    14.476482317715));
#7655 = DIRECTION('',(-0.,0.121869343405,-0.992546151641));
#7656 = DIRECTION('',(0.,-0.992546151641,-0.121869343405));
#7657 = ORIENTED_EDGE('',*,*,#7562,.F.);
#7658 = CYLINDRICAL_SURFACE('',#7659,0.1);
#7659 = AXIS2_PLACEMENT_3D('',#7660,#7661,#7662);
#7660 = CARTESIAN_POINT('',(-26.21929491924,47.920814496591,
    13.483936166073));
#7661 = DIRECTION('',(0.,-0.121869343405,0.992546151641));
#7662 = DIRECTION('',(0.,-0.992546151641,-0.121869343405));
#7663 = ADVANCED_FACE('',(#7664),#7683,.T.);
#7664 = FACE_BOUND('',#7665,.T.);
#7665 = EDGE_LOOP('',(#7666,#7667,#7675,#7682));
#7666 = ORIENTED_EDGE('',*,*,#7593,.T.);
#7667 = ORIENTED_EDGE('',*,*,#7668,.T.);
#7668 = EDGE_CURVE('',#7594,#7669,#7671,.T.);
#7669 = VERTEX_POINT('',#7670);
#7670 = CARTESIAN_POINT('',(-23.47910254037,47.848572460768,
    14.482575784885));
#7671 = LINE('',#7672,#7673);
#7672 = CARTESIAN_POINT('',(-23.47910254037,47.970441804173,
    13.490029633244));
#7673 = VECTOR('',#7674,1.);
#7674 = DIRECTION('',(0.,-0.121869343405,0.992546151641));
#7675 = ORIENTED_EDGE('',*,*,#7676,.F.);
#7676 = EDGE_CURVE('',#7571,#7669,#7677,.T.);
#7677 = CIRCLE('',#7678,0.1);
#7678 = AXIS2_PLACEMENT_3D('',#7679,#7680,#7681);
#7679 = CARTESIAN_POINT('',(-23.56570508075,47.798945153186,
    14.476482317715));
#7680 = DIRECTION('',(0.,-0.121869343405,0.992546151641));
#7681 = DIRECTION('',(0.,-0.992546151641,-0.121869343405));
#7682 = ORIENTED_EDGE('',*,*,#7578,.F.);
#7683 = CYLINDRICAL_SURFACE('',#7684,0.1);
#7684 = AXIS2_PLACEMENT_3D('',#7685,#7686,#7687);
#7685 = CARTESIAN_POINT('',(-23.56570508075,47.920814496591,
    13.483936166073));
#7686 = DIRECTION('',(0.,-0.121869343405,0.992546151641));
#7687 = DIRECTION('',(0.,-0.992546151641,-0.121869343405));
#7688 = ADVANCED_FACE('',(#7689),#7717,.T.);
#7689 = FACE_BOUND('',#7690,.T.);
#7690 = EDGE_LOOP('',(#7691,#7692,#7693,#7701,#7710,#7716));
#7691 = ORIENTED_EDGE('',*,*,#7570,.T.);
#7692 = ORIENTED_EDGE('',*,*,#7676,.T.);
#7693 = ORIENTED_EDGE('',*,*,#7694,.T.);
#7694 = EDGE_CURVE('',#7669,#7695,#7697,.T.);
#7695 = VERTEX_POINT('',#7696);
#7696 = CARTESIAN_POINT('',(-24.80589745962,50.129519160525,
    14.762640823858));
#7697 = LINE('',#7698,#7699);
#7698 = CARTESIAN_POINT('',(-23.3925,47.699690538022,14.464295383374));
#7699 = VECTOR('',#7700,1.);
#7700 = DIRECTION('',(-0.5,0.85957018175,0.105541947331));
#7701 = ORIENTED_EDGE('',*,*,#7702,.T.);
#7702 = EDGE_CURVE('',#7695,#7703,#7705,.T.);
#7703 = VERTEX_POINT('',#7704);
#7704 = CARTESIAN_POINT('',(-24.97910254037,50.129519160525,
    14.762640823858));
#7705 = CIRCLE('',#7706,0.1);
#7706 = AXIS2_PLACEMENT_3D('',#7707,#7708,#7709);
#7707 = CARTESIAN_POINT('',(-24.8925,50.079891852943,14.756547356687));
#7708 = DIRECTION('',(0.,-0.121869343405,0.992546151641));
#7709 = DIRECTION('',(0.,-0.992546151641,-0.121869343405));
#7710 = ORIENTED_EDGE('',*,*,#7711,.T.);
#7711 = EDGE_CURVE('',#7703,#7644,#7712,.T.);
#7712 = LINE('',#7713,#7714);
#7713 = CARTESIAN_POINT('',(-24.8925,50.278401083271,14.780921225368));
#7714 = VECTOR('',#7715,1.);
#7715 = DIRECTION('',(-0.5,-0.85957018175,-0.105541947331));
#7716 = ORIENTED_EDGE('',*,*,#7651,.F.);
#7717 = PLANE('',#7718);
#7718 = AXIS2_PLACEMENT_3D('',#7719,#7720,#7721);
#7719 = CARTESIAN_POINT('',(-5.956425669619,48.989045810647,
    14.622608304371));
#7720 = DIRECTION('',(0.,-0.121869343405,0.992546151641));
#7721 = DIRECTION('',(0.,0.992546151641,0.121869343405));
#7722 = ADVANCED_FACE('',(#7723),#7734,.F.);
#7723 = FACE_BOUND('',#7724,.F.);
#7724 = EDGE_LOOP('',(#7725,#7726,#7732,#7733));
#7725 = ORIENTED_EDGE('',*,*,#7619,.F.);
#7726 = ORIENTED_EDGE('',*,*,#7727,.T.);
#7727 = EDGE_CURVE('',#7611,#7703,#7728,.T.);
#7728 = LINE('',#7729,#7730);
#7729 = CARTESIAN_POINT('',(-24.97910254037,50.25138850393,
    13.770094672216));
#7730 = VECTOR('',#7731,1.);
#7731 = DIRECTION('',(0.,-0.121869343405,0.992546151641));
#7732 = ORIENTED_EDGE('',*,*,#7711,.T.);
#7733 = ORIENTED_EDGE('',*,*,#7643,.F.);
#7734 = PLANE('',#7735);
#7735 = AXIS2_PLACEMENT_3D('',#7736,#7737,#7738);
#7736 = CARTESIAN_POINT('',(-24.8925,50.400270426676,13.788375073727));
#7737 = DIRECTION('',(0.866025403784,-0.496273075821,-6.093467170257E-02
    ));
#7738 = DIRECTION('',(-0.5,-0.85957018175,-0.105541947331));
#7739 = ADVANCED_FACE('',(#7740),#7751,.F.);
#7740 = FACE_BOUND('',#7741,.F.);
#7741 = EDGE_LOOP('',(#7742,#7743,#7744,#7745));
#7742 = ORIENTED_EDGE('',*,*,#7602,.F.);
#7743 = ORIENTED_EDGE('',*,*,#7668,.T.);
#7744 = ORIENTED_EDGE('',*,*,#7694,.T.);
#7745 = ORIENTED_EDGE('',*,*,#7746,.F.);
#7746 = EDGE_CURVE('',#7603,#7695,#7747,.T.);
#7747 = LINE('',#7748,#7749);
#7748 = CARTESIAN_POINT('',(-24.80589745962,50.25138850393,
    13.770094672216));
#7749 = VECTOR('',#7750,1.);
#7750 = DIRECTION('',(0.,-0.121869343405,0.992546151641));
#7751 = PLANE('',#7752);
#7752 = AXIS2_PLACEMENT_3D('',#7753,#7754,#7755);
#7753 = CARTESIAN_POINT('',(-23.3925,47.821559881427,13.471749231733));
#7754 = DIRECTION('',(-0.866025403784,-0.496273075821,
    -6.093467170257E-02));
#7755 = DIRECTION('',(-0.5,0.85957018175,0.105541947331));
#7756 = ADVANCED_FACE('',(#7757),#7763,.T.);
#7757 = FACE_BOUND('',#7758,.T.);
#7758 = EDGE_LOOP('',(#7759,#7760,#7761,#7762));
#7759 = ORIENTED_EDGE('',*,*,#7610,.T.);
#7760 = ORIENTED_EDGE('',*,*,#7727,.T.);
#7761 = ORIENTED_EDGE('',*,*,#7702,.F.);
#7762 = ORIENTED_EDGE('',*,*,#7746,.F.);
#7763 = CYLINDRICAL_SURFACE('',#7764,0.1);
#7764 = AXIS2_PLACEMENT_3D('',#7765,#7766,#7767);
#7765 = CARTESIAN_POINT('',(-24.8925,50.201761196348,13.764001205046));
#7766 = DIRECTION('',(0.,-0.121869343405,0.992546151641));
#7767 = DIRECTION('',(0.866025403784,0.496273075821,6.093467170257E-02)
  );
#7768 = ( GEOMETRIC_REPRESENTATION_CONTEXT(3) 
GLOBAL_UNCERTAINTY_ASSIGNED_CONTEXT((#7772)) 
GLOBAL_UNIT_ASSIGNED_CONTEXT((#7769,#7770,#7771)) REPRESENTATION_CONTEXT
('Context #1','3D Context with UNIT and UNCERTAINTY') );
#7769 = ( LENGTH_UNIT() NAMED_UNIT(*) SI_UNIT(.MILLI.,.METRE.) );
#7770 = ( NAMED_UNIT(*) PLANE_ANGLE_UNIT() SI_UNIT($,.RADIAN.) );
#7771 = ( NAMED_UNIT(*) SI_UNIT($,.STERADIAN.) SOLID_ANGLE_UNIT() );
#7772 = UNCERTAINTY_MEASURE_WITH_UNIT(LENGTH_MEASURE(1.E-07),#7769,
  'distance_accuracy_value','confusion accuracy');
#7773 = CONTEXT_DEPENDENT_SHAPE_REPRESENTATION(#7774,#7776);
#7774 = ( REPRESENTATION_RELATIONSHIP('','',#6897,#10) 
REPRESENTATION_RELATIONSHIP_WITH_TRANSFORMATION(#7775) 
SHAPE_REPRESENTATION_RELATIONSHIP() );
#7775 = ITEM_DEFINED_TRANSFORMATION('','',#11,#19);
#7776 = PRODUCT_DEFINITION_SHAPE('Placement','Placement of an item',
  #7777);
#7777 = NEXT_ASSEMBLY_USAGE_OCCURRENCE('11','io-description-omsk004','',
  #5,#6892,$);
#7778 = PRODUCT_RELATED_PRODUCT_CATEGORY('part',$,(#6894));
#7779 = MECHANICAL_DESIGN_GEOMETRIC_PRESENTATION_REPRESENTATION('',(
    #7780,#7791,#7800),#7768);
#7780 = STYLED_ITEM('color',(#7781),#6898);
#7781 = PRESENTATION_STYLE_ASSIGNMENT((#7782,#7788));
#7782 = SURFACE_STYLE_USAGE(.BOTH.,#7783);
#7783 = SURFACE_SIDE_STYLE('',(#7784));
#7784 = SURFACE_STYLE_FILL_AREA(#7785);
#7785 = FILL_AREA_STYLE('',(#7786));
#7786 = FILL_AREA_STYLE_COLOUR('',#7787);
#7787 = COLOUR_RGB('',0.800000010877,0.800000010877,0.901960800373);
#7788 = CURVE_STYLE('',#7789,POSITIVE_LENGTH_MEASURE(0.1),#7790);
#7789 = DRAUGHTING_PRE_DEFINED_CURVE_FONT('continuous');
#7790 = COLOUR_RGB('',9.803921802644E-02,9.803921802644E-02,
  9.803921802644E-02);
#7791 = STYLED_ITEM('color',(#7792),#7324);
#7792 = PRESENTATION_STYLE_ASSIGNMENT((#7793,#7798));
#7793 = SURFACE_STYLE_USAGE(.BOTH.,#7794);
#7794 = SURFACE_SIDE_STYLE('',(#7795));
#7795 = SURFACE_STYLE_FILL_AREA(#7796);
#7796 = FILL_AREA_STYLE('',(#7797));
#7797 = FILL_AREA_STYLE_COLOUR('',#7787);
#7798 = CURVE_STYLE('',#7799,POSITIVE_LENGTH_MEASURE(0.1),#7790);
#7799 = DRAUGHTING_PRE_DEFINED_CURVE_FONT('continuous');
#7800 = STYLED_ITEM('color',(#7801),#7546);
#7801 = PRESENTATION_STYLE_ASSIGNMENT((#7802,#7807));
#7802 = SURFACE_STYLE_USAGE(.BOTH.,#7803);
#7803 = SURFACE_SIDE_STYLE('',(#7804));
#7804 = SURFACE_STYLE_FILL_AREA(#7805);
#7805 = FILL_AREA_STYLE('',(#7806));
#7806 = FILL_AREA_STYLE_COLOUR('',#7787);
#7807 = CURVE_STYLE('',#7808,POSITIVE_LENGTH_MEASURE(0.1),#7790);
#7808 = DRAUGHTING_PRE_DEFINED_CURVE_FONT('continuous');
#7809 = MECHANICAL_DESIGN_GEOMETRIC_PRESENTATION_REPRESENTATION('',(
    #7810),#6879);
#7810 = STYLED_ITEM('color',(#7811),#37);
#7811 = PRESENTATION_STYLE_ASSIGNMENT((#7812,#7818));
#7812 = SURFACE_STYLE_USAGE(.BOTH.,#7813);
#7813 = SURFACE_SIDE_STYLE('',(#7814));
#7814 = SURFACE_STYLE_FILL_AREA(#7815);
#7815 = FILL_AREA_STYLE('',(#7816));
#7816 = FILL_AREA_STYLE_COLOUR('',#7817);
#7817 = COLOUR_RGB('',0.992156872037,0.572549045538,0.980392145089);
#7818 = CURVE_STYLE('',#7819,POSITIVE_LENGTH_MEASURE(0.1),#7790);
#7819 = DRAUGHTING_PRE_DEFINED_CURVE_FONT('continuous');
ENDSEC;
END-ISO-10303-21;
