ISO-10303-21;
HEADER;
FILE_DESCRIPTION(('FreeCAD Model'),'2;1');
FILE_NAME('Open CASCADE Shape Model','2026-07-31T00:05:38',(''),(''),
  'Open CASCADE STEP processor 7.8','FreeCAD','Unknown');
FILE_SCHEMA(('AUTOMOTIVE_DESIGN { 1 0 10303 214 1 1 1 1 }'));
ENDSEC;
DATA;
#1 = APPLICATION_PROTOCOL_DEFINITION('international standard',
  'automotive_design',2000,#2);
#2 = APPLICATION_CONTEXT(
  'core data for automotive mechanical design processes');
#3 = SHAPE_DEFINITION_REPRESENTATION(#4,#10);
#4 = PRODUCT_DEFINITION_SHAPE('','',#5);
#5 = PRODUCT_DEFINITION('design','',#6,#9);
#6 = PRODUCT_DEFINITION_FORMATION('','',#7);
#7 = PRODUCT('top-encoders-panel-omsk','top-encoders-panel-omsk','',(#8)
  );
#8 = PRODUCT_CONTEXT('',#2,'mechanical');
#9 = PRODUCT_DEFINITION_CONTEXT('part definition',#2,'design');
#10 = ADVANCED_BREP_SHAPE_REPRESENTATION('',(#11,#15),#4748);
#11 = AXIS2_PLACEMENT_3D('',#12,#13,#14);
#12 = CARTESIAN_POINT('',(0.,0.,0.));
#13 = DIRECTION('',(0.,0.,1.));
#14 = DIRECTION('',(1.,0.,-0.));
#15 = MANIFOLD_SOLID_BREP('',#16);
#16 = CLOSED_SHELL('',(#17,#57,#545,#569,#811,#828,#869,#983,#1013,#1029
    ,#1101,#1125,#1149,#1166,#1182,#1199,#1210,#1241,#1258,#1270,#1298,
    #1329,#1353,#1400,#1417,#1441,#1465,#1482,#1513,#1537,#1584,#1601,
    #1625,#1649,#1666,#1697,#1721,#1768,#1785,#1809,#1833,#1850,#1881,
    #1905,#1952,#1969,#1993,#2017,#2034,#2062,#2090,#2118,#2146,#2193,
    #2218,#2311,#2371,#2395,#2419,#2603,#2627,#2652,#2669,#2693,#2718,
    #2735,#2759,#2784,#2826,#2851,#2891,#2908,#2933,#2958,#3071,#3080,
    #3092,#3101,#3168,#3180,#3247,#3259,#3326,#3338,#3405,#3417,#3426,
    #3435,#3444,#3453,#3469,#3486,#3542,#3592,#3641,#3653,#3677,#3694,
    #3706,#3730,#3761,#3785,#3809,#3833,#3857,#3881,#3912,#3929,#3953,
    #3984,#4008,#4027,#4039,#4055,#4072,#4084,#4101,#4118,#4135,#4152,
    #4177,#4202,#4227,#4252,#4277,#4302,#4327,#4352,#4377,#4402,#4427,
    #4452,#4477,#4502,#4527,#4552,#4564,#4576,#4588,#4604,#4613,#4622,
    #4631,#4640,#4649,#4658,#4667,#4676,#4685,#4694,#4703,#4712,#4721,
    #4730,#4739));
#17 = ADVANCED_FACE('',(#18),#52,.T.);
#18 = FACE_BOUND('',#19,.T.);
#19 = EDGE_LOOP('',(#20,#30,#38,#46));
#20 = ORIENTED_EDGE('',*,*,#21,.F.);
#21 = EDGE_CURVE('',#22,#24,#26,.T.);
#22 = VERTEX_POINT('',#23);
#23 = CARTESIAN_POINT('',(-38.175,7.375,0.));
#24 = VERTEX_POINT('',#25);
#25 = CARTESIAN_POINT('',(-38.175,44.7,0.));
#26 = LINE('',#27,#28);
#27 = CARTESIAN_POINT('',(-38.175,7.375,0.));
#28 = VECTOR('',#29,1.);
#29 = DIRECTION('',(0.,1.,0.));
#30 = ORIENTED_EDGE('',*,*,#31,.F.);
#31 = EDGE_CURVE('',#32,#22,#34,.T.);
#32 = VERTEX_POINT('',#33);
#33 = CARTESIAN_POINT('',(-38.175,9.575,2.2));
#34 = LINE('',#35,#36);
#35 = CARTESIAN_POINT('',(-38.175,7.925,0.55));
#36 = VECTOR('',#37,1.);
#37 = DIRECTION('',(-0.,-0.707106781187,-0.707106781187));
#38 = ORIENTED_EDGE('',*,*,#39,.T.);
#39 = EDGE_CURVE('',#32,#40,#42,.T.);
#40 = VERTEX_POINT('',#41);
#41 = CARTESIAN_POINT('',(-38.175,44.7,2.2));
#42 = LINE('',#43,#44);
#43 = CARTESIAN_POINT('',(-38.175,7.375,2.2));
#44 = VECTOR('',#45,1.);
#45 = DIRECTION('',(0.,1.,0.));
#46 = ORIENTED_EDGE('',*,*,#47,.T.);
#47 = EDGE_CURVE('',#40,#24,#48,.T.);
#48 = LINE('',#49,#50);
#49 = CARTESIAN_POINT('',(-38.175,44.7,2.2));
#50 = VECTOR('',#51,1.);
#51 = DIRECTION('',(-0.,-0.,-1.));
#52 = PLANE('',#53);
#53 = AXIS2_PLACEMENT_3D('',#54,#55,#56);
#54 = CARTESIAN_POINT('',(-38.175,7.375,0.));
#55 = DIRECTION('',(-1.,0.,0.));
#56 = DIRECTION('',(0.,1.,0.));
#57 = ADVANCED_FACE('',(#58,#221,#232,#298,#364,#430,#496,#507,#518,#529
    ),#540,.F.);
#58 = FACE_BOUND('',#59,.F.);
#59 = EDGE_LOOP('',(#60,#70,#76,#77,#85,#93,#101,#109,#117,#125,#133,
    #141,#149,#157,#165,#173,#181,#189,#197,#206,#215));
#60 = ORIENTED_EDGE('',*,*,#61,.T.);
#61 = EDGE_CURVE('',#62,#64,#66,.T.);
#62 = VERTEX_POINT('',#63);
#63 = CARTESIAN_POINT('',(-37.075,27.625,0.));
#64 = VERTEX_POINT('',#65);
#65 = CARTESIAN_POINT('',(-37.075,44.7,0.));
#66 = LINE('',#67,#68);
#67 = CARTESIAN_POINT('',(-37.075,28.625,0.));
#68 = VECTOR('',#69,1.);
#69 = DIRECTION('',(0.,1.,0.));
#70 = ORIENTED_EDGE('',*,*,#71,.T.);
#71 = EDGE_CURVE('',#64,#24,#72,.T.);
#72 = LINE('',#73,#74);
#73 = CARTESIAN_POINT('',(-16.3375,44.7,0.));
#74 = VECTOR('',#75,1.);
#75 = DIRECTION('',(-1.,0.,0.));
#76 = ORIENTED_EDGE('',*,*,#21,.F.);
#77 = ORIENTED_EDGE('',*,*,#78,.F.);
#78 = EDGE_CURVE('',#79,#22,#81,.T.);
#79 = VERTEX_POINT('',#80);
#80 = CARTESIAN_POINT('',(38.175,7.375,0.));
#81 = LINE('',#82,#83);
#82 = CARTESIAN_POINT('',(38.175,7.375,0.));
#83 = VECTOR('',#84,1.);
#84 = DIRECTION('',(-1.,0.,0.));
#85 = ORIENTED_EDGE('',*,*,#86,.F.);
#86 = EDGE_CURVE('',#87,#79,#89,.T.);
#87 = VERTEX_POINT('',#88);
#88 = CARTESIAN_POINT('',(38.175,44.7,0.));
#89 = LINE('',#90,#91);
#90 = CARTESIAN_POINT('',(38.175,49.1,0.));
#91 = VECTOR('',#92,1.);
#92 = DIRECTION('',(0.,-1.,0.));
#93 = ORIENTED_EDGE('',*,*,#94,.F.);
#94 = EDGE_CURVE('',#95,#87,#97,.T.);
#95 = VERTEX_POINT('',#96);
#96 = CARTESIAN_POINT('',(37.075,44.7,0.));
#97 = LINE('',#98,#99);
#98 = CARTESIAN_POINT('',(16.3375,44.7,0.));
#99 = VECTOR('',#100,1.);
#100 = DIRECTION('',(1.,0.,0.));
#101 = ORIENTED_EDGE('',*,*,#102,.T.);
#102 = EDGE_CURVE('',#95,#103,#105,.T.);
#103 = VERTEX_POINT('',#104);
#104 = CARTESIAN_POINT('',(37.075,28.625,0.));
#105 = LINE('',#106,#107);
#106 = CARTESIAN_POINT('',(37.075,46.2,0.));
#107 = VECTOR('',#108,1.);
#108 = DIRECTION('',(0.,-1.,0.));
#109 = ORIENTED_EDGE('',*,*,#110,.T.);
#110 = EDGE_CURVE('',#103,#111,#113,.T.);
#111 = VERTEX_POINT('',#112);
#112 = CARTESIAN_POINT('',(31.075,28.625,0.));
#113 = LINE('',#114,#115);
#114 = CARTESIAN_POINT('',(37.075,28.625,0.));
#115 = VECTOR('',#116,1.);
#116 = DIRECTION('',(-1.,0.,0.));
#117 = ORIENTED_EDGE('',*,*,#118,.T.);
#118 = EDGE_CURVE('',#111,#119,#121,.T.);
#119 = VERTEX_POINT('',#120);
#120 = CARTESIAN_POINT('',(31.075,27.625,0.));
#121 = LINE('',#122,#123);
#122 = CARTESIAN_POINT('',(31.075,31.625,0.));
#123 = VECTOR('',#124,1.);
#124 = DIRECTION('',(0.,-1.,0.));
#125 = ORIENTED_EDGE('',*,*,#126,.T.);
#126 = EDGE_CURVE('',#119,#127,#129,.T.);
#127 = VERTEX_POINT('',#128);
#128 = CARTESIAN_POINT('',(17.075,27.625,0.));
#129 = LINE('',#130,#131);
#130 = CARTESIAN_POINT('',(31.075,27.625,0.));
#131 = VECTOR('',#132,1.);
#132 = DIRECTION('',(-1.,0.,0.));
#133 = ORIENTED_EDGE('',*,*,#134,.T.);
#134 = EDGE_CURVE('',#127,#135,#137,.T.);
#135 = VERTEX_POINT('',#136);
#136 = CARTESIAN_POINT('',(17.075,28.625,0.));
#137 = LINE('',#138,#139);
#138 = CARTESIAN_POINT('',(17.075,27.625,0.));
#139 = VECTOR('',#140,1.);
#140 = DIRECTION('',(0.,1.,0.));
#141 = ORIENTED_EDGE('',*,*,#142,.T.);
#142 = EDGE_CURVE('',#135,#143,#145,.T.);
#143 = VERTEX_POINT('',#144);
#144 = CARTESIAN_POINT('',(10.,28.625,0.));
#145 = LINE('',#146,#147);
#146 = CARTESIAN_POINT('',(37.075,28.625,0.));
#147 = VECTOR('',#148,1.);
#148 = DIRECTION('',(-1.,0.,0.));
#149 = ORIENTED_EDGE('',*,*,#150,.T.);
#150 = EDGE_CURVE('',#143,#151,#153,.T.);
#151 = VERTEX_POINT('',#152);
#152 = CARTESIAN_POINT('',(10.,26.125,0.));
#153 = LINE('',#154,#155);
#154 = CARTESIAN_POINT('',(10.,28.625,0.));
#155 = VECTOR('',#156,1.);
#156 = DIRECTION('',(0.,-1.,0.));
#157 = ORIENTED_EDGE('',*,*,#158,.T.);
#158 = EDGE_CURVE('',#151,#159,#161,.T.);
#159 = VERTEX_POINT('',#160);
#160 = CARTESIAN_POINT('',(-10.,26.125,0.));
#161 = LINE('',#162,#163);
#162 = CARTESIAN_POINT('',(10.,26.125,0.));
#163 = VECTOR('',#164,1.);
#164 = DIRECTION('',(-1.,0.,0.));
#165 = ORIENTED_EDGE('',*,*,#166,.T.);
#166 = EDGE_CURVE('',#159,#167,#169,.T.);
#167 = VERTEX_POINT('',#168);
#168 = CARTESIAN_POINT('',(-10.,28.625,0.));
#169 = LINE('',#170,#171);
#170 = CARTESIAN_POINT('',(-10.,26.125,0.));
#171 = VECTOR('',#172,1.);
#172 = DIRECTION('',(0.,1.,0.));
#173 = ORIENTED_EDGE('',*,*,#174,.T.);
#174 = EDGE_CURVE('',#167,#175,#177,.T.);
#175 = VERTEX_POINT('',#176);
#176 = CARTESIAN_POINT('',(-27.075,28.625,0.));
#177 = LINE('',#178,#179);
#178 = CARTESIAN_POINT('',(37.075,28.625,0.));
#179 = VECTOR('',#180,1.);
#180 = DIRECTION('',(-1.,0.,0.));
#181 = ORIENTED_EDGE('',*,*,#182,.T.);
#182 = EDGE_CURVE('',#175,#183,#185,.T.);
#183 = VERTEX_POINT('',#184);
#184 = CARTESIAN_POINT('',(-27.075,27.625,0.));
#185 = LINE('',#186,#187);
#186 = CARTESIAN_POINT('',(-27.075,31.625,0.));
#187 = VECTOR('',#188,1.);
#188 = DIRECTION('',(0.,-1.,0.));
#189 = ORIENTED_EDGE('',*,*,#190,.T.);
#190 = EDGE_CURVE('',#183,#191,#193,.T.);
#191 = VERTEX_POINT('',#192);
#192 = CARTESIAN_POINT('',(-31.60032004609,27.625,0.));
#193 = LINE('',#194,#195);
#194 = CARTESIAN_POINT('',(-27.075,27.625,0.));
#195 = VECTOR('',#196,1.);
#196 = DIRECTION('',(-1.,0.,0.));
#197 = ORIENTED_EDGE('',*,*,#198,.T.);
#198 = EDGE_CURVE('',#191,#199,#201,.T.);
#199 = VERTEX_POINT('',#200);
#200 = CARTESIAN_POINT('',(-31.3846,26.85,0.));
#201 = CIRCLE('',#202,1.5);
#202 = AXIS2_PLACEMENT_3D('',#203,#204,#205);
#203 = CARTESIAN_POINT('',(-32.8846,26.85,0.));
#204 = DIRECTION('',(0.,0.,-1.));
#205 = DIRECTION('',(1.,0.,0.));
#206 = ORIENTED_EDGE('',*,*,#207,.T.);
#207 = EDGE_CURVE('',#199,#208,#210,.T.);
#208 = VERTEX_POINT('',#209);
#209 = CARTESIAN_POINT('',(-34.1688799539,27.625,0.));
#210 = CIRCLE('',#211,1.5);
#211 = AXIS2_PLACEMENT_3D('',#212,#213,#214);
#212 = CARTESIAN_POINT('',(-32.8846,26.85,0.));
#213 = DIRECTION('',(0.,0.,-1.));
#214 = DIRECTION('',(1.,0.,0.));
#215 = ORIENTED_EDGE('',*,*,#216,.T.);
#216 = EDGE_CURVE('',#208,#62,#217,.T.);
#217 = LINE('',#218,#219);
#218 = CARTESIAN_POINT('',(-27.075,27.625,0.));
#219 = VECTOR('',#220,1.);
#220 = DIRECTION('',(-1.,0.,0.));
#221 = FACE_BOUND('',#222,.F.);
#222 = EDGE_LOOP('',(#223));
#223 = ORIENTED_EDGE('',*,*,#224,.T.);
#224 = EDGE_CURVE('',#225,#225,#227,.T.);
#225 = VERTEX_POINT('',#226);
#226 = CARTESIAN_POINT('',(1.5,12.65,0.));
#227 = CIRCLE('',#228,1.5);
#228 = AXIS2_PLACEMENT_3D('',#229,#230,#231);
#229 = CARTESIAN_POINT('',(0.,12.65,0.));
#230 = DIRECTION('',(0.,0.,-1.));
#231 = DIRECTION('',(1.,0.,0.));
#232 = FACE_BOUND('',#233,.F.);
#233 = EDGE_LOOP('',(#234,#244,#252,#260,#268,#276,#284,#292));
#234 = ORIENTED_EDGE('',*,*,#235,.F.);
#235 = EDGE_CURVE('',#236,#238,#240,.T.);
#236 = VERTEX_POINT('',#237);
#237 = CARTESIAN_POINT('',(-34.975,24.8,0.));
#238 = VERTEX_POINT('',#239);
#239 = CARTESIAN_POINT('',(-34.975,11.2,0.));
#240 = LINE('',#241,#242);
#241 = CARTESIAN_POINT('',(-34.975,24.8,0.));
#242 = VECTOR('',#243,1.);
#243 = DIRECTION('',(0.,-1.,0.));
#244 = ORIENTED_EDGE('',*,*,#245,.F.);
#245 = EDGE_CURVE('',#246,#236,#248,.T.);
#246 = VERTEX_POINT('',#247);
#247 = CARTESIAN_POINT('',(-22.175,24.8,0.));
#248 = LINE('',#249,#250);
#249 = CARTESIAN_POINT('',(-22.175,24.8,0.));
#250 = VECTOR('',#251,1.);
#251 = DIRECTION('',(-1.,0.,0.));
#252 = ORIENTED_EDGE('',*,*,#253,.F.);
#253 = EDGE_CURVE('',#254,#246,#256,.T.);
#254 = VERTEX_POINT('',#255);
#255 = CARTESIAN_POINT('',(-22.175,11.2,0.));
#256 = LINE('',#257,#258);
#257 = CARTESIAN_POINT('',(-22.175,11.2,0.));
#258 = VECTOR('',#259,1.);
#259 = DIRECTION('',(0.,1.,0.));
#260 = ORIENTED_EDGE('',*,*,#261,.F.);
#261 = EDGE_CURVE('',#262,#254,#264,.T.);
#262 = VERTEX_POINT('',#263);
#263 = CARTESIAN_POINT('',(-24.575,11.2,0.));
#264 = LINE('',#265,#266);
#265 = CARTESIAN_POINT('',(-34.975,11.2,0.));
#266 = VECTOR('',#267,1.);
#267 = DIRECTION('',(1.,0.,0.));
#268 = ORIENTED_EDGE('',*,*,#269,.F.);
#269 = EDGE_CURVE('',#270,#262,#272,.T.);
#270 = VERTEX_POINT('',#271);
#271 = CARTESIAN_POINT('',(-24.575,10.2,0.));
#272 = LINE('',#273,#274);
#273 = CARTESIAN_POINT('',(-24.575,10.2,0.));
#274 = VECTOR('',#275,1.);
#275 = DIRECTION('',(0.,1.,0.));
#276 = ORIENTED_EDGE('',*,*,#277,.F.);
#277 = EDGE_CURVE('',#278,#270,#280,.T.);
#278 = VERTEX_POINT('',#279);
#279 = CARTESIAN_POINT('',(-32.575,10.2,0.));
#280 = LINE('',#281,#282);
#281 = CARTESIAN_POINT('',(-32.575,10.2,0.));
#282 = VECTOR('',#283,1.);
#283 = DIRECTION('',(1.,0.,0.));
#284 = ORIENTED_EDGE('',*,*,#285,.F.);
#285 = EDGE_CURVE('',#286,#278,#288,.T.);
#286 = VERTEX_POINT('',#287);
#287 = CARTESIAN_POINT('',(-32.575,11.2,0.));
#288 = LINE('',#289,#290);
#289 = CARTESIAN_POINT('',(-32.575,11.2,0.));
#290 = VECTOR('',#291,1.);
#291 = DIRECTION('',(0.,-1.,0.));
#292 = ORIENTED_EDGE('',*,*,#293,.F.);
#293 = EDGE_CURVE('',#238,#286,#294,.T.);
#294 = LINE('',#295,#296);
#295 = CARTESIAN_POINT('',(-34.975,11.2,0.));
#296 = VECTOR('',#297,1.);
#297 = DIRECTION('',(1.,0.,0.));
#298 = FACE_BOUND('',#299,.F.);
#299 = EDGE_LOOP('',(#300,#310,#318,#326,#334,#342,#350,#358));
#300 = ORIENTED_EDGE('',*,*,#301,.F.);
#301 = EDGE_CURVE('',#302,#304,#306,.T.);
#302 = VERTEX_POINT('',#303);
#303 = CARTESIAN_POINT('',(-15.925,24.8,0.));
#304 = VERTEX_POINT('',#305);
#305 = CARTESIAN_POINT('',(-15.925,11.2,0.));
#306 = LINE('',#307,#308);
#307 = CARTESIAN_POINT('',(-15.925,24.8,0.));
#308 = VECTOR('',#309,1.);
#309 = DIRECTION('',(0.,-1.,0.));
#310 = ORIENTED_EDGE('',*,*,#311,.F.);
#311 = EDGE_CURVE('',#312,#302,#314,.T.);
#312 = VERTEX_POINT('',#313);
#313 = CARTESIAN_POINT('',(-3.125,24.8,0.));
#314 = LINE('',#315,#316);
#315 = CARTESIAN_POINT('',(-3.125,24.8,0.));
#316 = VECTOR('',#317,1.);
#317 = DIRECTION('',(-1.,0.,0.));
#318 = ORIENTED_EDGE('',*,*,#319,.F.);
#319 = EDGE_CURVE('',#320,#312,#322,.T.);
#320 = VERTEX_POINT('',#321);
#321 = CARTESIAN_POINT('',(-3.125,11.2,0.));
#322 = LINE('',#323,#324);
#323 = CARTESIAN_POINT('',(-3.125,11.2,0.));
#324 = VECTOR('',#325,1.);
#325 = DIRECTION('',(0.,1.,0.));
#326 = ORIENTED_EDGE('',*,*,#327,.F.);
#327 = EDGE_CURVE('',#328,#320,#330,.T.);
#328 = VERTEX_POINT('',#329);
#329 = CARTESIAN_POINT('',(-5.525,11.2,0.));
#330 = LINE('',#331,#332);
#331 = CARTESIAN_POINT('',(-15.925,11.2,0.));
#332 = VECTOR('',#333,1.);
#333 = DIRECTION('',(1.,0.,0.));
#334 = ORIENTED_EDGE('',*,*,#335,.F.);
#335 = EDGE_CURVE('',#336,#328,#338,.T.);
#336 = VERTEX_POINT('',#337);
#337 = CARTESIAN_POINT('',(-5.525,10.2,0.));
#338 = LINE('',#339,#340);
#339 = CARTESIAN_POINT('',(-5.525,10.2,0.));
#340 = VECTOR('',#341,1.);
#341 = DIRECTION('',(0.,1.,0.));
#342 = ORIENTED_EDGE('',*,*,#343,.F.);
#343 = EDGE_CURVE('',#344,#336,#346,.T.);
#344 = VERTEX_POINT('',#345);
#345 = CARTESIAN_POINT('',(-13.525,10.2,0.));
#346 = LINE('',#347,#348);
#347 = CARTESIAN_POINT('',(-13.525,10.2,0.));
#348 = VECTOR('',#349,1.);
#349 = DIRECTION('',(1.,0.,0.));
#350 = ORIENTED_EDGE('',*,*,#351,.F.);
#351 = EDGE_CURVE('',#352,#344,#354,.T.);
#352 = VERTEX_POINT('',#353);
#353 = CARTESIAN_POINT('',(-13.525,11.2,0.));
#354 = LINE('',#355,#356);
#355 = CARTESIAN_POINT('',(-13.525,11.2,0.));
#356 = VECTOR('',#357,1.);
#357 = DIRECTION('',(0.,-1.,0.));
#358 = ORIENTED_EDGE('',*,*,#359,.F.);
#359 = EDGE_CURVE('',#304,#352,#360,.T.);
#360 = LINE('',#361,#362);
#361 = CARTESIAN_POINT('',(-15.925,11.2,0.));
#362 = VECTOR('',#363,1.);
#363 = DIRECTION('',(1.,0.,0.));
#364 = FACE_BOUND('',#365,.F.);
#365 = EDGE_LOOP('',(#366,#376,#384,#392,#400,#408,#416,#424));
#366 = ORIENTED_EDGE('',*,*,#367,.F.);
#367 = EDGE_CURVE('',#368,#370,#372,.T.);
#368 = VERTEX_POINT('',#369);
#369 = CARTESIAN_POINT('',(3.125,24.8,0.));
#370 = VERTEX_POINT('',#371);
#371 = CARTESIAN_POINT('',(3.125,11.2,0.));
#372 = LINE('',#373,#374);
#373 = CARTESIAN_POINT('',(3.125,24.8,0.));
#374 = VECTOR('',#375,1.);
#375 = DIRECTION('',(0.,-1.,0.));
#376 = ORIENTED_EDGE('',*,*,#377,.F.);
#377 = EDGE_CURVE('',#378,#368,#380,.T.);
#378 = VERTEX_POINT('',#379);
#379 = CARTESIAN_POINT('',(15.925,24.8,0.));
#380 = LINE('',#381,#382);
#381 = CARTESIAN_POINT('',(15.925,24.8,0.));
#382 = VECTOR('',#383,1.);
#383 = DIRECTION('',(-1.,0.,0.));
#384 = ORIENTED_EDGE('',*,*,#385,.F.);
#385 = EDGE_CURVE('',#386,#378,#388,.T.);
#386 = VERTEX_POINT('',#387);
#387 = CARTESIAN_POINT('',(15.925,11.2,0.));
#388 = LINE('',#389,#390);
#389 = CARTESIAN_POINT('',(15.925,11.2,0.));
#390 = VECTOR('',#391,1.);
#391 = DIRECTION('',(0.,1.,0.));
#392 = ORIENTED_EDGE('',*,*,#393,.F.);
#393 = EDGE_CURVE('',#394,#386,#396,.T.);
#394 = VERTEX_POINT('',#395);
#395 = CARTESIAN_POINT('',(13.525,11.2,0.));
#396 = LINE('',#397,#398);
#397 = CARTESIAN_POINT('',(3.125,11.2,0.));
#398 = VECTOR('',#399,1.);
#399 = DIRECTION('',(1.,0.,0.));
#400 = ORIENTED_EDGE('',*,*,#401,.F.);
#401 = EDGE_CURVE('',#402,#394,#404,.T.);
#402 = VERTEX_POINT('',#403);
#403 = CARTESIAN_POINT('',(13.525,10.2,0.));
#404 = LINE('',#405,#406);
#405 = CARTESIAN_POINT('',(13.525,10.2,0.));
#406 = VECTOR('',#407,1.);
#407 = DIRECTION('',(0.,1.,0.));
#408 = ORIENTED_EDGE('',*,*,#409,.F.);
#409 = EDGE_CURVE('',#410,#402,#412,.T.);
#410 = VERTEX_POINT('',#411);
#411 = CARTESIAN_POINT('',(5.525,10.2,0.));
#412 = LINE('',#413,#414);
#413 = CARTESIAN_POINT('',(5.525,10.2,0.));
#414 = VECTOR('',#415,1.);
#415 = DIRECTION('',(1.,0.,0.));
#416 = ORIENTED_EDGE('',*,*,#417,.F.);
#417 = EDGE_CURVE('',#418,#410,#420,.T.);
#418 = VERTEX_POINT('',#419);
#419 = CARTESIAN_POINT('',(5.525,11.2,0.));
#420 = LINE('',#421,#422);
#421 = CARTESIAN_POINT('',(5.525,11.2,0.));
#422 = VECTOR('',#423,1.);
#423 = DIRECTION('',(0.,-1.,0.));
#424 = ORIENTED_EDGE('',*,*,#425,.F.);
#425 = EDGE_CURVE('',#370,#418,#426,.T.);
#426 = LINE('',#427,#428);
#427 = CARTESIAN_POINT('',(3.125,11.2,0.));
#428 = VECTOR('',#429,1.);
#429 = DIRECTION('',(1.,0.,0.));
#430 = FACE_BOUND('',#431,.F.);
#431 = EDGE_LOOP('',(#432,#442,#450,#458,#466,#474,#482,#490));
#432 = ORIENTED_EDGE('',*,*,#433,.F.);
#433 = EDGE_CURVE('',#434,#436,#438,.T.);
#434 = VERTEX_POINT('',#435);
#435 = CARTESIAN_POINT('',(22.175,24.8,0.));
#436 = VERTEX_POINT('',#437);
#437 = CARTESIAN_POINT('',(22.175,11.2,0.));
#438 = LINE('',#439,#440);
#439 = CARTESIAN_POINT('',(22.175,24.8,0.));
#440 = VECTOR('',#441,1.);
#441 = DIRECTION('',(0.,-1.,0.));
#442 = ORIENTED_EDGE('',*,*,#443,.F.);
#443 = EDGE_CURVE('',#444,#434,#446,.T.);
#444 = VERTEX_POINT('',#445);
#445 = CARTESIAN_POINT('',(34.975,24.8,0.));
#446 = LINE('',#447,#448);
#447 = CARTESIAN_POINT('',(34.975,24.8,0.));
#448 = VECTOR('',#449,1.);
#449 = DIRECTION('',(-1.,0.,0.));
#450 = ORIENTED_EDGE('',*,*,#451,.F.);
#451 = EDGE_CURVE('',#452,#444,#454,.T.);
#452 = VERTEX_POINT('',#453);
#453 = CARTESIAN_POINT('',(34.975,11.2,0.));
#454 = LINE('',#455,#456);
#455 = CARTESIAN_POINT('',(34.975,11.2,0.));
#456 = VECTOR('',#457,1.);
#457 = DIRECTION('',(0.,1.,0.));
#458 = ORIENTED_EDGE('',*,*,#459,.F.);
#459 = EDGE_CURVE('',#460,#452,#462,.T.);
#460 = VERTEX_POINT('',#461);
#461 = CARTESIAN_POINT('',(32.575,11.2,0.));
#462 = LINE('',#463,#464);
#463 = CARTESIAN_POINT('',(22.175,11.2,0.));
#464 = VECTOR('',#465,1.);
#465 = DIRECTION('',(1.,0.,0.));
#466 = ORIENTED_EDGE('',*,*,#467,.F.);
#467 = EDGE_CURVE('',#468,#460,#470,.T.);
#468 = VERTEX_POINT('',#469);
#469 = CARTESIAN_POINT('',(32.575,10.2,0.));
#470 = LINE('',#471,#472);
#471 = CARTESIAN_POINT('',(32.575,10.2,0.));
#472 = VECTOR('',#473,1.);
#473 = DIRECTION('',(0.,1.,0.));
#474 = ORIENTED_EDGE('',*,*,#475,.F.);
#475 = EDGE_CURVE('',#476,#468,#478,.T.);
#476 = VERTEX_POINT('',#477);
#477 = CARTESIAN_POINT('',(24.575,10.2,0.));
#478 = LINE('',#479,#480);
#479 = CARTESIAN_POINT('',(24.575,10.2,0.));
#480 = VECTOR('',#481,1.);
#481 = DIRECTION('',(1.,0.,0.));
#482 = ORIENTED_EDGE('',*,*,#483,.F.);
#483 = EDGE_CURVE('',#484,#476,#486,.T.);
#484 = VERTEX_POINT('',#485);
#485 = CARTESIAN_POINT('',(24.575,11.2,0.));
#486 = LINE('',#487,#488);
#487 = CARTESIAN_POINT('',(24.575,11.2,0.));
#488 = VECTOR('',#489,1.);
#489 = DIRECTION('',(0.,-1.,0.));
#490 = ORIENTED_EDGE('',*,*,#491,.F.);
#491 = EDGE_CURVE('',#436,#484,#492,.T.);
#492 = LINE('',#493,#494);
#493 = CARTESIAN_POINT('',(22.175,11.2,0.));
#494 = VECTOR('',#495,1.);
#495 = DIRECTION('',(1.,0.,0.));
#496 = FACE_BOUND('',#497,.F.);
#497 = EDGE_LOOP('',(#498));
#498 = ORIENTED_EDGE('',*,*,#499,.T.);
#499 = EDGE_CURVE('',#500,#500,#502,.T.);
#500 = VERTEX_POINT('',#501);
#501 = CARTESIAN_POINT('',(1.5,23.25,0.));
#502 = CIRCLE('',#503,1.5);
#503 = AXIS2_PLACEMENT_3D('',#504,#505,#506);
#504 = CARTESIAN_POINT('',(0.,23.25,0.));
#505 = DIRECTION('',(0.,0.,-1.));
#506 = DIRECTION('',(1.,0.,0.));
#507 = FACE_BOUND('',#508,.F.);
#508 = EDGE_LOOP('',(#509));
#509 = ORIENTED_EDGE('',*,*,#510,.T.);
#510 = EDGE_CURVE('',#511,#511,#513,.T.);
#511 = VERTEX_POINT('',#512);
#512 = CARTESIAN_POINT('',(-12.3346,26.85,0.));
#513 = CIRCLE('',#514,1.5);
#514 = AXIS2_PLACEMENT_3D('',#515,#516,#517);
#515 = CARTESIAN_POINT('',(-13.8346,26.85,0.));
#516 = DIRECTION('',(0.,0.,-1.));
#517 = DIRECTION('',(1.,0.,0.));
#518 = FACE_BOUND('',#519,.F.);
#519 = EDGE_LOOP('',(#520));
#520 = ORIENTED_EDGE('',*,*,#521,.T.);
#521 = EDGE_CURVE('',#522,#522,#524,.T.);
#522 = VERTEX_POINT('',#523);
#523 = CARTESIAN_POINT('',(16.1154,26.85,0.));
#524 = CIRCLE('',#525,1.5);
#525 = AXIS2_PLACEMENT_3D('',#526,#527,#528);
#526 = CARTESIAN_POINT('',(14.6154,26.85,0.));
#527 = DIRECTION('',(0.,0.,-1.));
#528 = DIRECTION('',(1.,0.,0.));
#529 = FACE_BOUND('',#530,.F.);
#530 = EDGE_LOOP('',(#531));
#531 = ORIENTED_EDGE('',*,*,#532,.T.);
#532 = EDGE_CURVE('',#533,#533,#535,.T.);
#533 = VERTEX_POINT('',#534);
#534 = CARTESIAN_POINT('',(35.1654,26.85,0.));
#535 = CIRCLE('',#536,1.5);
#536 = AXIS2_PLACEMENT_3D('',#537,#538,#539);
#537 = CARTESIAN_POINT('',(33.6654,26.85,0.));
#538 = DIRECTION('',(0.,0.,-1.));
#539 = DIRECTION('',(1.,0.,0.));
#540 = PLANE('',#541);
#541 = AXIS2_PLACEMENT_3D('',#542,#543,#544);
#542 = CARTESIAN_POINT('',(9.584545012801E-15,33.145924517053,0.));
#543 = DIRECTION('',(0.,0.,1.));
#544 = DIRECTION('',(1.,0.,0.));
#545 = ADVANCED_FACE('',(#546),#564,.T.);
#546 = FACE_BOUND('',#547,.T.);
#547 = EDGE_LOOP('',(#548,#556,#562,#563));
#548 = ORIENTED_EDGE('',*,*,#549,.F.);
#549 = EDGE_CURVE('',#550,#40,#552,.T.);
#550 = VERTEX_POINT('',#551);
#551 = CARTESIAN_POINT('',(-37.075,44.7,2.2));
#552 = LINE('',#553,#554);
#553 = CARTESIAN_POINT('',(-32.675,44.7,2.2));
#554 = VECTOR('',#555,1.);
#555 = DIRECTION('',(-1.,0.,0.));
#556 = ORIENTED_EDGE('',*,*,#557,.F.);
#557 = EDGE_CURVE('',#64,#550,#558,.T.);
#558 = LINE('',#559,#560);
#559 = CARTESIAN_POINT('',(-37.075,44.7,2.460716497629));
#560 = VECTOR('',#561,1.);
#561 = DIRECTION('',(-2.223485756737E-16,0.,1.));
#562 = ORIENTED_EDGE('',*,*,#71,.T.);
#563 = ORIENTED_EDGE('',*,*,#47,.F.);
#564 = PLANE('',#565);
#565 = AXIS2_PLACEMENT_3D('',#566,#567,#568);
#566 = CARTESIAN_POINT('',(-32.675,44.7,2.2));
#567 = DIRECTION('',(0.,1.,0.));
#568 = DIRECTION('',(-1.,0.,0.));
#569 = ADVANCED_FACE('',(#570,#784,#795),#806,.T.);
#570 = FACE_BOUND('',#571,.T.);
#571 = EDGE_LOOP('',(#572,#582,#591,#599,#607,#615,#623,#631,#639,#648,
    #656,#662,#663,#664,#672,#680,#688,#696,#704,#713,#721,#729,#737,
    #745,#753,#761,#770,#778));
#572 = ORIENTED_EDGE('',*,*,#573,.T.);
#573 = EDGE_CURVE('',#574,#576,#578,.T.);
#574 = VERTEX_POINT('',#575);
#575 = CARTESIAN_POINT('',(-40.275,9.525,2.2));
#576 = VERTEX_POINT('',#577);
#577 = CARTESIAN_POINT('',(-40.275,49.1,2.2));
#578 = LINE('',#579,#580);
#579 = CARTESIAN_POINT('',(-40.275,9.525,2.2));
#580 = VECTOR('',#581,1.);
#581 = DIRECTION('',(1.795433318408E-16,1.,0.));
#582 = ORIENTED_EDGE('',*,*,#583,.F.);
#583 = EDGE_CURVE('',#584,#576,#586,.T.);
#584 = VERTEX_POINT('',#585);
#585 = CARTESIAN_POINT('',(-37.075,52.3,2.2));
#586 = CIRCLE('',#587,3.2);
#587 = AXIS2_PLACEMENT_3D('',#588,#589,#590);
#588 = CARTESIAN_POINT('',(-37.075,49.1,2.2));
#589 = DIRECTION('',(0.,0.,1.));
#590 = DIRECTION('',(1.,0.,0.));
#591 = ORIENTED_EDGE('',*,*,#592,.T.);
#592 = EDGE_CURVE('',#584,#593,#595,.T.);
#593 = VERTEX_POINT('',#594);
#594 = CARTESIAN_POINT('',(-32.24854623441,52.3,2.2));
#595 = LINE('',#596,#597);
#596 = CARTESIAN_POINT('',(-37.075,52.3,2.2));
#597 = VECTOR('',#598,1.);
#598 = DIRECTION('',(1.,0.,0.));
#599 = ORIENTED_EDGE('',*,*,#600,.F.);
#600 = EDGE_CURVE('',#601,#593,#603,.T.);
#601 = VERTEX_POINT('',#602);
#602 = CARTESIAN_POINT('',(-32.24854623441,50.3,2.2));
#603 = LINE('',#604,#605);
#604 = CARTESIAN_POINT('',(-32.24854623441,52.3,2.2));
#605 = VECTOR('',#606,1.);
#606 = DIRECTION('',(0.,1.,-2.22044604925E-16));
#607 = ORIENTED_EDGE('',*,*,#608,.T.);
#608 = EDGE_CURVE('',#601,#609,#611,.T.);
#609 = VERTEX_POINT('',#610);
#610 = CARTESIAN_POINT('',(-32.675,50.3,2.2));
#611 = LINE('',#612,#613);
#612 = CARTESIAN_POINT('',(-2.864683333333,50.3,2.2));
#613 = VECTOR('',#614,1.);
#614 = DIRECTION('',(-1.,0.,0.));
#615 = ORIENTED_EDGE('',*,*,#616,.T.);
#616 = EDGE_CURVE('',#609,#617,#619,.T.);
#617 = VERTEX_POINT('',#618);
#618 = CARTESIAN_POINT('',(-32.675,49.1,2.2));
#619 = LINE('',#620,#621);
#620 = CARTESIAN_POINT('',(-32.675,50.2,2.2));
#621 = VECTOR('',#622,1.);
#622 = DIRECTION('',(0.,-1.,0.));
#623 = ORIENTED_EDGE('',*,*,#624,.T.);
#624 = EDGE_CURVE('',#617,#625,#627,.T.);
#625 = VERTEX_POINT('',#626);
#626 = CARTESIAN_POINT('',(-34.175,49.1,2.2));
#627 = LINE('',#628,#629);
#628 = CARTESIAN_POINT('',(5.576749611675E-14,49.1,2.2));
#629 = VECTOR('',#630,1.);
#630 = DIRECTION('',(-1.,0.,0.));
#631 = ORIENTED_EDGE('',*,*,#632,.T.);
#632 = EDGE_CURVE('',#625,#633,#635,.T.);
#633 = VERTEX_POINT('',#634);
#634 = CARTESIAN_POINT('',(-34.175,47.,2.2));
#635 = LINE('',#636,#637);
#636 = CARTESIAN_POINT('',(-34.175,47.716113157706,2.2));
#637 = VECTOR('',#638,1.);
#638 = DIRECTION('',(0.,-1.,0.));
#639 = ORIENTED_EDGE('',*,*,#640,.T.);
#640 = EDGE_CURVE('',#633,#641,#643,.T.);
#641 = VERTEX_POINT('',#642);
#642 = CARTESIAN_POINT('',(-34.975,46.2,2.2));
#643 = CIRCLE('',#644,0.8);
#644 = AXIS2_PLACEMENT_3D('',#645,#646,#647);
#645 = CARTESIAN_POINT('',(-34.975,47.,2.2));
#646 = DIRECTION('',(0.,0.,-1.));
#647 = DIRECTION('',(1.,0.,0.));
#648 = ORIENTED_EDGE('',*,*,#649,.T.);
#649 = EDGE_CURVE('',#641,#650,#652,.T.);
#650 = VERTEX_POINT('',#651);
#651 = CARTESIAN_POINT('',(-37.075,46.2,2.2));
#652 = LINE('',#653,#654);
#653 = CARTESIAN_POINT('',(-18.0125,46.2,2.2));
#654 = VECTOR('',#655,1.);
#655 = DIRECTION('',(-1.,0.,0.));
#656 = ORIENTED_EDGE('',*,*,#657,.T.);
#657 = EDGE_CURVE('',#650,#550,#658,.T.);
#658 = LINE('',#659,#660);
#659 = CARTESIAN_POINT('',(-37.075,42.254635920684,2.2));
#660 = VECTOR('',#661,1.);
#661 = DIRECTION('',(0.,-1.,0.));
#662 = ORIENTED_EDGE('',*,*,#549,.T.);
#663 = ORIENTED_EDGE('',*,*,#39,.F.);
#664 = ORIENTED_EDGE('',*,*,#665,.T.);
#665 = EDGE_CURVE('',#32,#666,#668,.T.);
#666 = VERTEX_POINT('',#667);
#667 = CARTESIAN_POINT('',(38.175,9.575,2.2));
#668 = LINE('',#669,#670);
#669 = CARTESIAN_POINT('',(0.,9.575,2.2));
#670 = VECTOR('',#671,1.);
#671 = DIRECTION('',(1.,0.,0.));
#672 = ORIENTED_EDGE('',*,*,#673,.F.);
#673 = EDGE_CURVE('',#674,#666,#676,.T.);
#674 = VERTEX_POINT('',#675);
#675 = CARTESIAN_POINT('',(38.175,44.7,2.2));
#676 = LINE('',#677,#678);
#677 = CARTESIAN_POINT('',(38.175,49.1,2.2));
#678 = VECTOR('',#679,1.);
#679 = DIRECTION('',(0.,-1.,0.));
#680 = ORIENTED_EDGE('',*,*,#681,.F.);
#681 = EDGE_CURVE('',#682,#674,#684,.T.);
#682 = VERTEX_POINT('',#683);
#683 = CARTESIAN_POINT('',(37.075,44.7,2.2));
#684 = LINE('',#685,#686);
#685 = CARTESIAN_POINT('',(32.675,44.7,2.2));
#686 = VECTOR('',#687,1.);
#687 = DIRECTION('',(1.,0.,0.));
#688 = ORIENTED_EDGE('',*,*,#689,.T.);
#689 = EDGE_CURVE('',#682,#690,#692,.T.);
#690 = VERTEX_POINT('',#691);
#691 = CARTESIAN_POINT('',(37.075,46.2,2.2));
#692 = LINE('',#693,#694);
#693 = CARTESIAN_POINT('',(37.075,42.397363157706,2.2));
#694 = VECTOR('',#695,1.);
#695 = DIRECTION('',(0.,1.,0.));
#696 = ORIENTED_EDGE('',*,*,#697,.T.);
#697 = EDGE_CURVE('',#690,#698,#700,.T.);
#698 = VERTEX_POINT('',#699);
#699 = CARTESIAN_POINT('',(34.975,46.2,2.2));
#700 = LINE('',#701,#702);
#701 = CARTESIAN_POINT('',(18.0125,46.2,2.2));
#702 = VECTOR('',#703,1.);
#703 = DIRECTION('',(-1.,0.,0.));
#704 = ORIENTED_EDGE('',*,*,#705,.T.);
#705 = EDGE_CURVE('',#698,#706,#708,.T.);
#706 = VERTEX_POINT('',#707);
#707 = CARTESIAN_POINT('',(34.175,47.,2.2));
#708 = CIRCLE('',#709,0.8);
#709 = AXIS2_PLACEMENT_3D('',#710,#711,#712);
#710 = CARTESIAN_POINT('',(34.975,47.,2.2));
#711 = DIRECTION('',(0.,0.,-1.));
#712 = DIRECTION('',(1.,0.,0.));
#713 = ORIENTED_EDGE('',*,*,#714,.T.);
#714 = EDGE_CURVE('',#706,#715,#717,.T.);
#715 = VERTEX_POINT('',#716);
#716 = CARTESIAN_POINT('',(34.175,49.1,2.2));
#717 = LINE('',#718,#719);
#718 = CARTESIAN_POINT('',(34.175,47.716113157706,2.2));
#719 = VECTOR('',#720,1.);
#720 = DIRECTION('',(-2.460754063238E-15,1.,0.));
#721 = ORIENTED_EDGE('',*,*,#722,.T.);
#722 = EDGE_CURVE('',#715,#723,#725,.T.);
#723 = VERTEX_POINT('',#724);
#724 = CARTESIAN_POINT('',(32.675,49.1,2.2));
#725 = LINE('',#726,#727);
#726 = CARTESIAN_POINT('',(5.576749611675E-14,49.1,2.2));
#727 = VECTOR('',#728,1.);
#728 = DIRECTION('',(-1.,0.,0.));
#729 = ORIENTED_EDGE('',*,*,#730,.T.);
#730 = EDGE_CURVE('',#723,#731,#733,.T.);
#731 = VERTEX_POINT('',#732);
#732 = CARTESIAN_POINT('',(32.675,50.3,2.2));
#733 = LINE('',#734,#735);
#734 = CARTESIAN_POINT('',(32.675,39.877083573192,2.2));
#735 = VECTOR('',#736,1.);
#736 = DIRECTION('',(0.,1.,0.));
#737 = ORIENTED_EDGE('',*,*,#738,.T.);
#738 = EDGE_CURVE('',#731,#739,#741,.T.);
#739 = VERTEX_POINT('',#740);
#740 = CARTESIAN_POINT('',(32.248546234417,50.3,2.2));
#741 = LINE('',#742,#743);
#742 = CARTESIAN_POINT('',(-2.864683333333,50.3,2.2));
#743 = VECTOR('',#744,1.);
#744 = DIRECTION('',(-1.,0.,0.));
#745 = ORIENTED_EDGE('',*,*,#746,.T.);
#746 = EDGE_CURVE('',#739,#747,#749,.T.);
#747 = VERTEX_POINT('',#748);
#748 = CARTESIAN_POINT('',(32.248546234417,52.3,2.2));
#749 = LINE('',#750,#751);
#750 = CARTESIAN_POINT('',(32.248546234417,52.3,2.2));
#751 = VECTOR('',#752,1.);
#752 = DIRECTION('',(0.,1.,-2.22044604925E-16));
#753 = ORIENTED_EDGE('',*,*,#754,.T.);
#754 = EDGE_CURVE('',#747,#755,#757,.T.);
#755 = VERTEX_POINT('',#756);
#756 = CARTESIAN_POINT('',(37.075,52.3,2.2));
#757 = LINE('',#758,#759);
#758 = CARTESIAN_POINT('',(-37.075,52.3,2.2));
#759 = VECTOR('',#760,1.);
#760 = DIRECTION('',(1.,0.,0.));
#761 = ORIENTED_EDGE('',*,*,#762,.F.);
#762 = EDGE_CURVE('',#763,#755,#765,.T.);
#763 = VERTEX_POINT('',#764);
#764 = CARTESIAN_POINT('',(40.275,49.1,2.2));
#765 = CIRCLE('',#766,3.2);
#766 = AXIS2_PLACEMENT_3D('',#767,#768,#769);
#767 = CARTESIAN_POINT('',(37.075,49.1,2.2));
#768 = DIRECTION('',(0.,0.,1.));
#769 = DIRECTION('',(1.,0.,0.));
#770 = ORIENTED_EDGE('',*,*,#771,.F.);
#771 = EDGE_CURVE('',#772,#763,#774,.T.);
#772 = VERTEX_POINT('',#773);
#773 = CARTESIAN_POINT('',(40.275,9.525,2.2));
#774 = LINE('',#775,#776);
#775 = CARTESIAN_POINT('',(40.275,9.525,2.2));
#776 = VECTOR('',#777,1.);
#777 = DIRECTION('',(0.,1.,0.));
#778 = ORIENTED_EDGE('',*,*,#779,.F.);
#779 = EDGE_CURVE('',#574,#772,#780,.T.);
#780 = LINE('',#781,#782);
#781 = CARTESIAN_POINT('',(-40.275,9.525,2.2));
#782 = VECTOR('',#783,1.);
#783 = DIRECTION('',(1.,6.615854150466E-17,0.));
#784 = FACE_BOUND('',#785,.T.);
#785 = EDGE_LOOP('',(#786));
#786 = ORIENTED_EDGE('',*,*,#787,.T.);
#787 = EDGE_CURVE('',#788,#788,#790,.T.);
#788 = VERTEX_POINT('',#789);
#789 = CARTESIAN_POINT('',(-35.625,48.75,2.2));
#790 = CIRCLE('',#791,1.1);
#791 = AXIS2_PLACEMENT_3D('',#792,#793,#794);
#792 = CARTESIAN_POINT('',(-36.725,48.75,2.2));
#793 = DIRECTION('',(0.,0.,1.));
#794 = DIRECTION('',(1.,0.,0.));
#795 = FACE_BOUND('',#796,.T.);
#796 = EDGE_LOOP('',(#797));
#797 = ORIENTED_EDGE('',*,*,#798,.T.);
#798 = EDGE_CURVE('',#799,#799,#801,.T.);
#799 = VERTEX_POINT('',#800);
#800 = CARTESIAN_POINT('',(37.825000000001,48.75,2.2));
#801 = CIRCLE('',#802,1.1);
#802 = AXIS2_PLACEMENT_3D('',#803,#804,#805);
#803 = CARTESIAN_POINT('',(36.725000000001,48.75,2.2));
#804 = DIRECTION('',(0.,0.,1.));
#805 = DIRECTION('',(1.,0.,0.));
#806 = PLANE('',#807);
#807 = AXIS2_PLACEMENT_3D('',#808,#809,#810);
#808 = CARTESIAN_POINT('',(8.391860682411E-15,22.707278042727,2.2));
#809 = DIRECTION('',(-0.,-0.,-1.));
#810 = DIRECTION('',(-1.,0.,0.));
#811 = ADVANCED_FACE('',(#812),#823,.F.);
#812 = FACE_BOUND('',#813,.F.);
#813 = EDGE_LOOP('',(#814,#815,#816,#822));
#814 = ORIENTED_EDGE('',*,*,#31,.F.);
#815 = ORIENTED_EDGE('',*,*,#665,.T.);
#816 = ORIENTED_EDGE('',*,*,#817,.F.);
#817 = EDGE_CURVE('',#79,#666,#818,.T.);
#818 = LINE('',#819,#820);
#819 = CARTESIAN_POINT('',(38.175,18.35625,10.98125));
#820 = VECTOR('',#821,1.);
#821 = DIRECTION('',(0.,0.707106781187,0.707106781187));
#822 = ORIENTED_EDGE('',*,*,#78,.T.);
#823 = PLANE('',#824);
#824 = AXIS2_PLACEMENT_3D('',#825,#826,#827);
#825 = CARTESIAN_POINT('',(-1.592762471169E-16,8.475,1.1));
#826 = DIRECTION('',(0.,0.707106781187,-0.707106781187));
#827 = DIRECTION('',(0.,0.707106781187,0.707106781187));
#828 = ADVANCED_FACE('',(#829),#864,.T.);
#829 = FACE_BOUND('',#830,.T.);
#830 = EDGE_LOOP('',(#831,#841,#847,#848,#849,#850,#858));
#831 = ORIENTED_EDGE('',*,*,#832,.F.);
#832 = EDGE_CURVE('',#833,#835,#837,.T.);
#833 = VERTEX_POINT('',#834);
#834 = CARTESIAN_POINT('',(-37.075,28.625,1.));
#835 = VERTEX_POINT('',#836);
#836 = CARTESIAN_POINT('',(-37.075,28.625,5.6));
#837 = LINE('',#838,#839);
#838 = CARTESIAN_POINT('',(-37.075,28.625,0.));
#839 = VECTOR('',#840,1.);
#840 = DIRECTION('',(0.,0.,1.));
#841 = ORIENTED_EDGE('',*,*,#842,.F.);
#842 = EDGE_CURVE('',#62,#833,#843,.T.);
#843 = LINE('',#844,#845);
#844 = CARTESIAN_POINT('',(-37.075,27.625,0.));
#845 = VECTOR('',#846,1.);
#846 = DIRECTION('',(0.,0.707106781187,0.707106781187));
#847 = ORIENTED_EDGE('',*,*,#61,.T.);
#848 = ORIENTED_EDGE('',*,*,#557,.T.);
#849 = ORIENTED_EDGE('',*,*,#657,.F.);
#850 = ORIENTED_EDGE('',*,*,#851,.T.);
#851 = EDGE_CURVE('',#650,#852,#854,.T.);
#852 = VERTEX_POINT('',#853);
#853 = CARTESIAN_POINT('',(-37.075,46.2,5.6));
#854 = LINE('',#855,#856);
#855 = CARTESIAN_POINT('',(-37.075,46.2,2.2));
#856 = VECTOR('',#857,1.);
#857 = DIRECTION('',(0.,0.,1.));
#858 = ORIENTED_EDGE('',*,*,#859,.T.);
#859 = EDGE_CURVE('',#852,#835,#860,.T.);
#860 = LINE('',#861,#862);
#861 = CARTESIAN_POINT('',(-37.075,29.639583573192,5.6));
#862 = VECTOR('',#863,1.);
#863 = DIRECTION('',(0.,-1.,0.));
#864 = PLANE('',#865);
#865 = AXIS2_PLACEMENT_3D('',#866,#867,#868);
#866 = CARTESIAN_POINT('',(-37.075,37.127045525957,2.721432995258));
#867 = DIRECTION('',(1.,0.,2.223485756737E-16));
#868 = DIRECTION('',(-2.223485756737E-16,0.,1.));
#869 = ADVANCED_FACE('',(#870),#978,.F.);
#870 = FACE_BOUND('',#871,.F.);
#871 = EDGE_LOOP('',(#872,#873,#881,#887,#888,#889));
#872 = ORIENTED_EDGE('',*,*,#190,.F.);
#873 = ORIENTED_EDGE('',*,*,#874,.T.);
#874 = EDGE_CURVE('',#183,#875,#877,.T.);
#875 = VERTEX_POINT('',#876);
#876 = CARTESIAN_POINT('',(-27.075,28.625,1.));
#877 = LINE('',#878,#879);
#878 = CARTESIAN_POINT('',(-27.075,27.625,0.));
#879 = VECTOR('',#880,1.);
#880 = DIRECTION('',(0.,0.707106781187,0.707106781187));
#881 = ORIENTED_EDGE('',*,*,#882,.F.);
#882 = EDGE_CURVE('',#833,#875,#883,.T.);
#883 = LINE('',#884,#885);
#884 = CARTESIAN_POINT('',(-13.5375,28.625,1.));
#885 = VECTOR('',#886,1.);
#886 = DIRECTION('',(1.,0.,0.));
#887 = ORIENTED_EDGE('',*,*,#842,.F.);
#888 = ORIENTED_EDGE('',*,*,#216,.F.);
#889 = ORIENTED_EDGE('',*,*,#890,.F.);
#890 = EDGE_CURVE('',#191,#208,#891,.T.);
#891 = B_SPLINE_CURVE_WITH_KNOTS('',8,(#892,#893,#894,#895,#896,#897,
    #898,#899,#900,#901,#902,#903,#904,#905,#906,#907,#908,#909,#910,
    #911,#912,#913,#914,#915,#916,#917,#918,#919,#920,#921,#922,#923,
    #924,#925,#926,#927,#928,#929,#930,#931,#932,#933,#934,#935,#936,
    #937,#938,#939,#940,#941,#942,#943,#944,#945,#946,#947,#948,#949,
    #950,#951,#952,#953,#954,#955,#956,#957,#958,#959,#960,#961,#962,
    #963,#964,#965,#966,#967,#968,#969,#970,#971,#972,#973,#974,#975,
    #976,#977),.UNSPECIFIED.,.F.,.F.,(9,7,7,7,7,7,7,7,7,7,7,7,9),(0.,
    2.840884962949E-02,0.269159319028,0.353655630421,0.4010940186,
    0.498572752763,0.592993031981,0.640260552495,0.72735857796,
    0.86909476715,0.93432609067,0.965943325176,1.),.UNSPECIFIED.);
#892 = CARTESIAN_POINT('',(-31.60032004609,27.625,0.));
#893 = CARTESIAN_POINT('',(-31.60489778426,27.631896298684,
    6.896298684129E-03));
#894 = CARTESIAN_POINT('',(-31.60970016828,27.639025810093,
    1.402581009323E-02));
#895 = CARTESIAN_POINT('',(-31.61463854453,27.646240910209,
    2.124091020943E-02));
#896 = CARTESIAN_POINT('',(-31.61965125092,27.65344652333,
    2.844652332999E-02));
#897 = CARTESIAN_POINT('',(-31.62470495541,27.66059663765,
    3.559663764957E-02));
#898 = CARTESIAN_POINT('',(-31.62979912248,27.667694156134,
    4.269415613358E-02));
#899 = CARTESIAN_POINT('',(-31.63497094398,27.674790888672,
    4.979088867226E-02));
#900 = CARTESIAN_POINT('',(-31.68544274601,27.742946595966,
    0.117946595966));
#901 = CARTESIAN_POINT('',(-31.73547018336,27.80239729472,0.17739729472)
  );
#902 = CARTESIAN_POINT('',(-31.79056381705,27.860110868091,
    0.235110868091));
#903 = CARTESIAN_POINT('',(-31.85090690288,27.915759302544,
    0.290759302544));
#904 = CARTESIAN_POINT('',(-31.91665829303,27.968918317965,
    0.343918317965));
#905 = CARTESIAN_POINT('',(-31.98792953775,28.019073206409,
    0.394073206409));
#906 = CARTESIAN_POINT('',(-32.06476331381,28.065624482322,
    0.440624482322));
#907 = CARTESIAN_POINT('',(-32.17601555302,28.122728467623,
    0.497728467623));
#908 = CARTESIAN_POINT('',(-32.20558860143,28.137031538377,
    0.512031538377));
#909 = CARTESIAN_POINT('',(-32.23582541529,28.150771730993,
    0.525771730993));
#910 = CARTESIAN_POINT('',(-32.26671541344,28.163916437222,
    0.538916437222));
#911 = CARTESIAN_POINT('',(-32.29824380828,28.176431828447,
    0.551431828447));
#912 = CARTESIAN_POINT('',(-32.33039107068,28.18828341806,0.56328341806)
  );
#913 = CARTESIAN_POINT('',(-32.36313239492,28.199436623831,
    0.574436623831));
#914 = CARTESIAN_POINT('',(-32.41513531186,28.215707781152,
    0.590707781152));
#915 = CARTESIAN_POINT('',(-32.43401095246,28.2213273845,0.5963273845));
#916 = CARTESIAN_POINT('',(-32.45305858075,28.226709984224,
    0.601709984224));
#917 = CARTESIAN_POINT('',(-32.47227207429,28.231849599874,
    0.606849599874));
#918 = CARTESIAN_POINT('',(-32.49164469293,28.236740426669,
    0.611740426669));
#919 = CARTESIAN_POINT('',(-32.51116907881,28.24137683549,0.61637683549)
  );
#920 = CARTESIAN_POINT('',(-32.5308372564,28.245753372882,0.620753372882
    ));
#921 = CARTESIAN_POINT('',(-32.5913335839,28.25831304376,0.63331304376)
  );
#922 = CARTESIAN_POINT('',(-32.6326018536,28.265642881712,0.640642881712
    ));
#923 = CARTESIAN_POINT('',(-32.6743651625,28.271807962491,0.646807962491
    ));
#924 = CARTESIAN_POINT('',(-32.71653622448,28.276768745302,
    0.651768745302));
#925 = CARTESIAN_POINT('',(-32.75902087242,28.280493775061,
    0.655493775061));
#926 = CARTESIAN_POINT('',(-32.8017181843,28.282960996495,0.657960996495
    ));
#927 = CARTESIAN_POINT('',(-32.84452060932,28.284159068227,
    0.659159068227));
#928 = CARTESIAN_POINT('',(-32.92876490692,28.284020494095,
    0.659020494095));
#929 = CARTESIAN_POINT('',(-32.97021418195,28.282762191397,
    0.657762191397));
#930 = CARTESIAN_POINT('',(-33.01155861536,28.280313993294,
    0.655313993294));
#931 = CARTESIAN_POINT('',(-33.05270066544,28.276686653518,
    0.651686653518));
#932 = CARTESIAN_POINT('',(-33.09354865743,28.271900329003,
    0.646900329003));
#933 = CARTESIAN_POINT('',(-33.13401688836,28.265983453848,
    0.640983453848));
#934 = CARTESIAN_POINT('',(-33.17402573195,28.258971613299,
    0.633971613299));
#935 = CARTESIAN_POINT('',(-33.23326373956,28.246868918556,
    0.621868918556));
#936 = CARTESIAN_POINT('',(-33.25289315647,28.242567198274,
    0.617567198274));
#937 = CARTESIAN_POINT('',(-33.27238139307,28.238006431004,
    0.613006431004));
#938 = CARTESIAN_POINT('',(-33.29172045757,28.233191971687,
    0.608191971687));
#939 = CARTESIAN_POINT('',(-33.31090296761,28.228129356071,
    0.603129356071));
#940 = CARTESIAN_POINT('',(-33.32992215024,28.222824300708,
    0.597824300708));
#941 = CARTESIAN_POINT('',(-33.3487718419,28.217282702957,0.592282702957
    ));
#942 = CARTESIAN_POINT('',(-33.40185753487,28.200874686408,
    0.575874686408));
#943 = CARTESIAN_POINT('',(-33.43567383795,28.18945610409,0.56445610409)
  );
#944 = CARTESIAN_POINT('',(-33.46886123299,28.177292192551,
    0.552292192551));
#945 = CARTESIAN_POINT('',(-33.5013921588,28.164420836123,0.539420836123
    ));
#946 = CARTESIAN_POINT('',(-33.53324503632,28.150879848486,
    0.525879848486));
#947 = CARTESIAN_POINT('',(-33.56440364728,28.136706316213,
    0.511706316213));
#948 = CARTESIAN_POINT('',(-33.59485651281,28.121935942312,
    0.496935942312));
#949 = CARTESIAN_POINT('',(-33.67299231912,28.081649822893,
    0.456649822893));
#950 = CARTESIAN_POINT('',(-33.71949385806,28.055208990924,
    0.430208990924));
#951 = CARTESIAN_POINT('',(-33.76407734767,28.027422706135,
    0.402422706135));
#952 = CARTESIAN_POINT('',(-33.80673654736,27.998423989145,
    0.373423989145));
#953 = CARTESIAN_POINT('',(-33.8474796565,27.968334745919,0.343334745919
    ));
#954 = CARTESIAN_POINT('',(-33.88632645384,27.93726444477,0.31226444477)
  );
#955 = CARTESIAN_POINT('',(-33.92330543691,27.905308793365,
    0.280308793365));
#956 = CARTESIAN_POINT('',(-33.97462600523,27.857471089287,
    0.232471089287));
#957 = CARTESIAN_POINT('',(-33.99041205274,27.842223929652,
    0.217223929652));
#958 = CARTESIAN_POINT('',(-34.00581218352,27.826815171346,
    0.201815171346));
#959 = CARTESIAN_POINT('',(-34.02082952151,27.811252648047,
    0.186252648047));
#960 = CARTESIAN_POINT('',(-34.03546723501,27.795543792584,
    0.170543792584));
#961 = CARTESIAN_POINT('',(-34.04972853663,27.779695636938,
    0.154695636938));
#962 = CARTESIAN_POINT('',(-34.06361668333,27.763714812241,
    0.138714812241));
#963 = CARTESIAN_POINT('',(-34.08368721268,27.739800453983,
    0.114800453983));
#964 = CARTESIAN_POINT('',(-34.09012747557,27.731993554198,
    0.106993554198));
#965 = CARTESIAN_POINT('',(-34.09645821487,27.724186841558,
    9.918684155786E-02));
#966 = CARTESIAN_POINT('',(-34.10268175912,27.716380308517,
    9.13803085166E-02));
#967 = CARTESIAN_POINT('',(-34.1088003157,27.708573947846,
    8.357394784644E-02));
#968 = CARTESIAN_POINT('',(-34.11481597075,27.700767752637,
    7.576775263689E-02));
#969 = CARTESIAN_POINT('',(-34.12073068925,27.692961716295,
    6.796171629496E-02));
#970 = CARTESIAN_POINT('',(-34.13281064758,27.676747682726,
    5.174768272642E-02));
#971 = CARTESIAN_POINT('',(-34.13805813725,27.669550240022,
    4.455024002249E-02));
#972 = CARTESIAN_POINT('',(-34.14324686471,27.662358321112,
    3.735832111176E-02));
#973 = CARTESIAN_POINT('',(-34.1488170607,27.654518558563,
    2.951855856255E-02));
#974 = CARTESIAN_POINT('',(-34.15479026015,27.645974544907,
    2.097454490652E-02));
#975 = CARTESIAN_POINT('',(-34.16069831145,27.637277597897,
    1.227759789696E-02));
#976 = CARTESIAN_POINT('',(-34.16578977929,27.62965530585,
    4.655305850097E-03));
#977 = CARTESIAN_POINT('',(-34.1688799539,27.625,0.));
#978 = PLANE('',#979);
#979 = AXIS2_PLACEMENT_3D('',#980,#981,#982);
#980 = CARTESIAN_POINT('',(-27.075,27.625,0.));
#981 = DIRECTION('',(0.,-0.707106781187,0.707106781187));
#982 = DIRECTION('',(-1.,0.,0.));
#983 = ADVANCED_FACE('',(#984),#1005,.F.);
#984 = FACE_BOUND('',#985,.F.);
#985 = EDGE_LOOP('',(#986,#987,#995,#1002,#1003,#1004));
#986 = ORIENTED_EDGE('',*,*,#207,.F.);
#987 = ORIENTED_EDGE('',*,*,#988,.T.);
#988 = EDGE_CURVE('',#199,#989,#991,.T.);
#989 = VERTEX_POINT('',#990);
#990 = CARTESIAN_POINT('',(-31.3846,26.33,5.2));
#991 = LINE('',#992,#993);
#992 = CARTESIAN_POINT('',(-31.3846,26.85,0.));
#993 = VECTOR('',#994,1.);
#994 = DIRECTION('',(0.,-9.9503719021E-02,0.99503719021));
#995 = ORIENTED_EDGE('',*,*,#996,.T.);
#996 = EDGE_CURVE('',#989,#989,#997,.T.);
#997 = CIRCLE('',#998,1.5);
#998 = AXIS2_PLACEMENT_3D('',#999,#1000,#1001);
#999 = CARTESIAN_POINT('',(-32.8846,26.33,5.2));
#1000 = DIRECTION('',(0.,0.,-1.));
#1001 = DIRECTION('',(1.,0.,0.));
#1002 = ORIENTED_EDGE('',*,*,#988,.F.);
#1003 = ORIENTED_EDGE('',*,*,#198,.F.);
#1004 = ORIENTED_EDGE('',*,*,#890,.T.);
#1005 = SURFACE_OF_LINEAR_EXTRUSION('',#1006,#1011);
#1006 = CIRCLE('',#1007,1.5);
#1007 = AXIS2_PLACEMENT_3D('',#1008,#1009,#1010);
#1008 = CARTESIAN_POINT('',(-32.8846,26.85,0.));
#1009 = DIRECTION('',(0.,0.,-1.));
#1010 = DIRECTION('',(1.,0.,0.));
#1011 = VECTOR('',#1012,1.);
#1012 = DIRECTION('',(0.,9.9503719021E-02,-0.99503719021));
#1013 = ADVANCED_FACE('',(#1014),#1024,.F.);
#1014 = FACE_BOUND('',#1015,.F.);
#1015 = EDGE_LOOP('',(#1016,#1017,#1023));
#1016 = ORIENTED_EDGE('',*,*,#182,.F.);
#1017 = ORIENTED_EDGE('',*,*,#1018,.F.);
#1018 = EDGE_CURVE('',#875,#175,#1019,.T.);
#1019 = LINE('',#1020,#1021);
#1020 = CARTESIAN_POINT('',(-27.075,28.625,1.4));
#1021 = VECTOR('',#1022,1.);
#1022 = DIRECTION('',(0.,0.,-1.));
#1023 = ORIENTED_EDGE('',*,*,#874,.F.);
#1024 = PLANE('',#1025);
#1025 = AXIS2_PLACEMENT_3D('',#1026,#1027,#1028);
#1026 = CARTESIAN_POINT('',(-27.075,31.625,0.));
#1027 = DIRECTION('',(1.,0.,0.));
#1028 = DIRECTION('',(0.,-1.,0.));
#1029 = ADVANCED_FACE('',(#1030),#1096,.T.);
#1030 = FACE_BOUND('',#1031,.T.);
#1031 = EDGE_LOOP('',(#1032,#1040,#1041,#1049,#1057,#1063,#1064,#1072,
    #1080,#1086,#1087,#1088,#1089,#1090));
#1032 = ORIENTED_EDGE('',*,*,#1033,.F.);
#1033 = EDGE_CURVE('',#103,#1034,#1036,.T.);
#1034 = VERTEX_POINT('',#1035);
#1035 = CARTESIAN_POINT('',(37.075,28.625,5.6));
#1036 = LINE('',#1037,#1038);
#1037 = CARTESIAN_POINT('',(37.075,28.625,0.));
#1038 = VECTOR('',#1039,1.);
#1039 = DIRECTION('',(0.,0.,1.));
#1040 = ORIENTED_EDGE('',*,*,#110,.T.);
#1041 = ORIENTED_EDGE('',*,*,#1042,.F.);
#1042 = EDGE_CURVE('',#1043,#111,#1045,.T.);
#1043 = VERTEX_POINT('',#1044);
#1044 = CARTESIAN_POINT('',(31.075,28.625,1.));
#1045 = LINE('',#1046,#1047);
#1046 = CARTESIAN_POINT('',(31.075,28.625,1.4));
#1047 = VECTOR('',#1048,1.);
#1048 = DIRECTION('',(0.,0.,-1.));
#1049 = ORIENTED_EDGE('',*,*,#1050,.F.);
#1050 = EDGE_CURVE('',#1051,#1043,#1053,.T.);
#1051 = VERTEX_POINT('',#1052);
#1052 = CARTESIAN_POINT('',(17.075,28.625,1.));
#1053 = LINE('',#1054,#1055);
#1054 = CARTESIAN_POINT('',(15.5375,28.625,1.));
#1055 = VECTOR('',#1056,1.);
#1056 = DIRECTION('',(1.,0.,0.));
#1057 = ORIENTED_EDGE('',*,*,#1058,.F.);
#1058 = EDGE_CURVE('',#135,#1051,#1059,.T.);
#1059 = LINE('',#1060,#1061);
#1060 = CARTESIAN_POINT('',(17.075,28.625,1.4));
#1061 = VECTOR('',#1062,1.);
#1062 = DIRECTION('',(0.,0.,1.));
#1063 = ORIENTED_EDGE('',*,*,#142,.T.);
#1064 = ORIENTED_EDGE('',*,*,#1065,.T.);
#1065 = EDGE_CURVE('',#143,#1066,#1068,.T.);
#1066 = VERTEX_POINT('',#1067);
#1067 = CARTESIAN_POINT('',(10.,28.625,1.6));
#1068 = LINE('',#1069,#1070);
#1069 = CARTESIAN_POINT('',(10.,28.625,0.));
#1070 = VECTOR('',#1071,1.);
#1071 = DIRECTION('',(0.,0.,1.));
#1072 = ORIENTED_EDGE('',*,*,#1073,.F.);
#1073 = EDGE_CURVE('',#1074,#1066,#1076,.T.);
#1074 = VERTEX_POINT('',#1075);
#1075 = CARTESIAN_POINT('',(-10.,28.625,1.6));
#1076 = LINE('',#1077,#1078);
#1077 = CARTESIAN_POINT('',(-10.,28.625,1.6));
#1078 = VECTOR('',#1079,1.);
#1079 = DIRECTION('',(1.,0.,0.));
#1080 = ORIENTED_EDGE('',*,*,#1081,.F.);
#1081 = EDGE_CURVE('',#167,#1074,#1082,.T.);
#1082 = LINE('',#1083,#1084);
#1083 = CARTESIAN_POINT('',(-10.,28.625,0.));
#1084 = VECTOR('',#1085,1.);
#1085 = DIRECTION('',(0.,0.,1.));
#1086 = ORIENTED_EDGE('',*,*,#174,.T.);
#1087 = ORIENTED_EDGE('',*,*,#1018,.F.);
#1088 = ORIENTED_EDGE('',*,*,#882,.F.);
#1089 = ORIENTED_EDGE('',*,*,#832,.T.);
#1090 = ORIENTED_EDGE('',*,*,#1091,.T.);
#1091 = EDGE_CURVE('',#835,#1034,#1092,.T.);
#1092 = LINE('',#1093,#1094);
#1093 = CARTESIAN_POINT('',(18.5375,28.625,5.6));
#1094 = VECTOR('',#1095,1.);
#1095 = DIRECTION('',(1.,0.,0.));
#1096 = PLANE('',#1097);
#1097 = AXIS2_PLACEMENT_3D('',#1098,#1099,#1100);
#1098 = CARTESIAN_POINT('',(8.375049173849E-15,28.625,2.8));
#1099 = DIRECTION('',(0.,1.,0.));
#1100 = DIRECTION('',(0.,0.,1.));
#1101 = ADVANCED_FACE('',(#1102),#1120,.F.);
#1102 = FACE_BOUND('',#1103,.F.);
#1103 = EDGE_LOOP('',(#1104,#1112,#1118,#1119));
#1104 = ORIENTED_EDGE('',*,*,#1105,.T.);
#1105 = EDGE_CURVE('',#159,#1106,#1108,.T.);
#1106 = VERTEX_POINT('',#1107);
#1107 = CARTESIAN_POINT('',(-10.,26.125,1.6));
#1108 = LINE('',#1109,#1110);
#1109 = CARTESIAN_POINT('',(-10.,26.125,0.));
#1110 = VECTOR('',#1111,1.);
#1111 = DIRECTION('',(0.,0.,1.));
#1112 = ORIENTED_EDGE('',*,*,#1113,.T.);
#1113 = EDGE_CURVE('',#1106,#1074,#1114,.T.);
#1114 = LINE('',#1115,#1116);
#1115 = CARTESIAN_POINT('',(-10.,26.125,1.6));
#1116 = VECTOR('',#1117,1.);
#1117 = DIRECTION('',(0.,1.,0.));
#1118 = ORIENTED_EDGE('',*,*,#1081,.F.);
#1119 = ORIENTED_EDGE('',*,*,#166,.F.);
#1120 = PLANE('',#1121);
#1121 = AXIS2_PLACEMENT_3D('',#1122,#1123,#1124);
#1122 = CARTESIAN_POINT('',(-10.,26.125,0.));
#1123 = DIRECTION('',(-1.,0.,0.));
#1124 = DIRECTION('',(0.,1.,0.));
#1125 = ADVANCED_FACE('',(#1126),#1144,.F.);
#1126 = FACE_BOUND('',#1127,.F.);
#1127 = EDGE_LOOP('',(#1128,#1136,#1142,#1143));
#1128 = ORIENTED_EDGE('',*,*,#1129,.T.);
#1129 = EDGE_CURVE('',#151,#1130,#1132,.T.);
#1130 = VERTEX_POINT('',#1131);
#1131 = CARTESIAN_POINT('',(10.,26.125,1.6));
#1132 = LINE('',#1133,#1134);
#1133 = CARTESIAN_POINT('',(10.,26.125,0.));
#1134 = VECTOR('',#1135,1.);
#1135 = DIRECTION('',(0.,0.,1.));
#1136 = ORIENTED_EDGE('',*,*,#1137,.T.);
#1137 = EDGE_CURVE('',#1130,#1106,#1138,.T.);
#1138 = LINE('',#1139,#1140);
#1139 = CARTESIAN_POINT('',(10.,26.125,1.6));
#1140 = VECTOR('',#1141,1.);
#1141 = DIRECTION('',(-1.,0.,0.));
#1142 = ORIENTED_EDGE('',*,*,#1105,.F.);
#1143 = ORIENTED_EDGE('',*,*,#158,.F.);
#1144 = PLANE('',#1145);
#1145 = AXIS2_PLACEMENT_3D('',#1146,#1147,#1148);
#1146 = CARTESIAN_POINT('',(10.,26.125,0.));
#1147 = DIRECTION('',(0.,-1.,0.));
#1148 = DIRECTION('',(-1.,0.,0.));
#1149 = ADVANCED_FACE('',(#1150),#1161,.F.);
#1150 = FACE_BOUND('',#1151,.F.);
#1151 = EDGE_LOOP('',(#1152,#1153,#1159,#1160));
#1152 = ORIENTED_EDGE('',*,*,#1065,.T.);
#1153 = ORIENTED_EDGE('',*,*,#1154,.T.);
#1154 = EDGE_CURVE('',#1066,#1130,#1155,.T.);
#1155 = LINE('',#1156,#1157);
#1156 = CARTESIAN_POINT('',(10.,28.625,1.6));
#1157 = VECTOR('',#1158,1.);
#1158 = DIRECTION('',(0.,-1.,0.));
#1159 = ORIENTED_EDGE('',*,*,#1129,.F.);
#1160 = ORIENTED_EDGE('',*,*,#150,.F.);
#1161 = PLANE('',#1162);
#1162 = AXIS2_PLACEMENT_3D('',#1163,#1164,#1165);
#1163 = CARTESIAN_POINT('',(10.,28.625,0.));
#1164 = DIRECTION('',(1.,0.,0.));
#1165 = DIRECTION('',(0.,-1.,0.));
#1166 = ADVANCED_FACE('',(#1167),#1177,.F.);
#1167 = FACE_BOUND('',#1168,.F.);
#1168 = EDGE_LOOP('',(#1169,#1170,#1176));
#1169 = ORIENTED_EDGE('',*,*,#134,.F.);
#1170 = ORIENTED_EDGE('',*,*,#1171,.T.);
#1171 = EDGE_CURVE('',#127,#1051,#1172,.T.);
#1172 = LINE('',#1173,#1174);
#1173 = CARTESIAN_POINT('',(17.075,27.625,0.));
#1174 = VECTOR('',#1175,1.);
#1175 = DIRECTION('',(0.,0.707106781187,0.707106781187));
#1176 = ORIENTED_EDGE('',*,*,#1058,.F.);
#1177 = PLANE('',#1178);
#1178 = AXIS2_PLACEMENT_3D('',#1179,#1180,#1181);
#1179 = CARTESIAN_POINT('',(17.075,27.625,0.));
#1180 = DIRECTION('',(-1.,0.,0.));
#1181 = DIRECTION('',(0.,1.,0.));
#1182 = ADVANCED_FACE('',(#1183),#1194,.F.);
#1183 = FACE_BOUND('',#1184,.F.);
#1184 = EDGE_LOOP('',(#1185,#1186,#1192,#1193));
#1185 = ORIENTED_EDGE('',*,*,#126,.F.);
#1186 = ORIENTED_EDGE('',*,*,#1187,.T.);
#1187 = EDGE_CURVE('',#119,#1043,#1188,.T.);
#1188 = LINE('',#1189,#1190);
#1189 = CARTESIAN_POINT('',(31.075,27.625,0.));
#1190 = VECTOR('',#1191,1.);
#1191 = DIRECTION('',(0.,0.707106781187,0.707106781187));
#1192 = ORIENTED_EDGE('',*,*,#1050,.F.);
#1193 = ORIENTED_EDGE('',*,*,#1171,.F.);
#1194 = PLANE('',#1195);
#1195 = AXIS2_PLACEMENT_3D('',#1196,#1197,#1198);
#1196 = CARTESIAN_POINT('',(31.075,27.625,0.));
#1197 = DIRECTION('',(0.,-0.707106781187,0.707106781187));
#1198 = DIRECTION('',(-1.,0.,0.));
#1199 = ADVANCED_FACE('',(#1200),#1205,.F.);
#1200 = FACE_BOUND('',#1201,.F.);
#1201 = EDGE_LOOP('',(#1202,#1203,#1204));
#1202 = ORIENTED_EDGE('',*,*,#118,.F.);
#1203 = ORIENTED_EDGE('',*,*,#1042,.F.);
#1204 = ORIENTED_EDGE('',*,*,#1187,.F.);
#1205 = PLANE('',#1206);
#1206 = AXIS2_PLACEMENT_3D('',#1207,#1208,#1209);
#1207 = CARTESIAN_POINT('',(31.075,31.625,0.));
#1208 = DIRECTION('',(1.,0.,0.));
#1209 = DIRECTION('',(0.,-1.,0.));
#1210 = ADVANCED_FACE('',(#1211),#1236,.T.);
#1211 = FACE_BOUND('',#1212,.T.);
#1212 = EDGE_LOOP('',(#1213,#1221,#1222,#1228,#1229,#1230));
#1213 = ORIENTED_EDGE('',*,*,#1214,.F.);
#1214 = EDGE_CURVE('',#690,#1215,#1217,.T.);
#1215 = VERTEX_POINT('',#1216);
#1216 = CARTESIAN_POINT('',(37.075,46.2,5.6));
#1217 = LINE('',#1218,#1219);
#1218 = CARTESIAN_POINT('',(37.075,46.2,0.));
#1219 = VECTOR('',#1220,1.);
#1220 = DIRECTION('',(0.,0.,1.));
#1221 = ORIENTED_EDGE('',*,*,#689,.F.);
#1222 = ORIENTED_EDGE('',*,*,#1223,.F.);
#1223 = EDGE_CURVE('',#95,#682,#1224,.T.);
#1224 = LINE('',#1225,#1226);
#1225 = CARTESIAN_POINT('',(37.075,44.7,2.5));
#1226 = VECTOR('',#1227,1.);
#1227 = DIRECTION('',(0.,0.,1.));
#1228 = ORIENTED_EDGE('',*,*,#102,.T.);
#1229 = ORIENTED_EDGE('',*,*,#1033,.T.);
#1230 = ORIENTED_EDGE('',*,*,#1231,.T.);
#1231 = EDGE_CURVE('',#1034,#1215,#1232,.T.);
#1232 = LINE('',#1233,#1234);
#1233 = CARTESIAN_POINT('',(37.075,38.427083573191,5.6));
#1234 = VECTOR('',#1235,1.);
#1235 = DIRECTION('',(0.,1.,0.));
#1236 = PLANE('',#1237);
#1237 = AXIS2_PLACEMENT_3D('',#1238,#1239,#1240);
#1238 = CARTESIAN_POINT('',(37.075,37.4125,2.8));
#1239 = DIRECTION('',(-1.,-0.,-0.));
#1240 = DIRECTION('',(0.,0.,-1.));
#1241 = ADVANCED_FACE('',(#1242),#1253,.F.);
#1242 = FACE_BOUND('',#1243,.F.);
#1243 = EDGE_LOOP('',(#1244,#1245,#1246,#1247));
#1244 = ORIENTED_EDGE('',*,*,#681,.F.);
#1245 = ORIENTED_EDGE('',*,*,#1223,.F.);
#1246 = ORIENTED_EDGE('',*,*,#94,.T.);
#1247 = ORIENTED_EDGE('',*,*,#1248,.F.);
#1248 = EDGE_CURVE('',#674,#87,#1249,.T.);
#1249 = LINE('',#1250,#1251);
#1250 = CARTESIAN_POINT('',(38.175,44.7,2.2));
#1251 = VECTOR('',#1252,1.);
#1252 = DIRECTION('',(-0.,-0.,-1.));
#1253 = PLANE('',#1254);
#1254 = AXIS2_PLACEMENT_3D('',#1255,#1256,#1257);
#1255 = CARTESIAN_POINT('',(32.675,44.7,2.2));
#1256 = DIRECTION('',(0.,-1.,0.));
#1257 = DIRECTION('',(1.,0.,0.));
#1258 = ADVANCED_FACE('',(#1259),#1265,.T.);
#1259 = FACE_BOUND('',#1260,.T.);
#1260 = EDGE_LOOP('',(#1261,#1262,#1263,#1264));
#1261 = ORIENTED_EDGE('',*,*,#86,.F.);
#1262 = ORIENTED_EDGE('',*,*,#1248,.F.);
#1263 = ORIENTED_EDGE('',*,*,#673,.T.);
#1264 = ORIENTED_EDGE('',*,*,#817,.F.);
#1265 = PLANE('',#1266);
#1266 = AXIS2_PLACEMENT_3D('',#1267,#1268,#1269);
#1267 = CARTESIAN_POINT('',(38.175,49.1,0.));
#1268 = DIRECTION('',(1.,0.,0.));
#1269 = DIRECTION('',(0.,-1.,0.));
#1270 = ADVANCED_FACE('',(#1271),#1290,.F.);
#1271 = FACE_BOUND('',#1272,.F.);
#1272 = EDGE_LOOP('',(#1273,#1281,#1288,#1289));
#1273 = ORIENTED_EDGE('',*,*,#1274,.T.);
#1274 = EDGE_CURVE('',#225,#1275,#1277,.T.);
#1275 = VERTEX_POINT('',#1276);
#1276 = CARTESIAN_POINT('',(1.5,12.13,5.2));
#1277 = LINE('',#1278,#1279);
#1278 = CARTESIAN_POINT('',(1.5,12.65,0.));
#1279 = VECTOR('',#1280,1.);
#1280 = DIRECTION('',(0.,-9.9503719021E-02,0.99503719021));
#1281 = ORIENTED_EDGE('',*,*,#1282,.T.);
#1282 = EDGE_CURVE('',#1275,#1275,#1283,.T.);
#1283 = CIRCLE('',#1284,1.5);
#1284 = AXIS2_PLACEMENT_3D('',#1285,#1286,#1287);
#1285 = CARTESIAN_POINT('',(0.,12.13,5.2));
#1286 = DIRECTION('',(0.,0.,-1.));
#1287 = DIRECTION('',(1.,0.,0.));
#1288 = ORIENTED_EDGE('',*,*,#1274,.F.);
#1289 = ORIENTED_EDGE('',*,*,#224,.F.);
#1290 = SURFACE_OF_LINEAR_EXTRUSION('',#1291,#1296);
#1291 = CIRCLE('',#1292,1.5);
#1292 = AXIS2_PLACEMENT_3D('',#1293,#1294,#1295);
#1293 = CARTESIAN_POINT('',(0.,12.65,0.));
#1294 = DIRECTION('',(0.,0.,-1.));
#1295 = DIRECTION('',(1.,0.,0.));
#1296 = VECTOR('',#1297,1.);
#1297 = DIRECTION('',(0.,9.9503719021E-02,-0.99503719021));
#1298 = ADVANCED_FACE('',(#1299),#1324,.T.);
#1299 = FACE_BOUND('',#1300,.T.);
#1300 = EDGE_LOOP('',(#1301,#1309,#1317,#1323));
#1301 = ORIENTED_EDGE('',*,*,#1302,.T.);
#1302 = EDGE_CURVE('',#236,#1303,#1305,.T.);
#1303 = VERTEX_POINT('',#1304);
#1304 = CARTESIAN_POINT('',(-34.975,24.8,5.2));
#1305 = LINE('',#1306,#1307);
#1306 = CARTESIAN_POINT('',(-34.975,24.8,0.));
#1307 = VECTOR('',#1308,1.);
#1308 = DIRECTION('',(0.,0.,1.));
#1309 = ORIENTED_EDGE('',*,*,#1310,.T.);
#1310 = EDGE_CURVE('',#1303,#1311,#1313,.T.);
#1311 = VERTEX_POINT('',#1312);
#1312 = CARTESIAN_POINT('',(-34.975,11.2,5.2));
#1313 = LINE('',#1314,#1315);
#1314 = CARTESIAN_POINT('',(-34.975,24.8,5.2));
#1315 = VECTOR('',#1316,1.);
#1316 = DIRECTION('',(0.,-1.,0.));
#1317 = ORIENTED_EDGE('',*,*,#1318,.F.);
#1318 = EDGE_CURVE('',#238,#1311,#1319,.T.);
#1319 = LINE('',#1320,#1321);
#1320 = CARTESIAN_POINT('',(-34.975,11.2,0.));
#1321 = VECTOR('',#1322,1.);
#1322 = DIRECTION('',(0.,0.,1.));
#1323 = ORIENTED_EDGE('',*,*,#235,.F.);
#1324 = PLANE('',#1325);
#1325 = AXIS2_PLACEMENT_3D('',#1326,#1327,#1328);
#1326 = CARTESIAN_POINT('',(-34.975,24.8,0.));
#1327 = DIRECTION('',(1.,0.,0.));
#1328 = DIRECTION('',(0.,-1.,0.));
#1329 = ADVANCED_FACE('',(#1330),#1348,.T.);
#1330 = FACE_BOUND('',#1331,.T.);
#1331 = EDGE_LOOP('',(#1332,#1340,#1346,#1347));
#1332 = ORIENTED_EDGE('',*,*,#1333,.T.);
#1333 = EDGE_CURVE('',#246,#1334,#1336,.T.);
#1334 = VERTEX_POINT('',#1335);
#1335 = CARTESIAN_POINT('',(-22.175,24.8,5.2));
#1336 = LINE('',#1337,#1338);
#1337 = CARTESIAN_POINT('',(-22.175,24.8,0.));
#1338 = VECTOR('',#1339,1.);
#1339 = DIRECTION('',(0.,0.,1.));
#1340 = ORIENTED_EDGE('',*,*,#1341,.T.);
#1341 = EDGE_CURVE('',#1334,#1303,#1342,.T.);
#1342 = LINE('',#1343,#1344);
#1343 = CARTESIAN_POINT('',(-22.175,24.8,5.2));
#1344 = VECTOR('',#1345,1.);
#1345 = DIRECTION('',(-1.,0.,0.));
#1346 = ORIENTED_EDGE('',*,*,#1302,.F.);
#1347 = ORIENTED_EDGE('',*,*,#245,.F.);
#1348 = PLANE('',#1349);
#1349 = AXIS2_PLACEMENT_3D('',#1350,#1351,#1352);
#1350 = CARTESIAN_POINT('',(-22.175,24.8,0.));
#1351 = DIRECTION('',(0.,-1.,0.));
#1352 = DIRECTION('',(-1.,0.,0.));
#1353 = ADVANCED_FACE('',(#1354),#1395,.T.);
#1354 = FACE_BOUND('',#1355,.T.);
#1355 = EDGE_LOOP('',(#1356,#1357,#1358,#1366,#1372,#1373,#1381,#1389));
#1356 = ORIENTED_EDGE('',*,*,#293,.F.);
#1357 = ORIENTED_EDGE('',*,*,#1318,.T.);
#1358 = ORIENTED_EDGE('',*,*,#1359,.T.);
#1359 = EDGE_CURVE('',#1311,#1360,#1362,.T.);
#1360 = VERTEX_POINT('',#1361);
#1361 = CARTESIAN_POINT('',(-22.175,11.2,5.2));
#1362 = LINE('',#1363,#1364);
#1363 = CARTESIAN_POINT('',(-34.975,11.2,5.2));
#1364 = VECTOR('',#1365,1.);
#1365 = DIRECTION('',(1.,0.,0.));
#1366 = ORIENTED_EDGE('',*,*,#1367,.F.);
#1367 = EDGE_CURVE('',#254,#1360,#1368,.T.);
#1368 = LINE('',#1369,#1370);
#1369 = CARTESIAN_POINT('',(-22.175,11.2,0.));
#1370 = VECTOR('',#1371,1.);
#1371 = DIRECTION('',(0.,0.,1.));
#1372 = ORIENTED_EDGE('',*,*,#261,.F.);
#1373 = ORIENTED_EDGE('',*,*,#1374,.T.);
#1374 = EDGE_CURVE('',#262,#1375,#1377,.T.);
#1375 = VERTEX_POINT('',#1376);
#1376 = CARTESIAN_POINT('',(-24.575,11.2,2.8));
#1377 = LINE('',#1378,#1379);
#1378 = CARTESIAN_POINT('',(-24.575,11.2,0.));
#1379 = VECTOR('',#1380,1.);
#1380 = DIRECTION('',(0.,0.,1.));
#1381 = ORIENTED_EDGE('',*,*,#1382,.T.);
#1382 = EDGE_CURVE('',#1375,#1383,#1385,.T.);
#1383 = VERTEX_POINT('',#1384);
#1384 = CARTESIAN_POINT('',(-32.575,11.2,2.8));
#1385 = LINE('',#1386,#1387);
#1386 = CARTESIAN_POINT('',(-24.575,11.2,2.8));
#1387 = VECTOR('',#1388,1.);
#1388 = DIRECTION('',(-1.,0.,0.));
#1389 = ORIENTED_EDGE('',*,*,#1390,.F.);
#1390 = EDGE_CURVE('',#286,#1383,#1391,.T.);
#1391 = LINE('',#1392,#1393);
#1392 = CARTESIAN_POINT('',(-32.575,11.2,0.));
#1393 = VECTOR('',#1394,1.);
#1394 = DIRECTION('',(0.,0.,1.));
#1395 = PLANE('',#1396);
#1396 = AXIS2_PLACEMENT_3D('',#1397,#1398,#1399);
#1397 = CARTESIAN_POINT('',(-34.975,11.2,0.));
#1398 = DIRECTION('',(0.,1.,0.));
#1399 = DIRECTION('',(1.,0.,0.));
#1400 = ADVANCED_FACE('',(#1401),#1412,.T.);
#1401 = FACE_BOUND('',#1402,.T.);
#1402 = EDGE_LOOP('',(#1403,#1404,#1410,#1411));
#1403 = ORIENTED_EDGE('',*,*,#1367,.T.);
#1404 = ORIENTED_EDGE('',*,*,#1405,.T.);
#1405 = EDGE_CURVE('',#1360,#1334,#1406,.T.);
#1406 = LINE('',#1407,#1408);
#1407 = CARTESIAN_POINT('',(-22.175,11.2,5.2));
#1408 = VECTOR('',#1409,1.);
#1409 = DIRECTION('',(0.,1.,0.));
#1410 = ORIENTED_EDGE('',*,*,#1333,.F.);
#1411 = ORIENTED_EDGE('',*,*,#253,.F.);
#1412 = PLANE('',#1413);
#1413 = AXIS2_PLACEMENT_3D('',#1414,#1415,#1416);
#1414 = CARTESIAN_POINT('',(-22.175,11.2,0.));
#1415 = DIRECTION('',(-1.,0.,0.));
#1416 = DIRECTION('',(0.,1.,0.));
#1417 = ADVANCED_FACE('',(#1418),#1436,.T.);
#1418 = FACE_BOUND('',#1419,.T.);
#1419 = EDGE_LOOP('',(#1420,#1421,#1429,#1435));
#1420 = ORIENTED_EDGE('',*,*,#1390,.T.);
#1421 = ORIENTED_EDGE('',*,*,#1422,.T.);
#1422 = EDGE_CURVE('',#1383,#1423,#1425,.T.);
#1423 = VERTEX_POINT('',#1424);
#1424 = CARTESIAN_POINT('',(-32.575,10.2,2.8));
#1425 = LINE('',#1426,#1427);
#1426 = CARTESIAN_POINT('',(-32.575,11.2,2.8));
#1427 = VECTOR('',#1428,1.);
#1428 = DIRECTION('',(0.,-1.,0.));
#1429 = ORIENTED_EDGE('',*,*,#1430,.F.);
#1430 = EDGE_CURVE('',#278,#1423,#1431,.T.);
#1431 = LINE('',#1432,#1433);
#1432 = CARTESIAN_POINT('',(-32.575,10.2,0.));
#1433 = VECTOR('',#1434,1.);
#1434 = DIRECTION('',(0.,0.,1.));
#1435 = ORIENTED_EDGE('',*,*,#285,.F.);
#1436 = PLANE('',#1437);
#1437 = AXIS2_PLACEMENT_3D('',#1438,#1439,#1440);
#1438 = CARTESIAN_POINT('',(-32.575,11.2,0.));
#1439 = DIRECTION('',(1.,0.,0.));
#1440 = DIRECTION('',(0.,-1.,0.));
#1441 = ADVANCED_FACE('',(#1442),#1460,.T.);
#1442 = FACE_BOUND('',#1443,.T.);
#1443 = EDGE_LOOP('',(#1444,#1445,#1453,#1459));
#1444 = ORIENTED_EDGE('',*,*,#1430,.T.);
#1445 = ORIENTED_EDGE('',*,*,#1446,.T.);
#1446 = EDGE_CURVE('',#1423,#1447,#1449,.T.);
#1447 = VERTEX_POINT('',#1448);
#1448 = CARTESIAN_POINT('',(-24.575,10.2,2.8));
#1449 = LINE('',#1450,#1451);
#1450 = CARTESIAN_POINT('',(-32.575,10.2,2.8));
#1451 = VECTOR('',#1452,1.);
#1452 = DIRECTION('',(1.,0.,0.));
#1453 = ORIENTED_EDGE('',*,*,#1454,.F.);
#1454 = EDGE_CURVE('',#270,#1447,#1455,.T.);
#1455 = LINE('',#1456,#1457);
#1456 = CARTESIAN_POINT('',(-24.575,10.2,0.));
#1457 = VECTOR('',#1458,1.);
#1458 = DIRECTION('',(0.,0.,1.));
#1459 = ORIENTED_EDGE('',*,*,#277,.F.);
#1460 = PLANE('',#1461);
#1461 = AXIS2_PLACEMENT_3D('',#1462,#1463,#1464);
#1462 = CARTESIAN_POINT('',(-32.575,10.2,0.));
#1463 = DIRECTION('',(0.,1.,0.));
#1464 = DIRECTION('',(1.,0.,0.));
#1465 = ADVANCED_FACE('',(#1466),#1477,.T.);
#1466 = FACE_BOUND('',#1467,.T.);
#1467 = EDGE_LOOP('',(#1468,#1469,#1475,#1476));
#1468 = ORIENTED_EDGE('',*,*,#1454,.T.);
#1469 = ORIENTED_EDGE('',*,*,#1470,.T.);
#1470 = EDGE_CURVE('',#1447,#1375,#1471,.T.);
#1471 = LINE('',#1472,#1473);
#1472 = CARTESIAN_POINT('',(-24.575,10.2,2.8));
#1473 = VECTOR('',#1474,1.);
#1474 = DIRECTION('',(0.,1.,0.));
#1475 = ORIENTED_EDGE('',*,*,#1374,.F.);
#1476 = ORIENTED_EDGE('',*,*,#269,.F.);
#1477 = PLANE('',#1478);
#1478 = AXIS2_PLACEMENT_3D('',#1479,#1480,#1481);
#1479 = CARTESIAN_POINT('',(-24.575,10.2,0.));
#1480 = DIRECTION('',(-1.,0.,0.));
#1481 = DIRECTION('',(0.,1.,0.));
#1482 = ADVANCED_FACE('',(#1483),#1508,.T.);
#1483 = FACE_BOUND('',#1484,.T.);
#1484 = EDGE_LOOP('',(#1485,#1493,#1501,#1507));
#1485 = ORIENTED_EDGE('',*,*,#1486,.T.);
#1486 = EDGE_CURVE('',#302,#1487,#1489,.T.);
#1487 = VERTEX_POINT('',#1488);
#1488 = CARTESIAN_POINT('',(-15.925,24.8,5.2));
#1489 = LINE('',#1490,#1491);
#1490 = CARTESIAN_POINT('',(-15.925,24.8,0.));
#1491 = VECTOR('',#1492,1.);
#1492 = DIRECTION('',(0.,0.,1.));
#1493 = ORIENTED_EDGE('',*,*,#1494,.T.);
#1494 = EDGE_CURVE('',#1487,#1495,#1497,.T.);
#1495 = VERTEX_POINT('',#1496);
#1496 = CARTESIAN_POINT('',(-15.925,11.2,5.2));
#1497 = LINE('',#1498,#1499);
#1498 = CARTESIAN_POINT('',(-15.925,24.8,5.2));
#1499 = VECTOR('',#1500,1.);
#1500 = DIRECTION('',(0.,-1.,0.));
#1501 = ORIENTED_EDGE('',*,*,#1502,.F.);
#1502 = EDGE_CURVE('',#304,#1495,#1503,.T.);
#1503 = LINE('',#1504,#1505);
#1504 = CARTESIAN_POINT('',(-15.925,11.2,0.));
#1505 = VECTOR('',#1506,1.);
#1506 = DIRECTION('',(0.,0.,1.));
#1507 = ORIENTED_EDGE('',*,*,#301,.F.);
#1508 = PLANE('',#1509);
#1509 = AXIS2_PLACEMENT_3D('',#1510,#1511,#1512);
#1510 = CARTESIAN_POINT('',(-15.925,24.8,0.));
#1511 = DIRECTION('',(1.,0.,0.));
#1512 = DIRECTION('',(0.,-1.,0.));
#1513 = ADVANCED_FACE('',(#1514),#1532,.T.);
#1514 = FACE_BOUND('',#1515,.T.);
#1515 = EDGE_LOOP('',(#1516,#1524,#1530,#1531));
#1516 = ORIENTED_EDGE('',*,*,#1517,.T.);
#1517 = EDGE_CURVE('',#312,#1518,#1520,.T.);
#1518 = VERTEX_POINT('',#1519);
#1519 = CARTESIAN_POINT('',(-3.125,24.8,5.2));
#1520 = LINE('',#1521,#1522);
#1521 = CARTESIAN_POINT('',(-3.125,24.8,0.));
#1522 = VECTOR('',#1523,1.);
#1523 = DIRECTION('',(0.,0.,1.));
#1524 = ORIENTED_EDGE('',*,*,#1525,.T.);
#1525 = EDGE_CURVE('',#1518,#1487,#1526,.T.);
#1526 = LINE('',#1527,#1528);
#1527 = CARTESIAN_POINT('',(-3.125,24.8,5.2));
#1528 = VECTOR('',#1529,1.);
#1529 = DIRECTION('',(-1.,0.,0.));
#1530 = ORIENTED_EDGE('',*,*,#1486,.F.);
#1531 = ORIENTED_EDGE('',*,*,#311,.F.);
#1532 = PLANE('',#1533);
#1533 = AXIS2_PLACEMENT_3D('',#1534,#1535,#1536);
#1534 = CARTESIAN_POINT('',(-3.125,24.8,0.));
#1535 = DIRECTION('',(0.,-1.,0.));
#1536 = DIRECTION('',(-1.,0.,0.));
#1537 = ADVANCED_FACE('',(#1538),#1579,.T.);
#1538 = FACE_BOUND('',#1539,.T.);
#1539 = EDGE_LOOP('',(#1540,#1541,#1542,#1550,#1556,#1557,#1565,#1573));
#1540 = ORIENTED_EDGE('',*,*,#359,.F.);
#1541 = ORIENTED_EDGE('',*,*,#1502,.T.);
#1542 = ORIENTED_EDGE('',*,*,#1543,.T.);
#1543 = EDGE_CURVE('',#1495,#1544,#1546,.T.);
#1544 = VERTEX_POINT('',#1545);
#1545 = CARTESIAN_POINT('',(-3.125,11.2,5.2));
#1546 = LINE('',#1547,#1548);
#1547 = CARTESIAN_POINT('',(-15.925,11.2,5.2));
#1548 = VECTOR('',#1549,1.);
#1549 = DIRECTION('',(1.,0.,0.));
#1550 = ORIENTED_EDGE('',*,*,#1551,.F.);
#1551 = EDGE_CURVE('',#320,#1544,#1552,.T.);
#1552 = LINE('',#1553,#1554);
#1553 = CARTESIAN_POINT('',(-3.125,11.2,0.));
#1554 = VECTOR('',#1555,1.);
#1555 = DIRECTION('',(0.,0.,1.));
#1556 = ORIENTED_EDGE('',*,*,#327,.F.);
#1557 = ORIENTED_EDGE('',*,*,#1558,.T.);
#1558 = EDGE_CURVE('',#328,#1559,#1561,.T.);
#1559 = VERTEX_POINT('',#1560);
#1560 = CARTESIAN_POINT('',(-5.525,11.2,2.8));
#1561 = LINE('',#1562,#1563);
#1562 = CARTESIAN_POINT('',(-5.525,11.2,0.));
#1563 = VECTOR('',#1564,1.);
#1564 = DIRECTION('',(0.,0.,1.));
#1565 = ORIENTED_EDGE('',*,*,#1566,.T.);
#1566 = EDGE_CURVE('',#1559,#1567,#1569,.T.);
#1567 = VERTEX_POINT('',#1568);
#1568 = CARTESIAN_POINT('',(-13.525,11.2,2.8));
#1569 = LINE('',#1570,#1571);
#1570 = CARTESIAN_POINT('',(-5.525,11.2,2.8));
#1571 = VECTOR('',#1572,1.);
#1572 = DIRECTION('',(-1.,0.,0.));
#1573 = ORIENTED_EDGE('',*,*,#1574,.F.);
#1574 = EDGE_CURVE('',#352,#1567,#1575,.T.);
#1575 = LINE('',#1576,#1577);
#1576 = CARTESIAN_POINT('',(-13.525,11.2,0.));
#1577 = VECTOR('',#1578,1.);
#1578 = DIRECTION('',(0.,0.,1.));
#1579 = PLANE('',#1580);
#1580 = AXIS2_PLACEMENT_3D('',#1581,#1582,#1583);
#1581 = CARTESIAN_POINT('',(-15.925,11.2,0.));
#1582 = DIRECTION('',(0.,1.,0.));
#1583 = DIRECTION('',(1.,0.,0.));
#1584 = ADVANCED_FACE('',(#1585),#1596,.T.);
#1585 = FACE_BOUND('',#1586,.T.);
#1586 = EDGE_LOOP('',(#1587,#1588,#1594,#1595));
#1587 = ORIENTED_EDGE('',*,*,#1551,.T.);
#1588 = ORIENTED_EDGE('',*,*,#1589,.T.);
#1589 = EDGE_CURVE('',#1544,#1518,#1590,.T.);
#1590 = LINE('',#1591,#1592);
#1591 = CARTESIAN_POINT('',(-3.125,11.2,5.2));
#1592 = VECTOR('',#1593,1.);
#1593 = DIRECTION('',(0.,1.,0.));
#1594 = ORIENTED_EDGE('',*,*,#1517,.F.);
#1595 = ORIENTED_EDGE('',*,*,#319,.F.);
#1596 = PLANE('',#1597);
#1597 = AXIS2_PLACEMENT_3D('',#1598,#1599,#1600);
#1598 = CARTESIAN_POINT('',(-3.125,11.2,0.));
#1599 = DIRECTION('',(-1.,0.,0.));
#1600 = DIRECTION('',(0.,1.,0.));
#1601 = ADVANCED_FACE('',(#1602),#1620,.T.);
#1602 = FACE_BOUND('',#1603,.T.);
#1603 = EDGE_LOOP('',(#1604,#1605,#1613,#1619));
#1604 = ORIENTED_EDGE('',*,*,#1574,.T.);
#1605 = ORIENTED_EDGE('',*,*,#1606,.T.);
#1606 = EDGE_CURVE('',#1567,#1607,#1609,.T.);
#1607 = VERTEX_POINT('',#1608);
#1608 = CARTESIAN_POINT('',(-13.525,10.2,2.8));
#1609 = LINE('',#1610,#1611);
#1610 = CARTESIAN_POINT('',(-13.525,11.2,2.8));
#1611 = VECTOR('',#1612,1.);
#1612 = DIRECTION('',(0.,-1.,0.));
#1613 = ORIENTED_EDGE('',*,*,#1614,.F.);
#1614 = EDGE_CURVE('',#344,#1607,#1615,.T.);
#1615 = LINE('',#1616,#1617);
#1616 = CARTESIAN_POINT('',(-13.525,10.2,0.));
#1617 = VECTOR('',#1618,1.);
#1618 = DIRECTION('',(0.,0.,1.));
#1619 = ORIENTED_EDGE('',*,*,#351,.F.);
#1620 = PLANE('',#1621);
#1621 = AXIS2_PLACEMENT_3D('',#1622,#1623,#1624);
#1622 = CARTESIAN_POINT('',(-13.525,11.2,0.));
#1623 = DIRECTION('',(1.,0.,0.));
#1624 = DIRECTION('',(0.,-1.,0.));
#1625 = ADVANCED_FACE('',(#1626),#1644,.T.);
#1626 = FACE_BOUND('',#1627,.T.);
#1627 = EDGE_LOOP('',(#1628,#1629,#1637,#1643));
#1628 = ORIENTED_EDGE('',*,*,#1614,.T.);
#1629 = ORIENTED_EDGE('',*,*,#1630,.T.);
#1630 = EDGE_CURVE('',#1607,#1631,#1633,.T.);
#1631 = VERTEX_POINT('',#1632);
#1632 = CARTESIAN_POINT('',(-5.525,10.2,2.8));
#1633 = LINE('',#1634,#1635);
#1634 = CARTESIAN_POINT('',(-13.525,10.2,2.8));
#1635 = VECTOR('',#1636,1.);
#1636 = DIRECTION('',(1.,0.,0.));
#1637 = ORIENTED_EDGE('',*,*,#1638,.F.);
#1638 = EDGE_CURVE('',#336,#1631,#1639,.T.);
#1639 = LINE('',#1640,#1641);
#1640 = CARTESIAN_POINT('',(-5.525,10.2,0.));
#1641 = VECTOR('',#1642,1.);
#1642 = DIRECTION('',(0.,0.,1.));
#1643 = ORIENTED_EDGE('',*,*,#343,.F.);
#1644 = PLANE('',#1645);
#1645 = AXIS2_PLACEMENT_3D('',#1646,#1647,#1648);
#1646 = CARTESIAN_POINT('',(-13.525,10.2,0.));
#1647 = DIRECTION('',(0.,1.,0.));
#1648 = DIRECTION('',(1.,0.,0.));
#1649 = ADVANCED_FACE('',(#1650),#1661,.T.);
#1650 = FACE_BOUND('',#1651,.T.);
#1651 = EDGE_LOOP('',(#1652,#1653,#1659,#1660));
#1652 = ORIENTED_EDGE('',*,*,#1638,.T.);
#1653 = ORIENTED_EDGE('',*,*,#1654,.T.);
#1654 = EDGE_CURVE('',#1631,#1559,#1655,.T.);
#1655 = LINE('',#1656,#1657);
#1656 = CARTESIAN_POINT('',(-5.525,10.2,2.8));
#1657 = VECTOR('',#1658,1.);
#1658 = DIRECTION('',(0.,1.,0.));
#1659 = ORIENTED_EDGE('',*,*,#1558,.F.);
#1660 = ORIENTED_EDGE('',*,*,#335,.F.);
#1661 = PLANE('',#1662);
#1662 = AXIS2_PLACEMENT_3D('',#1663,#1664,#1665);
#1663 = CARTESIAN_POINT('',(-5.525,10.2,0.));
#1664 = DIRECTION('',(-1.,0.,0.));
#1665 = DIRECTION('',(0.,1.,0.));
#1666 = ADVANCED_FACE('',(#1667),#1692,.T.);
#1667 = FACE_BOUND('',#1668,.T.);
#1668 = EDGE_LOOP('',(#1669,#1677,#1685,#1691));
#1669 = ORIENTED_EDGE('',*,*,#1670,.T.);
#1670 = EDGE_CURVE('',#368,#1671,#1673,.T.);
#1671 = VERTEX_POINT('',#1672);
#1672 = CARTESIAN_POINT('',(3.125,24.8,5.2));
#1673 = LINE('',#1674,#1675);
#1674 = CARTESIAN_POINT('',(3.125,24.8,0.));
#1675 = VECTOR('',#1676,1.);
#1676 = DIRECTION('',(0.,0.,1.));
#1677 = ORIENTED_EDGE('',*,*,#1678,.T.);
#1678 = EDGE_CURVE('',#1671,#1679,#1681,.T.);
#1679 = VERTEX_POINT('',#1680);
#1680 = CARTESIAN_POINT('',(3.125,11.2,5.2));
#1681 = LINE('',#1682,#1683);
#1682 = CARTESIAN_POINT('',(3.125,24.8,5.2));
#1683 = VECTOR('',#1684,1.);
#1684 = DIRECTION('',(0.,-1.,0.));
#1685 = ORIENTED_EDGE('',*,*,#1686,.F.);
#1686 = EDGE_CURVE('',#370,#1679,#1687,.T.);
#1687 = LINE('',#1688,#1689);
#1688 = CARTESIAN_POINT('',(3.125,11.2,0.));
#1689 = VECTOR('',#1690,1.);
#1690 = DIRECTION('',(0.,0.,1.));
#1691 = ORIENTED_EDGE('',*,*,#367,.F.);
#1692 = PLANE('',#1693);
#1693 = AXIS2_PLACEMENT_3D('',#1694,#1695,#1696);
#1694 = CARTESIAN_POINT('',(3.125,24.8,0.));
#1695 = DIRECTION('',(1.,0.,0.));
#1696 = DIRECTION('',(0.,-1.,0.));
#1697 = ADVANCED_FACE('',(#1698),#1716,.T.);
#1698 = FACE_BOUND('',#1699,.T.);
#1699 = EDGE_LOOP('',(#1700,#1708,#1714,#1715));
#1700 = ORIENTED_EDGE('',*,*,#1701,.T.);
#1701 = EDGE_CURVE('',#378,#1702,#1704,.T.);
#1702 = VERTEX_POINT('',#1703);
#1703 = CARTESIAN_POINT('',(15.925,24.8,5.2));
#1704 = LINE('',#1705,#1706);
#1705 = CARTESIAN_POINT('',(15.925,24.8,0.));
#1706 = VECTOR('',#1707,1.);
#1707 = DIRECTION('',(0.,0.,1.));
#1708 = ORIENTED_EDGE('',*,*,#1709,.T.);
#1709 = EDGE_CURVE('',#1702,#1671,#1710,.T.);
#1710 = LINE('',#1711,#1712);
#1711 = CARTESIAN_POINT('',(15.925,24.8,5.2));
#1712 = VECTOR('',#1713,1.);
#1713 = DIRECTION('',(-1.,0.,0.));
#1714 = ORIENTED_EDGE('',*,*,#1670,.F.);
#1715 = ORIENTED_EDGE('',*,*,#377,.F.);
#1716 = PLANE('',#1717);
#1717 = AXIS2_PLACEMENT_3D('',#1718,#1719,#1720);
#1718 = CARTESIAN_POINT('',(15.925,24.8,0.));
#1719 = DIRECTION('',(0.,-1.,0.));
#1720 = DIRECTION('',(-1.,0.,0.));
#1721 = ADVANCED_FACE('',(#1722),#1763,.T.);
#1722 = FACE_BOUND('',#1723,.T.);
#1723 = EDGE_LOOP('',(#1724,#1725,#1726,#1734,#1740,#1741,#1749,#1757));
#1724 = ORIENTED_EDGE('',*,*,#425,.F.);
#1725 = ORIENTED_EDGE('',*,*,#1686,.T.);
#1726 = ORIENTED_EDGE('',*,*,#1727,.T.);
#1727 = EDGE_CURVE('',#1679,#1728,#1730,.T.);
#1728 = VERTEX_POINT('',#1729);
#1729 = CARTESIAN_POINT('',(15.925,11.2,5.2));
#1730 = LINE('',#1731,#1732);
#1731 = CARTESIAN_POINT('',(3.125,11.2,5.2));
#1732 = VECTOR('',#1733,1.);
#1733 = DIRECTION('',(1.,0.,0.));
#1734 = ORIENTED_EDGE('',*,*,#1735,.F.);
#1735 = EDGE_CURVE('',#386,#1728,#1736,.T.);
#1736 = LINE('',#1737,#1738);
#1737 = CARTESIAN_POINT('',(15.925,11.2,0.));
#1738 = VECTOR('',#1739,1.);
#1739 = DIRECTION('',(0.,0.,1.));
#1740 = ORIENTED_EDGE('',*,*,#393,.F.);
#1741 = ORIENTED_EDGE('',*,*,#1742,.T.);
#1742 = EDGE_CURVE('',#394,#1743,#1745,.T.);
#1743 = VERTEX_POINT('',#1744);
#1744 = CARTESIAN_POINT('',(13.525,11.2,2.8));
#1745 = LINE('',#1746,#1747);
#1746 = CARTESIAN_POINT('',(13.525,11.2,0.));
#1747 = VECTOR('',#1748,1.);
#1748 = DIRECTION('',(0.,0.,1.));
#1749 = ORIENTED_EDGE('',*,*,#1750,.T.);
#1750 = EDGE_CURVE('',#1743,#1751,#1753,.T.);
#1751 = VERTEX_POINT('',#1752);
#1752 = CARTESIAN_POINT('',(5.525,11.2,2.8));
#1753 = LINE('',#1754,#1755);
#1754 = CARTESIAN_POINT('',(13.525,11.2,2.8));
#1755 = VECTOR('',#1756,1.);
#1756 = DIRECTION('',(-1.,0.,0.));
#1757 = ORIENTED_EDGE('',*,*,#1758,.F.);
#1758 = EDGE_CURVE('',#418,#1751,#1759,.T.);
#1759 = LINE('',#1760,#1761);
#1760 = CARTESIAN_POINT('',(5.525,11.2,0.));
#1761 = VECTOR('',#1762,1.);
#1762 = DIRECTION('',(0.,0.,1.));
#1763 = PLANE('',#1764);
#1764 = AXIS2_PLACEMENT_3D('',#1765,#1766,#1767);
#1765 = CARTESIAN_POINT('',(3.125,11.2,0.));
#1766 = DIRECTION('',(0.,1.,0.));
#1767 = DIRECTION('',(1.,0.,0.));
#1768 = ADVANCED_FACE('',(#1769),#1780,.T.);
#1769 = FACE_BOUND('',#1770,.T.);
#1770 = EDGE_LOOP('',(#1771,#1772,#1778,#1779));
#1771 = ORIENTED_EDGE('',*,*,#1735,.T.);
#1772 = ORIENTED_EDGE('',*,*,#1773,.T.);
#1773 = EDGE_CURVE('',#1728,#1702,#1774,.T.);
#1774 = LINE('',#1775,#1776);
#1775 = CARTESIAN_POINT('',(15.925,11.2,5.2));
#1776 = VECTOR('',#1777,1.);
#1777 = DIRECTION('',(0.,1.,0.));
#1778 = ORIENTED_EDGE('',*,*,#1701,.F.);
#1779 = ORIENTED_EDGE('',*,*,#385,.F.);
#1780 = PLANE('',#1781);
#1781 = AXIS2_PLACEMENT_3D('',#1782,#1783,#1784);
#1782 = CARTESIAN_POINT('',(15.925,11.2,0.));
#1783 = DIRECTION('',(-1.,0.,0.));
#1784 = DIRECTION('',(0.,1.,0.));
#1785 = ADVANCED_FACE('',(#1786),#1804,.T.);
#1786 = FACE_BOUND('',#1787,.T.);
#1787 = EDGE_LOOP('',(#1788,#1789,#1797,#1803));
#1788 = ORIENTED_EDGE('',*,*,#1758,.T.);
#1789 = ORIENTED_EDGE('',*,*,#1790,.T.);
#1790 = EDGE_CURVE('',#1751,#1791,#1793,.T.);
#1791 = VERTEX_POINT('',#1792);
#1792 = CARTESIAN_POINT('',(5.525,10.2,2.8));
#1793 = LINE('',#1794,#1795);
#1794 = CARTESIAN_POINT('',(5.525,11.2,2.8));
#1795 = VECTOR('',#1796,1.);
#1796 = DIRECTION('',(0.,-1.,0.));
#1797 = ORIENTED_EDGE('',*,*,#1798,.F.);
#1798 = EDGE_CURVE('',#410,#1791,#1799,.T.);
#1799 = LINE('',#1800,#1801);
#1800 = CARTESIAN_POINT('',(5.525,10.2,0.));
#1801 = VECTOR('',#1802,1.);
#1802 = DIRECTION('',(0.,0.,1.));
#1803 = ORIENTED_EDGE('',*,*,#417,.F.);
#1804 = PLANE('',#1805);
#1805 = AXIS2_PLACEMENT_3D('',#1806,#1807,#1808);
#1806 = CARTESIAN_POINT('',(5.525,11.2,0.));
#1807 = DIRECTION('',(1.,0.,0.));
#1808 = DIRECTION('',(0.,-1.,0.));
#1809 = ADVANCED_FACE('',(#1810),#1828,.T.);
#1810 = FACE_BOUND('',#1811,.T.);
#1811 = EDGE_LOOP('',(#1812,#1813,#1821,#1827));
#1812 = ORIENTED_EDGE('',*,*,#1798,.T.);
#1813 = ORIENTED_EDGE('',*,*,#1814,.T.);
#1814 = EDGE_CURVE('',#1791,#1815,#1817,.T.);
#1815 = VERTEX_POINT('',#1816);
#1816 = CARTESIAN_POINT('',(13.525,10.2,2.8));
#1817 = LINE('',#1818,#1819);
#1818 = CARTESIAN_POINT('',(5.525,10.2,2.8));
#1819 = VECTOR('',#1820,1.);
#1820 = DIRECTION('',(1.,0.,0.));
#1821 = ORIENTED_EDGE('',*,*,#1822,.F.);
#1822 = EDGE_CURVE('',#402,#1815,#1823,.T.);
#1823 = LINE('',#1824,#1825);
#1824 = CARTESIAN_POINT('',(13.525,10.2,0.));
#1825 = VECTOR('',#1826,1.);
#1826 = DIRECTION('',(0.,0.,1.));
#1827 = ORIENTED_EDGE('',*,*,#409,.F.);
#1828 = PLANE('',#1829);
#1829 = AXIS2_PLACEMENT_3D('',#1830,#1831,#1832);
#1830 = CARTESIAN_POINT('',(5.525,10.2,0.));
#1831 = DIRECTION('',(0.,1.,0.));
#1832 = DIRECTION('',(1.,0.,0.));
#1833 = ADVANCED_FACE('',(#1834),#1845,.T.);
#1834 = FACE_BOUND('',#1835,.T.);
#1835 = EDGE_LOOP('',(#1836,#1837,#1843,#1844));
#1836 = ORIENTED_EDGE('',*,*,#1822,.T.);
#1837 = ORIENTED_EDGE('',*,*,#1838,.T.);
#1838 = EDGE_CURVE('',#1815,#1743,#1839,.T.);
#1839 = LINE('',#1840,#1841);
#1840 = CARTESIAN_POINT('',(13.525,10.2,2.8));
#1841 = VECTOR('',#1842,1.);
#1842 = DIRECTION('',(0.,1.,0.));
#1843 = ORIENTED_EDGE('',*,*,#1742,.F.);
#1844 = ORIENTED_EDGE('',*,*,#401,.F.);
#1845 = PLANE('',#1846);
#1846 = AXIS2_PLACEMENT_3D('',#1847,#1848,#1849);
#1847 = CARTESIAN_POINT('',(13.525,10.2,0.));
#1848 = DIRECTION('',(-1.,0.,0.));
#1849 = DIRECTION('',(0.,1.,0.));
#1850 = ADVANCED_FACE('',(#1851),#1876,.T.);
#1851 = FACE_BOUND('',#1852,.T.);
#1852 = EDGE_LOOP('',(#1853,#1861,#1869,#1875));
#1853 = ORIENTED_EDGE('',*,*,#1854,.T.);
#1854 = EDGE_CURVE('',#434,#1855,#1857,.T.);
#1855 = VERTEX_POINT('',#1856);
#1856 = CARTESIAN_POINT('',(22.175,24.8,5.2));
#1857 = LINE('',#1858,#1859);
#1858 = CARTESIAN_POINT('',(22.175,24.8,0.));
#1859 = VECTOR('',#1860,1.);
#1860 = DIRECTION('',(0.,0.,1.));
#1861 = ORIENTED_EDGE('',*,*,#1862,.T.);
#1862 = EDGE_CURVE('',#1855,#1863,#1865,.T.);
#1863 = VERTEX_POINT('',#1864);
#1864 = CARTESIAN_POINT('',(22.175,11.2,5.2));
#1865 = LINE('',#1866,#1867);
#1866 = CARTESIAN_POINT('',(22.175,24.8,5.2));
#1867 = VECTOR('',#1868,1.);
#1868 = DIRECTION('',(0.,-1.,0.));
#1869 = ORIENTED_EDGE('',*,*,#1870,.F.);
#1870 = EDGE_CURVE('',#436,#1863,#1871,.T.);
#1871 = LINE('',#1872,#1873);
#1872 = CARTESIAN_POINT('',(22.175,11.2,0.));
#1873 = VECTOR('',#1874,1.);
#1874 = DIRECTION('',(0.,0.,1.));
#1875 = ORIENTED_EDGE('',*,*,#433,.F.);
#1876 = PLANE('',#1877);
#1877 = AXIS2_PLACEMENT_3D('',#1878,#1879,#1880);
#1878 = CARTESIAN_POINT('',(22.175,24.8,0.));
#1879 = DIRECTION('',(1.,0.,0.));
#1880 = DIRECTION('',(0.,-1.,0.));
#1881 = ADVANCED_FACE('',(#1882),#1900,.T.);
#1882 = FACE_BOUND('',#1883,.T.);
#1883 = EDGE_LOOP('',(#1884,#1892,#1898,#1899));
#1884 = ORIENTED_EDGE('',*,*,#1885,.T.);
#1885 = EDGE_CURVE('',#444,#1886,#1888,.T.);
#1886 = VERTEX_POINT('',#1887);
#1887 = CARTESIAN_POINT('',(34.975,24.8,5.2));
#1888 = LINE('',#1889,#1890);
#1889 = CARTESIAN_POINT('',(34.975,24.8,0.));
#1890 = VECTOR('',#1891,1.);
#1891 = DIRECTION('',(0.,0.,1.));
#1892 = ORIENTED_EDGE('',*,*,#1893,.T.);
#1893 = EDGE_CURVE('',#1886,#1855,#1894,.T.);
#1894 = LINE('',#1895,#1896);
#1895 = CARTESIAN_POINT('',(34.975,24.8,5.2));
#1896 = VECTOR('',#1897,1.);
#1897 = DIRECTION('',(-1.,0.,0.));
#1898 = ORIENTED_EDGE('',*,*,#1854,.F.);
#1899 = ORIENTED_EDGE('',*,*,#443,.F.);
#1900 = PLANE('',#1901);
#1901 = AXIS2_PLACEMENT_3D('',#1902,#1903,#1904);
#1902 = CARTESIAN_POINT('',(34.975,24.8,0.));
#1903 = DIRECTION('',(0.,-1.,0.));
#1904 = DIRECTION('',(-1.,0.,0.));
#1905 = ADVANCED_FACE('',(#1906),#1947,.T.);
#1906 = FACE_BOUND('',#1907,.T.);
#1907 = EDGE_LOOP('',(#1908,#1909,#1910,#1918,#1924,#1925,#1933,#1941));
#1908 = ORIENTED_EDGE('',*,*,#491,.F.);
#1909 = ORIENTED_EDGE('',*,*,#1870,.T.);
#1910 = ORIENTED_EDGE('',*,*,#1911,.T.);
#1911 = EDGE_CURVE('',#1863,#1912,#1914,.T.);
#1912 = VERTEX_POINT('',#1913);
#1913 = CARTESIAN_POINT('',(34.975,11.2,5.2));
#1914 = LINE('',#1915,#1916);
#1915 = CARTESIAN_POINT('',(22.175,11.2,5.2));
#1916 = VECTOR('',#1917,1.);
#1917 = DIRECTION('',(1.,0.,0.));
#1918 = ORIENTED_EDGE('',*,*,#1919,.F.);
#1919 = EDGE_CURVE('',#452,#1912,#1920,.T.);
#1920 = LINE('',#1921,#1922);
#1921 = CARTESIAN_POINT('',(34.975,11.2,0.));
#1922 = VECTOR('',#1923,1.);
#1923 = DIRECTION('',(0.,0.,1.));
#1924 = ORIENTED_EDGE('',*,*,#459,.F.);
#1925 = ORIENTED_EDGE('',*,*,#1926,.T.);
#1926 = EDGE_CURVE('',#460,#1927,#1929,.T.);
#1927 = VERTEX_POINT('',#1928);
#1928 = CARTESIAN_POINT('',(32.575,11.2,2.8));
#1929 = LINE('',#1930,#1931);
#1930 = CARTESIAN_POINT('',(32.575,11.2,0.));
#1931 = VECTOR('',#1932,1.);
#1932 = DIRECTION('',(0.,0.,1.));
#1933 = ORIENTED_EDGE('',*,*,#1934,.T.);
#1934 = EDGE_CURVE('',#1927,#1935,#1937,.T.);
#1935 = VERTEX_POINT('',#1936);
#1936 = CARTESIAN_POINT('',(24.575,11.2,2.8));
#1937 = LINE('',#1938,#1939);
#1938 = CARTESIAN_POINT('',(32.575,11.2,2.8));
#1939 = VECTOR('',#1940,1.);
#1940 = DIRECTION('',(-1.,0.,0.));
#1941 = ORIENTED_EDGE('',*,*,#1942,.F.);
#1942 = EDGE_CURVE('',#484,#1935,#1943,.T.);
#1943 = LINE('',#1944,#1945);
#1944 = CARTESIAN_POINT('',(24.575,11.2,0.));
#1945 = VECTOR('',#1946,1.);
#1946 = DIRECTION('',(0.,0.,1.));
#1947 = PLANE('',#1948);
#1948 = AXIS2_PLACEMENT_3D('',#1949,#1950,#1951);
#1949 = CARTESIAN_POINT('',(22.175,11.2,0.));
#1950 = DIRECTION('',(0.,1.,0.));
#1951 = DIRECTION('',(1.,0.,0.));
#1952 = ADVANCED_FACE('',(#1953),#1964,.T.);
#1953 = FACE_BOUND('',#1954,.T.);
#1954 = EDGE_LOOP('',(#1955,#1956,#1962,#1963));
#1955 = ORIENTED_EDGE('',*,*,#1919,.T.);
#1956 = ORIENTED_EDGE('',*,*,#1957,.T.);
#1957 = EDGE_CURVE('',#1912,#1886,#1958,.T.);
#1958 = LINE('',#1959,#1960);
#1959 = CARTESIAN_POINT('',(34.975,11.2,5.2));
#1960 = VECTOR('',#1961,1.);
#1961 = DIRECTION('',(0.,1.,0.));
#1962 = ORIENTED_EDGE('',*,*,#1885,.F.);
#1963 = ORIENTED_EDGE('',*,*,#451,.F.);
#1964 = PLANE('',#1965);
#1965 = AXIS2_PLACEMENT_3D('',#1966,#1967,#1968);
#1966 = CARTESIAN_POINT('',(34.975,11.2,0.));
#1967 = DIRECTION('',(-1.,0.,0.));
#1968 = DIRECTION('',(0.,1.,0.));
#1969 = ADVANCED_FACE('',(#1970),#1988,.T.);
#1970 = FACE_BOUND('',#1971,.T.);
#1971 = EDGE_LOOP('',(#1972,#1973,#1981,#1987));
#1972 = ORIENTED_EDGE('',*,*,#1942,.T.);
#1973 = ORIENTED_EDGE('',*,*,#1974,.T.);
#1974 = EDGE_CURVE('',#1935,#1975,#1977,.T.);
#1975 = VERTEX_POINT('',#1976);
#1976 = CARTESIAN_POINT('',(24.575,10.2,2.8));
#1977 = LINE('',#1978,#1979);
#1978 = CARTESIAN_POINT('',(24.575,11.2,2.8));
#1979 = VECTOR('',#1980,1.);
#1980 = DIRECTION('',(0.,-1.,0.));
#1981 = ORIENTED_EDGE('',*,*,#1982,.F.);
#1982 = EDGE_CURVE('',#476,#1975,#1983,.T.);
#1983 = LINE('',#1984,#1985);
#1984 = CARTESIAN_POINT('',(24.575,10.2,0.));
#1985 = VECTOR('',#1986,1.);
#1986 = DIRECTION('',(0.,0.,1.));
#1987 = ORIENTED_EDGE('',*,*,#483,.F.);
#1988 = PLANE('',#1989);
#1989 = AXIS2_PLACEMENT_3D('',#1990,#1991,#1992);
#1990 = CARTESIAN_POINT('',(24.575,11.2,0.));
#1991 = DIRECTION('',(1.,0.,0.));
#1992 = DIRECTION('',(0.,-1.,0.));
#1993 = ADVANCED_FACE('',(#1994),#2012,.T.);
#1994 = FACE_BOUND('',#1995,.T.);
#1995 = EDGE_LOOP('',(#1996,#1997,#2005,#2011));
#1996 = ORIENTED_EDGE('',*,*,#1982,.T.);
#1997 = ORIENTED_EDGE('',*,*,#1998,.T.);
#1998 = EDGE_CURVE('',#1975,#1999,#2001,.T.);
#1999 = VERTEX_POINT('',#2000);
#2000 = CARTESIAN_POINT('',(32.575,10.2,2.8));
#2001 = LINE('',#2002,#2003);
#2002 = CARTESIAN_POINT('',(24.575,10.2,2.8));
#2003 = VECTOR('',#2004,1.);
#2004 = DIRECTION('',(1.,0.,0.));
#2005 = ORIENTED_EDGE('',*,*,#2006,.F.);
#2006 = EDGE_CURVE('',#468,#1999,#2007,.T.);
#2007 = LINE('',#2008,#2009);
#2008 = CARTESIAN_POINT('',(32.575,10.2,0.));
#2009 = VECTOR('',#2010,1.);
#2010 = DIRECTION('',(0.,0.,1.));
#2011 = ORIENTED_EDGE('',*,*,#475,.F.);
#2012 = PLANE('',#2013);
#2013 = AXIS2_PLACEMENT_3D('',#2014,#2015,#2016);
#2014 = CARTESIAN_POINT('',(24.575,10.2,0.));
#2015 = DIRECTION('',(0.,1.,0.));
#2016 = DIRECTION('',(1.,0.,0.));
#2017 = ADVANCED_FACE('',(#2018),#2029,.T.);
#2018 = FACE_BOUND('',#2019,.T.);
#2019 = EDGE_LOOP('',(#2020,#2021,#2027,#2028));
#2020 = ORIENTED_EDGE('',*,*,#2006,.T.);
#2021 = ORIENTED_EDGE('',*,*,#2022,.T.);
#2022 = EDGE_CURVE('',#1999,#1927,#2023,.T.);
#2023 = LINE('',#2024,#2025);
#2024 = CARTESIAN_POINT('',(32.575,10.2,2.8));
#2025 = VECTOR('',#2026,1.);
#2026 = DIRECTION('',(0.,1.,0.));
#2027 = ORIENTED_EDGE('',*,*,#1926,.F.);
#2028 = ORIENTED_EDGE('',*,*,#467,.F.);
#2029 = PLANE('',#2030);
#2030 = AXIS2_PLACEMENT_3D('',#2031,#2032,#2033);
#2031 = CARTESIAN_POINT('',(32.575,10.2,0.));
#2032 = DIRECTION('',(-1.,0.,0.));
#2033 = DIRECTION('',(0.,1.,0.));
#2034 = ADVANCED_FACE('',(#2035),#2054,.F.);
#2035 = FACE_BOUND('',#2036,.F.);
#2036 = EDGE_LOOP('',(#2037,#2045,#2052,#2053));
#2037 = ORIENTED_EDGE('',*,*,#2038,.T.);
#2038 = EDGE_CURVE('',#500,#2039,#2041,.T.);
#2039 = VERTEX_POINT('',#2040);
#2040 = CARTESIAN_POINT('',(1.5,22.73,5.2));
#2041 = LINE('',#2042,#2043);
#2042 = CARTESIAN_POINT('',(1.5,23.25,0.));
#2043 = VECTOR('',#2044,1.);
#2044 = DIRECTION('',(0.,-9.9503719021E-02,0.99503719021));
#2045 = ORIENTED_EDGE('',*,*,#2046,.T.);
#2046 = EDGE_CURVE('',#2039,#2039,#2047,.T.);
#2047 = CIRCLE('',#2048,1.5);
#2048 = AXIS2_PLACEMENT_3D('',#2049,#2050,#2051);
#2049 = CARTESIAN_POINT('',(0.,22.73,5.2));
#2050 = DIRECTION('',(0.,0.,-1.));
#2051 = DIRECTION('',(1.,0.,0.));
#2052 = ORIENTED_EDGE('',*,*,#2038,.F.);
#2053 = ORIENTED_EDGE('',*,*,#499,.F.);
#2054 = SURFACE_OF_LINEAR_EXTRUSION('',#2055,#2060);
#2055 = CIRCLE('',#2056,1.5);
#2056 = AXIS2_PLACEMENT_3D('',#2057,#2058,#2059);
#2057 = CARTESIAN_POINT('',(0.,23.25,0.));
#2058 = DIRECTION('',(0.,0.,-1.));
#2059 = DIRECTION('',(1.,0.,0.));
#2060 = VECTOR('',#2061,1.);
#2061 = DIRECTION('',(0.,9.9503719021E-02,-0.99503719021));
#2062 = ADVANCED_FACE('',(#2063),#2082,.F.);
#2063 = FACE_BOUND('',#2064,.F.);
#2064 = EDGE_LOOP('',(#2065,#2073,#2080,#2081));
#2065 = ORIENTED_EDGE('',*,*,#2066,.T.);
#2066 = EDGE_CURVE('',#511,#2067,#2069,.T.);
#2067 = VERTEX_POINT('',#2068);
#2068 = CARTESIAN_POINT('',(-12.3346,26.33,5.2));
#2069 = LINE('',#2070,#2071);
#2070 = CARTESIAN_POINT('',(-12.3346,26.85,0.));
#2071 = VECTOR('',#2072,1.);
#2072 = DIRECTION('',(0.,-9.9503719021E-02,0.99503719021));
#2073 = ORIENTED_EDGE('',*,*,#2074,.T.);
#2074 = EDGE_CURVE('',#2067,#2067,#2075,.T.);
#2075 = CIRCLE('',#2076,1.5);
#2076 = AXIS2_PLACEMENT_3D('',#2077,#2078,#2079);
#2077 = CARTESIAN_POINT('',(-13.8346,26.33,5.2));
#2078 = DIRECTION('',(0.,0.,-1.));
#2079 = DIRECTION('',(1.,0.,0.));
#2080 = ORIENTED_EDGE('',*,*,#2066,.F.);
#2081 = ORIENTED_EDGE('',*,*,#510,.F.);
#2082 = SURFACE_OF_LINEAR_EXTRUSION('',#2083,#2088);
#2083 = CIRCLE('',#2084,1.5);
#2084 = AXIS2_PLACEMENT_3D('',#2085,#2086,#2087);
#2085 = CARTESIAN_POINT('',(-13.8346,26.85,0.));
#2086 = DIRECTION('',(0.,0.,-1.));
#2087 = DIRECTION('',(1.,0.,0.));
#2088 = VECTOR('',#2089,1.);
#2089 = DIRECTION('',(0.,9.9503719021E-02,-0.99503719021));
#2090 = ADVANCED_FACE('',(#2091),#2110,.F.);
#2091 = FACE_BOUND('',#2092,.F.);
#2092 = EDGE_LOOP('',(#2093,#2101,#2108,#2109));
#2093 = ORIENTED_EDGE('',*,*,#2094,.T.);
#2094 = EDGE_CURVE('',#522,#2095,#2097,.T.);
#2095 = VERTEX_POINT('',#2096);
#2096 = CARTESIAN_POINT('',(16.1154,26.33,5.2));
#2097 = LINE('',#2098,#2099);
#2098 = CARTESIAN_POINT('',(16.1154,26.85,0.));
#2099 = VECTOR('',#2100,1.);
#2100 = DIRECTION('',(0.,-9.9503719021E-02,0.99503719021));
#2101 = ORIENTED_EDGE('',*,*,#2102,.T.);
#2102 = EDGE_CURVE('',#2095,#2095,#2103,.T.);
#2103 = CIRCLE('',#2104,1.5);
#2104 = AXIS2_PLACEMENT_3D('',#2105,#2106,#2107);
#2105 = CARTESIAN_POINT('',(14.6154,26.33,5.2));
#2106 = DIRECTION('',(0.,0.,-1.));
#2107 = DIRECTION('',(1.,0.,0.));
#2108 = ORIENTED_EDGE('',*,*,#2094,.F.);
#2109 = ORIENTED_EDGE('',*,*,#521,.F.);
#2110 = SURFACE_OF_LINEAR_EXTRUSION('',#2111,#2116);
#2111 = CIRCLE('',#2112,1.5);
#2112 = AXIS2_PLACEMENT_3D('',#2113,#2114,#2115);
#2113 = CARTESIAN_POINT('',(14.6154,26.85,0.));
#2114 = DIRECTION('',(0.,0.,-1.));
#2115 = DIRECTION('',(1.,0.,0.));
#2116 = VECTOR('',#2117,1.);
#2117 = DIRECTION('',(0.,9.9503719021E-02,-0.99503719021));
#2118 = ADVANCED_FACE('',(#2119),#2138,.F.);
#2119 = FACE_BOUND('',#2120,.F.);
#2120 = EDGE_LOOP('',(#2121,#2129,#2136,#2137));
#2121 = ORIENTED_EDGE('',*,*,#2122,.T.);
#2122 = EDGE_CURVE('',#533,#2123,#2125,.T.);
#2123 = VERTEX_POINT('',#2124);
#2124 = CARTESIAN_POINT('',(35.1654,26.33,5.2));
#2125 = LINE('',#2126,#2127);
#2126 = CARTESIAN_POINT('',(35.1654,26.85,0.));
#2127 = VECTOR('',#2128,1.);
#2128 = DIRECTION('',(0.,-9.9503719021E-02,0.99503719021));
#2129 = ORIENTED_EDGE('',*,*,#2130,.T.);
#2130 = EDGE_CURVE('',#2123,#2123,#2131,.T.);
#2131 = CIRCLE('',#2132,1.5);
#2132 = AXIS2_PLACEMENT_3D('',#2133,#2134,#2135);
#2133 = CARTESIAN_POINT('',(33.6654,26.33,5.2));
#2134 = DIRECTION('',(0.,0.,-1.));
#2135 = DIRECTION('',(1.,0.,0.));
#2136 = ORIENTED_EDGE('',*,*,#2122,.F.);
#2137 = ORIENTED_EDGE('',*,*,#532,.F.);
#2138 = SURFACE_OF_LINEAR_EXTRUSION('',#2139,#2144);
#2139 = CIRCLE('',#2140,1.5);
#2140 = AXIS2_PLACEMENT_3D('',#2141,#2142,#2143);
#2141 = CARTESIAN_POINT('',(33.6654,26.85,0.));
#2142 = DIRECTION('',(0.,0.,-1.));
#2143 = DIRECTION('',(1.,0.,0.));
#2144 = VECTOR('',#2145,1.);
#2145 = DIRECTION('',(0.,9.9503719021E-02,-0.99503719021));
#2146 = ADVANCED_FACE('',(#2147),#2188,.T.);
#2147 = FACE_BOUND('',#2148,.T.);
#2148 = EDGE_LOOP('',(#2149,#2150,#2158,#2166,#2174,#2182));
#2149 = ORIENTED_EDGE('',*,*,#573,.F.);
#2150 = ORIENTED_EDGE('',*,*,#2151,.T.);
#2151 = EDGE_CURVE('',#574,#2152,#2154,.T.);
#2152 = VERTEX_POINT('',#2153);
#2153 = CARTESIAN_POINT('',(-40.275,9.525,4.8));
#2154 = LINE('',#2155,#2156);
#2155 = CARTESIAN_POINT('',(-40.275,9.525,2.2));
#2156 = VECTOR('',#2157,1.);
#2157 = DIRECTION('',(0.,0.,1.));
#2158 = ORIENTED_EDGE('',*,*,#2159,.T.);
#2159 = EDGE_CURVE('',#2152,#2160,#2162,.T.);
#2160 = VERTEX_POINT('',#2161);
#2161 = CARTESIAN_POINT('',(-40.275,24.625,4.8));
#2162 = LINE('',#2163,#2164);
#2163 = CARTESIAN_POINT('',(-40.275,17.075,4.8));
#2164 = VECTOR('',#2165,1.);
#2165 = DIRECTION('',(1.795433318408E-16,1.,-4.25012730842E-17));
#2166 = ORIENTED_EDGE('',*,*,#2167,.T.);
#2167 = EDGE_CURVE('',#2160,#2168,#2170,.T.);
#2168 = VERTEX_POINT('',#2169);
#2169 = CARTESIAN_POINT('',(-40.275,25.425,5.6));
#2170 = LINE('',#2171,#2172);
#2171 = CARTESIAN_POINT('',(-40.275,24.625,4.8));
#2172 = VECTOR('',#2173,1.);
#2173 = DIRECTION('',(0.,0.707106781187,0.707106781187));
#2174 = ORIENTED_EDGE('',*,*,#2175,.T.);
#2175 = EDGE_CURVE('',#2168,#2176,#2178,.T.);
#2176 = VERTEX_POINT('',#2177);
#2177 = CARTESIAN_POINT('',(-40.275,49.1,5.6));
#2178 = LINE('',#2179,#2180);
#2179 = CARTESIAN_POINT('',(-40.275,9.525,5.6));
#2180 = VECTOR('',#2181,1.);
#2181 = DIRECTION('',(1.795433318408E-16,1.,0.));
#2182 = ORIENTED_EDGE('',*,*,#2183,.F.);
#2183 = EDGE_CURVE('',#576,#2176,#2184,.T.);
#2184 = LINE('',#2185,#2186);
#2185 = CARTESIAN_POINT('',(-40.275,49.1,2.2));
#2186 = VECTOR('',#2187,1.);
#2187 = DIRECTION('',(0.,0.,1.));
#2188 = PLANE('',#2189);
#2189 = AXIS2_PLACEMENT_3D('',#2190,#2191,#2192);
#2190 = CARTESIAN_POINT('',(-40.275,9.525,2.2));
#2191 = DIRECTION('',(-1.,1.795433318408E-16,0.));
#2192 = DIRECTION('',(1.795433318408E-16,1.,0.));
#2193 = ADVANCED_FACE('',(#2194),#2213,.T.);
#2194 = FACE_BOUND('',#2195,.F.);
#2195 = EDGE_LOOP('',(#2196,#2204,#2211,#2212));
#2196 = ORIENTED_EDGE('',*,*,#2197,.T.);
#2197 = EDGE_CURVE('',#584,#2198,#2200,.T.);
#2198 = VERTEX_POINT('',#2199);
#2199 = CARTESIAN_POINT('',(-37.075,52.3,5.6));
#2200 = LINE('',#2201,#2202);
#2201 = CARTESIAN_POINT('',(-37.075,52.3,2.2));
#2202 = VECTOR('',#2203,1.);
#2203 = DIRECTION('',(0.,0.,1.));
#2204 = ORIENTED_EDGE('',*,*,#2205,.T.);
#2205 = EDGE_CURVE('',#2198,#2176,#2206,.T.);
#2206 = CIRCLE('',#2207,3.2);
#2207 = AXIS2_PLACEMENT_3D('',#2208,#2209,#2210);
#2208 = CARTESIAN_POINT('',(-37.075,49.1,5.6));
#2209 = DIRECTION('',(0.,0.,1.));
#2210 = DIRECTION('',(1.,0.,0.));
#2211 = ORIENTED_EDGE('',*,*,#2183,.F.);
#2212 = ORIENTED_EDGE('',*,*,#583,.F.);
#2213 = CYLINDRICAL_SURFACE('',#2214,3.2);
#2214 = AXIS2_PLACEMENT_3D('',#2215,#2216,#2217);
#2215 = CARTESIAN_POINT('',(-37.075,49.1,2.2));
#2216 = DIRECTION('',(-0.,-0.,-1.));
#2217 = DIRECTION('',(1.,0.,0.));
#2218 = ADVANCED_FACE('',(#2219),#2306,.T.);
#2219 = FACE_BOUND('',#2220,.T.);
#2220 = EDGE_LOOP('',(#2221,#2222,#2223,#2231,#2237,#2238,#2247,#2256,
    #2264,#2273,#2282,#2290,#2299));
#2221 = ORIENTED_EDGE('',*,*,#592,.F.);
#2222 = ORIENTED_EDGE('',*,*,#2197,.T.);
#2223 = ORIENTED_EDGE('',*,*,#2224,.T.);
#2224 = EDGE_CURVE('',#2198,#2225,#2227,.T.);
#2225 = VERTEX_POINT('',#2226);
#2226 = CARTESIAN_POINT('',(37.075,52.3,5.6));
#2227 = LINE('',#2228,#2229);
#2228 = CARTESIAN_POINT('',(-37.075,52.3,5.6));
#2229 = VECTOR('',#2230,1.);
#2230 = DIRECTION('',(1.,0.,0.));
#2231 = ORIENTED_EDGE('',*,*,#2232,.F.);
#2232 = EDGE_CURVE('',#755,#2225,#2233,.T.);
#2233 = LINE('',#2234,#2235);
#2234 = CARTESIAN_POINT('',(37.075,52.3,2.2));
#2235 = VECTOR('',#2236,1.);
#2236 = DIRECTION('',(0.,0.,1.));
#2237 = ORIENTED_EDGE('',*,*,#754,.F.);
#2238 = ORIENTED_EDGE('',*,*,#2239,.F.);
#2239 = EDGE_CURVE('',#2240,#747,#2242,.T.);
#2240 = VERTEX_POINT('',#2241);
#2241 = CARTESIAN_POINT('',(26.875,52.3,2.577028556523));
#2242 = CIRCLE('',#2243,2.7);
#2243 = AXIS2_PLACEMENT_3D('',#2244,#2245,#2246);
#2244 = CARTESIAN_POINT('',(29.575,52.3,2.577028556523));
#2245 = DIRECTION('',(0.,1.,-2.22044604925E-16));
#2246 = DIRECTION('',(-1.,0.,0.));
#2247 = ORIENTED_EDGE('',*,*,#2248,.F.);
#2248 = EDGE_CURVE('',#2249,#2240,#2251,.T.);
#2249 = VERTEX_POINT('',#2250);
#2250 = CARTESIAN_POINT('',(26.901453765583,52.3,2.2));
#2251 = CIRCLE('',#2252,2.7);
#2252 = AXIS2_PLACEMENT_3D('',#2253,#2254,#2255);
#2253 = CARTESIAN_POINT('',(29.575,52.3,2.577028556523));
#2254 = DIRECTION('',(0.,1.,-2.22044604925E-16));
#2255 = DIRECTION('',(-1.,0.,0.));
#2256 = ORIENTED_EDGE('',*,*,#2257,.F.);
#2257 = EDGE_CURVE('',#2258,#2249,#2260,.T.);
#2258 = VERTEX_POINT('',#2259);
#2259 = CARTESIAN_POINT('',(-14.51455376558,52.3,2.2));
#2260 = LINE('',#2261,#2262);
#2261 = CARTESIAN_POINT('',(-37.075,52.3,2.2));
#2262 = VECTOR('',#2263,1.);
#2263 = DIRECTION('',(1.,0.,0.));
#2264 = ORIENTED_EDGE('',*,*,#2265,.F.);
#2265 = EDGE_CURVE('',#2266,#2258,#2268,.T.);
#2266 = VERTEX_POINT('',#2267);
#2267 = CARTESIAN_POINT('',(-19.8881,52.3,2.577028556523));
#2268 = CIRCLE('',#2269,2.7);
#2269 = AXIS2_PLACEMENT_3D('',#2270,#2271,#2272);
#2270 = CARTESIAN_POINT('',(-17.1881,52.3,2.577028556523));
#2271 = DIRECTION('',(0.,1.,-2.22044604925E-16));
#2272 = DIRECTION('',(-1.,0.,0.));
#2273 = ORIENTED_EDGE('',*,*,#2274,.F.);
#2274 = EDGE_CURVE('',#2275,#2266,#2277,.T.);
#2275 = VERTEX_POINT('',#2276);
#2276 = CARTESIAN_POINT('',(-19.86164623441,52.3,2.2));
#2277 = CIRCLE('',#2278,2.7);
#2278 = AXIS2_PLACEMENT_3D('',#2279,#2280,#2281);
#2279 = CARTESIAN_POINT('',(-17.1881,52.3,2.577028556523));
#2280 = DIRECTION('',(0.,1.,-2.22044604925E-16));
#2281 = DIRECTION('',(-1.,0.,0.));
#2282 = ORIENTED_EDGE('',*,*,#2283,.F.);
#2283 = EDGE_CURVE('',#2284,#2275,#2286,.T.);
#2284 = VERTEX_POINT('',#2285);
#2285 = CARTESIAN_POINT('',(-26.90145376558,52.3,2.2));
#2286 = LINE('',#2287,#2288);
#2287 = CARTESIAN_POINT('',(-37.075,52.3,2.2));
#2288 = VECTOR('',#2289,1.);
#2289 = DIRECTION('',(1.,0.,0.));
#2290 = ORIENTED_EDGE('',*,*,#2291,.F.);
#2291 = EDGE_CURVE('',#2292,#2284,#2294,.T.);
#2292 = VERTEX_POINT('',#2293);
#2293 = CARTESIAN_POINT('',(-32.275,52.3,2.577028556523));
#2294 = CIRCLE('',#2295,2.7);
#2295 = AXIS2_PLACEMENT_3D('',#2296,#2297,#2298);
#2296 = CARTESIAN_POINT('',(-29.575,52.3,2.577028556523));
#2297 = DIRECTION('',(0.,1.,-2.22044604925E-16));
#2298 = DIRECTION('',(-1.,0.,0.));
#2299 = ORIENTED_EDGE('',*,*,#2300,.F.);
#2300 = EDGE_CURVE('',#593,#2292,#2301,.T.);
#2301 = CIRCLE('',#2302,2.7);
#2302 = AXIS2_PLACEMENT_3D('',#2303,#2304,#2305);
#2303 = CARTESIAN_POINT('',(-29.575,52.3,2.577028556523));
#2304 = DIRECTION('',(0.,1.,-2.22044604925E-16));
#2305 = DIRECTION('',(-1.,0.,0.));
#2306 = PLANE('',#2307);
#2307 = AXIS2_PLACEMENT_3D('',#2308,#2309,#2310);
#2308 = CARTESIAN_POINT('',(-37.075,52.3,2.2));
#2309 = DIRECTION('',(0.,1.,0.));
#2310 = DIRECTION('',(1.,0.,0.));
#2311 = ADVANCED_FACE('',(#2312),#2366,.F.);
#2312 = FACE_BOUND('',#2313,.F.);
#2313 = EDGE_LOOP('',(#2314,#2325,#2333,#2342,#2348,#2349,#2350,#2351,
    #2360));
#2314 = ORIENTED_EDGE('',*,*,#2315,.T.);
#2315 = EDGE_CURVE('',#2316,#2318,#2320,.T.);
#2316 = VERTEX_POINT('',#2317);
#2317 = CARTESIAN_POINT('',(-30.21532867084,49.1,5.2));
#2318 = VERTEX_POINT('',#2319);
#2319 = CARTESIAN_POINT('',(-28.93467132915,49.1,5.2));
#2320 = CIRCLE('',#2321,2.7);
#2321 = AXIS2_PLACEMENT_3D('',#2322,#2323,#2324);
#2322 = CARTESIAN_POINT('',(-29.575,49.1,2.577028556523));
#2323 = DIRECTION('',(0.,1.,-2.22044604925E-16));
#2324 = DIRECTION('',(-1.,0.,0.));
#2325 = ORIENTED_EDGE('',*,*,#2326,.T.);
#2326 = EDGE_CURVE('',#2318,#2327,#2329,.T.);
#2327 = VERTEX_POINT('',#2328);
#2328 = CARTESIAN_POINT('',(-28.93467132915,50.3,5.2));
#2329 = LINE('',#2330,#2331);
#2330 = CARTESIAN_POINT('',(-28.93467132915,52.3,5.2));
#2331 = VECTOR('',#2332,1.);
#2332 = DIRECTION('',(0.,1.,-2.22044604925E-16));
#2333 = ORIENTED_EDGE('',*,*,#2334,.T.);
#2334 = EDGE_CURVE('',#2327,#2335,#2337,.T.);
#2335 = VERTEX_POINT('',#2336);
#2336 = CARTESIAN_POINT('',(-26.90145376558,50.3,2.2));
#2337 = CIRCLE('',#2338,2.7);
#2338 = AXIS2_PLACEMENT_3D('',#2339,#2340,#2341);
#2339 = CARTESIAN_POINT('',(-29.575,50.3,2.577028556523));
#2340 = DIRECTION('',(0.,1.,-2.22044604925E-16));
#2341 = DIRECTION('',(-1.,0.,0.));
#2342 = ORIENTED_EDGE('',*,*,#2343,.T.);
#2343 = EDGE_CURVE('',#2335,#2284,#2344,.T.);
#2344 = LINE('',#2345,#2346);
#2345 = CARTESIAN_POINT('',(-26.90145376558,52.3,2.2));
#2346 = VECTOR('',#2347,1.);
#2347 = DIRECTION('',(0.,1.,-2.22044604925E-16));
#2348 = ORIENTED_EDGE('',*,*,#2291,.F.);
#2349 = ORIENTED_EDGE('',*,*,#2300,.F.);
#2350 = ORIENTED_EDGE('',*,*,#600,.F.);
#2351 = ORIENTED_EDGE('',*,*,#2352,.T.);
#2352 = EDGE_CURVE('',#601,#2353,#2355,.T.);
#2353 = VERTEX_POINT('',#2354);
#2354 = CARTESIAN_POINT('',(-30.21532867084,50.3,5.2));
#2355 = CIRCLE('',#2356,2.7);
#2356 = AXIS2_PLACEMENT_3D('',#2357,#2358,#2359);
#2357 = CARTESIAN_POINT('',(-29.575,50.3,2.577028556523));
#2358 = DIRECTION('',(0.,1.,-2.22044604925E-16));
#2359 = DIRECTION('',(-1.,0.,0.));
#2360 = ORIENTED_EDGE('',*,*,#2361,.F.);
#2361 = EDGE_CURVE('',#2316,#2353,#2362,.T.);
#2362 = LINE('',#2363,#2364);
#2363 = CARTESIAN_POINT('',(-30.21532867084,52.3,5.2));
#2364 = VECTOR('',#2365,1.);
#2365 = DIRECTION('',(0.,1.,-2.22044604925E-16));
#2366 = CYLINDRICAL_SURFACE('',#2367,2.7);
#2367 = AXIS2_PLACEMENT_3D('',#2368,#2369,#2370);
#2368 = CARTESIAN_POINT('',(-29.575,52.3,2.577028556523));
#2369 = DIRECTION('',(0.,1.,-2.22044604925E-16));
#2370 = DIRECTION('',(-1.,0.,0.));
#2371 = ADVANCED_FACE('',(#2372),#2390,.F.);
#2372 = FACE_BOUND('',#2373,.F.);
#2373 = EDGE_LOOP('',(#2374,#2382,#2383,#2384));
#2374 = ORIENTED_EDGE('',*,*,#2375,.F.);
#2375 = EDGE_CURVE('',#2353,#2376,#2378,.T.);
#2376 = VERTEX_POINT('',#2377);
#2377 = CARTESIAN_POINT('',(-32.675,50.3,5.2));
#2378 = LINE('',#2379,#2380);
#2379 = CARTESIAN_POINT('',(-26.475,50.3,5.2));
#2380 = VECTOR('',#2381,1.);
#2381 = DIRECTION('',(-1.,0.,0.));
#2382 = ORIENTED_EDGE('',*,*,#2352,.F.);
#2383 = ORIENTED_EDGE('',*,*,#608,.T.);
#2384 = ORIENTED_EDGE('',*,*,#2385,.F.);
#2385 = EDGE_CURVE('',#2376,#609,#2386,.T.);
#2386 = LINE('',#2387,#2388);
#2387 = CARTESIAN_POINT('',(-32.675,50.3,5.2));
#2388 = VECTOR('',#2389,1.);
#2389 = DIRECTION('',(0.,-2.22044604925E-16,-1.));
#2390 = PLANE('',#2391);
#2391 = AXIS2_PLACEMENT_3D('',#2392,#2393,#2394);
#2392 = CARTESIAN_POINT('',(-5.729366666667,50.3,2.6));
#2393 = DIRECTION('',(0.,1.,0.));
#2394 = DIRECTION('',(0.,0.,1.));
#2395 = ADVANCED_FACE('',(#2396),#2414,.F.);
#2396 = FACE_BOUND('',#2397,.F.);
#2397 = EDGE_LOOP('',(#2398,#2406,#2412,#2413));
#2398 = ORIENTED_EDGE('',*,*,#2399,.F.);
#2399 = EDGE_CURVE('',#2400,#617,#2402,.T.);
#2400 = VERTEX_POINT('',#2401);
#2401 = CARTESIAN_POINT('',(-32.675,49.1,5.2));
#2402 = LINE('',#2403,#2404);
#2403 = CARTESIAN_POINT('',(-32.675,49.1,5.2));
#2404 = VECTOR('',#2405,1.);
#2405 = DIRECTION('',(0.,-2.22044604925E-16,-1.));
#2406 = ORIENTED_EDGE('',*,*,#2407,.T.);
#2407 = EDGE_CURVE('',#2400,#2376,#2408,.T.);
#2408 = LINE('',#2409,#2410);
#2409 = CARTESIAN_POINT('',(-32.675,49.1,5.2));
#2410 = VECTOR('',#2411,1.);
#2411 = DIRECTION('',(0.,1.,-2.22044604925E-16));
#2412 = ORIENTED_EDGE('',*,*,#2385,.T.);
#2413 = ORIENTED_EDGE('',*,*,#616,.T.);
#2414 = PLANE('',#2415);
#2415 = AXIS2_PLACEMENT_3D('',#2416,#2417,#2418);
#2416 = CARTESIAN_POINT('',(-32.675,49.1,5.2));
#2417 = DIRECTION('',(-1.,0.,0.));
#2418 = DIRECTION('',(0.,-2.22044604925E-16,-1.));
#2419 = ADVANCED_FACE('',(#2420),#2598,.T.);
#2420 = FACE_BOUND('',#2421,.T.);
#2421 = EDGE_LOOP('',(#2422,#2430,#2431,#2432,#2438,#2439,#2447,#2455,
    #2463,#2471,#2479,#2488,#2496,#2504,#2512,#2520,#2528,#2536,#2544,
    #2552,#2560,#2569,#2577,#2583,#2584,#2592));
#2422 = ORIENTED_EDGE('',*,*,#2423,.F.);
#2423 = EDGE_CURVE('',#625,#2424,#2426,.T.);
#2424 = VERTEX_POINT('',#2425);
#2425 = CARTESIAN_POINT('',(-34.175,49.1,5.6));
#2426 = LINE('',#2427,#2428);
#2427 = CARTESIAN_POINT('',(-34.175,49.1,0.));
#2428 = VECTOR('',#2429,1.);
#2429 = DIRECTION('',(0.,0.,1.));
#2430 = ORIENTED_EDGE('',*,*,#624,.F.);
#2431 = ORIENTED_EDGE('',*,*,#2399,.F.);
#2432 = ORIENTED_EDGE('',*,*,#2433,.F.);
#2433 = EDGE_CURVE('',#2316,#2400,#2434,.T.);
#2434 = LINE('',#2435,#2436);
#2435 = CARTESIAN_POINT('',(-26.475,49.1,5.2));
#2436 = VECTOR('',#2437,1.);
#2437 = DIRECTION('',(-1.,0.,0.));
#2438 = ORIENTED_EDGE('',*,*,#2315,.T.);
#2439 = ORIENTED_EDGE('',*,*,#2440,.F.);
#2440 = EDGE_CURVE('',#2441,#2318,#2443,.T.);
#2441 = VERTEX_POINT('',#2442);
#2442 = CARTESIAN_POINT('',(-26.475,49.1,5.2));
#2443 = LINE('',#2444,#2445);
#2444 = CARTESIAN_POINT('',(-26.475,49.1,5.2));
#2445 = VECTOR('',#2446,1.);
#2446 = DIRECTION('',(-1.,0.,0.));
#2447 = ORIENTED_EDGE('',*,*,#2448,.F.);
#2448 = EDGE_CURVE('',#2449,#2441,#2451,.T.);
#2449 = VERTEX_POINT('',#2450);
#2450 = CARTESIAN_POINT('',(-26.475,49.1,0.));
#2451 = LINE('',#2452,#2453);
#2452 = CARTESIAN_POINT('',(-26.475,49.1,0.));
#2453 = VECTOR('',#2454,1.);
#2454 = DIRECTION('',(0.,2.22044604925E-16,1.));
#2455 = ORIENTED_EDGE('',*,*,#2456,.T.);
#2456 = EDGE_CURVE('',#2449,#2457,#2459,.T.);
#2457 = VERTEX_POINT('',#2458);
#2458 = CARTESIAN_POINT('',(-20.2881,49.1,0.));
#2459 = LINE('',#2460,#2461);
#2460 = CARTESIAN_POINT('',(-34.175,49.1,0.));
#2461 = VECTOR('',#2462,1.);
#2462 = DIRECTION('',(1.,0.,0.));
#2463 = ORIENTED_EDGE('',*,*,#2464,.F.);
#2464 = EDGE_CURVE('',#2465,#2457,#2467,.T.);
#2465 = VERTEX_POINT('',#2466);
#2466 = CARTESIAN_POINT('',(-20.2881,49.1,5.2));
#2467 = LINE('',#2468,#2469);
#2468 = CARTESIAN_POINT('',(-20.2881,49.1,5.2));
#2469 = VECTOR('',#2470,1.);
#2470 = DIRECTION('',(0.,-2.22044604925E-16,-1.));
#2471 = ORIENTED_EDGE('',*,*,#2472,.F.);
#2472 = EDGE_CURVE('',#2473,#2465,#2475,.T.);
#2473 = VERTEX_POINT('',#2474);
#2474 = CARTESIAN_POINT('',(-17.82842867084,49.1,5.2));
#2475 = LINE('',#2476,#2477);
#2476 = CARTESIAN_POINT('',(-14.0881,49.1,5.2));
#2477 = VECTOR('',#2478,1.);
#2478 = DIRECTION('',(-1.,0.,0.));
#2479 = ORIENTED_EDGE('',*,*,#2480,.T.);
#2480 = EDGE_CURVE('',#2473,#2481,#2483,.T.);
#2481 = VERTEX_POINT('',#2482);
#2482 = CARTESIAN_POINT('',(-16.54777132915,49.1,5.2));
#2483 = CIRCLE('',#2484,2.7);
#2484 = AXIS2_PLACEMENT_3D('',#2485,#2486,#2487);
#2485 = CARTESIAN_POINT('',(-17.1881,49.1,2.577028556523));
#2486 = DIRECTION('',(0.,1.,-2.22044604925E-16));
#2487 = DIRECTION('',(-1.,0.,0.));
#2488 = ORIENTED_EDGE('',*,*,#2489,.F.);
#2489 = EDGE_CURVE('',#2490,#2481,#2492,.T.);
#2490 = VERTEX_POINT('',#2491);
#2491 = CARTESIAN_POINT('',(-14.0881,49.1,5.2));
#2492 = LINE('',#2493,#2494);
#2493 = CARTESIAN_POINT('',(-14.0881,49.1,5.2));
#2494 = VECTOR('',#2495,1.);
#2495 = DIRECTION('',(-1.,0.,0.));
#2496 = ORIENTED_EDGE('',*,*,#2497,.F.);
#2497 = EDGE_CURVE('',#2498,#2490,#2500,.T.);
#2498 = VERTEX_POINT('',#2499);
#2499 = CARTESIAN_POINT('',(-14.0881,49.1,0.));
#2500 = LINE('',#2501,#2502);
#2501 = CARTESIAN_POINT('',(-14.0881,49.1,0.));
#2502 = VECTOR('',#2503,1.);
#2503 = DIRECTION('',(0.,2.22044604925E-16,1.));
#2504 = ORIENTED_EDGE('',*,*,#2505,.T.);
#2505 = EDGE_CURVE('',#2498,#2506,#2508,.T.);
#2506 = VERTEX_POINT('',#2507);
#2507 = CARTESIAN_POINT('',(-9.2,49.1,0.));
#2508 = LINE('',#2509,#2510);
#2509 = CARTESIAN_POINT('',(-34.175,49.1,0.));
#2510 = VECTOR('',#2511,1.);
#2511 = DIRECTION('',(1.,0.,0.));
#2512 = ORIENTED_EDGE('',*,*,#2513,.F.);
#2513 = EDGE_CURVE('',#2514,#2506,#2516,.T.);
#2514 = VERTEX_POINT('',#2515);
#2515 = CARTESIAN_POINT('',(-9.2,49.1,1.365));
#2516 = LINE('',#2517,#2518);
#2517 = CARTESIAN_POINT('',(-9.2,49.1,1.365));
#2518 = VECTOR('',#2519,1.);
#2519 = DIRECTION('',(0.,-2.22044604925E-16,-1.));
#2520 = ORIENTED_EDGE('',*,*,#2521,.F.);
#2521 = EDGE_CURVE('',#2522,#2514,#2524,.T.);
#2522 = VERTEX_POINT('',#2523);
#2523 = CARTESIAN_POINT('',(9.2,49.1,1.365));
#2524 = LINE('',#2525,#2526);
#2525 = CARTESIAN_POINT('',(9.2,49.1,1.365));
#2526 = VECTOR('',#2527,1.);
#2527 = DIRECTION('',(-1.,0.,0.));
#2528 = ORIENTED_EDGE('',*,*,#2529,.F.);
#2529 = EDGE_CURVE('',#2530,#2522,#2532,.T.);
#2530 = VERTEX_POINT('',#2531);
#2531 = CARTESIAN_POINT('',(9.2,49.1,0.));
#2532 = LINE('',#2533,#2534);
#2533 = CARTESIAN_POINT('',(9.2,49.1,0.));
#2534 = VECTOR('',#2535,1.);
#2535 = DIRECTION('',(0.,2.22044604925E-16,1.));
#2536 = ORIENTED_EDGE('',*,*,#2537,.T.);
#2537 = EDGE_CURVE('',#2530,#2538,#2540,.T.);
#2538 = VERTEX_POINT('',#2539);
#2539 = CARTESIAN_POINT('',(26.475,49.1,0.));
#2540 = LINE('',#2541,#2542);
#2541 = CARTESIAN_POINT('',(-34.175,49.1,0.));
#2542 = VECTOR('',#2543,1.);
#2543 = DIRECTION('',(1.,0.,0.));
#2544 = ORIENTED_EDGE('',*,*,#2545,.F.);
#2545 = EDGE_CURVE('',#2546,#2538,#2548,.T.);
#2546 = VERTEX_POINT('',#2547);
#2547 = CARTESIAN_POINT('',(26.475,49.1,5.2));
#2548 = LINE('',#2549,#2550);
#2549 = CARTESIAN_POINT('',(26.475,49.1,5.2));
#2550 = VECTOR('',#2551,1.);
#2551 = DIRECTION('',(0.,-2.22044604925E-16,-1.));
#2552 = ORIENTED_EDGE('',*,*,#2553,.F.);
#2553 = EDGE_CURVE('',#2554,#2546,#2556,.T.);
#2554 = VERTEX_POINT('',#2555);
#2555 = CARTESIAN_POINT('',(28.934671329156,49.1,5.2));
#2556 = LINE('',#2557,#2558);
#2557 = CARTESIAN_POINT('',(32.675,49.1,5.2));
#2558 = VECTOR('',#2559,1.);
#2559 = DIRECTION('',(-1.,0.,0.));
#2560 = ORIENTED_EDGE('',*,*,#2561,.T.);
#2561 = EDGE_CURVE('',#2554,#2562,#2564,.T.);
#2562 = VERTEX_POINT('',#2563);
#2563 = CARTESIAN_POINT('',(30.215328670843,49.1,5.2));
#2564 = CIRCLE('',#2565,2.7);
#2565 = AXIS2_PLACEMENT_3D('',#2566,#2567,#2568);
#2566 = CARTESIAN_POINT('',(29.575,49.1,2.577028556523));
#2567 = DIRECTION('',(0.,1.,-2.22044604925E-16));
#2568 = DIRECTION('',(-1.,0.,0.));
#2569 = ORIENTED_EDGE('',*,*,#2570,.F.);
#2570 = EDGE_CURVE('',#2571,#2562,#2573,.T.);
#2571 = VERTEX_POINT('',#2572);
#2572 = CARTESIAN_POINT('',(32.675,49.1,5.2));
#2573 = LINE('',#2574,#2575);
#2574 = CARTESIAN_POINT('',(32.675,49.1,5.2));
#2575 = VECTOR('',#2576,1.);
#2576 = DIRECTION('',(-1.,0.,0.));
#2577 = ORIENTED_EDGE('',*,*,#2578,.F.);
#2578 = EDGE_CURVE('',#723,#2571,#2579,.T.);
#2579 = LINE('',#2580,#2581);
#2580 = CARTESIAN_POINT('',(32.675,49.1,0.));
#2581 = VECTOR('',#2582,1.);
#2582 = DIRECTION('',(0.,2.22044604925E-16,1.));
#2583 = ORIENTED_EDGE('',*,*,#722,.F.);
#2584 = ORIENTED_EDGE('',*,*,#2585,.T.);
#2585 = EDGE_CURVE('',#715,#2586,#2588,.T.);
#2586 = VERTEX_POINT('',#2587);
#2587 = CARTESIAN_POINT('',(34.175,49.1,5.6));
#2588 = LINE('',#2589,#2590);
#2589 = CARTESIAN_POINT('',(34.175,49.1,0.));
#2590 = VECTOR('',#2591,1.);
#2591 = DIRECTION('',(0.,0.,1.));
#2592 = ORIENTED_EDGE('',*,*,#2593,.T.);
#2593 = EDGE_CURVE('',#2586,#2424,#2594,.T.);
#2594 = LINE('',#2595,#2596);
#2595 = CARTESIAN_POINT('',(-17.0875,49.1,5.6));
#2596 = VECTOR('',#2597,1.);
#2597 = DIRECTION('',(-1.,0.,0.));
#2598 = PLANE('',#2599);
#2599 = AXIS2_PLACEMENT_3D('',#2600,#2601,#2602);
#2600 = CARTESIAN_POINT('',(8.6475789342E-16,49.1,2.8));
#2601 = DIRECTION('',(-0.,-1.,-0.));
#2602 = DIRECTION('',(0.,0.,-1.));
#2603 = ADVANCED_FACE('',(#2604),#2622,.T.);
#2604 = FACE_BOUND('',#2605,.T.);
#2605 = EDGE_LOOP('',(#2606,#2614,#2615,#2616));
#2606 = ORIENTED_EDGE('',*,*,#2607,.F.);
#2607 = EDGE_CURVE('',#633,#2608,#2610,.T.);
#2608 = VERTEX_POINT('',#2609);
#2609 = CARTESIAN_POINT('',(-34.175,47.,5.6));
#2610 = LINE('',#2611,#2612);
#2611 = CARTESIAN_POINT('',(-34.175,47.,2.2));
#2612 = VECTOR('',#2613,1.);
#2613 = DIRECTION('',(0.,0.,1.));
#2614 = ORIENTED_EDGE('',*,*,#632,.F.);
#2615 = ORIENTED_EDGE('',*,*,#2423,.T.);
#2616 = ORIENTED_EDGE('',*,*,#2617,.T.);
#2617 = EDGE_CURVE('',#2424,#2608,#2618,.T.);
#2618 = LINE('',#2619,#2620);
#2619 = CARTESIAN_POINT('',(-34.175,38.827083573192,5.6));
#2620 = VECTOR('',#2621,1.);
#2621 = DIRECTION('',(0.,-1.,0.));
#2622 = PLANE('',#2623);
#2623 = AXIS2_PLACEMENT_3D('',#2624,#2625,#2626);
#2624 = CARTESIAN_POINT('',(-34.175,48.05,2.8));
#2625 = DIRECTION('',(1.,0.,0.));
#2626 = DIRECTION('',(0.,0.,1.));
#2627 = ADVANCED_FACE('',(#2628),#2647,.T.);
#2628 = FACE_BOUND('',#2629,.T.);
#2629 = EDGE_LOOP('',(#2630,#2631,#2632,#2641));
#2630 = ORIENTED_EDGE('',*,*,#640,.F.);
#2631 = ORIENTED_EDGE('',*,*,#2607,.T.);
#2632 = ORIENTED_EDGE('',*,*,#2633,.T.);
#2633 = EDGE_CURVE('',#2608,#2634,#2636,.T.);
#2634 = VERTEX_POINT('',#2635);
#2635 = CARTESIAN_POINT('',(-34.975,46.2,5.6));
#2636 = CIRCLE('',#2637,0.8);
#2637 = AXIS2_PLACEMENT_3D('',#2638,#2639,#2640);
#2638 = CARTESIAN_POINT('',(-34.975,47.,5.6));
#2639 = DIRECTION('',(0.,0.,-1.));
#2640 = DIRECTION('',(1.,0.,0.));
#2641 = ORIENTED_EDGE('',*,*,#2642,.F.);
#2642 = EDGE_CURVE('',#641,#2634,#2643,.T.);
#2643 = LINE('',#2644,#2645);
#2644 = CARTESIAN_POINT('',(-34.975,46.2,0.));
#2645 = VECTOR('',#2646,1.);
#2646 = DIRECTION('',(0.,0.,1.));
#2647 = CYLINDRICAL_SURFACE('',#2648,0.8);
#2648 = AXIS2_PLACEMENT_3D('',#2649,#2650,#2651);
#2649 = CARTESIAN_POINT('',(-34.975,47.,0.));
#2650 = DIRECTION('',(0.,0.,-1.));
#2651 = DIRECTION('',(1.,0.,0.));
#2652 = ADVANCED_FACE('',(#2653),#2664,.T.);
#2653 = FACE_BOUND('',#2654,.T.);
#2654 = EDGE_LOOP('',(#2655,#2656,#2657,#2658));
#2655 = ORIENTED_EDGE('',*,*,#851,.F.);
#2656 = ORIENTED_EDGE('',*,*,#649,.F.);
#2657 = ORIENTED_EDGE('',*,*,#2642,.T.);
#2658 = ORIENTED_EDGE('',*,*,#2659,.T.);
#2659 = EDGE_CURVE('',#2634,#852,#2660,.T.);
#2660 = LINE('',#2661,#2662);
#2661 = CARTESIAN_POINT('',(-18.5375,46.2,5.6));
#2662 = VECTOR('',#2663,1.);
#2663 = DIRECTION('',(-1.,0.,0.));
#2664 = PLANE('',#2665);
#2665 = AXIS2_PLACEMENT_3D('',#2666,#2667,#2668);
#2666 = CARTESIAN_POINT('',(-36.025,46.2,2.8));
#2667 = DIRECTION('',(-0.,-1.,-0.));
#2668 = DIRECTION('',(0.,0.,-1.));
#2669 = ADVANCED_FACE('',(#2670),#2688,.T.);
#2670 = FACE_BOUND('',#2671,.T.);
#2671 = EDGE_LOOP('',(#2672,#2680,#2681,#2682));
#2672 = ORIENTED_EDGE('',*,*,#2673,.F.);
#2673 = EDGE_CURVE('',#698,#2674,#2676,.T.);
#2674 = VERTEX_POINT('',#2675);
#2675 = CARTESIAN_POINT('',(34.975,46.2,5.6));
#2676 = LINE('',#2677,#2678);
#2677 = CARTESIAN_POINT('',(34.975,46.2,2.2));
#2678 = VECTOR('',#2679,1.);
#2679 = DIRECTION('',(0.,0.,1.));
#2680 = ORIENTED_EDGE('',*,*,#697,.F.);
#2681 = ORIENTED_EDGE('',*,*,#1214,.T.);
#2682 = ORIENTED_EDGE('',*,*,#2683,.T.);
#2683 = EDGE_CURVE('',#1215,#2674,#2684,.T.);
#2684 = LINE('',#2685,#2686);
#2685 = CARTESIAN_POINT('',(17.4875,46.2,5.6));
#2686 = VECTOR('',#2687,1.);
#2687 = DIRECTION('',(-1.,0.,0.));
#2688 = PLANE('',#2689);
#2689 = AXIS2_PLACEMENT_3D('',#2690,#2691,#2692);
#2690 = CARTESIAN_POINT('',(36.025,46.2,2.8));
#2691 = DIRECTION('',(-0.,-1.,-0.));
#2692 = DIRECTION('',(0.,0.,-1.));
#2693 = ADVANCED_FACE('',(#2694),#2713,.T.);
#2694 = FACE_BOUND('',#2695,.T.);
#2695 = EDGE_LOOP('',(#2696,#2697,#2698,#2707));
#2696 = ORIENTED_EDGE('',*,*,#705,.F.);
#2697 = ORIENTED_EDGE('',*,*,#2673,.T.);
#2698 = ORIENTED_EDGE('',*,*,#2699,.T.);
#2699 = EDGE_CURVE('',#2674,#2700,#2702,.T.);
#2700 = VERTEX_POINT('',#2701);
#2701 = CARTESIAN_POINT('',(34.175,47.,5.6));
#2702 = CIRCLE('',#2703,0.8);
#2703 = AXIS2_PLACEMENT_3D('',#2704,#2705,#2706);
#2704 = CARTESIAN_POINT('',(34.975,47.,5.6));
#2705 = DIRECTION('',(0.,0.,-1.));
#2706 = DIRECTION('',(1.,0.,0.));
#2707 = ORIENTED_EDGE('',*,*,#2708,.F.);
#2708 = EDGE_CURVE('',#706,#2700,#2709,.T.);
#2709 = LINE('',#2710,#2711);
#2710 = CARTESIAN_POINT('',(34.175,47.,0.));
#2711 = VECTOR('',#2712,1.);
#2712 = DIRECTION('',(0.,0.,1.));
#2713 = CYLINDRICAL_SURFACE('',#2714,0.8);
#2714 = AXIS2_PLACEMENT_3D('',#2715,#2716,#2717);
#2715 = CARTESIAN_POINT('',(34.975,47.,0.));
#2716 = DIRECTION('',(0.,0.,-1.));
#2717 = DIRECTION('',(1.,0.,0.));
#2718 = ADVANCED_FACE('',(#2719),#2730,.T.);
#2719 = FACE_BOUND('',#2720,.T.);
#2720 = EDGE_LOOP('',(#2721,#2722,#2723,#2724));
#2721 = ORIENTED_EDGE('',*,*,#2585,.F.);
#2722 = ORIENTED_EDGE('',*,*,#714,.F.);
#2723 = ORIENTED_EDGE('',*,*,#2708,.T.);
#2724 = ORIENTED_EDGE('',*,*,#2725,.T.);
#2725 = EDGE_CURVE('',#2700,#2586,#2726,.T.);
#2726 = LINE('',#2727,#2728);
#2727 = CARTESIAN_POINT('',(34.175,39.877083573192,5.6));
#2728 = VECTOR('',#2729,1.);
#2729 = DIRECTION('',(0.,1.,0.));
#2730 = PLANE('',#2731);
#2731 = AXIS2_PLACEMENT_3D('',#2732,#2733,#2734);
#2732 = CARTESIAN_POINT('',(34.175,48.05,2.8));
#2733 = DIRECTION('',(-1.,-2.460754063238E-15,-0.));
#2734 = DIRECTION('',(2.460754063238E-15,-1.,0.));
#2735 = ADVANCED_FACE('',(#2736),#2754,.F.);
#2736 = FACE_BOUND('',#2737,.F.);
#2737 = EDGE_LOOP('',(#2738,#2739,#2740,#2748));
#2738 = ORIENTED_EDGE('',*,*,#2578,.F.);
#2739 = ORIENTED_EDGE('',*,*,#730,.T.);
#2740 = ORIENTED_EDGE('',*,*,#2741,.T.);
#2741 = EDGE_CURVE('',#731,#2742,#2744,.T.);
#2742 = VERTEX_POINT('',#2743);
#2743 = CARTESIAN_POINT('',(32.675,50.3,5.2));
#2744 = LINE('',#2745,#2746);
#2745 = CARTESIAN_POINT('',(32.675,50.3,-2.6645352591E-16));
#2746 = VECTOR('',#2747,1.);
#2747 = DIRECTION('',(0.,2.22044604925E-16,1.));
#2748 = ORIENTED_EDGE('',*,*,#2749,.F.);
#2749 = EDGE_CURVE('',#2571,#2742,#2750,.T.);
#2750 = LINE('',#2751,#2752);
#2751 = CARTESIAN_POINT('',(32.675,49.1,5.2));
#2752 = VECTOR('',#2753,1.);
#2753 = DIRECTION('',(0.,1.,-2.22044604925E-16));
#2754 = PLANE('',#2755);
#2755 = AXIS2_PLACEMENT_3D('',#2756,#2757,#2758);
#2756 = CARTESIAN_POINT('',(32.675,49.1,0.));
#2757 = DIRECTION('',(1.,0.,0.));
#2758 = DIRECTION('',(0.,2.22044604925E-16,1.));
#2759 = ADVANCED_FACE('',(#2760),#2779,.F.);
#2760 = FACE_BOUND('',#2761,.F.);
#2761 = EDGE_LOOP('',(#2762,#2770,#2771,#2772));
#2762 = ORIENTED_EDGE('',*,*,#2763,.F.);
#2763 = EDGE_CURVE('',#2742,#2764,#2766,.T.);
#2764 = VERTEX_POINT('',#2765);
#2765 = CARTESIAN_POINT('',(30.215328670843,50.3,5.2));
#2766 = LINE('',#2767,#2768);
#2767 = CARTESIAN_POINT('',(32.675,50.3,5.2));
#2768 = VECTOR('',#2769,1.);
#2769 = DIRECTION('',(-1.,0.,0.));
#2770 = ORIENTED_EDGE('',*,*,#2741,.F.);
#2771 = ORIENTED_EDGE('',*,*,#738,.T.);
#2772 = ORIENTED_EDGE('',*,*,#2773,.F.);
#2773 = EDGE_CURVE('',#2764,#739,#2774,.T.);
#2774 = CIRCLE('',#2775,2.7);
#2775 = AXIS2_PLACEMENT_3D('',#2776,#2777,#2778);
#2776 = CARTESIAN_POINT('',(29.575,50.3,2.577028556523));
#2777 = DIRECTION('',(0.,1.,-2.22044604925E-16));
#2778 = DIRECTION('',(-1.,0.,0.));
#2779 = PLANE('',#2780);
#2780 = AXIS2_PLACEMENT_3D('',#2781,#2782,#2783);
#2781 = CARTESIAN_POINT('',(-5.729366666667,50.3,2.6));
#2782 = DIRECTION('',(0.,1.,0.));
#2783 = DIRECTION('',(0.,0.,1.));
#2784 = ADVANCED_FACE('',(#2785),#2821,.F.);
#2785 = FACE_BOUND('',#2786,.F.);
#2786 = EDGE_LOOP('',(#2787,#2795,#2804,#2810,#2811,#2817,#2818,#2819,
    #2820));
#2787 = ORIENTED_EDGE('',*,*,#2788,.F.);
#2788 = EDGE_CURVE('',#2789,#2249,#2791,.T.);
#2789 = VERTEX_POINT('',#2790);
#2790 = CARTESIAN_POINT('',(26.901453765583,50.3,2.2));
#2791 = LINE('',#2792,#2793);
#2792 = CARTESIAN_POINT('',(26.901453765583,52.3,2.2));
#2793 = VECTOR('',#2794,1.);
#2794 = DIRECTION('',(0.,1.,-2.22044604925E-16));
#2795 = ORIENTED_EDGE('',*,*,#2796,.T.);
#2796 = EDGE_CURVE('',#2789,#2797,#2799,.T.);
#2797 = VERTEX_POINT('',#2798);
#2798 = CARTESIAN_POINT('',(28.934671329156,50.3,5.2));
#2799 = CIRCLE('',#2800,2.7);
#2800 = AXIS2_PLACEMENT_3D('',#2801,#2802,#2803);
#2801 = CARTESIAN_POINT('',(29.575,50.3,2.577028556523));
#2802 = DIRECTION('',(0.,1.,-2.22044604925E-16));
#2803 = DIRECTION('',(-1.,0.,0.));
#2804 = ORIENTED_EDGE('',*,*,#2805,.F.);
#2805 = EDGE_CURVE('',#2554,#2797,#2806,.T.);
#2806 = LINE('',#2807,#2808);
#2807 = CARTESIAN_POINT('',(28.934671329157,52.3,5.2));
#2808 = VECTOR('',#2809,1.);
#2809 = DIRECTION('',(0.,1.,-2.22044604925E-16));
#2810 = ORIENTED_EDGE('',*,*,#2561,.T.);
#2811 = ORIENTED_EDGE('',*,*,#2812,.T.);
#2812 = EDGE_CURVE('',#2562,#2764,#2813,.T.);
#2813 = LINE('',#2814,#2815);
#2814 = CARTESIAN_POINT('',(30.215328670843,52.3,5.2));
#2815 = VECTOR('',#2816,1.);
#2816 = DIRECTION('',(0.,1.,-2.22044604925E-16));
#2817 = ORIENTED_EDGE('',*,*,#2773,.T.);
#2818 = ORIENTED_EDGE('',*,*,#746,.T.);
#2819 = ORIENTED_EDGE('',*,*,#2239,.F.);
#2820 = ORIENTED_EDGE('',*,*,#2248,.F.);
#2821 = CYLINDRICAL_SURFACE('',#2822,2.7);
#2822 = AXIS2_PLACEMENT_3D('',#2823,#2824,#2825);
#2823 = CARTESIAN_POINT('',(29.575,52.3,2.577028556523));
#2824 = DIRECTION('',(0.,1.,-2.22044604925E-16));
#2825 = DIRECTION('',(-1.,0.,0.));
#2826 = ADVANCED_FACE('',(#2827),#2846,.T.);
#2827 = FACE_BOUND('',#2828,.F.);
#2828 = EDGE_LOOP('',(#2829,#2837,#2844,#2845));
#2829 = ORIENTED_EDGE('',*,*,#2830,.T.);
#2830 = EDGE_CURVE('',#763,#2831,#2833,.T.);
#2831 = VERTEX_POINT('',#2832);
#2832 = CARTESIAN_POINT('',(40.275,49.1,5.6));
#2833 = LINE('',#2834,#2835);
#2834 = CARTESIAN_POINT('',(40.275,49.1,2.2));
#2835 = VECTOR('',#2836,1.);
#2836 = DIRECTION('',(0.,0.,1.));
#2837 = ORIENTED_EDGE('',*,*,#2838,.T.);
#2838 = EDGE_CURVE('',#2831,#2225,#2839,.T.);
#2839 = CIRCLE('',#2840,3.2);
#2840 = AXIS2_PLACEMENT_3D('',#2841,#2842,#2843);
#2841 = CARTESIAN_POINT('',(37.075,49.1,5.6));
#2842 = DIRECTION('',(0.,0.,1.));
#2843 = DIRECTION('',(1.,0.,0.));
#2844 = ORIENTED_EDGE('',*,*,#2232,.F.);
#2845 = ORIENTED_EDGE('',*,*,#762,.F.);
#2846 = CYLINDRICAL_SURFACE('',#2847,3.2);
#2847 = AXIS2_PLACEMENT_3D('',#2848,#2849,#2850);
#2848 = CARTESIAN_POINT('',(37.075,49.1,2.2));
#2849 = DIRECTION('',(-0.,-0.,-1.));
#2850 = DIRECTION('',(1.,0.,0.));
#2851 = ADVANCED_FACE('',(#2852),#2886,.F.);
#2852 = FACE_BOUND('',#2853,.F.);
#2853 = EDGE_LOOP('',(#2854,#2855,#2863,#2871,#2879,#2885));
#2854 = ORIENTED_EDGE('',*,*,#771,.F.);
#2855 = ORIENTED_EDGE('',*,*,#2856,.T.);
#2856 = EDGE_CURVE('',#772,#2857,#2859,.T.);
#2857 = VERTEX_POINT('',#2858);
#2858 = CARTESIAN_POINT('',(40.275,9.525,4.8));
#2859 = LINE('',#2860,#2861);
#2860 = CARTESIAN_POINT('',(40.275,9.525,2.2));
#2861 = VECTOR('',#2862,1.);
#2862 = DIRECTION('',(0.,0.,1.));
#2863 = ORIENTED_EDGE('',*,*,#2864,.F.);
#2864 = EDGE_CURVE('',#2865,#2857,#2867,.T.);
#2865 = VERTEX_POINT('',#2866);
#2866 = CARTESIAN_POINT('',(40.275,24.625,4.8));
#2867 = LINE('',#2868,#2869);
#2868 = CARTESIAN_POINT('',(40.275,17.075,4.8));
#2869 = VECTOR('',#2870,1.);
#2870 = DIRECTION('',(0.,-1.,2.22044604925E-16));
#2871 = ORIENTED_EDGE('',*,*,#2872,.T.);
#2872 = EDGE_CURVE('',#2865,#2873,#2875,.T.);
#2873 = VERTEX_POINT('',#2874);
#2874 = CARTESIAN_POINT('',(40.275,25.425,5.6));
#2875 = LINE('',#2876,#2877);
#2876 = CARTESIAN_POINT('',(40.275,24.625,4.8));
#2877 = VECTOR('',#2878,1.);
#2878 = DIRECTION('',(1.577721810442E-30,0.707106781187,0.707106781187)
  );
#2879 = ORIENTED_EDGE('',*,*,#2880,.T.);
#2880 = EDGE_CURVE('',#2873,#2831,#2881,.T.);
#2881 = LINE('',#2882,#2883);
#2882 = CARTESIAN_POINT('',(40.275,9.525,5.6));
#2883 = VECTOR('',#2884,1.);
#2884 = DIRECTION('',(0.,1.,0.));
#2885 = ORIENTED_EDGE('',*,*,#2830,.F.);
#2886 = PLANE('',#2887);
#2887 = AXIS2_PLACEMENT_3D('',#2888,#2889,#2890);
#2888 = CARTESIAN_POINT('',(40.275,9.525,2.2));
#2889 = DIRECTION('',(-1.,0.,0.));
#2890 = DIRECTION('',(0.,1.,0.));
#2891 = ADVANCED_FACE('',(#2892),#2903,.F.);
#2892 = FACE_BOUND('',#2893,.F.);
#2893 = EDGE_LOOP('',(#2894,#2900,#2901,#2902));
#2894 = ORIENTED_EDGE('',*,*,#2895,.T.);
#2895 = EDGE_CURVE('',#2152,#2857,#2896,.T.);
#2896 = LINE('',#2897,#2898);
#2897 = CARTESIAN_POINT('',(-39.475,9.525,4.8));
#2898 = VECTOR('',#2899,1.);
#2899 = DIRECTION('',(1.,6.615854150466E-17,0.));
#2900 = ORIENTED_EDGE('',*,*,#2856,.F.);
#2901 = ORIENTED_EDGE('',*,*,#779,.F.);
#2902 = ORIENTED_EDGE('',*,*,#2151,.T.);
#2903 = PLANE('',#2904);
#2904 = AXIS2_PLACEMENT_3D('',#2905,#2906,#2907);
#2905 = CARTESIAN_POINT('',(-40.275,9.525,2.2));
#2906 = DIRECTION('',(-6.615854150466E-17,1.,0.));
#2907 = DIRECTION('',(1.,6.615854150466E-17,0.));
#2908 = ADVANCED_FACE('',(#2909),#2928,.F.);
#2909 = FACE_BOUND('',#2910,.F.);
#2910 = EDGE_LOOP('',(#2911,#2919,#2926,#2927));
#2911 = ORIENTED_EDGE('',*,*,#2912,.F.);
#2912 = EDGE_CURVE('',#2913,#788,#2915,.T.);
#2913 = VERTEX_POINT('',#2914);
#2914 = CARTESIAN_POINT('',(-35.625,48.75,5.6));
#2915 = LINE('',#2916,#2917);
#2916 = CARTESIAN_POINT('',(-35.625,48.75,5.6));
#2917 = VECTOR('',#2918,1.);
#2918 = DIRECTION('',(-0.,-0.,-1.));
#2919 = ORIENTED_EDGE('',*,*,#2920,.F.);
#2920 = EDGE_CURVE('',#2913,#2913,#2921,.T.);
#2921 = CIRCLE('',#2922,1.1);
#2922 = AXIS2_PLACEMENT_3D('',#2923,#2924,#2925);
#2923 = CARTESIAN_POINT('',(-36.725,48.75,5.6));
#2924 = DIRECTION('',(0.,0.,1.));
#2925 = DIRECTION('',(1.,0.,0.));
#2926 = ORIENTED_EDGE('',*,*,#2912,.T.);
#2927 = ORIENTED_EDGE('',*,*,#787,.T.);
#2928 = CYLINDRICAL_SURFACE('',#2929,1.1);
#2929 = AXIS2_PLACEMENT_3D('',#2930,#2931,#2932);
#2930 = CARTESIAN_POINT('',(-36.725,48.75,5.6));
#2931 = DIRECTION('',(0.,0.,1.));
#2932 = DIRECTION('',(1.,0.,0.));
#2933 = ADVANCED_FACE('',(#2934),#2953,.F.);
#2934 = FACE_BOUND('',#2935,.F.);
#2935 = EDGE_LOOP('',(#2936,#2944,#2951,#2952));
#2936 = ORIENTED_EDGE('',*,*,#2937,.F.);
#2937 = EDGE_CURVE('',#2938,#799,#2940,.T.);
#2938 = VERTEX_POINT('',#2939);
#2939 = CARTESIAN_POINT('',(37.825000000001,48.75,5.6));
#2940 = LINE('',#2941,#2942);
#2941 = CARTESIAN_POINT('',(37.825000000001,48.75,5.6));
#2942 = VECTOR('',#2943,1.);
#2943 = DIRECTION('',(-0.,-0.,-1.));
#2944 = ORIENTED_EDGE('',*,*,#2945,.F.);
#2945 = EDGE_CURVE('',#2938,#2938,#2946,.T.);
#2946 = CIRCLE('',#2947,1.1);
#2947 = AXIS2_PLACEMENT_3D('',#2948,#2949,#2950);
#2948 = CARTESIAN_POINT('',(36.725000000001,48.75,5.6));
#2949 = DIRECTION('',(0.,0.,1.));
#2950 = DIRECTION('',(1.,0.,0.));
#2951 = ORIENTED_EDGE('',*,*,#2937,.T.);
#2952 = ORIENTED_EDGE('',*,*,#798,.T.);
#2953 = CYLINDRICAL_SURFACE('',#2954,1.1);
#2954 = AXIS2_PLACEMENT_3D('',#2955,#2956,#2957);
#2955 = CARTESIAN_POINT('',(36.725000000001,48.75,5.6));
#2956 = DIRECTION('',(0.,0.,1.));
#2957 = DIRECTION('',(1.,0.,0.));
#2958 = ADVANCED_FACE('',(#2959,#3004,#3015,#3026,#3037,#3048,#3060,
    #3063),#3066,.T.);
#2959 = FACE_BOUND('',#2960,.T.);
#2960 = EDGE_LOOP('',(#2961,#2971,#2979,#2987,#2993,#2994,#2995,#2996,
    #2997,#2998));
#2961 = ORIENTED_EDGE('',*,*,#2962,.T.);
#2962 = EDGE_CURVE('',#2963,#2965,#2967,.T.);
#2963 = VERTEX_POINT('',#2964);
#2964 = CARTESIAN_POINT('',(-39.475,24.625,5.6));
#2965 = VERTEX_POINT('',#2966);
#2966 = CARTESIAN_POINT('',(-39.475,10.325,5.6));
#2967 = LINE('',#2968,#2969);
#2968 = CARTESIAN_POINT('',(-39.475,27.639583573192,5.6));
#2969 = VECTOR('',#2970,1.);
#2970 = DIRECTION('',(-2.22044604925E-16,-1.,0.));
#2971 = ORIENTED_EDGE('',*,*,#2972,.T.);
#2972 = EDGE_CURVE('',#2965,#2973,#2975,.T.);
#2973 = VERTEX_POINT('',#2974);
#2974 = CARTESIAN_POINT('',(39.475,10.325,5.6));
#2975 = LINE('',#2976,#2977);
#2976 = CARTESIAN_POINT('',(-39.475,10.325,5.6));
#2977 = VECTOR('',#2978,1.);
#2978 = DIRECTION('',(1.,6.615854150466E-17,0.));
#2979 = ORIENTED_EDGE('',*,*,#2980,.F.);
#2980 = EDGE_CURVE('',#2981,#2973,#2983,.T.);
#2981 = VERTEX_POINT('',#2982);
#2982 = CARTESIAN_POINT('',(39.475,24.625,5.6));
#2983 = LINE('',#2984,#2985);
#2984 = CARTESIAN_POINT('',(39.475,27.639583573192,5.6));
#2985 = VECTOR('',#2986,1.);
#2986 = DIRECTION('',(2.22044604925E-16,-1.,0.));
#2987 = ORIENTED_EDGE('',*,*,#2988,.F.);
#2988 = EDGE_CURVE('',#2873,#2981,#2989,.T.);
#2989 = LINE('',#2990,#2991);
#2990 = CARTESIAN_POINT('',(31.313541786596,16.463541786596,5.6));
#2991 = VECTOR('',#2992,1.);
#2992 = DIRECTION('',(-0.707106781187,-0.707106781187,0.));
#2993 = ORIENTED_EDGE('',*,*,#2880,.T.);
#2994 = ORIENTED_EDGE('',*,*,#2838,.T.);
#2995 = ORIENTED_EDGE('',*,*,#2224,.F.);
#2996 = ORIENTED_EDGE('',*,*,#2205,.T.);
#2997 = ORIENTED_EDGE('',*,*,#2175,.F.);
#2998 = ORIENTED_EDGE('',*,*,#2999,.T.);
#2999 = EDGE_CURVE('',#2168,#2963,#3000,.T.);
#3000 = LINE('',#3001,#3002);
#3001 = CARTESIAN_POINT('',(-31.31354178659,16.463541786596,5.6));
#3002 = VECTOR('',#3003,1.);
#3003 = DIRECTION('',(0.707106781187,-0.707106781187,0.));
#3004 = FACE_BOUND('',#3005,.T.);
#3005 = EDGE_LOOP('',(#3006));
#3006 = ORIENTED_EDGE('',*,*,#3007,.T.);
#3007 = EDGE_CURVE('',#3008,#3008,#3010,.T.);
#3008 = VERTEX_POINT('',#3009);
#3009 = CARTESIAN_POINT('',(-25.075,18.,5.6));
#3010 = CIRCLE('',#3011,3.5);
#3011 = AXIS2_PLACEMENT_3D('',#3012,#3013,#3014);
#3012 = CARTESIAN_POINT('',(-28.575,18.,5.6));
#3013 = DIRECTION('',(0.,0.,-1.));
#3014 = DIRECTION('',(1.,0.,0.));
#3015 = FACE_BOUND('',#3016,.T.);
#3016 = EDGE_LOOP('',(#3017));
#3017 = ORIENTED_EDGE('',*,*,#3018,.T.);
#3018 = EDGE_CURVE('',#3019,#3019,#3021,.T.);
#3019 = VERTEX_POINT('',#3020);
#3020 = CARTESIAN_POINT('',(-6.025,18.,5.6));
#3021 = CIRCLE('',#3022,3.5);
#3022 = AXIS2_PLACEMENT_3D('',#3023,#3024,#3025);
#3023 = CARTESIAN_POINT('',(-9.525,18.,5.6));
#3024 = DIRECTION('',(0.,0.,-1.));
#3025 = DIRECTION('',(1.,0.,0.));
#3026 = FACE_BOUND('',#3027,.T.);
#3027 = EDGE_LOOP('',(#3028));
#3028 = ORIENTED_EDGE('',*,*,#3029,.T.);
#3029 = EDGE_CURVE('',#3030,#3030,#3032,.T.);
#3030 = VERTEX_POINT('',#3031);
#3031 = CARTESIAN_POINT('',(13.025,18.,5.6));
#3032 = CIRCLE('',#3033,3.5);
#3033 = AXIS2_PLACEMENT_3D('',#3034,#3035,#3036);
#3034 = CARTESIAN_POINT('',(9.525,18.,5.6));
#3035 = DIRECTION('',(0.,0.,-1.));
#3036 = DIRECTION('',(1.,0.,0.));
#3037 = FACE_BOUND('',#3038,.T.);
#3038 = EDGE_LOOP('',(#3039));
#3039 = ORIENTED_EDGE('',*,*,#3040,.T.);
#3040 = EDGE_CURVE('',#3041,#3041,#3043,.T.);
#3041 = VERTEX_POINT('',#3042);
#3042 = CARTESIAN_POINT('',(32.075,18.,5.6));
#3043 = CIRCLE('',#3044,3.5);
#3044 = AXIS2_PLACEMENT_3D('',#3045,#3046,#3047);
#3045 = CARTESIAN_POINT('',(28.575,18.,5.6));
#3046 = DIRECTION('',(0.,0.,-1.));
#3047 = DIRECTION('',(1.,0.,0.));
#3048 = FACE_BOUND('',#3049,.T.);
#3049 = EDGE_LOOP('',(#3050,#3051,#3052,#3053,#3054,#3055,#3056,#3057,
    #3058,#3059));
#3050 = ORIENTED_EDGE('',*,*,#2683,.F.);
#3051 = ORIENTED_EDGE('',*,*,#1231,.F.);
#3052 = ORIENTED_EDGE('',*,*,#1091,.F.);
#3053 = ORIENTED_EDGE('',*,*,#859,.F.);
#3054 = ORIENTED_EDGE('',*,*,#2659,.F.);
#3055 = ORIENTED_EDGE('',*,*,#2633,.F.);
#3056 = ORIENTED_EDGE('',*,*,#2617,.F.);
#3057 = ORIENTED_EDGE('',*,*,#2593,.F.);
#3058 = ORIENTED_EDGE('',*,*,#2725,.F.);
#3059 = ORIENTED_EDGE('',*,*,#2699,.F.);
#3060 = FACE_BOUND('',#3061,.T.);
#3061 = EDGE_LOOP('',(#3062));
#3062 = ORIENTED_EDGE('',*,*,#2920,.F.);
#3063 = FACE_BOUND('',#3064,.T.);
#3064 = EDGE_LOOP('',(#3065));
#3065 = ORIENTED_EDGE('',*,*,#2945,.F.);
#3066 = PLANE('',#3067);
#3067 = AXIS2_PLACEMENT_3D('',#3068,#3069,#3070);
#3068 = CARTESIAN_POINT('',(-1.259100701248E-14,30.654167146383,5.6));
#3069 = DIRECTION('',(0.,0.,1.));
#3070 = DIRECTION('',(1.,0.,0.));
#3071 = ADVANCED_FACE('',(#3072),#3075,.F.);
#3072 = FACE_BOUND('',#3073,.T.);
#3073 = EDGE_LOOP('',(#3074));
#3074 = ORIENTED_EDGE('',*,*,#996,.T.);
#3075 = PLANE('',#3076);
#3076 = AXIS2_PLACEMENT_3D('',#3077,#3078,#3079);
#3077 = CARTESIAN_POINT('',(0.260266666667,23.363333333333,5.2));
#3078 = DIRECTION('',(0.,0.,1.));
#3079 = DIRECTION('',(1.,0.,0.));
#3080 = ADVANCED_FACE('',(#3081),#3087,.F.);
#3081 = FACE_BOUND('',#3082,.T.);
#3082 = EDGE_LOOP('',(#3083,#3084,#3085,#3086));
#3083 = ORIENTED_EDGE('',*,*,#1113,.T.);
#3084 = ORIENTED_EDGE('',*,*,#1073,.T.);
#3085 = ORIENTED_EDGE('',*,*,#1154,.T.);
#3086 = ORIENTED_EDGE('',*,*,#1137,.T.);
#3087 = PLANE('',#3088);
#3088 = AXIS2_PLACEMENT_3D('',#3089,#3090,#3091);
#3089 = CARTESIAN_POINT('',(0.,27.375,1.6));
#3090 = DIRECTION('',(0.,0.,1.));
#3091 = DIRECTION('',(1.,0.,0.));
#3092 = ADVANCED_FACE('',(#3093),#3096,.F.);
#3093 = FACE_BOUND('',#3094,.T.);
#3094 = EDGE_LOOP('',(#3095));
#3095 = ORIENTED_EDGE('',*,*,#1282,.T.);
#3096 = PLANE('',#3097);
#3097 = AXIS2_PLACEMENT_3D('',#3098,#3099,#3100);
#3098 = CARTESIAN_POINT('',(0.260266666667,23.363333333333,5.2));
#3099 = DIRECTION('',(0.,0.,1.));
#3100 = DIRECTION('',(1.,0.,0.));
#3101 = ADVANCED_FACE('',(#3102,#3108,#3119,#3130,#3141,#3152),#3163,.F.
  );
#3102 = FACE_BOUND('',#3103,.F.);
#3103 = EDGE_LOOP('',(#3104,#3105,#3106,#3107));
#3104 = ORIENTED_EDGE('',*,*,#1310,.T.);
#3105 = ORIENTED_EDGE('',*,*,#1359,.T.);
#3106 = ORIENTED_EDGE('',*,*,#1405,.T.);
#3107 = ORIENTED_EDGE('',*,*,#1341,.T.);
#3108 = FACE_BOUND('',#3109,.F.);
#3109 = EDGE_LOOP('',(#3110));
#3110 = ORIENTED_EDGE('',*,*,#3111,.F.);
#3111 = EDGE_CURVE('',#3112,#3112,#3114,.T.);
#3112 = VERTEX_POINT('',#3113);
#3113 = CARTESIAN_POINT('',(-31.975,12.9,5.2));
#3114 = CIRCLE('',#3115,0.7);
#3115 = AXIS2_PLACEMENT_3D('',#3116,#3117,#3118);
#3116 = CARTESIAN_POINT('',(-32.675,12.9,5.2));
#3117 = DIRECTION('',(0.,0.,1.));
#3118 = DIRECTION('',(1.,0.,0.));
#3119 = FACE_BOUND('',#3120,.F.);
#3120 = EDGE_LOOP('',(#3121));
#3121 = ORIENTED_EDGE('',*,*,#3122,.F.);
#3122 = EDGE_CURVE('',#3123,#3123,#3125,.T.);
#3123 = VERTEX_POINT('',#3124);
#3124 = CARTESIAN_POINT('',(-23.775,12.9,5.2));
#3125 = CIRCLE('',#3126,0.7);
#3126 = AXIS2_PLACEMENT_3D('',#3127,#3128,#3129);
#3127 = CARTESIAN_POINT('',(-24.475,12.9,5.2));
#3128 = DIRECTION('',(0.,0.,1.));
#3129 = DIRECTION('',(1.,0.,0.));
#3130 = FACE_BOUND('',#3131,.F.);
#3131 = EDGE_LOOP('',(#3132));
#3132 = ORIENTED_EDGE('',*,*,#3133,.F.);
#3133 = EDGE_CURVE('',#3134,#3134,#3136,.T.);
#3134 = VERTEX_POINT('',#3135);
#3135 = CARTESIAN_POINT('',(-25.075,18.,5.2));
#3136 = CIRCLE('',#3137,3.5);
#3137 = AXIS2_PLACEMENT_3D('',#3138,#3139,#3140);
#3138 = CARTESIAN_POINT('',(-28.575,18.,5.2));
#3139 = DIRECTION('',(0.,0.,1.));
#3140 = DIRECTION('',(1.,0.,0.));
#3141 = FACE_BOUND('',#3142,.F.);
#3142 = EDGE_LOOP('',(#3143));
#3143 = ORIENTED_EDGE('',*,*,#3144,.F.);
#3144 = EDGE_CURVE('',#3145,#3145,#3147,.T.);
#3145 = VERTEX_POINT('',#3146);
#3146 = CARTESIAN_POINT('',(-31.975,23.1,5.2));
#3147 = CIRCLE('',#3148,0.7);
#3148 = AXIS2_PLACEMENT_3D('',#3149,#3150,#3151);
#3149 = CARTESIAN_POINT('',(-32.675,23.1,5.2));
#3150 = DIRECTION('',(0.,0.,1.));
#3151 = DIRECTION('',(1.,0.,0.));
#3152 = FACE_BOUND('',#3153,.F.);
#3153 = EDGE_LOOP('',(#3154));
#3154 = ORIENTED_EDGE('',*,*,#3155,.F.);
#3155 = EDGE_CURVE('',#3156,#3156,#3158,.T.);
#3156 = VERTEX_POINT('',#3157);
#3157 = CARTESIAN_POINT('',(-23.775,23.1,5.2));
#3158 = CIRCLE('',#3159,0.7);
#3159 = AXIS2_PLACEMENT_3D('',#3160,#3161,#3162);
#3160 = CARTESIAN_POINT('',(-24.475,23.1,5.2));
#3161 = DIRECTION('',(0.,0.,1.));
#3162 = DIRECTION('',(1.,0.,0.));
#3163 = PLANE('',#3164);
#3164 = AXIS2_PLACEMENT_3D('',#3165,#3166,#3167);
#3165 = CARTESIAN_POINT('',(-28.575,18.,5.2));
#3166 = DIRECTION('',(0.,0.,1.));
#3167 = DIRECTION('',(1.,0.,0.));
#3168 = ADVANCED_FACE('',(#3169),#3175,.F.);
#3169 = FACE_BOUND('',#3170,.F.);
#3170 = EDGE_LOOP('',(#3171,#3172,#3173,#3174));
#3171 = ORIENTED_EDGE('',*,*,#1422,.T.);
#3172 = ORIENTED_EDGE('',*,*,#1446,.T.);
#3173 = ORIENTED_EDGE('',*,*,#1470,.T.);
#3174 = ORIENTED_EDGE('',*,*,#1382,.T.);
#3175 = PLANE('',#3176);
#3176 = AXIS2_PLACEMENT_3D('',#3177,#3178,#3179);
#3177 = CARTESIAN_POINT('',(-28.575,10.7,2.8));
#3178 = DIRECTION('',(0.,0.,1.));
#3179 = DIRECTION('',(1.,0.,0.));
#3180 = ADVANCED_FACE('',(#3181,#3187,#3198,#3209,#3220,#3231),#3242,.F.
  );
#3181 = FACE_BOUND('',#3182,.F.);
#3182 = EDGE_LOOP('',(#3183,#3184,#3185,#3186));
#3183 = ORIENTED_EDGE('',*,*,#1494,.T.);
#3184 = ORIENTED_EDGE('',*,*,#1543,.T.);
#3185 = ORIENTED_EDGE('',*,*,#1589,.T.);
#3186 = ORIENTED_EDGE('',*,*,#1525,.T.);
#3187 = FACE_BOUND('',#3188,.F.);
#3188 = EDGE_LOOP('',(#3189));
#3189 = ORIENTED_EDGE('',*,*,#3190,.F.);
#3190 = EDGE_CURVE('',#3191,#3191,#3193,.T.);
#3191 = VERTEX_POINT('',#3192);
#3192 = CARTESIAN_POINT('',(-12.925,12.9,5.2));
#3193 = CIRCLE('',#3194,0.7);
#3194 = AXIS2_PLACEMENT_3D('',#3195,#3196,#3197);
#3195 = CARTESIAN_POINT('',(-13.625,12.9,5.2));
#3196 = DIRECTION('',(0.,0.,1.));
#3197 = DIRECTION('',(1.,0.,0.));
#3198 = FACE_BOUND('',#3199,.F.);
#3199 = EDGE_LOOP('',(#3200));
#3200 = ORIENTED_EDGE('',*,*,#3201,.F.);
#3201 = EDGE_CURVE('',#3202,#3202,#3204,.T.);
#3202 = VERTEX_POINT('',#3203);
#3203 = CARTESIAN_POINT('',(-4.725,12.9,5.2));
#3204 = CIRCLE('',#3205,0.7);
#3205 = AXIS2_PLACEMENT_3D('',#3206,#3207,#3208);
#3206 = CARTESIAN_POINT('',(-5.425,12.9,5.2));
#3207 = DIRECTION('',(0.,0.,1.));
#3208 = DIRECTION('',(1.,0.,0.));
#3209 = FACE_BOUND('',#3210,.F.);
#3210 = EDGE_LOOP('',(#3211));
#3211 = ORIENTED_EDGE('',*,*,#3212,.F.);
#3212 = EDGE_CURVE('',#3213,#3213,#3215,.T.);
#3213 = VERTEX_POINT('',#3214);
#3214 = CARTESIAN_POINT('',(-6.025,18.,5.2));
#3215 = CIRCLE('',#3216,3.5);
#3216 = AXIS2_PLACEMENT_3D('',#3217,#3218,#3219);
#3217 = CARTESIAN_POINT('',(-9.525,18.,5.2));
#3218 = DIRECTION('',(0.,0.,1.));
#3219 = DIRECTION('',(1.,0.,0.));
#3220 = FACE_BOUND('',#3221,.F.);
#3221 = EDGE_LOOP('',(#3222));
#3222 = ORIENTED_EDGE('',*,*,#3223,.F.);
#3223 = EDGE_CURVE('',#3224,#3224,#3226,.T.);
#3224 = VERTEX_POINT('',#3225);
#3225 = CARTESIAN_POINT('',(-12.925,23.1,5.2));
#3226 = CIRCLE('',#3227,0.7);
#3227 = AXIS2_PLACEMENT_3D('',#3228,#3229,#3230);
#3228 = CARTESIAN_POINT('',(-13.625,23.1,5.2));
#3229 = DIRECTION('',(0.,0.,1.));
#3230 = DIRECTION('',(1.,0.,0.));
#3231 = FACE_BOUND('',#3232,.F.);
#3232 = EDGE_LOOP('',(#3233));
#3233 = ORIENTED_EDGE('',*,*,#3234,.F.);
#3234 = EDGE_CURVE('',#3235,#3235,#3237,.T.);
#3235 = VERTEX_POINT('',#3236);
#3236 = CARTESIAN_POINT('',(-4.725,23.1,5.2));
#3237 = CIRCLE('',#3238,0.7);
#3238 = AXIS2_PLACEMENT_3D('',#3239,#3240,#3241);
#3239 = CARTESIAN_POINT('',(-5.425,23.1,5.2));
#3240 = DIRECTION('',(0.,0.,1.));
#3241 = DIRECTION('',(1.,0.,0.));
#3242 = PLANE('',#3243);
#3243 = AXIS2_PLACEMENT_3D('',#3244,#3245,#3246);
#3244 = CARTESIAN_POINT('',(-9.525,18.,5.2));
#3245 = DIRECTION('',(0.,0.,1.));
#3246 = DIRECTION('',(1.,0.,0.));
#3247 = ADVANCED_FACE('',(#3248),#3254,.F.);
#3248 = FACE_BOUND('',#3249,.F.);
#3249 = EDGE_LOOP('',(#3250,#3251,#3252,#3253));
#3250 = ORIENTED_EDGE('',*,*,#1606,.T.);
#3251 = ORIENTED_EDGE('',*,*,#1630,.T.);
#3252 = ORIENTED_EDGE('',*,*,#1654,.T.);
#3253 = ORIENTED_EDGE('',*,*,#1566,.T.);
#3254 = PLANE('',#3255);
#3255 = AXIS2_PLACEMENT_3D('',#3256,#3257,#3258);
#3256 = CARTESIAN_POINT('',(-9.525,10.7,2.8));
#3257 = DIRECTION('',(0.,0.,1.));
#3258 = DIRECTION('',(1.,0.,0.));
#3259 = ADVANCED_FACE('',(#3260,#3266,#3277,#3288,#3299,#3310),#3321,.F.
  );
#3260 = FACE_BOUND('',#3261,.F.);
#3261 = EDGE_LOOP('',(#3262,#3263,#3264,#3265));
#3262 = ORIENTED_EDGE('',*,*,#1678,.T.);
#3263 = ORIENTED_EDGE('',*,*,#1727,.T.);
#3264 = ORIENTED_EDGE('',*,*,#1773,.T.);
#3265 = ORIENTED_EDGE('',*,*,#1709,.T.);
#3266 = FACE_BOUND('',#3267,.F.);
#3267 = EDGE_LOOP('',(#3268));
#3268 = ORIENTED_EDGE('',*,*,#3269,.F.);
#3269 = EDGE_CURVE('',#3270,#3270,#3272,.T.);
#3270 = VERTEX_POINT('',#3271);
#3271 = CARTESIAN_POINT('',(6.125,12.9,5.2));
#3272 = CIRCLE('',#3273,0.7);
#3273 = AXIS2_PLACEMENT_3D('',#3274,#3275,#3276);
#3274 = CARTESIAN_POINT('',(5.425,12.9,5.2));
#3275 = DIRECTION('',(0.,0.,1.));
#3276 = DIRECTION('',(1.,0.,0.));
#3277 = FACE_BOUND('',#3278,.F.);
#3278 = EDGE_LOOP('',(#3279));
#3279 = ORIENTED_EDGE('',*,*,#3280,.F.);
#3280 = EDGE_CURVE('',#3281,#3281,#3283,.T.);
#3281 = VERTEX_POINT('',#3282);
#3282 = CARTESIAN_POINT('',(14.325,12.9,5.2));
#3283 = CIRCLE('',#3284,0.7);
#3284 = AXIS2_PLACEMENT_3D('',#3285,#3286,#3287);
#3285 = CARTESIAN_POINT('',(13.625,12.9,5.2));
#3286 = DIRECTION('',(0.,0.,1.));
#3287 = DIRECTION('',(1.,0.,0.));
#3288 = FACE_BOUND('',#3289,.F.);
#3289 = EDGE_LOOP('',(#3290));
#3290 = ORIENTED_EDGE('',*,*,#3291,.F.);
#3291 = EDGE_CURVE('',#3292,#3292,#3294,.T.);
#3292 = VERTEX_POINT('',#3293);
#3293 = CARTESIAN_POINT('',(13.025,18.,5.2));
#3294 = CIRCLE('',#3295,3.5);
#3295 = AXIS2_PLACEMENT_3D('',#3296,#3297,#3298);
#3296 = CARTESIAN_POINT('',(9.525,18.,5.2));
#3297 = DIRECTION('',(0.,0.,1.));
#3298 = DIRECTION('',(1.,0.,0.));
#3299 = FACE_BOUND('',#3300,.F.);
#3300 = EDGE_LOOP('',(#3301));
#3301 = ORIENTED_EDGE('',*,*,#3302,.F.);
#3302 = EDGE_CURVE('',#3303,#3303,#3305,.T.);
#3303 = VERTEX_POINT('',#3304);
#3304 = CARTESIAN_POINT('',(6.125,23.1,5.2));
#3305 = CIRCLE('',#3306,0.7);
#3306 = AXIS2_PLACEMENT_3D('',#3307,#3308,#3309);
#3307 = CARTESIAN_POINT('',(5.425,23.1,5.2));
#3308 = DIRECTION('',(0.,0.,1.));
#3309 = DIRECTION('',(1.,0.,0.));
#3310 = FACE_BOUND('',#3311,.F.);
#3311 = EDGE_LOOP('',(#3312));
#3312 = ORIENTED_EDGE('',*,*,#3313,.F.);
#3313 = EDGE_CURVE('',#3314,#3314,#3316,.T.);
#3314 = VERTEX_POINT('',#3315);
#3315 = CARTESIAN_POINT('',(14.325,23.1,5.2));
#3316 = CIRCLE('',#3317,0.7);
#3317 = AXIS2_PLACEMENT_3D('',#3318,#3319,#3320);
#3318 = CARTESIAN_POINT('',(13.625,23.1,5.2));
#3319 = DIRECTION('',(0.,0.,1.));
#3320 = DIRECTION('',(1.,0.,0.));
#3321 = PLANE('',#3322);
#3322 = AXIS2_PLACEMENT_3D('',#3323,#3324,#3325);
#3323 = CARTESIAN_POINT('',(9.525,18.,5.2));
#3324 = DIRECTION('',(0.,0.,1.));
#3325 = DIRECTION('',(1.,0.,0.));
#3326 = ADVANCED_FACE('',(#3327),#3333,.F.);
#3327 = FACE_BOUND('',#3328,.F.);
#3328 = EDGE_LOOP('',(#3329,#3330,#3331,#3332));
#3329 = ORIENTED_EDGE('',*,*,#1790,.T.);
#3330 = ORIENTED_EDGE('',*,*,#1814,.T.);
#3331 = ORIENTED_EDGE('',*,*,#1838,.T.);
#3332 = ORIENTED_EDGE('',*,*,#1750,.T.);
#3333 = PLANE('',#3334);
#3334 = AXIS2_PLACEMENT_3D('',#3335,#3336,#3337);
#3335 = CARTESIAN_POINT('',(9.525,10.7,2.8));
#3336 = DIRECTION('',(0.,0.,1.));
#3337 = DIRECTION('',(1.,0.,0.));
#3338 = ADVANCED_FACE('',(#3339,#3345,#3356,#3367,#3378,#3389),#3400,.F.
  );
#3339 = FACE_BOUND('',#3340,.F.);
#3340 = EDGE_LOOP('',(#3341,#3342,#3343,#3344));
#3341 = ORIENTED_EDGE('',*,*,#1862,.T.);
#3342 = ORIENTED_EDGE('',*,*,#1911,.T.);
#3343 = ORIENTED_EDGE('',*,*,#1957,.T.);
#3344 = ORIENTED_EDGE('',*,*,#1893,.T.);
#3345 = FACE_BOUND('',#3346,.F.);
#3346 = EDGE_LOOP('',(#3347));
#3347 = ORIENTED_EDGE('',*,*,#3348,.F.);
#3348 = EDGE_CURVE('',#3349,#3349,#3351,.T.);
#3349 = VERTEX_POINT('',#3350);
#3350 = CARTESIAN_POINT('',(25.175,12.9,5.2));
#3351 = CIRCLE('',#3352,0.7);
#3352 = AXIS2_PLACEMENT_3D('',#3353,#3354,#3355);
#3353 = CARTESIAN_POINT('',(24.475,12.9,5.2));
#3354 = DIRECTION('',(0.,0.,1.));
#3355 = DIRECTION('',(1.,0.,0.));
#3356 = FACE_BOUND('',#3357,.F.);
#3357 = EDGE_LOOP('',(#3358));
#3358 = ORIENTED_EDGE('',*,*,#3359,.F.);
#3359 = EDGE_CURVE('',#3360,#3360,#3362,.T.);
#3360 = VERTEX_POINT('',#3361);
#3361 = CARTESIAN_POINT('',(33.375,12.9,5.2));
#3362 = CIRCLE('',#3363,0.7);
#3363 = AXIS2_PLACEMENT_3D('',#3364,#3365,#3366);
#3364 = CARTESIAN_POINT('',(32.675,12.9,5.2));
#3365 = DIRECTION('',(0.,0.,1.));
#3366 = DIRECTION('',(1.,0.,0.));
#3367 = FACE_BOUND('',#3368,.F.);
#3368 = EDGE_LOOP('',(#3369));
#3369 = ORIENTED_EDGE('',*,*,#3370,.F.);
#3370 = EDGE_CURVE('',#3371,#3371,#3373,.T.);
#3371 = VERTEX_POINT('',#3372);
#3372 = CARTESIAN_POINT('',(32.075,18.,5.2));
#3373 = CIRCLE('',#3374,3.5);
#3374 = AXIS2_PLACEMENT_3D('',#3375,#3376,#3377);
#3375 = CARTESIAN_POINT('',(28.575,18.,5.2));
#3376 = DIRECTION('',(0.,0.,1.));
#3377 = DIRECTION('',(1.,0.,0.));
#3378 = FACE_BOUND('',#3379,.F.);
#3379 = EDGE_LOOP('',(#3380));
#3380 = ORIENTED_EDGE('',*,*,#3381,.F.);
#3381 = EDGE_CURVE('',#3382,#3382,#3384,.T.);
#3382 = VERTEX_POINT('',#3383);
#3383 = CARTESIAN_POINT('',(25.175,23.1,5.2));
#3384 = CIRCLE('',#3385,0.7);
#3385 = AXIS2_PLACEMENT_3D('',#3386,#3387,#3388);
#3386 = CARTESIAN_POINT('',(24.475,23.1,5.2));
#3387 = DIRECTION('',(0.,0.,1.));
#3388 = DIRECTION('',(1.,0.,0.));
#3389 = FACE_BOUND('',#3390,.F.);
#3390 = EDGE_LOOP('',(#3391));
#3391 = ORIENTED_EDGE('',*,*,#3392,.F.);
#3392 = EDGE_CURVE('',#3393,#3393,#3395,.T.);
#3393 = VERTEX_POINT('',#3394);
#3394 = CARTESIAN_POINT('',(33.375,23.1,5.2));
#3395 = CIRCLE('',#3396,0.7);
#3396 = AXIS2_PLACEMENT_3D('',#3397,#3398,#3399);
#3397 = CARTESIAN_POINT('',(32.675,23.1,5.2));
#3398 = DIRECTION('',(0.,0.,1.));
#3399 = DIRECTION('',(1.,0.,0.));
#3400 = PLANE('',#3401);
#3401 = AXIS2_PLACEMENT_3D('',#3402,#3403,#3404);
#3402 = CARTESIAN_POINT('',(28.575,18.,5.2));
#3403 = DIRECTION('',(0.,0.,1.));
#3404 = DIRECTION('',(1.,0.,0.));
#3405 = ADVANCED_FACE('',(#3406),#3412,.F.);
#3406 = FACE_BOUND('',#3407,.F.);
#3407 = EDGE_LOOP('',(#3408,#3409,#3410,#3411));
#3408 = ORIENTED_EDGE('',*,*,#1974,.T.);
#3409 = ORIENTED_EDGE('',*,*,#1998,.T.);
#3410 = ORIENTED_EDGE('',*,*,#2022,.T.);
#3411 = ORIENTED_EDGE('',*,*,#1934,.T.);
#3412 = PLANE('',#3413);
#3413 = AXIS2_PLACEMENT_3D('',#3414,#3415,#3416);
#3414 = CARTESIAN_POINT('',(28.575,10.7,2.8));
#3415 = DIRECTION('',(0.,0.,1.));
#3416 = DIRECTION('',(1.,0.,0.));
#3417 = ADVANCED_FACE('',(#3418),#3421,.F.);
#3418 = FACE_BOUND('',#3419,.T.);
#3419 = EDGE_LOOP('',(#3420));
#3420 = ORIENTED_EDGE('',*,*,#2046,.T.);
#3421 = PLANE('',#3422);
#3422 = AXIS2_PLACEMENT_3D('',#3423,#3424,#3425);
#3423 = CARTESIAN_POINT('',(0.260266666667,23.363333333333,5.2));
#3424 = DIRECTION('',(0.,0.,1.));
#3425 = DIRECTION('',(1.,0.,0.));
#3426 = ADVANCED_FACE('',(#3427),#3430,.F.);
#3427 = FACE_BOUND('',#3428,.T.);
#3428 = EDGE_LOOP('',(#3429));
#3429 = ORIENTED_EDGE('',*,*,#2074,.T.);
#3430 = PLANE('',#3431);
#3431 = AXIS2_PLACEMENT_3D('',#3432,#3433,#3434);
#3432 = CARTESIAN_POINT('',(0.260266666667,23.363333333333,5.2));
#3433 = DIRECTION('',(0.,0.,1.));
#3434 = DIRECTION('',(1.,0.,0.));
#3435 = ADVANCED_FACE('',(#3436),#3439,.F.);
#3436 = FACE_BOUND('',#3437,.T.);
#3437 = EDGE_LOOP('',(#3438));
#3438 = ORIENTED_EDGE('',*,*,#2102,.T.);
#3439 = PLANE('',#3440);
#3440 = AXIS2_PLACEMENT_3D('',#3441,#3442,#3443);
#3441 = CARTESIAN_POINT('',(0.260266666667,23.363333333333,5.2));
#3442 = DIRECTION('',(0.,0.,1.));
#3443 = DIRECTION('',(1.,0.,0.));
#3444 = ADVANCED_FACE('',(#3445),#3448,.F.);
#3445 = FACE_BOUND('',#3446,.T.);
#3446 = EDGE_LOOP('',(#3447));
#3447 = ORIENTED_EDGE('',*,*,#2130,.T.);
#3448 = PLANE('',#3449);
#3449 = AXIS2_PLACEMENT_3D('',#3450,#3451,#3452);
#3450 = CARTESIAN_POINT('',(0.260266666667,23.363333333333,5.2));
#3451 = DIRECTION('',(0.,0.,1.));
#3452 = DIRECTION('',(1.,0.,0.));
#3453 = ADVANCED_FACE('',(#3454),#3464,.T.);
#3454 = FACE_BOUND('',#3455,.T.);
#3455 = EDGE_LOOP('',(#3456,#3457,#3463));
#3456 = ORIENTED_EDGE('',*,*,#2167,.F.);
#3457 = ORIENTED_EDGE('',*,*,#3458,.T.);
#3458 = EDGE_CURVE('',#2160,#2963,#3459,.T.);
#3459 = LINE('',#3460,#3461);
#3460 = CARTESIAN_POINT('',(-40.56782032302,24.625,4.507179676972));
#3461 = VECTOR('',#3462,1.);
#3462 = DIRECTION('',(0.707106781187,1.570092458684E-16,0.707106781187)
  );
#3463 = ORIENTED_EDGE('',*,*,#2999,.F.);
#3464 = PLANE('',#3465);
#3465 = AXIS2_PLACEMENT_3D('',#3466,#3467,#3468);
#3466 = CARTESIAN_POINT('',(-40.275,24.625,4.8));
#3467 = DIRECTION('',(-0.57735026919,-0.57735026919,0.57735026919));
#3468 = DIRECTION('',(0.,0.707106781187,0.707106781187));
#3469 = ADVANCED_FACE('',(#3470),#3481,.T.);
#3470 = FACE_BOUND('',#3471,.T.);
#3471 = EDGE_LOOP('',(#3472,#3473,#3474,#3475));
#3472 = ORIENTED_EDGE('',*,*,#2962,.F.);
#3473 = ORIENTED_EDGE('',*,*,#3458,.F.);
#3474 = ORIENTED_EDGE('',*,*,#2159,.F.);
#3475 = ORIENTED_EDGE('',*,*,#3476,.T.);
#3476 = EDGE_CURVE('',#2152,#2965,#3477,.T.);
#3477 = LINE('',#3478,#3479);
#3478 = CARTESIAN_POINT('',(-37.589273441,12.210726558991,7.485726558991
    ));
#3479 = VECTOR('',#3480,1.);
#3480 = DIRECTION('',(0.57735026919,0.57735026919,0.57735026919));
#3481 = PLANE('',#3482);
#3482 = AXIS2_PLACEMENT_3D('',#3483,#3484,#3485);
#3483 = CARTESIAN_POINT('',(-40.56782032302,24.625,4.507179676972));
#3484 = DIRECTION('',(-0.707106781187,1.570092458684E-16,0.707106781187)
  );
#3485 = DIRECTION('',(0.707106781187,1.570092458684E-16,0.707106781187)
  );
#3486 = ADVANCED_FACE('',(#3487),#3537,.F.);
#3487 = FACE_BOUND('',#3488,.F.);
#3488 = EDGE_LOOP('',(#3489,#3490,#3491,#3499,#3507,#3515,#3523,#3531));
#3489 = ORIENTED_EDGE('',*,*,#2283,.F.);
#3490 = ORIENTED_EDGE('',*,*,#2343,.F.);
#3491 = ORIENTED_EDGE('',*,*,#3492,.F.);
#3492 = EDGE_CURVE('',#3493,#2335,#3495,.T.);
#3493 = VERTEX_POINT('',#3494);
#3494 = CARTESIAN_POINT('',(-26.475,50.3,2.2));
#3495 = LINE('',#3496,#3497);
#3496 = CARTESIAN_POINT('',(-2.864683333333,50.3,2.2));
#3497 = VECTOR('',#3498,1.);
#3498 = DIRECTION('',(-1.,0.,0.));
#3499 = ORIENTED_EDGE('',*,*,#3500,.F.);
#3500 = EDGE_CURVE('',#3501,#3493,#3503,.T.);
#3501 = VERTEX_POINT('',#3502);
#3502 = CARTESIAN_POINT('',(-26.475,50.2,2.2));
#3503 = LINE('',#3504,#3505);
#3504 = CARTESIAN_POINT('',(-26.475,39.877083573192,2.2));
#3505 = VECTOR('',#3506,1.);
#3506 = DIRECTION('',(0.,1.,0.));
#3507 = ORIENTED_EDGE('',*,*,#3508,.F.);
#3508 = EDGE_CURVE('',#3509,#3501,#3511,.T.);
#3509 = VERTEX_POINT('',#3510);
#3510 = CARTESIAN_POINT('',(-20.2881,50.2,2.2));
#3511 = LINE('',#3512,#3513);
#3512 = CARTESIAN_POINT('',(37.075,50.2,2.2));
#3513 = VECTOR('',#3514,1.);
#3514 = DIRECTION('',(-1.,0.,0.));
#3515 = ORIENTED_EDGE('',*,*,#3516,.F.);
#3516 = EDGE_CURVE('',#3517,#3509,#3519,.T.);
#3517 = VERTEX_POINT('',#3518);
#3518 = CARTESIAN_POINT('',(-20.2881,50.3,2.2));
#3519 = LINE('',#3520,#3521);
#3520 = CARTESIAN_POINT('',(-20.2881,39.877083573192,2.2));
#3521 = VECTOR('',#3522,1.);
#3522 = DIRECTION('',(0.,-1.,0.));
#3523 = ORIENTED_EDGE('',*,*,#3524,.F.);
#3524 = EDGE_CURVE('',#3525,#3517,#3527,.T.);
#3525 = VERTEX_POINT('',#3526);
#3526 = CARTESIAN_POINT('',(-19.86164623441,50.3,2.2));
#3527 = LINE('',#3528,#3529);
#3528 = CARTESIAN_POINT('',(-2.864683333333,50.3,2.2));
#3529 = VECTOR('',#3530,1.);
#3530 = DIRECTION('',(-1.,0.,0.));
#3531 = ORIENTED_EDGE('',*,*,#3532,.T.);
#3532 = EDGE_CURVE('',#3525,#2275,#3533,.T.);
#3533 = LINE('',#3534,#3535);
#3534 = CARTESIAN_POINT('',(-19.86164623441,52.3,2.2));
#3535 = VECTOR('',#3536,1.);
#3536 = DIRECTION('',(0.,1.,-2.22044604925E-16));
#3537 = PLANE('',#3538);
#3538 = AXIS2_PLACEMENT_3D('',#3539,#3540,#3541);
#3539 = CARTESIAN_POINT('',(-1.259100701248E-14,30.654167146383,2.2));
#3540 = DIRECTION('',(0.,0.,1.));
#3541 = DIRECTION('',(1.,0.,0.));
#3542 = ADVANCED_FACE('',(#3543),#3587,.F.);
#3543 = FACE_BOUND('',#3544,.F.);
#3544 = EDGE_LOOP('',(#3545,#3546,#3555,#3561,#3562,#3570,#3579,#3585,
    #3586));
#3545 = ORIENTED_EDGE('',*,*,#3532,.F.);
#3546 = ORIENTED_EDGE('',*,*,#3547,.T.);
#3547 = EDGE_CURVE('',#3525,#3548,#3550,.T.);
#3548 = VERTEX_POINT('',#3549);
#3549 = CARTESIAN_POINT('',(-17.82842867084,50.3,5.2));
#3550 = CIRCLE('',#3551,2.7);
#3551 = AXIS2_PLACEMENT_3D('',#3552,#3553,#3554);
#3552 = CARTESIAN_POINT('',(-17.1881,50.3,2.577028556523));
#3553 = DIRECTION('',(0.,1.,-2.22044604925E-16));
#3554 = DIRECTION('',(-1.,0.,0.));
#3555 = ORIENTED_EDGE('',*,*,#3556,.F.);
#3556 = EDGE_CURVE('',#2473,#3548,#3557,.T.);
#3557 = LINE('',#3558,#3559);
#3558 = CARTESIAN_POINT('',(-17.82842867084,52.3,5.2));
#3559 = VECTOR('',#3560,1.);
#3560 = DIRECTION('',(0.,1.,-2.22044604925E-16));
#3561 = ORIENTED_EDGE('',*,*,#2480,.T.);
#3562 = ORIENTED_EDGE('',*,*,#3563,.T.);
#3563 = EDGE_CURVE('',#2481,#3564,#3566,.T.);
#3564 = VERTEX_POINT('',#3565);
#3565 = CARTESIAN_POINT('',(-16.54777132915,50.3,5.2));
#3566 = LINE('',#3567,#3568);
#3567 = CARTESIAN_POINT('',(-16.54777132915,52.3,5.2));
#3568 = VECTOR('',#3569,1.);
#3569 = DIRECTION('',(0.,1.,-2.22044604925E-16));
#3570 = ORIENTED_EDGE('',*,*,#3571,.T.);
#3571 = EDGE_CURVE('',#3564,#3572,#3574,.T.);
#3572 = VERTEX_POINT('',#3573);
#3573 = CARTESIAN_POINT('',(-14.51455376558,50.3,2.2));
#3574 = CIRCLE('',#3575,2.7);
#3575 = AXIS2_PLACEMENT_3D('',#3576,#3577,#3578);
#3576 = CARTESIAN_POINT('',(-17.1881,50.3,2.577028556523));
#3577 = DIRECTION('',(0.,1.,-2.22044604925E-16));
#3578 = DIRECTION('',(-1.,0.,0.));
#3579 = ORIENTED_EDGE('',*,*,#3580,.T.);
#3580 = EDGE_CURVE('',#3572,#2258,#3581,.T.);
#3581 = LINE('',#3582,#3583);
#3582 = CARTESIAN_POINT('',(-14.51455376558,52.3,2.2));
#3583 = VECTOR('',#3584,1.);
#3584 = DIRECTION('',(0.,1.,-2.22044604925E-16));
#3585 = ORIENTED_EDGE('',*,*,#2265,.F.);
#3586 = ORIENTED_EDGE('',*,*,#2274,.F.);
#3587 = CYLINDRICAL_SURFACE('',#3588,2.7);
#3588 = AXIS2_PLACEMENT_3D('',#3589,#3590,#3591);
#3589 = CARTESIAN_POINT('',(-17.1881,52.3,2.577028556523));
#3590 = DIRECTION('',(0.,1.,-2.22044604925E-16));
#3591 = DIRECTION('',(-1.,0.,0.));
#3592 = ADVANCED_FACE('',(#3593),#3636,.F.);
#3593 = FACE_BOUND('',#3594,.F.);
#3594 = EDGE_LOOP('',(#3595,#3603,#3604,#3605,#3606,#3614,#3622,#3630));
#3595 = ORIENTED_EDGE('',*,*,#3596,.F.);
#3596 = EDGE_CURVE('',#2789,#3597,#3599,.T.);
#3597 = VERTEX_POINT('',#3598);
#3598 = CARTESIAN_POINT('',(26.475,50.3,2.2));
#3599 = LINE('',#3600,#3601);
#3600 = CARTESIAN_POINT('',(-2.864683333333,50.3,2.2));
#3601 = VECTOR('',#3602,1.);
#3602 = DIRECTION('',(-1.,0.,0.));
#3603 = ORIENTED_EDGE('',*,*,#2788,.T.);
#3604 = ORIENTED_EDGE('',*,*,#2257,.F.);
#3605 = ORIENTED_EDGE('',*,*,#3580,.F.);
#3606 = ORIENTED_EDGE('',*,*,#3607,.F.);
#3607 = EDGE_CURVE('',#3608,#3572,#3610,.T.);
#3608 = VERTEX_POINT('',#3609);
#3609 = CARTESIAN_POINT('',(-14.0881,50.3,2.2));
#3610 = LINE('',#3611,#3612);
#3611 = CARTESIAN_POINT('',(-2.864683333333,50.3,2.2));
#3612 = VECTOR('',#3613,1.);
#3613 = DIRECTION('',(-1.,0.,0.));
#3614 = ORIENTED_EDGE('',*,*,#3615,.F.);
#3615 = EDGE_CURVE('',#3616,#3608,#3618,.T.);
#3616 = VERTEX_POINT('',#3617);
#3617 = CARTESIAN_POINT('',(-14.0881,50.2,2.2));
#3618 = LINE('',#3619,#3620);
#3619 = CARTESIAN_POINT('',(-14.0881,39.877083573192,2.2));
#3620 = VECTOR('',#3621,1.);
#3621 = DIRECTION('',(0.,1.,0.));
#3622 = ORIENTED_EDGE('',*,*,#3623,.F.);
#3623 = EDGE_CURVE('',#3624,#3616,#3626,.T.);
#3624 = VERTEX_POINT('',#3625);
#3625 = CARTESIAN_POINT('',(26.475,50.2,2.2));
#3626 = LINE('',#3627,#3628);
#3627 = CARTESIAN_POINT('',(37.075,50.2,2.2));
#3628 = VECTOR('',#3629,1.);
#3629 = DIRECTION('',(-1.,0.,0.));
#3630 = ORIENTED_EDGE('',*,*,#3631,.F.);
#3631 = EDGE_CURVE('',#3597,#3624,#3632,.T.);
#3632 = LINE('',#3633,#3634);
#3633 = CARTESIAN_POINT('',(26.475,39.877083573192,2.2));
#3634 = VECTOR('',#3635,1.);
#3635 = DIRECTION('',(0.,-1.,0.));
#3636 = PLANE('',#3637);
#3637 = AXIS2_PLACEMENT_3D('',#3638,#3639,#3640);
#3638 = CARTESIAN_POINT('',(-1.259100701248E-14,30.654167146383,2.2));
#3639 = DIRECTION('',(0.,0.,1.));
#3640 = DIRECTION('',(1.,0.,0.));
#3641 = ADVANCED_FACE('',(#3642),#3648,.F.);
#3642 = FACE_BOUND('',#3643,.F.);
#3643 = EDGE_LOOP('',(#3644,#3645,#3646,#3647));
#3644 = ORIENTED_EDGE('',*,*,#2433,.F.);
#3645 = ORIENTED_EDGE('',*,*,#2361,.T.);
#3646 = ORIENTED_EDGE('',*,*,#2375,.T.);
#3647 = ORIENTED_EDGE('',*,*,#2407,.F.);
#3648 = PLANE('',#3649);
#3649 = AXIS2_PLACEMENT_3D('',#3650,#3651,#3652);
#3650 = CARTESIAN_POINT('',(-26.475,49.1,5.2));
#3651 = DIRECTION('',(0.,2.22044604925E-16,1.));
#3652 = DIRECTION('',(-1.,0.,0.));
#3653 = ADVANCED_FACE('',(#3654),#3672,.F.);
#3654 = FACE_BOUND('',#3655,.F.);
#3655 = EDGE_LOOP('',(#3656,#3664,#3670,#3671));
#3656 = ORIENTED_EDGE('',*,*,#3657,.F.);
#3657 = EDGE_CURVE('',#3658,#2327,#3660,.T.);
#3658 = VERTEX_POINT('',#3659);
#3659 = CARTESIAN_POINT('',(-26.475,50.3,5.2));
#3660 = LINE('',#3661,#3662);
#3661 = CARTESIAN_POINT('',(-26.475,50.3,5.2));
#3662 = VECTOR('',#3663,1.);
#3663 = DIRECTION('',(-1.,0.,0.));
#3664 = ORIENTED_EDGE('',*,*,#3665,.F.);
#3665 = EDGE_CURVE('',#3493,#3658,#3666,.T.);
#3666 = LINE('',#3667,#3668);
#3667 = CARTESIAN_POINT('',(-26.475,50.3,-2.6645352591E-16));
#3668 = VECTOR('',#3669,1.);
#3669 = DIRECTION('',(0.,2.22044604925E-16,1.));
#3670 = ORIENTED_EDGE('',*,*,#3492,.T.);
#3671 = ORIENTED_EDGE('',*,*,#2334,.F.);
#3672 = PLANE('',#3673);
#3673 = AXIS2_PLACEMENT_3D('',#3674,#3675,#3676);
#3674 = CARTESIAN_POINT('',(-5.729366666667,50.3,2.6));
#3675 = DIRECTION('',(0.,1.,0.));
#3676 = DIRECTION('',(0.,0.,1.));
#3677 = ADVANCED_FACE('',(#3678),#3689,.F.);
#3678 = FACE_BOUND('',#3679,.F.);
#3679 = EDGE_LOOP('',(#3680,#3681,#3687,#3688));
#3680 = ORIENTED_EDGE('',*,*,#2440,.F.);
#3681 = ORIENTED_EDGE('',*,*,#3682,.T.);
#3682 = EDGE_CURVE('',#2441,#3658,#3683,.T.);
#3683 = LINE('',#3684,#3685);
#3684 = CARTESIAN_POINT('',(-26.475,49.1,5.2));
#3685 = VECTOR('',#3686,1.);
#3686 = DIRECTION('',(0.,1.,-2.22044604925E-16));
#3687 = ORIENTED_EDGE('',*,*,#3657,.T.);
#3688 = ORIENTED_EDGE('',*,*,#2326,.F.);
#3689 = PLANE('',#3690);
#3690 = AXIS2_PLACEMENT_3D('',#3691,#3692,#3693);
#3691 = CARTESIAN_POINT('',(-26.475,49.1,5.2));
#3692 = DIRECTION('',(0.,2.22044604925E-16,1.));
#3693 = DIRECTION('',(-1.,0.,0.));
#3694 = ADVANCED_FACE('',(#3695),#3701,.F.);
#3695 = FACE_BOUND('',#3696,.F.);
#3696 = EDGE_LOOP('',(#3697,#3698,#3699,#3700));
#3697 = ORIENTED_EDGE('',*,*,#2570,.F.);
#3698 = ORIENTED_EDGE('',*,*,#2749,.T.);
#3699 = ORIENTED_EDGE('',*,*,#2763,.T.);
#3700 = ORIENTED_EDGE('',*,*,#2812,.F.);
#3701 = PLANE('',#3702);
#3702 = AXIS2_PLACEMENT_3D('',#3703,#3704,#3705);
#3703 = CARTESIAN_POINT('',(32.675,49.1,5.2));
#3704 = DIRECTION('',(0.,2.22044604925E-16,1.));
#3705 = DIRECTION('',(-1.,0.,0.));
#3706 = ADVANCED_FACE('',(#3707),#3725,.F.);
#3707 = FACE_BOUND('',#3708,.F.);
#3708 = EDGE_LOOP('',(#3709,#3710,#3711,#3719));
#3709 = ORIENTED_EDGE('',*,*,#2553,.F.);
#3710 = ORIENTED_EDGE('',*,*,#2805,.T.);
#3711 = ORIENTED_EDGE('',*,*,#3712,.T.);
#3712 = EDGE_CURVE('',#2797,#3713,#3715,.T.);
#3713 = VERTEX_POINT('',#3714);
#3714 = CARTESIAN_POINT('',(26.475,50.3,5.2));
#3715 = LINE('',#3716,#3717);
#3716 = CARTESIAN_POINT('',(32.675,50.3,5.2));
#3717 = VECTOR('',#3718,1.);
#3718 = DIRECTION('',(-1.,0.,0.));
#3719 = ORIENTED_EDGE('',*,*,#3720,.F.);
#3720 = EDGE_CURVE('',#2546,#3713,#3721,.T.);
#3721 = LINE('',#3722,#3723);
#3722 = CARTESIAN_POINT('',(26.475,49.1,5.2));
#3723 = VECTOR('',#3724,1.);
#3724 = DIRECTION('',(0.,1.,-2.22044604925E-16));
#3725 = PLANE('',#3726);
#3726 = AXIS2_PLACEMENT_3D('',#3727,#3728,#3729);
#3727 = CARTESIAN_POINT('',(32.675,49.1,5.2));
#3728 = DIRECTION('',(0.,2.22044604925E-16,1.));
#3729 = DIRECTION('',(-1.,0.,0.));
#3730 = ADVANCED_FACE('',(#3731),#3756,.F.);
#3731 = FACE_BOUND('',#3732,.F.);
#3732 = EDGE_LOOP('',(#3733,#3734,#3735,#3741,#3742,#3750));
#3733 = ORIENTED_EDGE('',*,*,#2545,.F.);
#3734 = ORIENTED_EDGE('',*,*,#3720,.T.);
#3735 = ORIENTED_EDGE('',*,*,#3736,.T.);
#3736 = EDGE_CURVE('',#3713,#3597,#3737,.T.);
#3737 = LINE('',#3738,#3739);
#3738 = CARTESIAN_POINT('',(26.475,50.3,5.2));
#3739 = VECTOR('',#3740,1.);
#3740 = DIRECTION('',(0.,-2.22044604925E-16,-1.));
#3741 = ORIENTED_EDGE('',*,*,#3631,.T.);
#3742 = ORIENTED_EDGE('',*,*,#3743,.T.);
#3743 = EDGE_CURVE('',#3624,#3744,#3746,.T.);
#3744 = VERTEX_POINT('',#3745);
#3745 = CARTESIAN_POINT('',(26.475,50.2,-1.221245327088E-16));
#3746 = LINE('',#3747,#3748);
#3747 = CARTESIAN_POINT('',(26.475,50.2,2.6));
#3748 = VECTOR('',#3749,1.);
#3749 = DIRECTION('',(0.,0.,-1.));
#3750 = ORIENTED_EDGE('',*,*,#3751,.F.);
#3751 = EDGE_CURVE('',#2538,#3744,#3752,.T.);
#3752 = LINE('',#3753,#3754);
#3753 = CARTESIAN_POINT('',(26.475,49.1,0.));
#3754 = VECTOR('',#3755,1.);
#3755 = DIRECTION('',(0.,1.,-2.22044604925E-16));
#3756 = PLANE('',#3757);
#3757 = AXIS2_PLACEMENT_3D('',#3758,#3759,#3760);
#3758 = CARTESIAN_POINT('',(26.475,49.1,5.2));
#3759 = DIRECTION('',(-1.,0.,0.));
#3760 = DIRECTION('',(0.,-2.22044604925E-16,-1.));
#3761 = ADVANCED_FACE('',(#3762),#3780,.F.);
#3762 = FACE_BOUND('',#3763,.F.);
#3763 = EDGE_LOOP('',(#3764,#3765,#3766,#3774));
#3764 = ORIENTED_EDGE('',*,*,#2537,.T.);
#3765 = ORIENTED_EDGE('',*,*,#3751,.T.);
#3766 = ORIENTED_EDGE('',*,*,#3767,.T.);
#3767 = EDGE_CURVE('',#3744,#3768,#3770,.T.);
#3768 = VERTEX_POINT('',#3769);
#3769 = CARTESIAN_POINT('',(9.2,50.2,-1.221245327088E-16));
#3770 = LINE('',#3771,#3772);
#3771 = CARTESIAN_POINT('',(37.075,50.2,0.));
#3772 = VECTOR('',#3773,1.);
#3773 = DIRECTION('',(-1.,0.,0.));
#3774 = ORIENTED_EDGE('',*,*,#3775,.F.);
#3775 = EDGE_CURVE('',#2530,#3768,#3776,.T.);
#3776 = LINE('',#3777,#3778);
#3777 = CARTESIAN_POINT('',(9.2,49.1,0.));
#3778 = VECTOR('',#3779,1.);
#3779 = DIRECTION('',(0.,1.,-2.22044604925E-16));
#3780 = PLANE('',#3781);
#3781 = AXIS2_PLACEMENT_3D('',#3782,#3783,#3784);
#3782 = CARTESIAN_POINT('',(9.584545012801E-15,33.145924517053,0.));
#3783 = DIRECTION('',(0.,0.,1.));
#3784 = DIRECTION('',(1.,0.,0.));
#3785 = ADVANCED_FACE('',(#3786),#3804,.F.);
#3786 = FACE_BOUND('',#3787,.F.);
#3787 = EDGE_LOOP('',(#3788,#3789,#3790,#3798));
#3788 = ORIENTED_EDGE('',*,*,#2529,.F.);
#3789 = ORIENTED_EDGE('',*,*,#3775,.T.);
#3790 = ORIENTED_EDGE('',*,*,#3791,.T.);
#3791 = EDGE_CURVE('',#3768,#3792,#3794,.T.);
#3792 = VERTEX_POINT('',#3793);
#3793 = CARTESIAN_POINT('',(9.2,50.2,1.365));
#3794 = LINE('',#3795,#3796);
#3795 = CARTESIAN_POINT('',(9.2,50.2,0.));
#3796 = VECTOR('',#3797,1.);
#3797 = DIRECTION('',(0.,0.,1.));
#3798 = ORIENTED_EDGE('',*,*,#3799,.F.);
#3799 = EDGE_CURVE('',#2522,#3792,#3800,.T.);
#3800 = LINE('',#3801,#3802);
#3801 = CARTESIAN_POINT('',(9.2,49.1,1.365));
#3802 = VECTOR('',#3803,1.);
#3803 = DIRECTION('',(0.,1.,-2.22044604925E-16));
#3804 = PLANE('',#3805);
#3805 = AXIS2_PLACEMENT_3D('',#3806,#3807,#3808);
#3806 = CARTESIAN_POINT('',(9.2,49.1,0.));
#3807 = DIRECTION('',(1.,0.,0.));
#3808 = DIRECTION('',(0.,2.22044604925E-16,1.));
#3809 = ADVANCED_FACE('',(#3810),#3828,.F.);
#3810 = FACE_BOUND('',#3811,.F.);
#3811 = EDGE_LOOP('',(#3812,#3813,#3814,#3822));
#3812 = ORIENTED_EDGE('',*,*,#2521,.F.);
#3813 = ORIENTED_EDGE('',*,*,#3799,.T.);
#3814 = ORIENTED_EDGE('',*,*,#3815,.T.);
#3815 = EDGE_CURVE('',#3792,#3816,#3818,.T.);
#3816 = VERTEX_POINT('',#3817);
#3817 = CARTESIAN_POINT('',(-9.2,50.2,1.365));
#3818 = LINE('',#3819,#3820);
#3819 = CARTESIAN_POINT('',(23.1375,50.2,1.365));
#3820 = VECTOR('',#3821,1.);
#3821 = DIRECTION('',(-1.,0.,0.));
#3822 = ORIENTED_EDGE('',*,*,#3823,.F.);
#3823 = EDGE_CURVE('',#2514,#3816,#3824,.T.);
#3824 = LINE('',#3825,#3826);
#3825 = CARTESIAN_POINT('',(-9.2,49.1,1.365));
#3826 = VECTOR('',#3827,1.);
#3827 = DIRECTION('',(0.,1.,-2.22044604925E-16));
#3828 = PLANE('',#3829);
#3829 = AXIS2_PLACEMENT_3D('',#3830,#3831,#3832);
#3830 = CARTESIAN_POINT('',(9.2,49.1,1.365));
#3831 = DIRECTION('',(0.,2.22044604925E-16,1.));
#3832 = DIRECTION('',(-1.,0.,0.));
#3833 = ADVANCED_FACE('',(#3834),#3852,.F.);
#3834 = FACE_BOUND('',#3835,.F.);
#3835 = EDGE_LOOP('',(#3836,#3837,#3838,#3846));
#3836 = ORIENTED_EDGE('',*,*,#2513,.F.);
#3837 = ORIENTED_EDGE('',*,*,#3823,.T.);
#3838 = ORIENTED_EDGE('',*,*,#3839,.T.);
#3839 = EDGE_CURVE('',#3816,#3840,#3842,.T.);
#3840 = VERTEX_POINT('',#3841);
#3841 = CARTESIAN_POINT('',(-9.2,50.2,-1.221245327088E-16));
#3842 = LINE('',#3843,#3844);
#3843 = CARTESIAN_POINT('',(-9.2,50.2,0.6825));
#3844 = VECTOR('',#3845,1.);
#3845 = DIRECTION('',(0.,0.,-1.));
#3846 = ORIENTED_EDGE('',*,*,#3847,.F.);
#3847 = EDGE_CURVE('',#2506,#3840,#3848,.T.);
#3848 = LINE('',#3849,#3850);
#3849 = CARTESIAN_POINT('',(-9.2,49.1,0.));
#3850 = VECTOR('',#3851,1.);
#3851 = DIRECTION('',(0.,1.,-2.22044604925E-16));
#3852 = PLANE('',#3853);
#3853 = AXIS2_PLACEMENT_3D('',#3854,#3855,#3856);
#3854 = CARTESIAN_POINT('',(-9.2,49.1,1.365));
#3855 = DIRECTION('',(-1.,0.,0.));
#3856 = DIRECTION('',(0.,-2.22044604925E-16,-1.));
#3857 = ADVANCED_FACE('',(#3858),#3876,.F.);
#3858 = FACE_BOUND('',#3859,.F.);
#3859 = EDGE_LOOP('',(#3860,#3861,#3862,#3870));
#3860 = ORIENTED_EDGE('',*,*,#2505,.T.);
#3861 = ORIENTED_EDGE('',*,*,#3847,.T.);
#3862 = ORIENTED_EDGE('',*,*,#3863,.T.);
#3863 = EDGE_CURVE('',#3840,#3864,#3866,.T.);
#3864 = VERTEX_POINT('',#3865);
#3865 = CARTESIAN_POINT('',(-14.0881,50.2,-1.221245327088E-16));
#3866 = LINE('',#3867,#3868);
#3867 = CARTESIAN_POINT('',(37.075,50.2,0.));
#3868 = VECTOR('',#3869,1.);
#3869 = DIRECTION('',(-1.,0.,0.));
#3870 = ORIENTED_EDGE('',*,*,#3871,.F.);
#3871 = EDGE_CURVE('',#2498,#3864,#3872,.T.);
#3872 = LINE('',#3873,#3874);
#3873 = CARTESIAN_POINT('',(-14.0881,49.1,0.));
#3874 = VECTOR('',#3875,1.);
#3875 = DIRECTION('',(0.,1.,-2.22044604925E-16));
#3876 = PLANE('',#3877);
#3877 = AXIS2_PLACEMENT_3D('',#3878,#3879,#3880);
#3878 = CARTESIAN_POINT('',(9.584545012801E-15,33.145924517053,0.));
#3879 = DIRECTION('',(0.,0.,1.));
#3880 = DIRECTION('',(1.,0.,0.));
#3881 = ADVANCED_FACE('',(#3882),#3907,.F.);
#3882 = FACE_BOUND('',#3883,.F.);
#3883 = EDGE_LOOP('',(#3884,#3885,#3886,#3892,#3893,#3901));
#3884 = ORIENTED_EDGE('',*,*,#2497,.F.);
#3885 = ORIENTED_EDGE('',*,*,#3871,.T.);
#3886 = ORIENTED_EDGE('',*,*,#3887,.T.);
#3887 = EDGE_CURVE('',#3864,#3616,#3888,.T.);
#3888 = LINE('',#3889,#3890);
#3889 = CARTESIAN_POINT('',(-14.0881,50.2,0.));
#3890 = VECTOR('',#3891,1.);
#3891 = DIRECTION('',(0.,0.,1.));
#3892 = ORIENTED_EDGE('',*,*,#3615,.T.);
#3893 = ORIENTED_EDGE('',*,*,#3894,.T.);
#3894 = EDGE_CURVE('',#3608,#3895,#3897,.T.);
#3895 = VERTEX_POINT('',#3896);
#3896 = CARTESIAN_POINT('',(-14.0881,50.3,5.2));
#3897 = LINE('',#3898,#3899);
#3898 = CARTESIAN_POINT('',(-14.0881,50.3,-2.6645352591E-16));
#3899 = VECTOR('',#3900,1.);
#3900 = DIRECTION('',(0.,2.22044604925E-16,1.));
#3901 = ORIENTED_EDGE('',*,*,#3902,.F.);
#3902 = EDGE_CURVE('',#2490,#3895,#3903,.T.);
#3903 = LINE('',#3904,#3905);
#3904 = CARTESIAN_POINT('',(-14.0881,49.1,5.2));
#3905 = VECTOR('',#3906,1.);
#3906 = DIRECTION('',(0.,1.,-2.22044604925E-16));
#3907 = PLANE('',#3908);
#3908 = AXIS2_PLACEMENT_3D('',#3909,#3910,#3911);
#3909 = CARTESIAN_POINT('',(-14.0881,49.1,0.));
#3910 = DIRECTION('',(1.,0.,0.));
#3911 = DIRECTION('',(0.,2.22044604925E-16,1.));
#3912 = ADVANCED_FACE('',(#3913),#3924,.F.);
#3913 = FACE_BOUND('',#3914,.F.);
#3914 = EDGE_LOOP('',(#3915,#3916,#3917,#3923));
#3915 = ORIENTED_EDGE('',*,*,#2489,.F.);
#3916 = ORIENTED_EDGE('',*,*,#3902,.T.);
#3917 = ORIENTED_EDGE('',*,*,#3918,.T.);
#3918 = EDGE_CURVE('',#3895,#3564,#3919,.T.);
#3919 = LINE('',#3920,#3921);
#3920 = CARTESIAN_POINT('',(-14.0881,50.3,5.2));
#3921 = VECTOR('',#3922,1.);
#3922 = DIRECTION('',(-1.,0.,0.));
#3923 = ORIENTED_EDGE('',*,*,#3563,.F.);
#3924 = PLANE('',#3925);
#3925 = AXIS2_PLACEMENT_3D('',#3926,#3927,#3928);
#3926 = CARTESIAN_POINT('',(-14.0881,49.1,5.2));
#3927 = DIRECTION('',(0.,2.22044604925E-16,1.));
#3928 = DIRECTION('',(-1.,0.,0.));
#3929 = ADVANCED_FACE('',(#3930),#3948,.F.);
#3930 = FACE_BOUND('',#3931,.F.);
#3931 = EDGE_LOOP('',(#3932,#3933,#3934,#3942));
#3932 = ORIENTED_EDGE('',*,*,#2472,.F.);
#3933 = ORIENTED_EDGE('',*,*,#3556,.T.);
#3934 = ORIENTED_EDGE('',*,*,#3935,.T.);
#3935 = EDGE_CURVE('',#3548,#3936,#3938,.T.);
#3936 = VERTEX_POINT('',#3937);
#3937 = CARTESIAN_POINT('',(-20.2881,50.3,5.2));
#3938 = LINE('',#3939,#3940);
#3939 = CARTESIAN_POINT('',(-14.0881,50.3,5.2));
#3940 = VECTOR('',#3941,1.);
#3941 = DIRECTION('',(-1.,0.,0.));
#3942 = ORIENTED_EDGE('',*,*,#3943,.F.);
#3943 = EDGE_CURVE('',#2465,#3936,#3944,.T.);
#3944 = LINE('',#3945,#3946);
#3945 = CARTESIAN_POINT('',(-20.2881,49.1,5.2));
#3946 = VECTOR('',#3947,1.);
#3947 = DIRECTION('',(0.,1.,-2.22044604925E-16));
#3948 = PLANE('',#3949);
#3949 = AXIS2_PLACEMENT_3D('',#3950,#3951,#3952);
#3950 = CARTESIAN_POINT('',(-14.0881,49.1,5.2));
#3951 = DIRECTION('',(0.,2.22044604925E-16,1.));
#3952 = DIRECTION('',(-1.,0.,0.));
#3953 = ADVANCED_FACE('',(#3954),#3979,.F.);
#3954 = FACE_BOUND('',#3955,.F.);
#3955 = EDGE_LOOP('',(#3956,#3957,#3958,#3964,#3965,#3973));
#3956 = ORIENTED_EDGE('',*,*,#2464,.F.);
#3957 = ORIENTED_EDGE('',*,*,#3943,.T.);
#3958 = ORIENTED_EDGE('',*,*,#3959,.T.);
#3959 = EDGE_CURVE('',#3936,#3517,#3960,.T.);
#3960 = LINE('',#3961,#3962);
#3961 = CARTESIAN_POINT('',(-20.2881,50.3,5.2));
#3962 = VECTOR('',#3963,1.);
#3963 = DIRECTION('',(0.,-2.22044604925E-16,-1.));
#3964 = ORIENTED_EDGE('',*,*,#3516,.T.);
#3965 = ORIENTED_EDGE('',*,*,#3966,.T.);
#3966 = EDGE_CURVE('',#3509,#3967,#3969,.T.);
#3967 = VERTEX_POINT('',#3968);
#3968 = CARTESIAN_POINT('',(-20.2881,50.2,-1.221245327088E-16));
#3969 = LINE('',#3970,#3971);
#3970 = CARTESIAN_POINT('',(-20.2881,50.2,2.6));
#3971 = VECTOR('',#3972,1.);
#3972 = DIRECTION('',(0.,0.,-1.));
#3973 = ORIENTED_EDGE('',*,*,#3974,.F.);
#3974 = EDGE_CURVE('',#2457,#3967,#3975,.T.);
#3975 = LINE('',#3976,#3977);
#3976 = CARTESIAN_POINT('',(-20.2881,49.1,0.));
#3977 = VECTOR('',#3978,1.);
#3978 = DIRECTION('',(0.,1.,-2.22044604925E-16));
#3979 = PLANE('',#3980);
#3980 = AXIS2_PLACEMENT_3D('',#3981,#3982,#3983);
#3981 = CARTESIAN_POINT('',(-20.2881,49.1,5.2));
#3982 = DIRECTION('',(-1.,0.,0.));
#3983 = DIRECTION('',(0.,-2.22044604925E-16,-1.));
#3984 = ADVANCED_FACE('',(#3985),#4003,.F.);
#3985 = FACE_BOUND('',#3986,.F.);
#3986 = EDGE_LOOP('',(#3987,#3988,#3996,#4002));
#3987 = ORIENTED_EDGE('',*,*,#3974,.T.);
#3988 = ORIENTED_EDGE('',*,*,#3989,.T.);
#3989 = EDGE_CURVE('',#3967,#3990,#3992,.T.);
#3990 = VERTEX_POINT('',#3991);
#3991 = CARTESIAN_POINT('',(-26.475,50.2,-1.221245327088E-16));
#3992 = LINE('',#3993,#3994);
#3993 = CARTESIAN_POINT('',(37.075,50.2,0.));
#3994 = VECTOR('',#3995,1.);
#3995 = DIRECTION('',(-1.,0.,0.));
#3996 = ORIENTED_EDGE('',*,*,#3997,.F.);
#3997 = EDGE_CURVE('',#2449,#3990,#3998,.T.);
#3998 = LINE('',#3999,#4000);
#3999 = CARTESIAN_POINT('',(-26.475,49.1,0.));
#4000 = VECTOR('',#4001,1.);
#4001 = DIRECTION('',(0.,1.,-2.22044604925E-16));
#4002 = ORIENTED_EDGE('',*,*,#2456,.T.);
#4003 = PLANE('',#4004);
#4004 = AXIS2_PLACEMENT_3D('',#4005,#4006,#4007);
#4005 = CARTESIAN_POINT('',(9.584545012801E-15,33.145924517053,0.));
#4006 = DIRECTION('',(0.,0.,1.));
#4007 = DIRECTION('',(1.,0.,0.));
#4008 = ADVANCED_FACE('',(#4009),#4022,.F.);
#4009 = FACE_BOUND('',#4010,.F.);
#4010 = EDGE_LOOP('',(#4011,#4012,#4013,#4019,#4020,#4021));
#4011 = ORIENTED_EDGE('',*,*,#2448,.F.);
#4012 = ORIENTED_EDGE('',*,*,#3997,.T.);
#4013 = ORIENTED_EDGE('',*,*,#4014,.T.);
#4014 = EDGE_CURVE('',#3990,#3501,#4015,.T.);
#4015 = LINE('',#4016,#4017);
#4016 = CARTESIAN_POINT('',(-26.475,50.2,0.));
#4017 = VECTOR('',#4018,1.);
#4018 = DIRECTION('',(0.,0.,1.));
#4019 = ORIENTED_EDGE('',*,*,#3500,.T.);
#4020 = ORIENTED_EDGE('',*,*,#3665,.T.);
#4021 = ORIENTED_EDGE('',*,*,#3682,.F.);
#4022 = PLANE('',#4023);
#4023 = AXIS2_PLACEMENT_3D('',#4024,#4025,#4026);
#4024 = CARTESIAN_POINT('',(-26.475,49.1,0.));
#4025 = DIRECTION('',(1.,0.,0.));
#4026 = DIRECTION('',(0.,2.22044604925E-16,1.));
#4027 = ADVANCED_FACE('',(#4028),#4034,.F.);
#4028 = FACE_BOUND('',#4029,.F.);
#4029 = EDGE_LOOP('',(#4030,#4031,#4032,#4033));
#4030 = ORIENTED_EDGE('',*,*,#3712,.F.);
#4031 = ORIENTED_EDGE('',*,*,#2796,.F.);
#4032 = ORIENTED_EDGE('',*,*,#3596,.T.);
#4033 = ORIENTED_EDGE('',*,*,#3736,.F.);
#4034 = PLANE('',#4035);
#4035 = AXIS2_PLACEMENT_3D('',#4036,#4037,#4038);
#4036 = CARTESIAN_POINT('',(-5.729366666667,50.3,2.6));
#4037 = DIRECTION('',(0.,1.,0.));
#4038 = DIRECTION('',(0.,0.,1.));
#4039 = ADVANCED_FACE('',(#4040),#4050,.T.);
#4040 = FACE_BOUND('',#4041,.F.);
#4041 = EDGE_LOOP('',(#4042,#4043,#4049));
#4042 = ORIENTED_EDGE('',*,*,#2872,.F.);
#4043 = ORIENTED_EDGE('',*,*,#4044,.T.);
#4044 = EDGE_CURVE('',#2865,#2981,#4045,.T.);
#4045 = LINE('',#4046,#4047);
#4046 = CARTESIAN_POINT('',(40.567820323028,24.625,4.507179676972));
#4047 = VECTOR('',#4048,1.);
#4048 = DIRECTION('',(-0.707106781187,1.570092458684E-16,0.707106781187)
  );
#4049 = ORIENTED_EDGE('',*,*,#2988,.F.);
#4050 = PLANE('',#4051);
#4051 = AXIS2_PLACEMENT_3D('',#4052,#4053,#4054);
#4052 = CARTESIAN_POINT('',(40.275,24.625,4.8));
#4053 = DIRECTION('',(0.57735026919,-0.57735026919,0.57735026919));
#4054 = DIRECTION('',(-1.553069907154E-30,-0.707106781187,
    -0.707106781187));
#4055 = ADVANCED_FACE('',(#4056),#4067,.T.);
#4056 = FACE_BOUND('',#4057,.F.);
#4057 = EDGE_LOOP('',(#4058,#4059,#4060,#4061));
#4058 = ORIENTED_EDGE('',*,*,#2980,.F.);
#4059 = ORIENTED_EDGE('',*,*,#4044,.F.);
#4060 = ORIENTED_EDGE('',*,*,#2864,.T.);
#4061 = ORIENTED_EDGE('',*,*,#4062,.T.);
#4062 = EDGE_CURVE('',#2857,#2973,#4063,.T.);
#4063 = LINE('',#4064,#4065);
#4064 = CARTESIAN_POINT('',(24.430940107676,25.369059892324,
    20.644059892324));
#4065 = VECTOR('',#4066,1.);
#4066 = DIRECTION('',(-0.57735026919,0.57735026919,0.57735026919));
#4067 = PLANE('',#4068);
#4068 = AXIS2_PLACEMENT_3D('',#4069,#4070,#4071);
#4069 = CARTESIAN_POINT('',(40.567820323028,24.625,4.507179676972));
#4070 = DIRECTION('',(0.707106781187,1.570092458684E-16,0.707106781187)
  );
#4071 = DIRECTION('',(0.707106781187,-1.570092458684E-16,-0.707106781187
    ));
#4072 = ADVANCED_FACE('',(#4073),#4079,.F.);
#4073 = FACE_BOUND('',#4074,.T.);
#4074 = EDGE_LOOP('',(#4075,#4076,#4077,#4078));
#4075 = ORIENTED_EDGE('',*,*,#3476,.F.);
#4076 = ORIENTED_EDGE('',*,*,#2895,.T.);
#4077 = ORIENTED_EDGE('',*,*,#4062,.T.);
#4078 = ORIENTED_EDGE('',*,*,#2972,.F.);
#4079 = PLANE('',#4080);
#4080 = AXIS2_PLACEMENT_3D('',#4081,#4082,#4083);
#4081 = CARTESIAN_POINT('',(-39.475,9.925,5.2));
#4082 = DIRECTION('',(-1.256969091353E-16,0.707106781187,-0.707106781187
    ));
#4083 = DIRECTION('',(-1.,-1.219604075761E-16,5.580186607144E-17));
#4084 = ADVANCED_FACE('',(#4085),#4096,.F.);
#4085 = FACE_BOUND('',#4086,.T.);
#4086 = EDGE_LOOP('',(#4087,#4088,#4094,#4095));
#4087 = ORIENTED_EDGE('',*,*,#3133,.F.);
#4088 = ORIENTED_EDGE('',*,*,#4089,.T.);
#4089 = EDGE_CURVE('',#3134,#3008,#4090,.T.);
#4090 = LINE('',#4091,#4092);
#4091 = CARTESIAN_POINT('',(-25.075,18.,5.2));
#4092 = VECTOR('',#4093,1.);
#4093 = DIRECTION('',(0.,0.,1.));
#4094 = ORIENTED_EDGE('',*,*,#3007,.F.);
#4095 = ORIENTED_EDGE('',*,*,#4089,.F.);
#4096 = CYLINDRICAL_SURFACE('',#4097,3.5);
#4097 = AXIS2_PLACEMENT_3D('',#4098,#4099,#4100);
#4098 = CARTESIAN_POINT('',(-28.575,18.,5.2));
#4099 = DIRECTION('',(-0.,-0.,-1.));
#4100 = DIRECTION('',(1.,0.,0.));
#4101 = ADVANCED_FACE('',(#4102),#4113,.F.);
#4102 = FACE_BOUND('',#4103,.T.);
#4103 = EDGE_LOOP('',(#4104,#4105,#4111,#4112));
#4104 = ORIENTED_EDGE('',*,*,#3212,.F.);
#4105 = ORIENTED_EDGE('',*,*,#4106,.T.);
#4106 = EDGE_CURVE('',#3213,#3019,#4107,.T.);
#4107 = LINE('',#4108,#4109);
#4108 = CARTESIAN_POINT('',(-6.025,18.,5.2));
#4109 = VECTOR('',#4110,1.);
#4110 = DIRECTION('',(0.,0.,1.));
#4111 = ORIENTED_EDGE('',*,*,#3018,.F.);
#4112 = ORIENTED_EDGE('',*,*,#4106,.F.);
#4113 = CYLINDRICAL_SURFACE('',#4114,3.5);
#4114 = AXIS2_PLACEMENT_3D('',#4115,#4116,#4117);
#4115 = CARTESIAN_POINT('',(-9.525,18.,5.2));
#4116 = DIRECTION('',(-0.,-0.,-1.));
#4117 = DIRECTION('',(1.,0.,0.));
#4118 = ADVANCED_FACE('',(#4119),#4130,.F.);
#4119 = FACE_BOUND('',#4120,.T.);
#4120 = EDGE_LOOP('',(#4121,#4122,#4128,#4129));
#4121 = ORIENTED_EDGE('',*,*,#3291,.F.);
#4122 = ORIENTED_EDGE('',*,*,#4123,.T.);
#4123 = EDGE_CURVE('',#3292,#3030,#4124,.T.);
#4124 = LINE('',#4125,#4126);
#4125 = CARTESIAN_POINT('',(13.025,18.,5.2));
#4126 = VECTOR('',#4127,1.);
#4127 = DIRECTION('',(0.,0.,1.));
#4128 = ORIENTED_EDGE('',*,*,#3029,.F.);
#4129 = ORIENTED_EDGE('',*,*,#4123,.F.);
#4130 = CYLINDRICAL_SURFACE('',#4131,3.5);
#4131 = AXIS2_PLACEMENT_3D('',#4132,#4133,#4134);
#4132 = CARTESIAN_POINT('',(9.525,18.,5.2));
#4133 = DIRECTION('',(-0.,-0.,-1.));
#4134 = DIRECTION('',(1.,0.,0.));
#4135 = ADVANCED_FACE('',(#4136),#4147,.F.);
#4136 = FACE_BOUND('',#4137,.T.);
#4137 = EDGE_LOOP('',(#4138,#4139,#4145,#4146));
#4138 = ORIENTED_EDGE('',*,*,#3370,.F.);
#4139 = ORIENTED_EDGE('',*,*,#4140,.T.);
#4140 = EDGE_CURVE('',#3371,#3041,#4141,.T.);
#4141 = LINE('',#4142,#4143);
#4142 = CARTESIAN_POINT('',(32.075,18.,5.2));
#4143 = VECTOR('',#4144,1.);
#4144 = DIRECTION('',(0.,0.,1.));
#4145 = ORIENTED_EDGE('',*,*,#3040,.F.);
#4146 = ORIENTED_EDGE('',*,*,#4140,.F.);
#4147 = CYLINDRICAL_SURFACE('',#4148,3.5);
#4148 = AXIS2_PLACEMENT_3D('',#4149,#4150,#4151);
#4149 = CARTESIAN_POINT('',(28.575,18.,5.2));
#4150 = DIRECTION('',(-0.,-0.,-1.));
#4151 = DIRECTION('',(1.,0.,0.));
#4152 = ADVANCED_FACE('',(#4153),#4172,.F.);
#4153 = FACE_BOUND('',#4154,.T.);
#4154 = EDGE_LOOP('',(#4155,#4163,#4170,#4171));
#4155 = ORIENTED_EDGE('',*,*,#4156,.T.);
#4156 = EDGE_CURVE('',#3112,#4157,#4159,.T.);
#4157 = VERTEX_POINT('',#4158);
#4158 = CARTESIAN_POINT('',(-31.975,12.9,5.4));
#4159 = LINE('',#4160,#4161);
#4160 = CARTESIAN_POINT('',(-31.975,12.9,5.2));
#4161 = VECTOR('',#4162,1.);
#4162 = DIRECTION('',(0.,0.,1.));
#4163 = ORIENTED_EDGE('',*,*,#4164,.T.);
#4164 = EDGE_CURVE('',#4157,#4157,#4165,.T.);
#4165 = CIRCLE('',#4166,0.7);
#4166 = AXIS2_PLACEMENT_3D('',#4167,#4168,#4169);
#4167 = CARTESIAN_POINT('',(-32.675,12.9,5.4));
#4168 = DIRECTION('',(0.,0.,1.));
#4169 = DIRECTION('',(1.,0.,0.));
#4170 = ORIENTED_EDGE('',*,*,#4156,.F.);
#4171 = ORIENTED_EDGE('',*,*,#3111,.F.);
#4172 = CYLINDRICAL_SURFACE('',#4173,0.7);
#4173 = AXIS2_PLACEMENT_3D('',#4174,#4175,#4176);
#4174 = CARTESIAN_POINT('',(-32.675,12.9,5.2));
#4175 = DIRECTION('',(-0.,-0.,-1.));
#4176 = DIRECTION('',(1.,0.,0.));
#4177 = ADVANCED_FACE('',(#4178),#4197,.F.);
#4178 = FACE_BOUND('',#4179,.T.);
#4179 = EDGE_LOOP('',(#4180,#4188,#4195,#4196));
#4180 = ORIENTED_EDGE('',*,*,#4181,.T.);
#4181 = EDGE_CURVE('',#3123,#4182,#4184,.T.);
#4182 = VERTEX_POINT('',#4183);
#4183 = CARTESIAN_POINT('',(-23.775,12.9,5.4));
#4184 = LINE('',#4185,#4186);
#4185 = CARTESIAN_POINT('',(-23.775,12.9,5.2));
#4186 = VECTOR('',#4187,1.);
#4187 = DIRECTION('',(0.,0.,1.));
#4188 = ORIENTED_EDGE('',*,*,#4189,.T.);
#4189 = EDGE_CURVE('',#4182,#4182,#4190,.T.);
#4190 = CIRCLE('',#4191,0.7);
#4191 = AXIS2_PLACEMENT_3D('',#4192,#4193,#4194);
#4192 = CARTESIAN_POINT('',(-24.475,12.9,5.4));
#4193 = DIRECTION('',(0.,0.,1.));
#4194 = DIRECTION('',(1.,0.,0.));
#4195 = ORIENTED_EDGE('',*,*,#4181,.F.);
#4196 = ORIENTED_EDGE('',*,*,#3122,.F.);
#4197 = CYLINDRICAL_SURFACE('',#4198,0.7);
#4198 = AXIS2_PLACEMENT_3D('',#4199,#4200,#4201);
#4199 = CARTESIAN_POINT('',(-24.475,12.9,5.2));
#4200 = DIRECTION('',(-0.,-0.,-1.));
#4201 = DIRECTION('',(1.,0.,0.));
#4202 = ADVANCED_FACE('',(#4203),#4222,.F.);
#4203 = FACE_BOUND('',#4204,.T.);
#4204 = EDGE_LOOP('',(#4205,#4213,#4220,#4221));
#4205 = ORIENTED_EDGE('',*,*,#4206,.T.);
#4206 = EDGE_CURVE('',#3145,#4207,#4209,.T.);
#4207 = VERTEX_POINT('',#4208);
#4208 = CARTESIAN_POINT('',(-31.975,23.1,5.4));
#4209 = LINE('',#4210,#4211);
#4210 = CARTESIAN_POINT('',(-31.975,23.1,5.2));
#4211 = VECTOR('',#4212,1.);
#4212 = DIRECTION('',(0.,0.,1.));
#4213 = ORIENTED_EDGE('',*,*,#4214,.T.);
#4214 = EDGE_CURVE('',#4207,#4207,#4215,.T.);
#4215 = CIRCLE('',#4216,0.7);
#4216 = AXIS2_PLACEMENT_3D('',#4217,#4218,#4219);
#4217 = CARTESIAN_POINT('',(-32.675,23.1,5.4));
#4218 = DIRECTION('',(0.,0.,1.));
#4219 = DIRECTION('',(1.,0.,0.));
#4220 = ORIENTED_EDGE('',*,*,#4206,.F.);
#4221 = ORIENTED_EDGE('',*,*,#3144,.F.);
#4222 = CYLINDRICAL_SURFACE('',#4223,0.7);
#4223 = AXIS2_PLACEMENT_3D('',#4224,#4225,#4226);
#4224 = CARTESIAN_POINT('',(-32.675,23.1,5.2));
#4225 = DIRECTION('',(-0.,-0.,-1.));
#4226 = DIRECTION('',(1.,0.,0.));
#4227 = ADVANCED_FACE('',(#4228),#4247,.F.);
#4228 = FACE_BOUND('',#4229,.T.);
#4229 = EDGE_LOOP('',(#4230,#4238,#4245,#4246));
#4230 = ORIENTED_EDGE('',*,*,#4231,.T.);
#4231 = EDGE_CURVE('',#3156,#4232,#4234,.T.);
#4232 = VERTEX_POINT('',#4233);
#4233 = CARTESIAN_POINT('',(-23.775,23.1,5.4));
#4234 = LINE('',#4235,#4236);
#4235 = CARTESIAN_POINT('',(-23.775,23.1,5.2));
#4236 = VECTOR('',#4237,1.);
#4237 = DIRECTION('',(0.,0.,1.));
#4238 = ORIENTED_EDGE('',*,*,#4239,.T.);
#4239 = EDGE_CURVE('',#4232,#4232,#4240,.T.);
#4240 = CIRCLE('',#4241,0.7);
#4241 = AXIS2_PLACEMENT_3D('',#4242,#4243,#4244);
#4242 = CARTESIAN_POINT('',(-24.475,23.1,5.4));
#4243 = DIRECTION('',(0.,0.,1.));
#4244 = DIRECTION('',(1.,0.,0.));
#4245 = ORIENTED_EDGE('',*,*,#4231,.F.);
#4246 = ORIENTED_EDGE('',*,*,#3155,.F.);
#4247 = CYLINDRICAL_SURFACE('',#4248,0.7);
#4248 = AXIS2_PLACEMENT_3D('',#4249,#4250,#4251);
#4249 = CARTESIAN_POINT('',(-24.475,23.1,5.2));
#4250 = DIRECTION('',(-0.,-0.,-1.));
#4251 = DIRECTION('',(1.,0.,0.));
#4252 = ADVANCED_FACE('',(#4253),#4272,.F.);
#4253 = FACE_BOUND('',#4254,.T.);
#4254 = EDGE_LOOP('',(#4255,#4263,#4270,#4271));
#4255 = ORIENTED_EDGE('',*,*,#4256,.T.);
#4256 = EDGE_CURVE('',#3191,#4257,#4259,.T.);
#4257 = VERTEX_POINT('',#4258);
#4258 = CARTESIAN_POINT('',(-12.925,12.9,5.4));
#4259 = LINE('',#4260,#4261);
#4260 = CARTESIAN_POINT('',(-12.925,12.9,5.2));
#4261 = VECTOR('',#4262,1.);
#4262 = DIRECTION('',(0.,0.,1.));
#4263 = ORIENTED_EDGE('',*,*,#4264,.T.);
#4264 = EDGE_CURVE('',#4257,#4257,#4265,.T.);
#4265 = CIRCLE('',#4266,0.7);
#4266 = AXIS2_PLACEMENT_3D('',#4267,#4268,#4269);
#4267 = CARTESIAN_POINT('',(-13.625,12.9,5.4));
#4268 = DIRECTION('',(0.,0.,1.));
#4269 = DIRECTION('',(1.,0.,0.));
#4270 = ORIENTED_EDGE('',*,*,#4256,.F.);
#4271 = ORIENTED_EDGE('',*,*,#3190,.F.);
#4272 = CYLINDRICAL_SURFACE('',#4273,0.7);
#4273 = AXIS2_PLACEMENT_3D('',#4274,#4275,#4276);
#4274 = CARTESIAN_POINT('',(-13.625,12.9,5.2));
#4275 = DIRECTION('',(-0.,-0.,-1.));
#4276 = DIRECTION('',(1.,0.,0.));
#4277 = ADVANCED_FACE('',(#4278),#4297,.F.);
#4278 = FACE_BOUND('',#4279,.T.);
#4279 = EDGE_LOOP('',(#4280,#4288,#4295,#4296));
#4280 = ORIENTED_EDGE('',*,*,#4281,.T.);
#4281 = EDGE_CURVE('',#3202,#4282,#4284,.T.);
#4282 = VERTEX_POINT('',#4283);
#4283 = CARTESIAN_POINT('',(-4.725,12.9,5.4));
#4284 = LINE('',#4285,#4286);
#4285 = CARTESIAN_POINT('',(-4.725,12.9,5.2));
#4286 = VECTOR('',#4287,1.);
#4287 = DIRECTION('',(0.,0.,1.));
#4288 = ORIENTED_EDGE('',*,*,#4289,.T.);
#4289 = EDGE_CURVE('',#4282,#4282,#4290,.T.);
#4290 = CIRCLE('',#4291,0.7);
#4291 = AXIS2_PLACEMENT_3D('',#4292,#4293,#4294);
#4292 = CARTESIAN_POINT('',(-5.425,12.9,5.4));
#4293 = DIRECTION('',(0.,0.,1.));
#4294 = DIRECTION('',(1.,0.,0.));
#4295 = ORIENTED_EDGE('',*,*,#4281,.F.);
#4296 = ORIENTED_EDGE('',*,*,#3201,.F.);
#4297 = CYLINDRICAL_SURFACE('',#4298,0.7);
#4298 = AXIS2_PLACEMENT_3D('',#4299,#4300,#4301);
#4299 = CARTESIAN_POINT('',(-5.425,12.9,5.2));
#4300 = DIRECTION('',(-0.,-0.,-1.));
#4301 = DIRECTION('',(1.,0.,0.));
#4302 = ADVANCED_FACE('',(#4303),#4322,.F.);
#4303 = FACE_BOUND('',#4304,.T.);
#4304 = EDGE_LOOP('',(#4305,#4313,#4320,#4321));
#4305 = ORIENTED_EDGE('',*,*,#4306,.T.);
#4306 = EDGE_CURVE('',#3224,#4307,#4309,.T.);
#4307 = VERTEX_POINT('',#4308);
#4308 = CARTESIAN_POINT('',(-12.925,23.1,5.4));
#4309 = LINE('',#4310,#4311);
#4310 = CARTESIAN_POINT('',(-12.925,23.1,5.2));
#4311 = VECTOR('',#4312,1.);
#4312 = DIRECTION('',(0.,0.,1.));
#4313 = ORIENTED_EDGE('',*,*,#4314,.T.);
#4314 = EDGE_CURVE('',#4307,#4307,#4315,.T.);
#4315 = CIRCLE('',#4316,0.7);
#4316 = AXIS2_PLACEMENT_3D('',#4317,#4318,#4319);
#4317 = CARTESIAN_POINT('',(-13.625,23.1,5.4));
#4318 = DIRECTION('',(0.,0.,1.));
#4319 = DIRECTION('',(1.,0.,0.));
#4320 = ORIENTED_EDGE('',*,*,#4306,.F.);
#4321 = ORIENTED_EDGE('',*,*,#3223,.F.);
#4322 = CYLINDRICAL_SURFACE('',#4323,0.7);
#4323 = AXIS2_PLACEMENT_3D('',#4324,#4325,#4326);
#4324 = CARTESIAN_POINT('',(-13.625,23.1,5.2));
#4325 = DIRECTION('',(-0.,-0.,-1.));
#4326 = DIRECTION('',(1.,0.,0.));
#4327 = ADVANCED_FACE('',(#4328),#4347,.F.);
#4328 = FACE_BOUND('',#4329,.T.);
#4329 = EDGE_LOOP('',(#4330,#4338,#4345,#4346));
#4330 = ORIENTED_EDGE('',*,*,#4331,.T.);
#4331 = EDGE_CURVE('',#3235,#4332,#4334,.T.);
#4332 = VERTEX_POINT('',#4333);
#4333 = CARTESIAN_POINT('',(-4.725,23.1,5.4));
#4334 = LINE('',#4335,#4336);
#4335 = CARTESIAN_POINT('',(-4.725,23.1,5.2));
#4336 = VECTOR('',#4337,1.);
#4337 = DIRECTION('',(0.,0.,1.));
#4338 = ORIENTED_EDGE('',*,*,#4339,.T.);
#4339 = EDGE_CURVE('',#4332,#4332,#4340,.T.);
#4340 = CIRCLE('',#4341,0.7);
#4341 = AXIS2_PLACEMENT_3D('',#4342,#4343,#4344);
#4342 = CARTESIAN_POINT('',(-5.425,23.1,5.4));
#4343 = DIRECTION('',(0.,0.,1.));
#4344 = DIRECTION('',(1.,0.,0.));
#4345 = ORIENTED_EDGE('',*,*,#4331,.F.);
#4346 = ORIENTED_EDGE('',*,*,#3234,.F.);
#4347 = CYLINDRICAL_SURFACE('',#4348,0.7);
#4348 = AXIS2_PLACEMENT_3D('',#4349,#4350,#4351);
#4349 = CARTESIAN_POINT('',(-5.425,23.1,5.2));
#4350 = DIRECTION('',(-0.,-0.,-1.));
#4351 = DIRECTION('',(1.,0.,0.));
#4352 = ADVANCED_FACE('',(#4353),#4372,.F.);
#4353 = FACE_BOUND('',#4354,.T.);
#4354 = EDGE_LOOP('',(#4355,#4363,#4370,#4371));
#4355 = ORIENTED_EDGE('',*,*,#4356,.T.);
#4356 = EDGE_CURVE('',#3270,#4357,#4359,.T.);
#4357 = VERTEX_POINT('',#4358);
#4358 = CARTESIAN_POINT('',(6.125,12.9,5.4));
#4359 = LINE('',#4360,#4361);
#4360 = CARTESIAN_POINT('',(6.125,12.9,5.2));
#4361 = VECTOR('',#4362,1.);
#4362 = DIRECTION('',(0.,0.,1.));
#4363 = ORIENTED_EDGE('',*,*,#4364,.T.);
#4364 = EDGE_CURVE('',#4357,#4357,#4365,.T.);
#4365 = CIRCLE('',#4366,0.7);
#4366 = AXIS2_PLACEMENT_3D('',#4367,#4368,#4369);
#4367 = CARTESIAN_POINT('',(5.425,12.9,5.4));
#4368 = DIRECTION('',(0.,0.,1.));
#4369 = DIRECTION('',(1.,0.,0.));
#4370 = ORIENTED_EDGE('',*,*,#4356,.F.);
#4371 = ORIENTED_EDGE('',*,*,#3269,.F.);
#4372 = CYLINDRICAL_SURFACE('',#4373,0.7);
#4373 = AXIS2_PLACEMENT_3D('',#4374,#4375,#4376);
#4374 = CARTESIAN_POINT('',(5.425,12.9,5.2));
#4375 = DIRECTION('',(-0.,-0.,-1.));
#4376 = DIRECTION('',(1.,0.,0.));
#4377 = ADVANCED_FACE('',(#4378),#4397,.F.);
#4378 = FACE_BOUND('',#4379,.T.);
#4379 = EDGE_LOOP('',(#4380,#4388,#4395,#4396));
#4380 = ORIENTED_EDGE('',*,*,#4381,.T.);
#4381 = EDGE_CURVE('',#3281,#4382,#4384,.T.);
#4382 = VERTEX_POINT('',#4383);
#4383 = CARTESIAN_POINT('',(14.325,12.9,5.4));
#4384 = LINE('',#4385,#4386);
#4385 = CARTESIAN_POINT('',(14.325,12.9,5.2));
#4386 = VECTOR('',#4387,1.);
#4387 = DIRECTION('',(0.,0.,1.));
#4388 = ORIENTED_EDGE('',*,*,#4389,.T.);
#4389 = EDGE_CURVE('',#4382,#4382,#4390,.T.);
#4390 = CIRCLE('',#4391,0.7);
#4391 = AXIS2_PLACEMENT_3D('',#4392,#4393,#4394);
#4392 = CARTESIAN_POINT('',(13.625,12.9,5.4));
#4393 = DIRECTION('',(0.,0.,1.));
#4394 = DIRECTION('',(1.,0.,0.));
#4395 = ORIENTED_EDGE('',*,*,#4381,.F.);
#4396 = ORIENTED_EDGE('',*,*,#3280,.F.);
#4397 = CYLINDRICAL_SURFACE('',#4398,0.7);
#4398 = AXIS2_PLACEMENT_3D('',#4399,#4400,#4401);
#4399 = CARTESIAN_POINT('',(13.625,12.9,5.2));
#4400 = DIRECTION('',(-0.,-0.,-1.));
#4401 = DIRECTION('',(1.,0.,0.));
#4402 = ADVANCED_FACE('',(#4403),#4422,.F.);
#4403 = FACE_BOUND('',#4404,.T.);
#4404 = EDGE_LOOP('',(#4405,#4413,#4420,#4421));
#4405 = ORIENTED_EDGE('',*,*,#4406,.T.);
#4406 = EDGE_CURVE('',#3303,#4407,#4409,.T.);
#4407 = VERTEX_POINT('',#4408);
#4408 = CARTESIAN_POINT('',(6.125,23.1,5.4));
#4409 = LINE('',#4410,#4411);
#4410 = CARTESIAN_POINT('',(6.125,23.1,5.2));
#4411 = VECTOR('',#4412,1.);
#4412 = DIRECTION('',(0.,0.,1.));
#4413 = ORIENTED_EDGE('',*,*,#4414,.T.);
#4414 = EDGE_CURVE('',#4407,#4407,#4415,.T.);
#4415 = CIRCLE('',#4416,0.7);
#4416 = AXIS2_PLACEMENT_3D('',#4417,#4418,#4419);
#4417 = CARTESIAN_POINT('',(5.425,23.1,5.4));
#4418 = DIRECTION('',(0.,0.,1.));
#4419 = DIRECTION('',(1.,0.,0.));
#4420 = ORIENTED_EDGE('',*,*,#4406,.F.);
#4421 = ORIENTED_EDGE('',*,*,#3302,.F.);
#4422 = CYLINDRICAL_SURFACE('',#4423,0.7);
#4423 = AXIS2_PLACEMENT_3D('',#4424,#4425,#4426);
#4424 = CARTESIAN_POINT('',(5.425,23.1,5.2));
#4425 = DIRECTION('',(-0.,-0.,-1.));
#4426 = DIRECTION('',(1.,0.,0.));
#4427 = ADVANCED_FACE('',(#4428),#4447,.F.);
#4428 = FACE_BOUND('',#4429,.T.);
#4429 = EDGE_LOOP('',(#4430,#4438,#4445,#4446));
#4430 = ORIENTED_EDGE('',*,*,#4431,.T.);
#4431 = EDGE_CURVE('',#3314,#4432,#4434,.T.);
#4432 = VERTEX_POINT('',#4433);
#4433 = CARTESIAN_POINT('',(14.325,23.1,5.4));
#4434 = LINE('',#4435,#4436);
#4435 = CARTESIAN_POINT('',(14.325,23.1,5.2));
#4436 = VECTOR('',#4437,1.);
#4437 = DIRECTION('',(0.,0.,1.));
#4438 = ORIENTED_EDGE('',*,*,#4439,.T.);
#4439 = EDGE_CURVE('',#4432,#4432,#4440,.T.);
#4440 = CIRCLE('',#4441,0.7);
#4441 = AXIS2_PLACEMENT_3D('',#4442,#4443,#4444);
#4442 = CARTESIAN_POINT('',(13.625,23.1,5.4));
#4443 = DIRECTION('',(0.,0.,1.));
#4444 = DIRECTION('',(1.,0.,0.));
#4445 = ORIENTED_EDGE('',*,*,#4431,.F.);
#4446 = ORIENTED_EDGE('',*,*,#3313,.F.);
#4447 = CYLINDRICAL_SURFACE('',#4448,0.7);
#4448 = AXIS2_PLACEMENT_3D('',#4449,#4450,#4451);
#4449 = CARTESIAN_POINT('',(13.625,23.1,5.2));
#4450 = DIRECTION('',(-0.,-0.,-1.));
#4451 = DIRECTION('',(1.,0.,0.));
#4452 = ADVANCED_FACE('',(#4453),#4472,.F.);
#4453 = FACE_BOUND('',#4454,.T.);
#4454 = EDGE_LOOP('',(#4455,#4463,#4470,#4471));
#4455 = ORIENTED_EDGE('',*,*,#4456,.T.);
#4456 = EDGE_CURVE('',#3349,#4457,#4459,.T.);
#4457 = VERTEX_POINT('',#4458);
#4458 = CARTESIAN_POINT('',(25.175,12.9,5.4));
#4459 = LINE('',#4460,#4461);
#4460 = CARTESIAN_POINT('',(25.175,12.9,5.2));
#4461 = VECTOR('',#4462,1.);
#4462 = DIRECTION('',(0.,0.,1.));
#4463 = ORIENTED_EDGE('',*,*,#4464,.T.);
#4464 = EDGE_CURVE('',#4457,#4457,#4465,.T.);
#4465 = CIRCLE('',#4466,0.7);
#4466 = AXIS2_PLACEMENT_3D('',#4467,#4468,#4469);
#4467 = CARTESIAN_POINT('',(24.475,12.9,5.4));
#4468 = DIRECTION('',(0.,0.,1.));
#4469 = DIRECTION('',(1.,0.,0.));
#4470 = ORIENTED_EDGE('',*,*,#4456,.F.);
#4471 = ORIENTED_EDGE('',*,*,#3348,.F.);
#4472 = CYLINDRICAL_SURFACE('',#4473,0.7);
#4473 = AXIS2_PLACEMENT_3D('',#4474,#4475,#4476);
#4474 = CARTESIAN_POINT('',(24.475,12.9,5.2));
#4475 = DIRECTION('',(-0.,-0.,-1.));
#4476 = DIRECTION('',(1.,0.,0.));
#4477 = ADVANCED_FACE('',(#4478),#4497,.F.);
#4478 = FACE_BOUND('',#4479,.T.);
#4479 = EDGE_LOOP('',(#4480,#4488,#4495,#4496));
#4480 = ORIENTED_EDGE('',*,*,#4481,.T.);
#4481 = EDGE_CURVE('',#3360,#4482,#4484,.T.);
#4482 = VERTEX_POINT('',#4483);
#4483 = CARTESIAN_POINT('',(33.375,12.9,5.4));
#4484 = LINE('',#4485,#4486);
#4485 = CARTESIAN_POINT('',(33.375,12.9,5.2));
#4486 = VECTOR('',#4487,1.);
#4487 = DIRECTION('',(0.,0.,1.));
#4488 = ORIENTED_EDGE('',*,*,#4489,.T.);
#4489 = EDGE_CURVE('',#4482,#4482,#4490,.T.);
#4490 = CIRCLE('',#4491,0.7);
#4491 = AXIS2_PLACEMENT_3D('',#4492,#4493,#4494);
#4492 = CARTESIAN_POINT('',(32.675,12.9,5.4));
#4493 = DIRECTION('',(0.,0.,1.));
#4494 = DIRECTION('',(1.,0.,0.));
#4495 = ORIENTED_EDGE('',*,*,#4481,.F.);
#4496 = ORIENTED_EDGE('',*,*,#3359,.F.);
#4497 = CYLINDRICAL_SURFACE('',#4498,0.7);
#4498 = AXIS2_PLACEMENT_3D('',#4499,#4500,#4501);
#4499 = CARTESIAN_POINT('',(32.675,12.9,5.2));
#4500 = DIRECTION('',(-0.,-0.,-1.));
#4501 = DIRECTION('',(1.,0.,0.));
#4502 = ADVANCED_FACE('',(#4503),#4522,.F.);
#4503 = FACE_BOUND('',#4504,.T.);
#4504 = EDGE_LOOP('',(#4505,#4513,#4520,#4521));
#4505 = ORIENTED_EDGE('',*,*,#4506,.T.);
#4506 = EDGE_CURVE('',#3382,#4507,#4509,.T.);
#4507 = VERTEX_POINT('',#4508);
#4508 = CARTESIAN_POINT('',(25.175,23.1,5.4));
#4509 = LINE('',#4510,#4511);
#4510 = CARTESIAN_POINT('',(25.175,23.1,5.2));
#4511 = VECTOR('',#4512,1.);
#4512 = DIRECTION('',(0.,0.,1.));
#4513 = ORIENTED_EDGE('',*,*,#4514,.T.);
#4514 = EDGE_CURVE('',#4507,#4507,#4515,.T.);
#4515 = CIRCLE('',#4516,0.7);
#4516 = AXIS2_PLACEMENT_3D('',#4517,#4518,#4519);
#4517 = CARTESIAN_POINT('',(24.475,23.1,5.4));
#4518 = DIRECTION('',(0.,0.,1.));
#4519 = DIRECTION('',(1.,0.,0.));
#4520 = ORIENTED_EDGE('',*,*,#4506,.F.);
#4521 = ORIENTED_EDGE('',*,*,#3381,.F.);
#4522 = CYLINDRICAL_SURFACE('',#4523,0.7);
#4523 = AXIS2_PLACEMENT_3D('',#4524,#4525,#4526);
#4524 = CARTESIAN_POINT('',(24.475,23.1,5.2));
#4525 = DIRECTION('',(-0.,-0.,-1.));
#4526 = DIRECTION('',(1.,0.,0.));
#4527 = ADVANCED_FACE('',(#4528),#4547,.F.);
#4528 = FACE_BOUND('',#4529,.T.);
#4529 = EDGE_LOOP('',(#4530,#4538,#4545,#4546));
#4530 = ORIENTED_EDGE('',*,*,#4531,.T.);
#4531 = EDGE_CURVE('',#3393,#4532,#4534,.T.);
#4532 = VERTEX_POINT('',#4533);
#4533 = CARTESIAN_POINT('',(33.375,23.1,5.4));
#4534 = LINE('',#4535,#4536);
#4535 = CARTESIAN_POINT('',(33.375,23.1,5.2));
#4536 = VECTOR('',#4537,1.);
#4537 = DIRECTION('',(0.,0.,1.));
#4538 = ORIENTED_EDGE('',*,*,#4539,.T.);
#4539 = EDGE_CURVE('',#4532,#4532,#4540,.T.);
#4540 = CIRCLE('',#4541,0.7);
#4541 = AXIS2_PLACEMENT_3D('',#4542,#4543,#4544);
#4542 = CARTESIAN_POINT('',(32.675,23.1,5.4));
#4543 = DIRECTION('',(0.,0.,1.));
#4544 = DIRECTION('',(1.,0.,0.));
#4545 = ORIENTED_EDGE('',*,*,#4531,.F.);
#4546 = ORIENTED_EDGE('',*,*,#3392,.F.);
#4547 = CYLINDRICAL_SURFACE('',#4548,0.7);
#4548 = AXIS2_PLACEMENT_3D('',#4549,#4550,#4551);
#4549 = CARTESIAN_POINT('',(32.675,23.1,5.2));
#4550 = DIRECTION('',(-0.,-0.,-1.));
#4551 = DIRECTION('',(1.,0.,0.));
#4552 = ADVANCED_FACE('',(#4553),#4559,.F.);
#4553 = FACE_BOUND('',#4554,.F.);
#4554 = EDGE_LOOP('',(#4555,#4556,#4557,#4558));
#4555 = ORIENTED_EDGE('',*,*,#3935,.F.);
#4556 = ORIENTED_EDGE('',*,*,#3547,.F.);
#4557 = ORIENTED_EDGE('',*,*,#3524,.T.);
#4558 = ORIENTED_EDGE('',*,*,#3959,.F.);
#4559 = PLANE('',#4560);
#4560 = AXIS2_PLACEMENT_3D('',#4561,#4562,#4563);
#4561 = CARTESIAN_POINT('',(-5.729366666667,50.3,2.6));
#4562 = DIRECTION('',(0.,1.,0.));
#4563 = DIRECTION('',(0.,0.,1.));
#4564 = ADVANCED_FACE('',(#4565),#4571,.F.);
#4565 = FACE_BOUND('',#4566,.F.);
#4566 = EDGE_LOOP('',(#4567,#4568,#4569,#4570));
#4567 = ORIENTED_EDGE('',*,*,#3989,.F.);
#4568 = ORIENTED_EDGE('',*,*,#3966,.F.);
#4569 = ORIENTED_EDGE('',*,*,#3508,.T.);
#4570 = ORIENTED_EDGE('',*,*,#4014,.F.);
#4571 = PLANE('',#4572);
#4572 = AXIS2_PLACEMENT_3D('',#4573,#4574,#4575);
#4573 = CARTESIAN_POINT('',(37.075,50.2,0.));
#4574 = DIRECTION('',(-0.,-1.,-0.));
#4575 = DIRECTION('',(-1.,0.,0.));
#4576 = ADVANCED_FACE('',(#4577),#4583,.F.);
#4577 = FACE_BOUND('',#4578,.F.);
#4578 = EDGE_LOOP('',(#4579,#4580,#4581,#4582));
#4579 = ORIENTED_EDGE('',*,*,#3918,.F.);
#4580 = ORIENTED_EDGE('',*,*,#3894,.F.);
#4581 = ORIENTED_EDGE('',*,*,#3607,.T.);
#4582 = ORIENTED_EDGE('',*,*,#3571,.F.);
#4583 = PLANE('',#4584);
#4584 = AXIS2_PLACEMENT_3D('',#4585,#4586,#4587);
#4585 = CARTESIAN_POINT('',(-5.729366666667,50.3,2.6));
#4586 = DIRECTION('',(0.,1.,0.));
#4587 = DIRECTION('',(0.,0.,1.));
#4588 = ADVANCED_FACE('',(#4589),#4599,.F.);
#4589 = FACE_BOUND('',#4590,.F.);
#4590 = EDGE_LOOP('',(#4591,#4592,#4593,#4594,#4595,#4596,#4597,#4598));
#4591 = ORIENTED_EDGE('',*,*,#3767,.F.);
#4592 = ORIENTED_EDGE('',*,*,#3743,.F.);
#4593 = ORIENTED_EDGE('',*,*,#3623,.T.);
#4594 = ORIENTED_EDGE('',*,*,#3887,.F.);
#4595 = ORIENTED_EDGE('',*,*,#3863,.F.);
#4596 = ORIENTED_EDGE('',*,*,#3839,.F.);
#4597 = ORIENTED_EDGE('',*,*,#3815,.F.);
#4598 = ORIENTED_EDGE('',*,*,#3791,.F.);
#4599 = PLANE('',#4600);
#4600 = AXIS2_PLACEMENT_3D('',#4601,#4602,#4603);
#4601 = CARTESIAN_POINT('',(37.075,50.2,0.));
#4602 = DIRECTION('',(-0.,-1.,-0.));
#4603 = DIRECTION('',(-1.,0.,0.));
#4604 = ADVANCED_FACE('',(#4605),#4608,.F.);
#4605 = FACE_BOUND('',#4606,.F.);
#4606 = EDGE_LOOP('',(#4607));
#4607 = ORIENTED_EDGE('',*,*,#4164,.T.);
#4608 = PLANE('',#4609);
#4609 = AXIS2_PLACEMENT_3D('',#4610,#4611,#4612);
#4610 = CARTESIAN_POINT('',(-28.575,18.,5.4));
#4611 = DIRECTION('',(0.,0.,1.));
#4612 = DIRECTION('',(1.,0.,0.));
#4613 = ADVANCED_FACE('',(#4614),#4617,.F.);
#4614 = FACE_BOUND('',#4615,.F.);
#4615 = EDGE_LOOP('',(#4616));
#4616 = ORIENTED_EDGE('',*,*,#4189,.T.);
#4617 = PLANE('',#4618);
#4618 = AXIS2_PLACEMENT_3D('',#4619,#4620,#4621);
#4619 = CARTESIAN_POINT('',(-28.575,18.,5.4));
#4620 = DIRECTION('',(0.,0.,1.));
#4621 = DIRECTION('',(1.,0.,0.));
#4622 = ADVANCED_FACE('',(#4623),#4626,.F.);
#4623 = FACE_BOUND('',#4624,.F.);
#4624 = EDGE_LOOP('',(#4625));
#4625 = ORIENTED_EDGE('',*,*,#4214,.T.);
#4626 = PLANE('',#4627);
#4627 = AXIS2_PLACEMENT_3D('',#4628,#4629,#4630);
#4628 = CARTESIAN_POINT('',(-28.575,18.,5.4));
#4629 = DIRECTION('',(0.,0.,1.));
#4630 = DIRECTION('',(1.,0.,0.));
#4631 = ADVANCED_FACE('',(#4632),#4635,.F.);
#4632 = FACE_BOUND('',#4633,.F.);
#4633 = EDGE_LOOP('',(#4634));
#4634 = ORIENTED_EDGE('',*,*,#4239,.T.);
#4635 = PLANE('',#4636);
#4636 = AXIS2_PLACEMENT_3D('',#4637,#4638,#4639);
#4637 = CARTESIAN_POINT('',(-28.575,18.,5.4));
#4638 = DIRECTION('',(0.,0.,1.));
#4639 = DIRECTION('',(1.,0.,0.));
#4640 = ADVANCED_FACE('',(#4641),#4644,.F.);
#4641 = FACE_BOUND('',#4642,.F.);
#4642 = EDGE_LOOP('',(#4643));
#4643 = ORIENTED_EDGE('',*,*,#4264,.T.);
#4644 = PLANE('',#4645);
#4645 = AXIS2_PLACEMENT_3D('',#4646,#4647,#4648);
#4646 = CARTESIAN_POINT('',(-9.525,18.,5.4));
#4647 = DIRECTION('',(0.,0.,1.));
#4648 = DIRECTION('',(1.,0.,0.));
#4649 = ADVANCED_FACE('',(#4650),#4653,.F.);
#4650 = FACE_BOUND('',#4651,.F.);
#4651 = EDGE_LOOP('',(#4652));
#4652 = ORIENTED_EDGE('',*,*,#4289,.T.);
#4653 = PLANE('',#4654);
#4654 = AXIS2_PLACEMENT_3D('',#4655,#4656,#4657);
#4655 = CARTESIAN_POINT('',(-9.525,18.,5.4));
#4656 = DIRECTION('',(0.,0.,1.));
#4657 = DIRECTION('',(1.,0.,0.));
#4658 = ADVANCED_FACE('',(#4659),#4662,.F.);
#4659 = FACE_BOUND('',#4660,.F.);
#4660 = EDGE_LOOP('',(#4661));
#4661 = ORIENTED_EDGE('',*,*,#4314,.T.);
#4662 = PLANE('',#4663);
#4663 = AXIS2_PLACEMENT_3D('',#4664,#4665,#4666);
#4664 = CARTESIAN_POINT('',(-9.525,18.,5.4));
#4665 = DIRECTION('',(0.,0.,1.));
#4666 = DIRECTION('',(1.,0.,0.));
#4667 = ADVANCED_FACE('',(#4668),#4671,.F.);
#4668 = FACE_BOUND('',#4669,.F.);
#4669 = EDGE_LOOP('',(#4670));
#4670 = ORIENTED_EDGE('',*,*,#4339,.T.);
#4671 = PLANE('',#4672);
#4672 = AXIS2_PLACEMENT_3D('',#4673,#4674,#4675);
#4673 = CARTESIAN_POINT('',(-9.525,18.,5.4));
#4674 = DIRECTION('',(0.,0.,1.));
#4675 = DIRECTION('',(1.,0.,0.));
#4676 = ADVANCED_FACE('',(#4677),#4680,.F.);
#4677 = FACE_BOUND('',#4678,.F.);
#4678 = EDGE_LOOP('',(#4679));
#4679 = ORIENTED_EDGE('',*,*,#4364,.T.);
#4680 = PLANE('',#4681);
#4681 = AXIS2_PLACEMENT_3D('',#4682,#4683,#4684);
#4682 = CARTESIAN_POINT('',(9.525,18.,5.4));
#4683 = DIRECTION('',(0.,0.,1.));
#4684 = DIRECTION('',(1.,0.,0.));
#4685 = ADVANCED_FACE('',(#4686),#4689,.F.);
#4686 = FACE_BOUND('',#4687,.F.);
#4687 = EDGE_LOOP('',(#4688));
#4688 = ORIENTED_EDGE('',*,*,#4389,.T.);
#4689 = PLANE('',#4690);
#4690 = AXIS2_PLACEMENT_3D('',#4691,#4692,#4693);
#4691 = CARTESIAN_POINT('',(9.525,18.,5.4));
#4692 = DIRECTION('',(0.,0.,1.));
#4693 = DIRECTION('',(1.,0.,0.));
#4694 = ADVANCED_FACE('',(#4695),#4698,.F.);
#4695 = FACE_BOUND('',#4696,.F.);
#4696 = EDGE_LOOP('',(#4697));
#4697 = ORIENTED_EDGE('',*,*,#4414,.T.);
#4698 = PLANE('',#4699);
#4699 = AXIS2_PLACEMENT_3D('',#4700,#4701,#4702);
#4700 = CARTESIAN_POINT('',(9.525,18.,5.4));
#4701 = DIRECTION('',(0.,0.,1.));
#4702 = DIRECTION('',(1.,0.,0.));
#4703 = ADVANCED_FACE('',(#4704),#4707,.F.);
#4704 = FACE_BOUND('',#4705,.F.);
#4705 = EDGE_LOOP('',(#4706));
#4706 = ORIENTED_EDGE('',*,*,#4439,.T.);
#4707 = PLANE('',#4708);
#4708 = AXIS2_PLACEMENT_3D('',#4709,#4710,#4711);
#4709 = CARTESIAN_POINT('',(9.525,18.,5.4));
#4710 = DIRECTION('',(0.,0.,1.));
#4711 = DIRECTION('',(1.,0.,0.));
#4712 = ADVANCED_FACE('',(#4713),#4716,.F.);
#4713 = FACE_BOUND('',#4714,.F.);
#4714 = EDGE_LOOP('',(#4715));
#4715 = ORIENTED_EDGE('',*,*,#4464,.T.);
#4716 = PLANE('',#4717);
#4717 = AXIS2_PLACEMENT_3D('',#4718,#4719,#4720);
#4718 = CARTESIAN_POINT('',(28.575,18.,5.4));
#4719 = DIRECTION('',(0.,0.,1.));
#4720 = DIRECTION('',(1.,0.,0.));
#4721 = ADVANCED_FACE('',(#4722),#4725,.F.);
#4722 = FACE_BOUND('',#4723,.F.);
#4723 = EDGE_LOOP('',(#4724));
#4724 = ORIENTED_EDGE('',*,*,#4489,.T.);
#4725 = PLANE('',#4726);
#4726 = AXIS2_PLACEMENT_3D('',#4727,#4728,#4729);
#4727 = CARTESIAN_POINT('',(28.575,18.,5.4));
#4728 = DIRECTION('',(0.,0.,1.));
#4729 = DIRECTION('',(1.,0.,0.));
#4730 = ADVANCED_FACE('',(#4731),#4734,.F.);
#4731 = FACE_BOUND('',#4732,.F.);
#4732 = EDGE_LOOP('',(#4733));
#4733 = ORIENTED_EDGE('',*,*,#4514,.T.);
#4734 = PLANE('',#4735);
#4735 = AXIS2_PLACEMENT_3D('',#4736,#4737,#4738);
#4736 = CARTESIAN_POINT('',(28.575,18.,5.4));
#4737 = DIRECTION('',(0.,0.,1.));
#4738 = DIRECTION('',(1.,0.,0.));
#4739 = ADVANCED_FACE('',(#4740),#4743,.F.);
#4740 = FACE_BOUND('',#4741,.F.);
#4741 = EDGE_LOOP('',(#4742));
#4742 = ORIENTED_EDGE('',*,*,#4539,.T.);
#4743 = PLANE('',#4744);
#4744 = AXIS2_PLACEMENT_3D('',#4745,#4746,#4747);
#4745 = CARTESIAN_POINT('',(28.575,18.,5.4));
#4746 = DIRECTION('',(0.,0.,1.));
#4747 = DIRECTION('',(1.,0.,0.));
#4748 = ( GEOMETRIC_REPRESENTATION_CONTEXT(3) 
GLOBAL_UNCERTAINTY_ASSIGNED_CONTEXT((#4752)) 
GLOBAL_UNIT_ASSIGNED_CONTEXT((#4749,#4750,#4751)) REPRESENTATION_CONTEXT
('Context #1','3D Context with UNIT and UNCERTAINTY') );
#4749 = ( LENGTH_UNIT() NAMED_UNIT(*) SI_UNIT(.MILLI.,.METRE.) );
#4750 = ( NAMED_UNIT(*) PLANE_ANGLE_UNIT() SI_UNIT($,.RADIAN.) );
#4751 = ( NAMED_UNIT(*) SI_UNIT($,.STERADIAN.) SOLID_ANGLE_UNIT() );
#4752 = UNCERTAINTY_MEASURE_WITH_UNIT(LENGTH_MEASURE(5.E-05),#4749,
  'distance_accuracy_value','confusion accuracy');
#4753 = PRODUCT_RELATED_PRODUCT_CATEGORY('part',$,(#7));
#4754 = MECHANICAL_DESIGN_GEOMETRIC_PRESENTATION_REPRESENTATION('',(
    #4755),#4748);
#4755 = STYLED_ITEM('color',(#4756),#15);
#4756 = PRESENTATION_STYLE_ASSIGNMENT((#4757,#4763));
#4757 = SURFACE_STYLE_USAGE(.BOTH.,#4758);
#4758 = SURFACE_SIDE_STYLE('',(#4759));
#4759 = SURFACE_STYLE_FILL_AREA(#4760);
#4760 = FILL_AREA_STYLE('',(#4761));
#4761 = FILL_AREA_STYLE_COLOUR('',#4762);
#4762 = COLOUR_RGB('',0.,0.188235296286,0.960784305148);
#4763 = CURVE_STYLE('',#4764,POSITIVE_LENGTH_MEASURE(0.1),#4765);
#4764 = DRAUGHTING_PRE_DEFINED_CURVE_FONT('continuous');
#4765 = COLOUR_RGB('',9.803921802644E-02,9.803921802644E-02,
  9.803921802644E-02);
ENDSEC;
END-ISO-10303-21;
